# side(0=real,1=sim) event ncl R_cm rms_cm medtb
0 7 16 460.56 0.0270 785.1
0 7 27 126.72 0.0346 937.3
0 7 23 54.52 0.0590 815.6
0 7 39 152.33 0.0754 690.3
0 7 20 132.29 0.0377 25.7
0 7 22 130.03 0.0894 787.0
0 7 16 88.85 0.0379 286.3
0 7 41 112.86 0.0537 724.5
0 7 19 143.40 0.0396 735.7
0 7 31 95.48 0.0603 193.4
0 7 35 92.01 0.0464 396.5
0 7 31 74.67 0.0908 410.9
0 7 38 1121.51 0.0479 717.7
0 7 18 90.80 0.0278 305.8
0 7 17 107.31 0.0481 530.9
0 7 17 55.52 0.1421 698.7
0 7 35 130.67 0.0646 165.3
0 7 20 172.49 0.0283 791.1
0 7 15 49.27 0.1012 652.0
0 7 29 60.04 0.0866 776.0
0 7 43 111.59 0.0648 402.8
0 7 25 93.27 0.0846 551.4
0 7 16 53.12 0.0994 525.3
0 7 33 95.11 0.0805 338.6
0 7 33 61.44 0.0883 738.4
0 7 39 221.31 0.0461 713.5
0 7 36 66.03 0.0507 609.1
0 7 31 80.62 0.0679 214.3
0 7 33 86.01 0.0640 613.8
0 7 24 45.20 0.1213 914.7
0 7 21 56.01 0.1063 918.6
0 7 46 308.46 0.0756 411.6
0 7 32 52.20 0.1239 411.2
0 7 26 83.42 0.0474 475.8
0 7 17 110.37 0.0201 66.1
0 7 17 552.15 0.0270 732.3
0 7 28 105.35 0.0525 118.6
0 7 35 267.32 0.0400 408.0
0 7 16 64.89 0.0530 771.6
0 7 27 97.49 0.0558 788.3
0 7 33 48.12 0.1097 209.9
0 7 34 51.10 0.1059 682.8
0 7 43 61.18 0.1044 451.7
0 7 38 91.13 0.0669 735.0
0 7 33 207.75 0.0511 180.8
0 7 43 299.94 0.0642 694.3
0 7 21 168.15 0.0717 265.2
0 7 18 72.78 0.1068 903.8
0 7 27 74.37 0.1083 233.7
0 7 28 62.75 0.0421 691.9
0 7 22 67.76 0.0789 864.9
0 7 17 101.94 0.0866 246.3
0 7 17 63.10 0.1508 717.7
0 7 25 75.90 0.0541 411.1
0 7 43 97.72 0.0718 465.6
0 7 19 85.28 0.0611 257.8
0 7 32 146.14 0.0508 938.8
0 7 20 52.14 0.0765 212.2
0 7 18 47.05 0.0595 744.5
0 7 20 80.75 0.0434 596.8
0 7 22 90.48 0.0610 692.0
0 7 30 117.75 0.0596 442.3
0 7 24 92.02 0.0900 593.8
0 7 32 81.43 0.0850 370.9
0 7 34 56.32 0.1066 900.6
0 7 17 56.13 0.1210 683.8
0 7 39 546.60 0.0675 731.1
0 7 20 94.49 0.1076 800.5
0 7 16 403.35 0.0985 846.9
0 7 43 106.59 0.0353 145.5
0 7 35 74.50 0.0941 773.8
0 7 39 81.34 0.0674 726.8
0 7 34 115.98 0.0635 422.9
0 7 45 110.08 0.0456 854.2
0 7 32 171.32 0.0452 400.6
0 7 22 308.10 0.0420 911.9
0 7 21 69.36 0.1098 715.9
0 7 25 51.12 0.0547 798.7
0 7 33 859.34 0.0557 742.8
0 7 35 85.36 0.0843 728.8
0 7 24 79.26 0.0677 722.7
0 7 30 414.15 0.0636 454.9
0 7 36 127.79 0.0646 850.1
0 7 20 87.31 0.0493 625.8
0 7 21 201.32 0.0397 619.0
0 7 24 81.27 0.0996 718.3
0 7 22 129.25 0.0488 775.6
0 7 43 116.27 0.0690 755.9
0 7 36 145.70 0.0639 701.5
0 7 15 51.82 0.0638 179.9
0 7 39 67.69 0.0835 312.6
0 7 26 48.55 0.1282 181.9
0 7 13 62.74 0.0339 737.2
0 7 29 63.44 0.0776 117.3
0 7 27 94.78 0.0594 350.8
0 7 42 146.13 0.0583 451.9
0 7 14 555.83 0.1281 37.7
0 7 36 46.60 0.0772 116.3
0 7 23 910.52 0.1201 319.8
0 7 32 64.28 0.0582 761.8
0 7 14 123.83 0.0844 427.3
0 7 22 198.31 0.0905 910.9
0 7 43 120.89 0.0377 501.9
0 7 43 341.89 0.0512 726.5
0 7 30 109.01 0.0393 664.9
0 7 28 181.81 0.0547 770.3
0 7 14 54.84 0.0980 301.3
0 7 21 78.79 0.0463 163.4
0 7 33 59.40 0.0872 394.2
0 7 30 133.77 0.0626 750.6
0 7 34 258.38 0.0551 766.7
0 7 29 185.61 0.0433 558.3
0 7 16 88.58 0.0705 320.3
0 7 24 119.73 0.0472 494.7
0 7 27 53.70 0.0918 184.4
0 7 32 89.20 0.0312 366.7
0 7 25 123.10 0.0520 762.4
0 7 36 62.82 0.0994 911.7
0 7 31 81.85 0.0476 416.0
0 7 39 53.38 0.1192 879.7
0 7 18 61.23 0.0360 574.1
0 7 25 63.89 0.0785 797.0
0 7 40 68.30 0.0715 397.3
0 7 37 91.67 0.0610 496.6
0 7 20 67.94 0.0332 832.7
0 7 28 50.78 0.0536 680.9
0 7 26 79.43 0.0794 862.8
0 7 26 52.08 0.1048 692.6
0 7 33 66.72 0.0664 701.3
0 7 37 48.93 0.0954 934.6
0 7 19 266.24 0.0294 600.6
0 7 24 50.11 0.0711 769.6
0 7 16 87.43 0.0341 644.1
0 7 25 65.14 0.0914 453.8
0 7 29 66.02 0.0770 155.0
0 7 24 136.92 0.0527 559.1
0 7 22 54.36 0.0717 651.7
0 7 28 52.10 0.0872 902.5
0 7 29 92.78 0.0293 708.8
0 7 35 80.22 0.0510 770.7
0 7 16 50.67 0.0386 596.2
0 7 29 45.38 0.0794 295.2
0 7 16 46.37 0.1701 654.3
0 7 29 57.20 0.1081 688.8
0 7 16 315.09 0.0145 252.4
0 7 36 119.46 0.0681 187.6
0 7 15 94.96 0.1392 259.3
0 7 16 325.40 0.0471 939.1
0 7 16 335.55 0.1031 891.6
0 7 36 207.19 0.0819 222.1
0 7 25 91.52 0.0492 726.3
0 7 24 97.53 0.0411 156.8
0 7 29 178.42 0.0531 473.0
0 7 19 106.38 0.0733 564.4
0 7 27 49.10 0.0865 649.1
0 7 26 117.94 0.0426 89.1
0 7 17 59.50 0.0343 821.2
0 7 18 62.86 0.0649 884.7
0 7 24 96.72 0.0342 737.2
0 7 13 45.28 0.1434 705.3
0 8 15 351.08 0.0314 123.5
0 8 16 84.18 0.0551 43.3
0 8 16 123.55 0.0843 507.8
0 8 25 260.75 0.0435 487.9
0 8 15 124.13 0.0282 927.7
0 8 13 64.21 0.0637 867.3
0 8 22 72.94 0.0677 331.3
0 8 26 73.44 0.0757 718.3
0 8 21 132.11 0.0664 656.7
0 8 15 400.95 0.1465 590.9
0 8 27 140.05 0.0630 275.7
0 8 25 78.28 0.0855 840.9
0 8 18 86.50 0.0841 25.4
0 8 16 65.61 0.0185 500.3
0 8 21 78.46 0.0708 621.4
0 8 44 114.48 0.0583 42.6
0 8 24 235.50 0.0471 29.7
0 8 13 164.75 0.0360 703.0
0 8 33 56.32 0.1214 35.7
0 8 31 67.19 0.0739 23.9
0 8 29 147.41 0.0363 889.3
0 8 15 69.45 0.0751 80.7
0 8 25 127.01 0.0453 574.8
0 8 15 621.65 0.0894 6.1
0 8 24 232.43 0.0389 33.3
0 8 16 53.00 0.1072 18.5
0 8 16 97.85 0.0903 167.6
0 8 14 94.66 0.1172 462.9
0 8 17 52.02 0.0995 612.3
0 8 15 80.01 0.1685 14.8
0 8 47 210.53 0.0313 767.1
0 8 20 64.70 0.0641 276.4
0 8 21 254.33 0.0410 817.6
0 8 16 162.12 0.0402 302.8
0 8 15 150.49 0.1322 603.7
0 8 19 66.52 0.1293 173.2
0 8 17 110.46 0.0216 16.6
0 8 16 153.96 0.0279 58.5
0 8 16 131.29 0.0510 395.6
0 8 16 242.07 0.0229 359.0
0 8 22 108.99 0.0489 37.7
0 8 14 772.88 0.0108 241.3
0 8 15 244.10 0.0432 210.3
0 8 16 56.49 0.0248 35.4
0 8 14 70.82 0.0962 57.6
0 8 34 154.40 0.0418 19.5
0 8 17 188.67 0.0258 35.1
0 8 16 206.00 0.0504 471.3
0 8 16 150.60 0.0201 217.2
0 8 16 71.03 0.1098 605.5
0 8 14 100.41 0.0523 642.9
0 8 16 334.25 0.1018 832.9
0 8 18 99.48 0.0554 27.2
0 8 15 151.35 0.0530 319.9
0 8 14 127.35 0.0236 755.4
0 8 14 53.34 0.0986 697.2
0 8 13 280.06 0.0838 470.0
0 8 16 87.19 0.0653 35.8
0 8 16 63.44 0.0551 747.4
0 9 26 185.91 0.0747 679.7
0 9 20 82.65 0.0570 736.2
0 9 25 52.02 0.0901 668.7
0 9 30 107.92 0.0783 348.6
0 9 41 105.84 0.0647 133.2
0 9 39 64.64 0.0804 479.9
0 9 15 167.04 0.0547 682.7
0 9 28 342.93 0.0350 496.7
0 9 14 62.64 0.0200 391.4
0 9 13 223.46 0.0918 613.3
0 9 13 178.56 0.0542 97.2
0 9 36 51.14 0.0872 616.6
0 9 35 66.49 0.0974 478.8
0 9 23 116.17 0.0354 438.1
0 9 27 69.05 0.0441 527.9
0 9 13 49.44 0.0442 602.2
0 9 25 129.53 0.0833 74.2
0 9 31 123.20 0.0510 700.0
0 9 16 92.20 0.0465 462.6
0 9 17 57.76 0.0148 791.6
0 9 16 49.77 0.0310 875.3
0 9 31 184.85 0.0355 683.4
0 9 16 68.91 0.0222 302.8
0 9 28 133.25 0.0352 65.9
0 9 33 66.20 0.1118 622.8
0 9 32 69.46 0.0786 901.1
0 9 13 49.18 0.0896 449.1
0 9 26 51.53 0.1187 686.0
0 9 33 121.92 0.0739 96.1
0 9 18 194.90 0.0450 239.0
0 9 15 176.69 0.0509 510.9
0 9 22 249.73 0.0678 440.6
0 9 14 302.51 0.0298 96.5
0 9 25 73.20 0.0555 356.0
0 9 18 67.32 0.0489 105.5
0 9 16 80.78 0.0262 189.4
0 9 16 118.04 0.0305 507.6
0 9 16 200.21 0.0532 937.9
0 9 17 52.67 0.0336 566.6
0 9 16 71.56 0.0602 651.1
0 9 20 128.51 0.0438 952.5
0 9 17 128.80 0.0559 293.5
0 9 14 74.18 0.0587 239.2
0 9 19 113.59 0.0193 794.0
0 9 30 139.98 0.0467 694.2
0 9 32 78.03 0.0643 911.3
0 9 33 97.05 0.0630 595.1
0 9 29 107.55 0.0824 150.2
0 9 36 99.91 0.0516 117.1
0 9 17 57.35 0.1032 582.4
0 9 37 233.61 0.0443 620.3
0 9 20 79.26 0.0570 153.2
0 9 39 82.30 0.0738 543.1
0 9 23 101.52 0.0597 812.0
0 9 29 99.51 0.0653 722.4
0 9 35 82.35 0.0755 440.4
0 9 27 55.54 0.0848 101.3
0 9 13 132.80 0.1438 82.7
0 9 16 57.94 0.0880 460.0
0 9 14 74.82 0.1076 164.3
0 9 32 93.94 0.0466 799.5
0 9 14 45.19 0.0768 412.5
0 9 33 97.98 0.0797 692.1
0 9 34 73.37 0.0676 488.4
0 9 14 83.25 0.0521 647.8
0 9 21 52.82 0.1154 256.6
0 9 33 94.91 0.0881 392.8
0 9 40 52.71 0.0810 35.0
0 9 21 51.77 0.0807 476.2
0 9 23 52.10 0.0999 788.8
0 9 27 133.78 0.0486 221.6
0 9 15 96.32 0.0348 720.4
0 9 25 118.74 0.0334 518.5
0 9 33 711.06 0.0575 388.0
0 9 40 145.58 0.0659 497.5
0 9 31 133.98 0.0438 602.7
0 9 16 209.28 0.0340 901.2
0 9 21 47.69 0.0620 761.2
0 9 16 1189.82 0.0310 724.6
0 9 29 210.71 0.0816 904.1
0 9 17 123.91 0.1077 65.9
0 9 22 75.96 0.0460 845.4
0 9 20 465.75 0.0704 242.3
0 9 37 142.89 0.0768 225.0
0 9 26 86.16 0.0621 789.4
0 9 19 72.34 0.0863 857.1
0 9 28 87.76 0.0797 212.7
0 9 13 141.65 0.0311 929.8
0 9 29 116.31 0.0438 573.1
0 9 20 109.41 0.0354 395.1
0 9 26 93.83 0.0514 539.1
0 9 16 437.25 0.0366 519.4
0 9 36 134.42 0.0558 630.8
0 9 33 77.32 0.0416 285.8
0 9 16 86.13 0.1549 501.0
0 9 31 92.62 0.0776 831.2
0 9 14 211.31 0.0229 454.7
0 9 16 96.11 0.0815 796.4
0 9 26 99.78 0.0867 136.6
0 9 15 85.81 0.0652 692.7
0 9 17 84.90 0.1493 916.3
0 9 15 71.05 0.0315 319.4
0 9 15 111.63 0.0626 711.2
0 9 15 116.02 0.0948 735.7
0 9 17 63.18 0.0342 365.6
0 9 19 94.54 0.0451 567.3
0 9 21 71.46 0.0679 575.6
0 9 18 72.48 0.0407 498.6
0 9 13 98.78 0.1212 522.2
0 9 16 96.31 0.0155 32.5
0 9 14 57.35 0.0563 397.0
0 9 13 74.33 0.0792 95.4
0 9 13 227.62 0.1017 652.0
0 9 19 204.00 0.0439 880.3
0 9 17 49.44 0.1273 619.8
0 9 24 116.95 0.0299 201.4
0 9 21 137.62 0.0332 473.1
0 9 17 691.08 0.0304 309.2
0 10 43 190.45 0.0521 277.6
0 10 42 68.43 0.0737 869.7
0 10 30 87.27 0.0759 347.7
0 10 29 107.42 0.0482 873.1
0 10 38 107.16 0.0858 191.9
0 10 16 68.85 0.0485 492.7
0 10 45 102.18 0.0406 401.1
0 10 32 152.26 0.0568 789.4
0 10 39 463.63 0.0446 593.9
0 10 23 73.83 0.0717 908.8
0 10 30 54.15 0.0855 179.3
0 10 36 98.45 0.0695 58.1
0 10 14 83.85 0.0607 775.7
0 10 21 163.52 0.0496 432.9
0 10 31 636.57 0.0296 862.8
0 10 13 500.62 0.0627 865.7
0 10 15 60.20 0.0843 924.1
0 10 28 142.91 0.0648 820.2
0 10 37 81.08 0.1049 812.6
0 10 21 106.04 0.0630 288.3
0 10 35 192.85 0.0373 334.6
0 10 32 95.04 0.0498 712.9
0 10 19 86.49 0.0796 293.1
0 10 14 59.50 0.0126 16.5
0 10 24 172.27 0.0318 423.6
0 10 22 70.84 0.0596 119.4
0 10 22 111.90 0.0416 888.5
0 10 21 447.68 0.0393 658.9
0 10 43 96.96 0.0522 257.0
0 10 28 51.69 0.0943 570.6
0 10 36 67.26 0.0637 792.8
0 10 42 64.47 0.0871 151.4
0 10 30 61.64 0.0750 201.7
0 10 20 275.83 0.0363 537.2
0 10 45 76.52 0.0673 816.9
0 10 28 126.15 0.0379 841.0
0 10 15 46.87 0.1432 551.5
0 10 18 94.03 0.0351 62.6
0 10 27 147.75 0.0817 836.3
0 10 27 95.11 0.0912 853.5
0 10 43 126.30 0.0361 718.5
0 10 27 119.56 0.0408 182.0
0 10 42 236.33 0.0464 152.6
0 10 19 80.50 0.0296 793.7
0 10 36 134.01 0.0562 261.3
0 10 39 145.71 0.0622 756.0
0 10 25 203.56 0.0334 302.2
0 10 16 76.85 0.0411 928.1
0 10 23 170.86 0.0417 174.8
0 10 30 116.33 0.0537 587.5
0 10 16 143.31 0.0291 183.0
0 10 18 45.06 0.1253 834.9
0 10 31 148.98 0.0392 15.8
0 10 40 191.65 0.0472 458.1
0 10 32 143.42 0.0565 863.8
0 10 33 90.98 0.0484 851.6
0 10 35 114.29 0.0715 837.0
0 10 37 154.17 0.0577 99.9
0 10 14 45.65 0.1556 166.7
0 10 36 220.18 0.0652 564.2
0 10 33 97.17 0.0647 177.6
0 10 23 115.36 0.0481 601.9
0 10 38 97.73 0.0737 873.5
0 10 19 114.49 0.0245 150.2
0 10 15 59.02 0.0269 943.3
0 10 16 829.16 0.0269 776.5
0 10 20 103.30 0.0509 192.9
0 10 39 107.41 0.0832 237.2
0 10 15 141.13 0.1406 176.6
0 10 30 106.64 0.0848 84.4
0 10 22 58.01 0.0880 66.1
0 10 18 68.66 0.0383 421.8
0 10 43 85.60 0.0524 863.8
0 10 32 319.46 0.0924 872.6
0 10 21 2823.47 0.0401 110.1
0 10 29 62.10 0.1267 837.9
0 10 17 50.66 0.0540 944.0
0 10 25 121.81 0.0380 76.9
0 10 44 143.22 0.0408 148.3
0 10 29 271.58 0.0267 747.3
0 10 24 430.82 0.0414 217.2
0 10 33 176.35 0.0420 39.9
0 10 19 53.60 0.0331 415.8
0 10 29 222.60 0.0429 97.0
0 10 22 71.03 0.0650 305.8
0 10 19 72.00 0.0860 925.9
0 10 18 63.14 0.0776 441.1
0 10 29 56.46 0.0942 782.4
0 10 43 89.44 0.0662 166.9
0 10 21 667.39 0.0403 167.6
0 10 28 140.03 0.0500 201.7
0 10 24 108.12 0.0565 757.9
0 10 20 51.88 0.1104 167.4
0 10 20 61.19 0.0970 125.3
0 10 21 419.37 0.0629 831.7
0 10 34 87.37 0.0677 864.3
0 10 27 73.61 0.0587 372.1
0 10 25 279.10 0.0792 28.0
0 10 32 274.08 0.0455 79.6
0 10 37 98.75 0.0862 77.9
0 10 31 119.00 0.0824 111.9
0 10 26 87.33 0.0579 426.0
0 10 16 175.52 0.1315 805.7
0 10 28 72.72 0.0726 237.3
0 10 15 68.76 0.0597 389.7
0 10 36 188.98 0.0398 443.3
0 10 17 704.58 0.0308 712.7
0 10 34 53.86 0.0893 484.3
0 10 32 81.41 0.0737 174.8
0 10 22 89.79 0.0546 893.6
0 10 20 110.26 0.0535 654.8
0 10 36 73.75 0.0729 208.1
0 10 19 83.93 0.0588 29.5
0 10 28 75.55 0.0818 596.2
0 10 22 167.12 0.1189 789.9
0 10 39 98.98 0.0744 165.2
0 10 29 55.10 0.0650 944.0
0 10 24 280.89 0.0386 102.3
0 10 16 400.57 0.0311 482.5
0 10 44 127.12 0.0656 942.9
0 10 17 86.91 0.1247 905.6
0 10 29 124.10 0.0347 371.4
0 10 29 146.70 0.0503 37.4
0 10 39 79.18 0.0493 119.9
0 10 30 110.04 0.0510 905.7
0 10 38 108.27 0.0551 854.1
0 10 31 55.78 0.1104 881.8
0 10 23 84.85 0.0432 132.6
0 10 15 102.42 0.0541 396.8
0 10 22 79.68 0.0381 12.4
0 10 40 92.10 0.0656 803.7
0 10 24 58.23 0.0777 837.1
0 10 32 177.14 0.0324 451.6
0 10 14 51.53 0.0326 935.7
0 10 35 128.58 0.0780 784.2
0 10 22 171.91 0.0422 827.7
0 10 17 53.18 0.0226 315.4
0 10 46 175.44 0.0528 237.7
0 10 19 282.05 0.1098 128.3
0 10 14 154.73 0.0778 552.3
0 10 16 131.68 0.0463 755.8
0 10 27 72.96 0.1230 191.7
0 10 39 128.49 0.0346 899.4
0 10 35 103.79 0.0467 202.9
0 10 38 75.72 0.0674 851.6
0 10 45 201.73 0.0405 484.2
0 10 15 483.73 0.0195 243.5
0 10 16 114.34 0.0275 179.4
0 10 21 62.94 0.0409 527.0
0 10 38 90.90 0.0642 724.9
0 10 44 112.54 0.0556 534.7
0 10 40 92.39 0.0563 874.2
0 10 37 180.22 0.0790 547.3
0 10 18 46.45 0.1372 710.5
0 10 27 68.72 0.1116 842.8
0 10 14 62.51 0.1116 940.5
0 10 19 73.64 0.0694 719.3
0 10 20 293.94 0.0388 64.6
0 10 25 72.04 0.0598 333.7
0 10 13 199.30 0.1648 934.9
0 10 16 77.33 0.0458 66.4
0 10 31 93.61 0.0459 901.1
0 10 39 157.14 0.0447 62.0
0 10 21 118.69 0.0394 221.2
0 10 25 80.15 0.0773 504.4
0 10 41 54.29 0.0763 767.3
0 10 31 112.32 0.0536 95.2
0 10 18 72.87 0.0438 14.5
0 10 17 48.45 0.0453 238.8
0 10 17 305.95 0.1124 912.8
0 10 41 279.14 0.0510 488.0
0 10 32 68.51 0.0601 419.6
0 10 19 46.65 0.0815 438.8
0 10 35 73.05 0.0746 141.4
0 10 46 120.00 0.0514 341.9
0 10 25 53.61 0.0510 135.0
0 10 38 127.49 0.0566 874.8
0 10 43 113.37 0.0700 322.0
0 10 15 72.80 0.1111 111.7
0 10 20 107.69 0.0970 933.4
0 10 15 75.08 0.0244 807.7
0 10 36 51.75 0.0818 28.5
0 10 37 152.86 0.0275 921.1
0 10 26 65.08 0.0883 650.7
0 10 34 134.19 0.0589 759.6
0 10 18 292.18 0.0390 733.3
0 10 35 77.55 0.0602 869.4
0 10 37 46.93 0.1134 834.3
0 10 29 55.90 0.0807 462.7
0 10 15 61.02 0.0735 835.0
0 10 39 149.64 0.0729 828.9
0 10 33 255.95 0.0414 391.7
0 10 37 61.08 0.1005 222.9
0 10 30 338.81 0.0399 773.7
0 10 24 206.68 0.0477 99.9
0 10 27 87.81 0.0385 735.7
0 10 29 47.42 0.1220 909.5
0 10 16 538.53 0.0753 804.8
0 10 42 122.48 0.0863 139.8
0 10 20 56.50 0.1005 460.1
0 10 31 106.89 0.0469 776.6
0 10 31 99.87 0.0559 209.1
0 10 17 607.11 0.0366 641.5
0 10 24 59.38 0.0927 584.8
0 10 27 49.64 0.1190 868.9
0 10 15 127.91 0.0366 407.2
0 10 16 106.31 0.0304 38.3
0 10 43 748.32 0.0492 412.1
0 10 17 64.71 0.0626 66.3
0 10 21 52.28 0.0675 744.3
0 10 38 51.41 0.1004 132.6
0 10 13 51.09 0.1513 168.3
0 10 13 184.14 0.0220 31.1
0 10 13 53.27 0.1206 709.3
0 10 16 110.95 0.0791 735.2
0 10 30 116.30 0.0537 397.3
0 10 33 46.36 0.0431 563.0
0 10 27 114.44 0.0570 228.6
0 10 13 77.55 0.0181 415.4
0 10 17 50.74 0.1108 145.6
0 10 16 115.37 0.1200 50.7
0 10 26 48.56 0.0726 190.3
0 10 20 89.32 0.0539 352.8
0 10 22 63.54 0.0966 607.1
0 10 21 97.87 0.0516 885.1
0 10 27 103.75 0.0537 626.6
0 10 16 180.28 0.0437 58.2
0 10 26 945.62 0.0398 786.0
0 10 15 58.23 0.0696 454.0
0 10 23 120.45 0.0538 68.8
0 10 18 583.02 0.0411 250.7
0 10 37 61.18 0.1033 196.4
0 10 16 46.09 0.1210 709.2
0 10 26 623.09 0.0369 808.9
0 10 19 47.30 0.0524 826.6
0 10 16 605.48 0.0391 44.5
0 10 15 64.15 0.0726 851.0
0 10 18 86.29 0.0493 598.2
0 10 24 122.96 0.0481 787.3
0 10 20 295.50 0.0311 75.2
0 10 13 69.28 0.0521 123.5
0 10 33 169.49 0.0481 258.6
0 10 19 59.58 0.0908 833.4
0 10 14 166.16 0.0795 814.2
0 10 16 47.75 0.0882 849.6
0 10 18 1011.95 0.0285 951.0
0 10 29 51.80 0.0871 385.7
0 10 18 145.43 0.0599 783.3
0 10 18 73.82 0.1032 789.9
0 10 27 76.76 0.0810 196.8
0 10 14 410.96 0.0927 876.7
0 10 23 102.82 0.0516 953.0
0 11 42 73.02 0.0424 447.1
0 11 31 169.12 0.0573 543.0
0 11 14 63.17 0.1369 221.0
0 11 19 95.15 0.0918 236.9
0 11 25 114.01 0.0639 929.7
0 11 15 145.57 0.0446 35.3
0 11 37 138.32 0.0553 467.6
0 11 17 64.47 0.0466 879.5
0 11 15 81.49 0.0767 19.4
0 11 39 82.63 0.0778 370.7
0 11 28 122.82 0.0587 908.1
0 11 44 421.60 0.0561 338.6
0 11 38 89.49 0.0760 157.5
0 11 27 71.10 0.0987 59.3
0 11 24 79.72 0.0380 110.9
0 11 16 107.63 0.0851 934.3
0 11 35 185.13 0.0456 914.5
0 11 15 66.88 0.0316 769.3
0 11 24 272.95 0.0491 274.0
0 11 23 180.34 0.0372 654.6
0 11 34 123.39 0.0404 912.6
0 11 31 104.02 0.0414 617.1
0 11 13 113.25 0.0515 84.4
0 11 18 781.53 0.0269 248.0
0 11 26 107.45 0.0242 597.2
0 11 16 150.32 0.0190 649.0
0 11 14 78.70 0.0666 36.2
0 11 18 45.54 0.0476 905.2
0 11 28 148.92 0.0600 492.3
0 11 43 74.02 0.0999 179.9
0 11 19 45.89 0.1238 930.4
0 11 23 46.11 0.1116 918.1
0 11 38 92.01 0.0582 528.4
0 11 15 162.46 0.0265 594.3
0 11 16 232.67 0.0379 237.3
0 11 16 110.95 0.0644 197.4
0 11 37 105.93 0.0780 125.1
0 11 22 48.96 0.0837 768.3
0 11 36 71.59 0.0701 102.6
0 11 31 220.96 0.0706 73.3
0 11 25 74.84 0.0621 346.2
0 11 40 355.62 0.0600 185.0
0 11 40 146.93 0.0589 362.7
0 11 29 90.09 0.0463 347.3
0 11 42 56.46 0.0587 576.6
0 11 32 191.61 0.0486 383.7
0 11 21 91.95 0.0356 891.2
0 11 46 91.83 0.0492 554.2
0 11 39 110.69 0.0805 713.3
0 11 33 53.54 0.1097 197.9
0 11 13 71.34 0.1757 302.4
0 11 13 100.11 0.1618 36.6
0 11 28 113.44 0.0797 256.1
0 11 18 100.94 0.0854 871.4
0 11 21 94.32 0.0768 895.0
0 11 23 119.33 0.0677 917.7
0 11 20 574.80 0.0359 137.8
0 11 35 302.71 0.0261 167.8
0 11 19 125.38 0.0616 427.8
0 11 37 164.50 0.0760 313.0
0 11 27 1793.82 0.0402 883.8
0 11 30 71.42 0.0798 24.0
0 11 24 129.63 0.0486 929.9
0 11 32 84.93 0.0727 86.1
0 11 33 297.43 0.0480 326.4
0 11 18 160.86 0.0457 948.3
0 11 36 65.44 0.1070 272.3
0 11 30 99.34 0.0515 85.6
0 11 21 57.64 0.1325 904.0
0 11 29 71.01 0.1214 89.5
0 11 20 63.22 0.1406 268.1
0 11 14 176.21 0.1068 321.0
0 11 24 45.50 0.1625 276.6
0 11 28 52.32 0.0996 189.0
0 11 32 47.02 0.1039 280.3
0 11 36 120.81 0.0423 621.6
0 11 26 278.25 0.0317 918.1
0 11 27 121.92 0.0564 272.3
0 11 26 255.47 0.0459 461.9
0 11 42 241.42 0.0317 83.7
0 11 30 87.58 0.0593 784.2
0 11 41 45.91 0.1227 278.7
0 11 43 169.85 0.0490 578.1
0 11 41 132.71 0.0523 549.9
0 11 45 263.38 0.0552 291.6
0 11 35 89.82 0.0844 409.7
0 11 22 125.18 0.0498 883.2
0 11 16 138.12 0.0235 276.1
0 11 13 61.43 0.1696 197.6
0 11 17 61.21 0.0293 654.1
0 11 17 142.59 0.0399 37.2
0 11 30 117.39 0.0835 422.6
0 11 20 86.22 0.0699 932.6
0 11 35 67.36 0.0772 87.4
0 11 21 151.72 0.0204 262.6
0 11 33 85.57 0.0346 627.8
0 11 35 176.07 0.0436 380.7
0 11 26 75.75 0.0798 374.0
0 11 22 68.05 0.0497 147.1
0 11 29 94.79 0.0665 435.9
0 11 47 149.58 0.0614 629.9
0 11 35 79.63 0.0895 555.6
0 11 36 53.60 0.1132 558.8
0 11 42 52.97 0.1341 221.0
0 11 36 46.50 0.0934 927.7
0 11 26 149.70 0.0434 931.0
0 11 14 45.27 0.1251 824.3
0 11 14 49.72 0.0820 797.4
0 11 35 57.66 0.0934 389.3
0 11 23 111.89 0.0401 348.8
0 11 39 110.45 0.0506 882.2
0 11 33 56.22 0.0781 585.9
0 11 42 102.88 0.0496 273.3
0 11 43 67.57 0.0863 854.5
0 11 30 45.47 0.0923 149.7
0 11 35 76.35 0.0888 941.5
0 11 29 56.33 0.1032 154.3
0 11 24 56.47 0.0545 195.5
0 11 18 48.89 0.0878 216.9
0 11 30 103.16 0.0814 776.5
0 11 17 49.97 0.1007 297.3
0 11 19 133.07 0.0273 813.3
0 11 20 487.76 0.0659 638.7
0 11 16 75.65 0.0445 570.8
0 11 24 88.86 0.0690 900.8
0 11 40 91.03 0.0960 882.3
0 11 31 301.80 0.0441 276.9
0 11 29 143.85 0.0525 537.3
0 11 33 55.16 0.1118 286.7
0 11 25 230.75 0.0443 940.2
0 11 31 95.76 0.0536 12.7
0 11 22 68.83 0.1008 211.5
0 11 44 75.06 0.0684 26.5
0 11 39 47.30 0.1125 845.6
0 11 17 45.83 0.0859 931.6
0 11 20 153.98 0.0750 241.9
0 11 42 162.37 0.0693 70.2
0 11 38 263.36 0.0570 430.1
0 11 22 268.86 0.0750 907.8
0 11 27 60.66 0.1038 336.6
0 11 34 61.53 0.1008 740.4
0 11 17 80.18 0.0487 291.0
0 11 26 78.82 0.0627 247.3
0 11 17 695.88 0.0320 327.1
0 11 14 163.22 0.0718 544.0
0 11 15 110.60 0.0271 30.9
0 11 14 79.59 0.0175 811.6
0 11 19 86.70 0.1090 546.9
0 11 18 369.23 0.0243 938.6
0 11 18 291.97 0.0806 786.0
0 11 17 468.65 0.0830 284.5
0 11 17 58.29 0.0578 437.5
0 11 18 62.15 0.0500 349.3
0 11 13 192.47 0.1438 44.6
0 11 24 62.24 0.0885 50.6
0 11 20 51.40 0.1269 303.5
0 11 33 63.42 0.0716 360.9
0 11 14 48.34 0.1087 924.7
0 11 13 285.83 0.1689 941.9
0 11 16 56.14 0.1228 233.5
0 12 26 60.09 0.1193 203.4
0 12 17 119.68 0.0220 53.5
0 12 34 101.28 0.0628 583.8
0 12 17 55.05 0.0650 498.1
0 12 41 90.03 0.0580 819.6
0 12 35 481.96 0.0550 392.8
0 12 34 45.98 0.0918 529.9
0 12 27 55.61 0.1057 69.2
0 12 34 70.50 0.1099 787.0
0 12 45 198.12 0.0497 749.5
0 12 19 46.38 0.0915 576.1
0 12 30 66.14 0.0831 670.2
0 12 18 197.86 0.0587 858.7
0 12 25 60.38 0.0559 66.2
0 12 40 66.09 0.0770 541.1
0 12 32 48.45 0.0717 79.9
0 12 23 61.03 0.0349 92.3
0 12 30 88.17 0.0759 648.9
0 12 29 92.93 0.0581 933.3
0 12 26 46.79 0.0994 353.4
0 12 24 83.10 0.0813 839.7
0 12 19 77.77 0.0529 2.3
0 12 21 68.40 0.0740 355.2
0 12 19 61.90 0.0949 144.6
0 12 36 121.56 0.1103 64.8
0 12 18 653.19 0.0617 411.1
0 12 34 96.59 0.0877 504.3
0 12 16 66.51 0.0922 530.3
0 12 25 46.08 0.0839 746.3
0 12 17 61.54 0.0803 447.5
0 12 14 50.79 0.1173 680.3
0 12 32 55.49 0.0988 324.8
0 12 32 159.01 0.0536 843.7
0 12 31 88.63 0.0488 75.0
0 12 17 85.03 0.0503 61.0
0 12 41 148.55 0.0552 390.4
0 12 43 639.33 0.0534 44.7
0 12 19 171.31 0.0582 735.8
0 12 47 129.53 0.0475 735.0
0 12 36 143.09 0.0439 699.2
0 12 40 116.58 0.0344 310.8
0 12 29 157.07 0.0420 44.7
0 12 31 280.42 0.0507 532.4
0 12 41 81.72 0.0647 404.6
0 12 27 59.53 0.0970 344.5
0 12 17 81.23 0.0365 484.7
0 12 32 86.80 0.0633 927.9
0 12 31 63.97 0.0741 820.1
0 12 15 717.00 0.0390 135.9
0 12 33 109.42 0.0895 407.9
0 12 20 117.69 0.0504 403.0
0 12 37 56.38 0.1025 604.0
0 12 35 88.93 0.0499 819.2
0 12 27 89.40 0.0724 609.9
0 12 13 241.63 0.0605 254.3
0 12 43 105.14 0.0563 778.6
0 12 42 96.19 0.0610 36.0
0 12 29 71.47 0.0786 566.5
0 12 17 52.02 0.0983 287.8
0 12 41 172.11 0.0484 51.2
0 12 40 124.12 0.0809 236.1
0 12 22 85.95 0.0523 35.3
0 12 17 59.45 0.1380 528.4
0 12 37 158.88 0.0536 804.5
0 12 33 61.43 0.0911 457.0
0 12 16 50.71 0.0433 394.7
0 12 34 92.82 0.0693 413.3
0 12 34 76.30 0.1060 25.3
0 12 41 106.81 0.0752 715.7
0 12 45 118.39 0.0489 450.6
0 12 34 69.40 0.0824 175.8
0 12 21 57.46 0.0729 454.2
0 12 28 88.51 0.0662 589.5
0 12 30 101.73 0.0645 635.3
0 12 18 55.07 0.0298 89.5
0 12 38 147.37 0.0341 649.3
0 12 25 67.60 0.0889 517.5
0 12 18 108.04 0.0468 822.4
0 12 20 533.44 0.0394 661.3
0 12 38 138.99 0.0749 196.9
0 12 18 74.20 0.0332 64.4
0 12 21 73.60 0.0598 418.1
0 12 18 51.09 0.0570 423.6
0 12 13 47.67 0.0585 430.9
0 12 37 106.61 0.0580 357.5
0 12 36 51.21 0.0902 70.8
0 12 36 52.34 0.0816 826.8
0 12 19 139.75 0.0396 305.9
0 12 34 300.05 0.0414 531.7
0 12 28 46.33 0.0592 630.1
0 12 24 47.02 0.0588 436.2
0 12 18 109.01 0.0262 404.0
0 12 34 196.70 0.0640 488.5
0 12 22 79.86 0.0981 39.5
0 12 31 108.58 0.0457 35.5
0 12 14 140.56 0.1177 659.1
0 12 27 97.59 0.0516 749.9
0 12 45 58.15 0.0787 669.0
0 12 37 68.80 0.0710 567.3
0 12 25 60.79 0.0721 341.9
0 12 13 71.51 0.1617 165.7
0 12 35 124.38 0.0556 831.2
0 12 27 56.77 0.0773 613.7
0 12 34 129.79 0.0642 678.1
0 12 30 67.12 0.0945 760.7
0 12 14 59.86 0.1665 204.5
0 12 35 100.92 0.0582 680.8
0 12 35 68.27 0.0715 80.1
0 12 24 56.27 0.0949 658.5
0 12 37 47.11 0.1181 878.3
0 12 40 121.83 0.0635 105.8
0 12 28 46.53 0.0884 486.4
0 12 40 115.32 0.0954 110.0
0 12 22 100.43 0.0561 303.4
0 12 35 421.25 0.0594 440.6
0 12 28 648.25 0.0429 585.1
0 12 29 79.61 0.0793 647.9
0 12 41 82.34 0.0535 138.4
0 12 37 89.14 0.0688 396.6
0 12 27 236.48 0.0640 689.4
0 12 46 48.39 0.1180 58.6
0 12 28 81.95 0.0780 367.0
0 12 39 47.68 0.0961 568.7
0 12 38 147.54 0.0624 24.7
0 12 27 148.44 0.0382 639.4
0 12 23 158.36 0.0527 45.3
0 12 37 46.50 0.1012 695.0
0 12 14 76.17 0.0445 289.8
0 12 17 75.62 0.0705 487.5
0 12 23 103.52 0.0620 99.9
0 12 15 71.42 0.0554 192.8
0 12 42 117.11 0.0674 51.5
0 12 37 73.29 0.0600 732.9
0 12 37 79.15 0.0855 80.7
0 12 21 94.27 0.0461 609.3
0 12 24 85.77 0.0901 59.3
0 12 30 45.57 0.0870 908.5
0 12 32 46.11 0.0964 366.3
0 12 13 46.14 0.1429 744.3
0 12 32 145.73 0.0512 404.9
0 12 13 46.39 0.1138 696.3
0 12 24 222.93 0.0340 118.0
0 12 19 49.22 0.1350 255.4
0 12 14 56.25 0.1054 556.5
0 12 13 68.16 0.1539 245.1
0 12 15 57.06 0.1143 729.3
0 12 34 73.44 0.0914 587.3
0 12 24 70.85 0.0702 438.5
0 12 28 149.83 0.0610 60.0
0 12 14 396.01 0.0627 497.6
0 12 37 127.99 0.0442 614.3
0 12 17 1144.13 0.0326 537.3
0 12 24 102.81 0.0543 375.1
0 12 25 87.69 0.0466 54.3
0 12 18 81.10 0.0696 606.2
0 12 46 277.26 0.0556 793.9
0 12 18 67.02 0.1442 141.7
0 13 41 56.79 0.1252 50.6
0 13 40 178.34 0.0503 789.5
0 13 31 385.75 0.0395 900.7
0 13 31 98.56 0.0637 600.3
0 13 21 46.75 0.1420 131.4
0 13 28 113.67 0.0821 537.7
0 13 28 202.15 0.0400 124.9
0 13 25 80.12 0.0528 89.6
0 13 31 2800.44 0.0461 199.6
0 13 15 48.96 0.0384 858.8
0 13 34 69.64 0.0977 100.4
0 13 42 74.79 0.0722 804.9
0 13 20 57.17 0.1302 797.4
0 13 17 61.87 0.0347 54.1
0 13 41 928.34 0.0429 372.8
0 13 14 70.59 0.0835 45.2
0 13 37 125.03 0.0594 761.3
0 13 39 73.44 0.0689 92.7
0 13 20 57.45 0.0549 103.0
0 13 40 123.23 0.0719 134.1
0 13 40 94.70 0.0576 731.3
0 13 29 193.16 0.0457 441.8
0 13 37 47.83 0.1092 738.6
0 13 26 166.70 0.0513 365.1
0 13 36 140.76 0.0482 806.7
0 13 29 176.24 0.0345 226.4
0 13 43 175.22 0.0483 514.4
0 13 35 89.75 0.0605 901.3
0 13 39 111.74 0.0746 259.5
0 13 39 384.34 0.0399 104.4
0 13 28 67.15 0.0459 862.6
0 13 40 155.97 0.0430 47.8
0 13 25 103.93 0.0554 370.4
0 13 34 165.96 0.0783 181.3
0 13 36 60.75 0.0697 403.2
0 13 31 60.74 0.0604 889.0
0 13 27 114.77 0.0549 578.7
0 13 29 96.58 0.0618 132.2
0 13 22 102.00 0.0333 878.2
0 13 30 66.95 0.1223 294.3
0 13 26 46.73 0.1056 844.1
0 13 38 128.15 0.0906 283.6
0 13 40 115.04 0.0586 361.2
0 13 16 65.34 0.0280 36.3
0 13 42 50.33 0.0996 576.5
0 13 29 62.98 0.1352 54.6
0 13 29 62.38 0.0744 219.5
0 13 23 62.00 0.1076 51.1
0 13 28 63.85 0.1070 722.4
0 13 37 122.82 0.0424 434.0
0 13 33 158.44 0.0336 597.9
0 13 32 76.93 0.0653 397.1
0 13 29 134.24 0.0516 480.7
0 13 21 63.04 0.1448 26.2
0 13 37 88.09 0.0582 768.5
0 13 33 185.84 0.0846 140.8
0 13 29 78.76 0.0999 805.8
0 13 15 54.37 0.0825 924.4
0 13 18 67.82 0.0723 811.5
0 13 24 96.66 0.0558 291.5
0 13 37 181.23 0.0485 2.6
0 13 24 135.65 0.0470 803.7
0 13 28 97.53 0.0517 470.1
0 13 24 58.02 0.0712 827.1
0 13 15 126.31 0.0227 710.8
0 13 34 112.09 0.0635 141.3
0 13 31 86.01 0.0405 64.7
0 13 22 80.98 0.0885 885.5
0 13 27 69.28 0.0665 504.7
0 13 34 76.38 0.0692 238.9
0 13 46 121.53 0.0455 640.4
0 13 18 66.76 0.0932 533.0
0 13 30 148.89 0.0463 480.8
0 13 28 77.77 0.0535 87.5
0 13 31 310.99 0.0538 928.9
0 13 19 83.51 0.0497 209.7
0 13 15 118.81 0.0595 41.5
0 13 30 81.76 0.0584 886.6
0 13 34 60.13 0.0871 295.7
0 13 32 141.54 0.0723 114.2
0 13 18 63.23 0.0677 132.9
0 13 14 65.12 0.1506 633.7
0 13 40 159.34 0.0666 425.8
0 13 16 50.82 0.1200 700.3
0 13 13 51.89 0.1171 714.2
0 13 13 60.95 0.0290 697.5
0 13 17 48.71 0.0355 868.7
0 13 20 89.62 0.0511 896.9
0 13 15 55.24 0.0620 210.3
0 13 18 89.12 0.0232 919.7
0 13 16 106.46 0.0674 214.0
0 13 18 108.92 0.0872 18.5
0 13 30 69.53 0.0675 186.3
0 13 35 103.64 0.0505 277.8
0 13 15 134.25 0.0800 225.3
0 13 42 160.66 0.0743 552.4
0 13 42 112.45 0.0678 93.9
0 13 35 199.64 0.0502 751.7
0 13 32 145.28 0.0532 697.2
0 13 14 412.92 0.0313 923.8
0 13 43 136.63 0.0466 862.3
0 13 39 64.24 0.0775 346.1
0 13 48 153.34 0.0718 767.4
0 13 31 130.83 0.0683 362.4
0 13 32 66.30 0.0973 209.7
0 13 33 78.74 0.0814 202.4
0 13 47 94.14 0.0636 75.1
0 13 17 64.03 0.0567 902.8
0 13 14 114.59 0.0761 431.2
0 13 18 154.75 0.0788 809.9
0 13 44 78.06 0.1047 222.1
0 13 17 61.08 0.0636 892.8
0 13 38 110.96 0.0668 108.7
0 13 35 89.67 0.0495 888.4
0 13 36 82.63 0.0716 92.0
0 13 38 149.25 0.0589 907.5
0 13 26 456.06 0.0839 534.2
0 13 32 119.96 0.0766 893.7
0 13 29 47.93 0.0958 97.6
0 13 29 201.50 0.0371 436.9
0 13 20 96.72 0.0808 933.6
0 13 16 61.83 0.1233 98.2
0 13 43 195.90 0.0572 125.7
0 13 23 97.29 0.0447 198.6
0 13 28 59.64 0.0359 461.8
0 13 24 93.65 0.0393 84.2
0 13 21 69.06 0.0911 266.3
0 13 35 54.57 0.1213 143.5
0 13 40 69.45 0.0753 177.2
0 13 21 68.83 0.1063 309.9
0 13 26 49.61 0.1280 227.5
0 13 14 102.45 0.0533 236.1
0 13 37 159.56 0.0503 409.6
0 13 45 54.08 0.0894 663.8
0 13 32 61.18 0.0666 295.8
0 13 21 116.48 0.0910 32.1
0 13 39 74.57 0.0603 152.3
0 13 33 63.37 0.0702 60.3
0 13 36 85.85 0.0899 719.7
0 13 16 213.32 0.1256 367.4
0 13 32 59.74 0.0911 626.1
0 13 45 156.13 0.0391 933.8
0 13 36 197.33 0.0891 333.0
0 13 16 151.94 0.1230 356.4
0 13 15 211.34 0.0682 550.2
0 13 36 141.30 0.0782 884.4
0 13 42 196.43 0.0461 500.4
0 13 31 51.91 0.0883 275.7
0 13 29 96.56 0.0462 163.6
0 13 20 199.29 0.0358 483.1
0 13 40 106.35 0.0588 638.9
0 13 40 53.59 0.1071 69.7
0 13 46 98.86 0.0517 701.8
0 13 37 50.54 0.0757 872.7
0 13 39 202.90 0.0539 513.5
0 13 30 99.46 0.0621 10.0
0 13 26 72.92 0.0680 183.0
0 13 39 290.97 0.0497 118.4
0 13 37 88.68 0.0767 165.7
0 13 25 219.50 0.0343 881.8
0 13 33 74.11 0.0827 75.2
0 13 41 131.21 0.0480 156.8
0 13 39 62.71 0.0977 807.5
0 13 18 119.00 0.0508 784.3
0 13 23 81.57 0.1009 541.2
0 13 21 64.95 0.0938 213.6
0 13 29 52.41 0.0939 362.4
0 13 19 74.20 0.1094 922.1
0 13 14 124.54 0.1474 923.2
0 13 23 46.04 0.1071 300.6
0 13 32 87.74 0.0828 350.8
0 13 41 173.75 0.0505 49.1
0 13 17 58.14 0.1396 297.2
0 13 36 46.99 0.0840 639.4
0 13 27 74.25 0.0861 412.7
0 13 22 110.35 0.0455 41.4
0 13 38 102.49 0.0621 282.7
0 13 17 52.41 0.1283 677.8
0 13 22 45.75 0.0960 705.0
0 13 21 138.09 0.1062 915.1
0 13 36 61.72 0.1207 582.8
0 13 30 123.79 0.0506 860.7
0 13 33 47.11 0.0997 474.9
0 13 14 264.84 0.1627 684.0
0 13 14 410.25 0.1184 690.0
0 13 20 86.49 0.0467 766.2
0 13 15 217.17 0.1403 744.3
0 13 18 147.30 0.0391 633.5
0 13 19 232.92 0.1039 26.6
0 13 25 129.59 0.0557 184.5
0 13 37 63.85 0.1026 370.9
0 13 18 68.71 0.0931 927.3
0 13 17 50.04 0.1150 876.5
0 13 22 83.30 0.0820 481.3
0 13 28 60.83 0.0656 282.2
0 13 16 78.84 0.0823 930.3
0 13 19 122.27 0.0745 30.2
0 13 28 172.57 0.0591 193.6
0 13 25 71.12 0.0848 143.3
0 13 18 77.58 0.0670 130.7
0 13 29 106.12 0.0789 325.4
0 13 13 96.27 0.1577 634.4
0 13 16 145.42 0.0592 926.7
0 13 16 96.96 0.0867 196.4
0 13 17 52.52 0.1370 208.5
0 13 16 599.91 0.0234 27.5
0 13 16 159.78 0.0392 746.0
0 13 26 565.22 0.0590 82.7
0 13 20 326.07 0.0361 362.5
0 13 15 49.71 0.1389 212.3
0 13 28 71.22 0.1258 328.2
0 13 36 85.57 0.0774 181.3
0 13 14 58.33 0.0205 131.5
0 13 13 797.89 0.0367 194.8
0 13 17 411.78 0.0913 859.0
0 13 15 122.88 0.0568 414.3
0 13 25 310.96 0.0527 502.2
0 13 13 50.76 0.1547 102.3
0 13 22 269.75 0.0497 503.9
0 13 20 48.92 0.0417 254.4
0 13 24 55.79 0.0536 365.7
0 13 42 90.49 0.0731 733.5
0 13 29 140.58 0.0318 698.2
0 13 26 126.31 0.0535 160.2
0 13 17 109.88 0.0785 606.4
0 13 29 107.60 0.0464 340.8
0 13 31 290.73 0.0702 58.5
0 13 20 73.22 0.0424 756.0
0 13 25 86.39 0.0345 794.8
0 13 19 47.62 0.0774 877.9
0 13 21 54.10 0.0488 736.6
0 13 18 85.98 0.0690 863.8
0 13 25 149.51 0.0209 309.1
0 13 15 714.34 0.0802 527.6
0 13 31 106.30 0.0525 797.7
0 13 33 459.76 0.0583 358.1
0 13 32 48.58 0.0850 176.0
0 13 30 95.15 0.0556 925.5
0 13 19 97.35 0.0261 936.8
0 13 15 416.45 0.0797 186.7
0 13 16 129.32 0.0207 883.0
0 13 26 141.08 0.0715 909.0
0 15 34 46.40 0.0402 750.0
0 15 19 237.65 0.0460 438.0
0 15 39 203.52 0.0425 188.9
0 15 20 61.22 0.0555 661.8
0 15 26 63.27 0.0826 835.2
0 15 38 128.89 0.0649 870.9
0 15 30 125.57 0.0623 132.1
0 15 27 78.03 0.0377 91.6
0 15 16 55.54 0.0567 738.7
0 15 23 96.80 0.0350 351.2
0 15 24 96.80 0.0704 843.2
0 15 21 398.75 0.1276 732.0
0 15 37 978.66 0.0546 240.3
0 15 26 171.49 0.0278 540.7
0 15 24 122.67 0.0897 86.2
0 15 15 206.75 0.0417 718.3
0 15 26 252.38 0.0790 105.7
0 15 14 47.37 0.1013 228.4
0 15 39 49.30 0.0741 737.6
0 15 14 1803.02 0.0466 893.8
0 15 29 154.08 0.0615 37.5
0 15 39 515.24 0.0621 462.1
0 15 39 86.06 0.0805 166.1
0 15 28 148.14 0.0318 879.2
0 15 23 54.03 0.0639 812.6
0 15 21 59.59 0.0241 337.0
0 15 45 321.15 0.0564 900.6
0 15 27 122.12 0.0388 437.1
0 15 45 61.25 0.1006 716.6
0 15 31 64.48 0.0799 24.8
0 15 32 70.95 0.1047 829.7
0 15 30 135.30 0.0697 514.9
0 15 37 56.63 0.0998 749.7
0 15 14 505.22 0.1684 809.7
0 15 23 47.33 0.0700 320.4
0 15 30 82.56 0.1007 898.5
0 15 26 91.78 0.0698 346.0
0 15 40 76.26 0.0691 668.0
0 15 19 74.26 0.0621 325.2
0 15 14 45.98 0.0713 306.5
0 15 46 123.76 0.0538 818.7
0 15 15 102.15 0.0461 342.2
0 15 22 59.86 0.0560 263.2
0 15 43 235.98 0.0502 943.9
0 15 24 69.57 0.0615 411.7
0 15 34 122.94 0.0502 84.4
0 15 17 141.38 0.0354 715.3
0 15 32 70.23 0.0439 226.6
0 15 21 86.39 0.0706 266.9
0 15 34 98.15 0.0392 691.9
0 15 32 298.26 0.0376 334.1
0 15 24 84.07 0.0764 913.4
0 15 24 97.58 0.0835 946.9
0 15 32 58.10 0.0654 785.2
0 15 18 60.35 0.1107 334.2
0 15 22 83.12 0.0480 96.2
0 15 21 55.47 0.0502 763.1
0 15 16 76.80 0.0430 901.8
0 15 28 140.03 0.0695 43.0
0 15 21 108.23 0.1354 323.7
0 15 32 101.51 0.0773 689.9
0 15 14 48.79 0.1487 836.7
0 15 26 46.45 0.0844 113.3
0 15 24 70.95 0.0831 468.7
0 15 40 96.94 0.0649 277.7
0 15 37 89.28 0.0843 448.9
0 15 39 52.23 0.0798 112.4
0 15 28 126.12 0.0264 365.4
0 15 30 71.56 0.0926 743.1
0 15 42 275.43 0.0649 297.9
0 15 41 184.30 0.0568 807.7
0 15 42 431.55 0.0593 809.8
0 15 32 82.28 0.0776 887.1
0 15 24 72.96 0.1118 729.8
0 15 28 103.09 0.0571 342.2
0 15 17 90.24 0.0771 753.3
0 15 13 115.71 0.0477 913.9
0 15 27 230.28 0.0516 420.2
0 15 35 66.38 0.0622 823.8
0 15 39 135.82 0.0564 498.0
0 15 15 100.31 0.1540 930.3
0 15 17 214.15 0.0798 916.2
0 15 30 132.90 0.0654 422.1
0 15 14 181.07 0.0539 575.3
0 15 21 75.55 0.0655 563.5
0 15 23 253.77 0.0425 157.8
0 15 15 49.42 0.0372 242.4
0 15 20 60.56 0.0878 311.2
0 15 37 111.14 0.0473 429.7
0 15 33 58.31 0.0728 362.3
0 15 41 65.37 0.0903 744.1
0 15 28 57.44 0.0947 201.9
0 15 32 559.80 0.0789 424.2
0 15 46 112.97 0.0653 494.4
0 15 29 46.36 0.0843 459.3
0 15 42 89.52 0.0650 209.3
0 15 25 136.50 0.0483 763.1
0 15 20 99.07 0.0818 97.0
0 15 22 58.14 0.0715 880.7
0 15 36 117.24 0.0665 220.7
0 15 14 46.76 0.0674 881.3
0 15 28 245.03 0.0328 757.8
0 15 15 120.73 0.0450 352.3
0 15 20 68.03 0.0386 837.8
0 15 19 92.87 0.0560 376.6
0 15 43 96.07 0.0726 168.5
0 15 17 83.16 0.0491 304.9
0 15 31 125.61 0.0608 535.8
0 15 36 271.82 0.0429 129.8
0 15 43 84.58 0.0835 783.6
0 15 29 50.04 0.0960 923.1
0 15 21 54.52 0.0541 38.2
0 15 20 93.88 0.0669 305.3
0 15 18 58.02 0.1270 879.2
0 15 22 83.95 0.0908 829.3
0 15 16 82.21 0.0208 283.3
0 15 27 93.07 0.0352 332.5
0 15 34 51.57 0.1011 394.7
0 15 28 75.52 0.0769 336.7
0 15 32 55.20 0.0901 657.4
0 15 28 52.84 0.0794 930.6
0 15 24 144.14 0.0305 910.5
0 15 22 70.83 0.0504 784.4
0 15 17 67.07 0.1291 514.5
0 15 17 92.60 0.0337 868.9
0 15 24 161.99 0.0463 21.8
0 15 19 823.10 0.0264 103.8
0 15 13 58.14 0.1222 885.3
0 15 14 59.19 0.0383 209.6
0 15 17 117.76 0.0284 490.9
0 15 46 154.38 0.0604 452.0
0 15 20 83.61 0.0720 390.6
0 15 42 158.13 0.0561 477.1
0 15 23 88.23 0.0452 512.7
0 15 20 93.52 0.0260 633.0
0 15 41 83.02 0.0647 752.5
0 15 14 47.32 0.0314 863.4
0 15 30 121.99 0.0210 362.1
0 15 18 46.47 0.0868 614.2
0 15 33 77.45 0.0759 921.9
0 15 28 97.18 0.0585 696.9
0 15 27 74.94 0.0531 458.8
0 15 21 60.36 0.0752 754.1
0 15 22 86.95 0.0404 671.7
0 15 16 168.12 0.0375 343.7
0 15 17 143.74 0.0384 502.5
0 15 23 45.75 0.0816 820.5
0 15 16 67.40 0.0789 809.7
0 15 26 65.92 0.1002 112.3
0 15 18 61.19 0.1549 838.8
0 15 34 65.93 0.1075 376.8
0 15 36 166.28 0.0581 292.1
0 15 19 74.73 0.0613 363.2
0 15 37 68.88 0.1133 358.9
0 15 30 124.73 0.0430 187.9
0 15 30 928.68 0.0608 392.9
0 15 20 102.80 0.0289 295.8
0 15 14 91.35 0.1056 669.3
0 15 20 48.27 0.0213 217.0
0 15 16 48.61 0.1053 409.2
0 15 18 64.47 0.1598 806.4
0 15 34 45.35 0.1189 398.3
0 15 13 104.33 0.1187 818.2
0 15 36 175.00 0.0316 810.3
0 15 38 83.26 0.0709 760.2
0 15 23 80.16 0.0513 772.3
0 15 15 84.32 0.0638 188.3
0 15 15 45.07 0.1004 849.5
0 15 33 89.33 0.0954 922.4
0 15 28 66.77 0.0746 252.5
0 15 24 160.70 0.0380 98.6
0 15 25 96.85 0.0516 172.7
0 15 30 66.40 0.0811 414.4
0 15 25 56.34 0.1200 947.6
0 15 17 56.06 0.0985 932.8
0 15 34 53.68 0.0883 344.4
0 15 15 51.54 0.0690 883.8
0 15 18 864.66 0.0310 689.8
0 15 14 329.73 0.1523 323.5
0 15 17 196.85 0.0392 225.9
0 15 14 106.34 0.0407 841.2
0 15 33 46.63 0.1098 628.2
0 15 27 120.94 0.0476 470.4
0 16 28 235.24 0.0438 537.5
0 16 35 110.79 0.0613 326.1
0 16 28 93.55 0.0695 145.3
0 16 24 78.70 0.0596 777.2
0 16 29 55.85 0.1190 561.4
0 16 40 177.15 0.0806 228.6
0 16 23 77.40 0.1002 229.5
0 16 41 135.50 0.0454 890.7
0 16 20 98.98 0.0567 304.8
0 16 22 119.24 0.0911 175.9
0 16 23 58.52 0.0898 45.7
0 16 32 45.80 0.1008 474.6
0 16 18 57.45 0.1036 566.3
0 16 15 319.73 0.1124 621.5
0 16 23 72.09 0.0684 231.9
0 16 34 70.02 0.0726 200.5
0 16 19 80.14 0.0605 75.6
0 16 40 59.23 0.0870 770.4
0 16 27 138.91 0.0730 592.3
0 16 17 199.68 0.0578 46.0
0 16 16 48.64 0.1051 915.3
0 16 19 62.94 0.0530 496.2
0 16 19 65.09 0.0799 610.1
0 16 16 122.18 0.0593 105.4
0 16 25 48.90 0.1240 160.6
0 16 15 57.20 0.0370 930.0
0 16 36 74.51 0.0923 830.7
0 16 35 136.92 0.0426 320.7
0 16 34 140.86 0.0563 155.0
0 16 22 47.98 0.0945 911.9
0 16 15 63.42 0.0913 295.1
0 16 17 56.13 0.0526 640.7
0 16 21 70.40 0.0394 172.4
0 16 16 63.92 0.0951 916.3
0 16 22 69.16 0.0410 305.8
0 16 39 173.21 0.0703 370.7
0 16 21 164.33 0.0525 922.1
0 16 21 78.53 0.1371 261.1
0 16 28 56.79 0.1168 229.9
0 16 24 76.62 0.0863 259.1
0 16 32 88.57 0.0933 236.4
0 16 41 103.29 0.0362 439.2
0 16 34 170.08 0.0503 117.8
0 16 33 88.19 0.0929 61.7
0 16 31 95.66 0.0778 71.8
0 16 34 252.84 0.0989 164.1
0 16 27 153.43 0.0653 270.4
0 16 26 432.04 0.0317 29.4
0 16 31 228.72 0.0476 491.6
0 16 29 98.50 0.0662 851.7
0 16 36 85.71 0.0627 337.0
0 16 17 60.12 0.0364 262.7
0 16 28 62.14 0.1085 241.0
0 16 25 45.96 0.0998 149.2
0 16 32 355.95 0.0625 330.8
0 16 38 49.10 0.1150 343.0
0 16 22 49.12 0.1248 204.4
0 16 22 70.04 0.0644 698.8
0 16 37 82.67 0.0853 479.1
0 16 22 101.60 0.0705 191.9
0 16 20 129.61 0.0558 280.6
0 16 39 123.89 0.0483 716.8
0 16 39 129.01 0.0434 486.6
0 16 26 47.21 0.0942 703.3
0 16 32 64.54 0.1131 117.0
0 16 16 288.21 0.0902 369.8
0 16 19 55.50 0.0535 565.2
0 16 21 50.63 0.1225 499.1
0 16 25 62.07 0.0811 874.6
0 16 36 85.43 0.0710 491.9
0 16 25 111.49 0.0739 453.7
0 16 30 112.16 0.0561 302.5
0 16 24 48.25 0.1091 247.2
0 16 21 131.27 0.0762 389.5
0 16 32 102.65 0.0576 264.6
0 16 16 133.54 0.0545 216.0
0 16 34 57.08 0.1005 842.3
0 16 22 860.11 0.1056 252.6
0 16 29 57.41 0.0924 512.3
0 16 16 47.35 0.1135 886.9
0 16 32 47.36 0.0834 410.2
0 16 22 75.22 0.0890 123.2
0 16 16 136.30 0.1302 187.5
0 16 42 221.19 0.0422 460.5
0 16 29 97.92 0.0615 255.9
0 16 36 57.02 0.0898 292.7
0 16 42 223.78 0.0603 518.6
0 16 38 171.03 0.0510 250.8
0 16 41 82.73 0.0631 774.7
0 16 32 48.82 0.0717 362.7
0 16 20 248.45 0.0249 480.7
0 16 30 166.78 0.0563 97.7
0 16 45 97.69 0.0890 657.3
0 16 29 53.61 0.0814 927.7
0 16 46 115.11 0.0635 251.7
0 16 20 51.72 0.0756 141.3
0 16 44 130.96 0.0473 933.6
0 16 35 93.75 0.0874 252.5
0 16 38 49.69 0.1014 363.7
0 16 34 50.15 0.0944 432.7
0 16 32 63.07 0.0668 634.3
0 16 22 142.21 0.0990 463.6
0 16 18 86.76 0.0405 438.2
0 16 36 175.78 0.0592 811.9
0 16 24 69.06 0.0572 588.1
0 16 35 92.17 0.0725 138.8
0 16 33 123.34 0.0922 222.7
0 16 30 114.42 0.0389 242.7
0 16 30 88.10 0.0805 478.5
0 16 15 80.58 0.0450 882.7
0 16 14 46.03 0.1515 159.3
0 16 17 65.39 0.0913 228.1
0 16 28 76.79 0.0508 912.8
0 16 17 90.14 0.0614 464.7
0 16 17 53.78 0.1073 186.8
0 16 22 67.71 0.1071 148.3
0 16 34 180.57 0.0505 507.8
0 16 32 162.36 0.0386 140.8
0 16 31 188.06 0.0641 222.4
0 16 20 106.82 0.0382 170.1
0 16 41 62.21 0.0839 473.6
0 16 39 68.39 0.0885 791.7
0 16 35 71.43 0.0896 217.7
0 16 24 2832.39 0.0385 478.4
0 16 36 149.03 0.0592 449.2
0 16 29 75.59 0.0593 285.7
0 16 31 50.12 0.0877 864.4
0 16 14 64.91 0.1293 258.5
0 16 21 52.51 0.0398 380.2
0 16 29 88.90 0.0621 95.3
0 16 42 120.68 0.0580 214.2
0 16 22 60.54 0.1423 905.3
0 16 19 83.50 0.0407 452.5
0 16 40 86.04 0.0750 198.9
0 16 18 153.28 0.0385 243.3
0 16 25 70.45 0.0599 597.7
0 16 23 141.79 0.0331 480.0
0 16 38 105.83 0.0486 668.9
0 16 39 50.63 0.1004 90.7
0 16 24 59.60 0.1526 799.0
0 16 16 113.59 0.0353 326.9
0 16 48 162.54 0.0745 400.7
0 16 41 187.46 0.0548 341.3
0 16 27 52.03 0.0822 191.7
0 16 20 105.24 0.0412 109.6
0 16 33 75.76 0.0290 667.5
0 16 20 47.39 0.1429 215.2
0 16 35 103.03 0.0591 387.9
0 16 28 67.37 0.0301 25.8
0 16 22 316.06 0.0286 14.8
0 16 27 119.10 0.0669 65.1
0 16 35 63.90 0.0642 763.6
0 16 35 172.30 0.0344 428.7
0 16 16 53.29 0.0335 106.5
0 16 29 79.41 0.0671 728.7
0 16 21 53.19 0.0765 184.1
0 16 21 122.16 0.0297 81.1
0 16 21 181.97 0.0361 931.9
0 16 17 129.82 0.0559 941.2
0 16 15 254.70 0.1518 129.8
0 16 17 125.40 0.1248 69.7
0 16 20 89.32 0.0541 876.0
0 16 14 128.76 0.0771 0.8
0 16 40 115.37 0.0618 103.8
0 16 22 93.11 0.0693 164.3
0 16 37 170.11 0.0540 576.6
0 16 17 50.59 0.0272 44.8
0 16 18 60.99 0.1053 719.3
0 16 30 181.46 0.0559 264.3
0 16 28 54.92 0.0885 240.0
0 16 19 55.20 0.1238 363.3
0 16 19 73.31 0.0650 452.2
0 16 17 45.98 0.0779 216.3
0 16 41 130.11 0.0588 257.6
0 16 17 53.61 0.0952 908.1
0 16 17 136.58 0.0284 90.6
0 16 18 82.76 0.0528 675.6
0 16 27 61.69 0.0780 846.3
0 16 17 101.28 0.0493 923.1
0 16 22 108.33 0.0755 116.5
0 16 14 45.91 0.1344 144.0
0 16 21 46.19 0.1142 144.5
0 16 25 65.57 0.0778 129.2
0 16 21 121.33 0.1145 281.2
0 16 27 266.04 0.0464 120.4
0 16 20 260.49 0.0545 162.2
0 16 15 90.22 0.0811 297.0
0 16 40 91.66 0.0987 353.2
0 16 21 85.49 0.0769 153.6
0 16 42 52.95 0.0937 173.7
0 16 15 149.50 0.0433 639.7
0 16 14 151.13 0.1319 926.1
0 18 29 76.07 0.0460 946.1
0 18 19 62.03 0.0957 932.1
0 18 35 57.44 0.0880 870.3
0 18 24 60.59 0.0822 540.8
0 18 20 85.11 0.1013 887.8
0 18 29 54.39 0.0825 539.5
0 18 29 92.91 0.1056 762.8
0 18 38 85.60 0.0674 302.4
0 18 32 136.05 0.0834 897.6
0 18 15 94.06 0.1029 928.3
0 18 16 61.73 0.1648 867.4
0 18 16 92.06 0.0518 216.2
0 18 24 88.53 0.0304 176.8
0 18 29 159.58 0.0410 674.0
0 18 17 62.80 0.0983 919.5
0 18 39 89.83 0.0638 7.3
0 18 33 182.77 0.0325 821.0
0 18 16 49.48 0.0291 619.7
0 18 15 189.96 0.0199 158.6
0 18 34 159.76 0.0516 47.7
0 18 40 102.01 0.0886 890.8
0 18 21 56.84 0.0823 786.2
0 18 17 121.56 0.0540 226.9
0 18 28 77.57 0.0759 737.2
0 18 35 84.36 0.0735 98.6
0 18 29 83.61 0.0426 340.1
0 18 30 53.12 0.0955 727.6
0 18 20 230.08 0.0352 305.4
0 18 43 71.71 0.0770 20.5
0 18 20 101.01 0.0258 17.9
0 18 22 85.17 0.0261 885.2
0 18 34 75.34 0.0794 710.8
0 18 33 143.12 0.0526 112.9
0 18 34 169.43 0.0457 656.6
0 18 28 186.61 0.0379 240.8
0 18 25 56.82 0.0761 97.8
0 18 15 113.70 0.0340 503.0
0 18 19 100.77 0.0196 109.1
0 18 26 132.06 0.0447 695.6
0 18 29 48.69 0.1213 773.3
0 18 14 231.36 0.1505 32.4
0 18 40 123.27 0.0713 587.0
0 18 39 53.98 0.0936 873.3
0 18 41 55.56 0.0861 676.0
0 18 14 101.17 0.1113 812.8
0 18 29 421.01 0.0349 674.3
0 18 19 50.39 0.1208 293.0
0 18 14 46.73 0.0804 248.3
0 18 19 82.83 0.0249 330.0
0 18 17 46.29 0.0355 764.2
0 18 35 106.54 0.0637 326.9
0 18 13 278.95 0.1124 46.2
0 18 31 46.90 0.0600 212.3
0 18 40 66.42 0.0548 11.9
0 18 34 122.63 0.0705 625.9
0 18 17 53.34 0.0677 635.0
0 18 32 175.96 0.0504 433.3
0 18 28 161.18 0.0350 343.5
0 18 37 108.22 0.0721 730.2
0 18 42 71.44 0.0688 272.2
0 18 24 142.05 0.0227 174.6
0 18 14 91.34 0.0251 941.2
0 18 41 231.23 0.0508 892.6
0 18 34 58.89 0.1172 806.6
0 18 24 56.27 0.0977 444.2
0 18 22 67.33 0.0595 165.0
0 18 23 48.97 0.0793 178.0
0 18 18 144.45 0.1162 211.8
0 18 19 94.98 0.0371 742.2
0 18 16 50.48 0.1119 838.8
0 18 39 93.84 0.0909 56.6
0 18 30 68.43 0.0862 431.1
0 18 20 60.78 0.1034 922.0
0 18 41 119.07 0.0620 508.7
0 18 16 103.83 0.0281 806.6
0 18 13 153.34 0.0420 222.3
0 18 30 142.54 0.0385 298.7
0 18 13 308.10 0.0195 641.3
0 18 16 56.39 0.0511 177.0
0 18 47 87.84 0.0722 829.2
0 18 18 51.65 0.1058 351.8
0 18 13 50.49 0.0750 922.3
0 18 17 59.59 0.1153 353.6
0 18 31 69.37 0.0709 631.9
0 18 16 80.88 0.0362 452.8
0 18 31 147.53 0.0385 810.2
0 18 41 138.34 0.0457 686.0
0 18 16 205.08 0.0288 128.1
0 18 23 52.84 0.0691 806.5
0 18 41 185.88 0.0751 857.2
0 18 24 94.20 0.0976 120.6
0 18 28 182.43 0.0570 793.2
0 18 46 223.78 0.0600 364.6
0 18 18 104.75 0.0836 26.8
0 18 44 145.64 0.0554 67.3
0 18 30 54.71 0.0734 549.3
0 18 14 83.75 0.1060 890.1
0 18 35 70.28 0.0734 867.7
0 18 31 77.98 0.0578 897.3
0 18 28 70.94 0.0927 636.8
0 18 37 75.93 0.0752 217.5
0 18 22 233.59 0.0312 472.3
0 18 27 82.26 0.0475 118.9
0 18 38 157.94 0.0380 30.1
0 18 40 75.02 0.0986 680.1
0 18 41 170.49 0.0546 556.3
0 18 15 601.72 0.0873 937.0
0 18 36 86.24 0.0723 160.2
0 18 32 78.86 0.0693 343.4
0 18 37 90.21 0.0896 540.8
0 18 17 102.08 0.0419 437.6
0 18 23 189.68 0.0336 169.9
0 18 17 92.62 0.0341 428.0
0 18 28 93.78 0.0478 903.0
0 18 36 186.46 0.0594 314.3
0 18 32 58.52 0.1003 822.0
0 18 39 101.55 0.0402 113.2
0 18 18 117.19 0.0581 854.3
0 18 23 74.59 0.0601 486.9
0 18 36 74.09 0.0865 118.5
0 18 16 89.73 0.0288 552.2
0 18 21 48.08 0.0732 689.4
0 18 26 62.97 0.0900 704.3
0 18 19 57.50 0.0773 935.1
0 18 32 330.94 0.0544 781.6
0 18 36 400.95 0.0380 187.7
0 18 33 70.26 0.0634 336.8
0 18 16 205.11 0.0688 733.9
0 18 32 134.88 0.0505 236.6
0 18 31 668.54 0.0465 155.9
0 18 14 158.42 0.0197 693.9
0 18 37 76.52 0.0550 494.8
0 18 16 201.39 0.0409 729.3
0 18 29 269.94 0.0447 691.8
0 18 35 171.59 0.0472 807.2
0 18 19 332.72 0.0498 948.9
0 18 28 95.78 0.0512 173.6
0 18 20 56.57 0.1025 229.8
0 18 13 46.61 0.1016 184.2
0 18 25 54.94 0.1223 243.3
0 18 32 62.07 0.0902 754.2
0 18 25 112.64 0.0520 207.6
0 18 29 55.39 0.0994 153.3
0 18 32 141.22 0.0528 106.1
0 18 42 70.50 0.0940 928.6
0 18 40 72.77 0.0829 371.5
0 18 40 153.29 0.0460 16.3
0 18 28 336.02 0.0890 240.0
0 18 41 396.04 0.0619 36.7
0 18 17 54.51 0.0982 667.7
0 18 18 48.99 0.1535 164.3
0 18 34 98.50 0.0761 879.5
0 18 24 244.00 0.0667 62.5
0 18 31 58.33 0.1207 274.8
0 18 20 162.60 0.0373 632.8
0 18 40 54.79 0.0827 142.3
0 18 30 67.36 0.0857 922.3
0 18 30 82.53 0.0405 164.0
0 18 34 101.19 0.0390 712.7
0 18 29 161.72 0.0507 716.7
0 18 25 106.54 0.0599 171.3
0 18 26 181.64 0.0635 826.3
0 18 39 96.17 0.0836 157.8
0 18 13 89.91 0.1665 188.9
0 18 30 86.55 0.0698 636.6
0 18 21 376.30 0.1052 47.2
0 18 32 56.51 0.0968 890.6
0 18 45 93.36 0.0727 718.0
0 18 23 280.36 0.0350 39.5
0 18 43 233.32 0.0643 348.3
0 18 24 97.27 0.0366 864.8
0 18 41 51.10 0.0892 789.3
0 18 41 81.22 0.0521 296.6
0 18 29 105.95 0.0544 779.7
0 18 15 63.36 0.0799 855.9
0 18 32 62.29 0.1127 273.5
0 18 31 56.63 0.0905 847.7
0 18 37 89.31 0.0446 659.3
0 18 16 1492.85 0.0291 866.6
0 18 33 99.85 0.0377 728.7
0 18 19 333.78 0.0459 912.7
0 18 26 49.82 0.0858 663.9
0 18 43 71.48 0.0696 28.0
0 18 36 107.56 0.0756 199.1
0 18 36 329.22 0.0429 210.2
0 18 20 67.17 0.0533 325.4
0 18 22 49.12 0.1442 661.3
0 18 18 876.42 0.0463 195.4
0 18 20 55.97 0.1235 811.1
0 18 25 58.94 0.0996 746.3
0 18 17 139.39 0.0736 840.8
0 18 16 364.12 0.0135 828.4
0 18 30 153.45 0.0743 863.6
0 18 34 134.25 0.0424 666.6
0 18 16 53.39 0.0748 790.0
0 18 19 156.17 0.0949 160.8
0 18 30 140.66 0.0361 195.1
0 18 18 72.34 0.0902 557.4
0 18 24 57.46 0.1026 846.8
0 18 14 98.63 0.0418 234.5
0 18 24 51.60 0.0424 174.2
0 18 26 84.26 0.0541 653.7
0 18 15 315.59 0.1481 905.5
0 18 25 138.72 0.0266 662.5
0 18 16 104.32 0.0114 851.8
0 18 19 61.57 0.0539 300.1
0 18 29 136.23 0.0630 894.9
0 18 24 161.34 0.0363 661.8
0 18 18 233.78 0.0825 708.9
0 18 24 72.59 0.0361 710.5
0 18 21 304.27 0.0519 910.3
0 18 41 66.67 0.0856 104.0
0 18 14 50.28 0.0319 873.6
0 18 19 60.72 0.0360 630.3
0 18 16 45.19 0.0964 626.9
0 18 21 79.91 0.0496 128.9
0 18 14 120.81 0.0917 736.7
0 18 14 979.88 0.1066 745.8
0 18 37 113.26 0.0603 878.5
0 18 23 255.14 0.0718 313.4
0 18 18 266.79 0.1313 326.5
0 18 22 142.65 0.0398 358.6
0 18 20 161.63 0.0483 550.8
0 18 23 84.44 0.0911 161.2
0 18 18 66.26 0.0855 625.0
0 18 18 115.67 0.0271 614.6
0 18 29 45.09 0.0992 789.7
0 18 14 77.89 0.0747 614.7
0 18 19 53.96 0.0436 475.1
0 18 13 102.97 0.0978 731.0
0 18 24 52.71 0.1298 264.3
0 18 14 139.91 0.1325 535.9
0 18 18 156.26 0.0544 228.1
0 18 16 51.84 0.0771 919.2
0 20 24 52.62 0.0619 69.8
0 20 35 84.86 0.0806 505.3
0 20 39 114.37 0.0402 742.8
0 20 44 105.86 0.0623 65.0
0 20 27 143.77 0.0469 18.1
0 20 22 52.32 0.0935 128.3
0 20 29 93.01 0.0690 928.2
0 20 18 719.99 0.0319 483.5
0 20 31 144.15 0.0746 16.9
0 20 16 76.54 0.0305 692.6
0 20 30 189.94 0.0508 592.4
0 20 21 91.70 0.0322 337.4
0 20 18 100.92 0.0709 72.7
0 20 21 116.56 0.0391 851.5
0 20 45 209.69 0.0609 182.1
0 20 33 245.07 0.0703 919.8
0 20 33 134.08 0.0387 869.0
0 20 17 158.96 0.0401 82.8
0 20 22 61.35 0.0206 63.1
0 20 25 306.06 0.0502 809.3
0 20 14 150.72 0.0305 878.0
0 20 17 379.91 0.0294 940.8
0 20 22 62.78 0.0768 195.6
0 20 44 271.01 0.0692 148.5
0 20 29 88.85 0.0906 181.7
0 20 14 410.31 0.1535 175.5
0 20 23 77.84 0.0338 784.9
0 20 20 462.39 0.1348 104.4
0 20 18 925.51 0.1427 147.8
0 20 42 68.97 0.0693 95.4
0 20 33 132.82 0.0422 319.0
0 20 15 50.34 0.1237 190.1
0 20 14 115.97 0.1002 165.8
0 20 23 264.30 0.0432 119.5
0 20 43 355.16 0.0533 420.5
0 20 41 176.54 0.0389 903.3
0 20 36 53.80 0.0971 278.8
0 20 29 69.67 0.0512 872.3
0 20 20 125.53 0.0560 777.4
0 20 25 151.83 0.0464 816.8
0 20 19 94.40 0.0260 368.9
0 20 33 87.82 0.0423 948.2
0 20 16 714.49 0.1391 149.9
0 20 17 79.50 0.0307 882.1
0 20 14 314.24 0.0551 797.0
0 20 14 148.78 0.0334 812.6
0 20 34 88.02 0.1345 202.0
0 20 34 48.84 0.1106 905.3
0 20 31 87.80 0.0660 485.5
0 20 32 46.93 0.1129 718.8
0 20 19 124.17 0.0253 539.2
0 20 19 88.43 0.0904 807.3
0 20 16 58.35 0.0213 487.3
0 20 23 94.93 0.0282 515.6
0 20 34 245.94 0.0564 340.2
0 20 31 111.83 0.0559 815.6
0 20 13 67.10 0.0347 356.7
0 20 34 57.45 0.0949 701.7
0 20 24 591.64 0.1101 488.1
0 20 18 138.67 0.1098 404.3
0 20 38 550.50 0.0546 219.4
0 20 18 82.48 0.1369 499.2
0 20 23 114.95 0.0425 823.9
0 20 31 77.06 0.0784 380.1
0 20 26 50.30 0.1154 401.6
0 20 23 63.39 0.0376 621.5
0 20 31 81.42 0.0715 109.1
0 20 38 137.37 0.0617 197.8
0 20 27 119.97 0.0439 818.3
0 20 19 115.88 0.0655 859.4
0 20 36 81.65 0.0619 427.6
0 20 23 65.73 0.1324 88.8
0 20 29 74.90 0.0858 611.2
0 20 26 76.54 0.0715 11.4
0 20 30 56.56 0.1091 98.2
0 20 25 206.56 0.0844 281.8
0 20 19 64.39 0.1038 282.9
0 20 31 68.39 0.0911 728.3
0 20 23 97.95 0.0538 798.4
0 20 23 283.62 0.0294 369.5
0 20 20 115.20 0.0577 387.6
0 20 22 109.42 0.0707 174.7
0 20 27 252.65 0.1208 277.9
0 20 19 263.92 0.0859 881.7
0 20 28 69.94 0.0793 888.8
0 20 27 129.65 0.0324 206.1
0 20 27 257.57 0.0684 744.0
0 20 20 389.14 0.0754 215.9
0 20 41 134.06 0.0609 187.7
0 20 23 127.55 0.0543 649.8
0 20 17 263.50 0.1106 299.9
0 20 27 121.61 0.0525 516.0
0 20 34 65.35 0.0897 918.1
0 20 35 58.51 0.1031 743.1
0 20 24 64.02 0.0571 170.1
0 20 42 93.71 0.0829 741.4
0 20 42 53.14 0.1076 478.7
0 20 21 227.83 0.0305 737.0
0 20 15 73.54 0.0411 211.6
0 20 33 190.75 0.0497 82.5
0 20 18 219.30 0.0335 358.7
0 20 36 53.56 0.1171 306.4
0 20 17 131.54 0.0646 283.8
0 20 31 67.08 0.0601 188.6
0 20 26 108.70 0.0431 932.0
0 20 16 185.43 0.0389 650.9
0 20 19 90.72 0.0776 119.7
0 20 23 86.82 0.0652 734.2
0 20 33 139.35 0.0609 346.6
0 20 32 139.91 0.0412 757.8
0 20 22 76.96 0.0530 700.3
0 20 33 84.76 0.0563 879.3
0 20 14 79.57 0.1188 366.5
0 20 34 52.36 0.1229 792.1
0 20 16 528.07 0.0298 838.3
0 20 28 77.50 0.0686 370.2
0 20 22 98.70 0.0356 492.0
0 20 20 133.47 0.0420 843.6
0 20 17 82.18 0.0413 12.5
0 20 18 65.66 0.0491 660.1
0 20 33 111.37 0.0754 909.7
0 20 19 51.66 0.1059 754.3
0 20 39 77.45 0.0720 196.2
0 20 36 55.40 0.1001 781.4
0 20 39 143.80 0.0564 623.9
0 20 19 51.84 0.0283 835.9
0 20 21 45.01 0.0681 314.0
0 20 36 190.08 0.0522 540.0
0 20 34 63.95 0.1138 926.7
0 20 36 125.96 0.0566 847.3
0 20 47 102.95 0.0473 135.5
0 20 23 93.93 0.0447 409.9
0 20 44 181.74 0.0440 276.0
0 20 40 214.10 0.0393 696.0
0 20 14 288.30 0.0506 680.6
0 20 15 61.71 0.0291 857.7
0 20 29 108.30 0.0482 892.3
0 20 24 1525.82 0.0268 776.3
0 20 27 190.61 0.0360 23.7
0 20 29 158.52 0.0553 877.0
0 20 30 58.93 0.0940 811.8
0 20 33 91.78 0.0850 941.8
0 20 28 125.55 0.0455 888.8
0 20 32 52.38 0.1210 449.8
0 20 24 60.06 0.0871 247.7
0 20 18 61.55 0.0268 709.5
0 20 27 45.57 0.1074 718.9
0 20 39 132.89 0.0392 591.7
0 20 34 84.97 0.0687 118.4
0 20 23 77.41 0.0798 742.7
0 20 20 62.42 0.0466 608.6
0 20 25 226.30 0.0371 816.3
0 20 35 182.15 0.0597 321.3
0 20 24 94.31 0.0518 127.9
0 20 19 161.31 0.0474 191.6
0 20 21 434.78 0.0238 881.7
0 20 23 105.96 0.0507 142.2
0 20 18 45.03 0.1148 645.6
0 20 18 63.57 0.0357 884.2
0 20 17 107.50 0.0543 861.9
0 20 28 51.43 0.1078 59.3
0 20 35 140.28 0.0542 71.5
0 20 33 86.39 0.0769 388.8
0 20 33 74.51 0.0998 739.9
0 20 36 98.50 0.0660 766.4
0 20 20 71.85 0.0500 37.7
0 20 24 81.72 0.1091 901.3
0 20 25 139.65 0.0504 318.7
0 20 29 407.62 0.0471 457.2
0 20 25 222.92 0.0648 881.4
0 20 45 194.16 0.0526 195.4
0 20 28 115.93 0.0583 797.6
0 20 35 48.77 0.0643 46.3
0 20 19 123.65 0.0980 791.5
0 20 29 51.43 0.1211 297.2
0 20 30 156.20 0.0997 882.6
0 20 48 290.51 0.0332 503.9
0 20 38 120.02 0.0468 263.9
0 20 43 168.27 0.0642 871.7
0 20 39 205.07 0.0525 158.1
0 20 27 72.32 0.0730 18.9
0 20 30 110.64 0.0686 115.7
0 20 23 240.63 0.0452 940.5
0 20 26 72.15 0.0245 105.6
0 20 24 802.52 0.0333 726.8
0 20 19 107.03 0.0409 916.4
0 20 17 74.37 0.0397 932.0
0 20 15 163.63 0.0754 860.8
0 20 24 491.20 0.0608 163.5
0 20 22 111.39 0.0507 907.5
0 20 16 121.96 0.0352 108.1
0 20 25 71.38 0.0961 815.9
0 20 18 317.54 0.0267 302.5
0 20 17 55.55 0.1068 914.5
0 20 25 108.31 0.0783 442.0
0 20 16 154.86 0.0965 452.6
0 20 42 197.39 0.0349 186.6
0 20 29 132.73 0.0334 176.6
0 20 16 176.23 0.0378 484.9
0 20 45 170.36 0.0396 300.3
0 20 28 386.90 0.0303 922.9
0 20 35 66.05 0.0870 144.3
0 20 31 63.05 0.0776 702.6
0 20 32 66.33 0.0865 335.8
0 20 38 70.88 0.0722 659.0
0 20 13 62.86 0.1451 376.7
0 20 36 56.05 0.0880 271.6
0 20 26 47.03 0.1080 727.3
0 20 28 72.94 0.0912 446.3
0 20 20 47.08 0.0830 486.3
0 20 15 67.51 0.0803 133.7
0 20 14 111.87 0.0377 147.8
0 20 13 56.58 0.0513 644.0
0 20 14 113.24 0.0451 948.6
0 20 13 65.01 0.1027 293.7
0 20 21 55.40 0.0807 400.6
0 20 15 117.22 0.0815 44.9
0 20 25 150.95 0.0685 906.0
0 20 18 322.26 0.0487 355.0
0 20 16 56.82 0.0370 39.2
0 20 17 84.66 0.0416 947.6
0 20 16 73.40 0.0308 464.9
0 20 16 91.03 0.0750 929.2
0 20 17 68.90 0.1376 250.7
0 20 13 188.20 0.0637 878.1
0 20 14 63.67 0.0212 476.9
0 20 19 173.95 0.0288 48.2
0 20 17 92.70 0.1111 128.3
0 20 18 109.37 0.0259 782.1
0 20 24 58.52 0.0943 9.2
0 20 18 751.99 0.1008 946.0
0 20 29 819.53 0.0331 83.8
0 20 26 64.17 0.0278 849.5
0 20 24 45.38 0.0280 341.8
0 20 26 129.35 0.0484 522.3
0 20 13 120.54 0.0986 858.7
0 20 16 166.61 0.0508 178.5
0 20 14 49.28 0.1073 925.6
0 20 18 67.90 0.0951 43.2
0 21 36 78.42 0.0711 70.0
0 21 42 82.29 0.0773 391.5
0 21 34 68.13 0.0765 921.7
0 21 27 454.52 0.1023 739.7
0 21 34 191.72 0.0696 606.6
0 21 28 199.33 0.0566 896.5
0 21 21 52.56 0.1211 686.8
0 21 28 117.92 0.0663 360.0
0 21 38 67.53 0.0631 732.6
0 21 28 113.02 0.0617 563.2
0 21 33 74.52 0.0787 576.6
0 21 38 214.19 0.0507 626.8
0 21 21 115.31 0.0487 823.8
0 21 34 54.63 0.0863 788.7
0 21 18 102.45 0.0611 163.4
0 21 16 152.02 0.0657 822.8
0 21 32 136.59 0.0685 917.3
0 21 25 85.52 0.0670 784.7
0 21 20 347.04 0.1178 919.3
0 21 26 55.14 0.0470 413.3
0 21 34 163.77 0.0437 500.3
0 21 14 55.35 0.1269 345.3
0 21 21 55.76 0.1329 669.3
0 21 26 142.65 0.0645 659.4
0 21 40 2213.58 0.0671 301.6
0 21 24 337.12 0.0418 320.7
0 21 34 131.83 0.0446 215.6
0 21 14 329.53 0.0973 510.9
0 21 45 80.55 0.0588 279.7
0 21 23 226.82 0.1539 468.3
0 21 36 77.78 0.0936 285.3
0 21 24 79.12 0.1120 926.3
0 21 40 113.25 0.0517 198.1
0 21 26 268.73 0.0438 259.5
0 21 35 187.84 0.0443 226.5
0 21 15 70.96 0.1426 483.7
0 21 34 87.90 0.0478 910.6
0 21 38 85.84 0.0927 884.1
0 21 24 47.92 0.1011 328.7
0 21 32 610.57 0.0624 262.2
0 21 28 119.75 0.0661 29.8
0 21 19 106.98 0.0312 240.0
0 21 18 54.59 0.0593 502.0
0 21 24 87.65 0.0489 25.1
0 21 27 2251.76 0.0382 677.6
0 21 30 156.27 0.0743 399.4
0 21 31 92.96 0.0800 706.4
0 21 47 72.33 0.0760 764.7
0 21 30 231.65 0.0311 523.7
0 21 25 197.12 0.0339 195.9
0 21 40 129.39 0.0817 185.6
0 21 25 80.20 0.0361 243.5
0 21 40 194.93 0.0732 807.3
0 21 15 84.01 0.0554 502.7
0 21 34 96.97 0.0539 669.2
0 21 42 53.96 0.0879 306.6
0 21 37 88.90 0.0745 774.6
0 21 23 75.02 0.0636 351.6
0 21 20 45.44 0.0659 244.7
0 21 28 527.95 0.0318 404.3
0 21 34 73.39 0.0696 708.3
0 21 37 112.03 0.0537 675.3
0 21 29 103.26 0.0739 197.1
0 21 32 88.66 0.0422 363.8
0 21 24 65.29 0.0724 779.5
0 21 33 132.60 0.0533 711.6
0 21 33 72.72 0.0884 60.8
0 21 31 142.99 0.0475 95.7
0 21 43 190.48 0.0502 398.4
0 21 32 259.99 0.0432 13.5
0 21 31 1958.15 0.0267 867.0
0 21 42 62.33 0.0816 61.0
0 21 36 81.82 0.0584 555.9
0 21 17 51.71 0.0452 669.2
0 21 18 70.16 0.0310 708.1
0 21 37 243.52 0.0363 450.7
0 21 34 53.27 0.0808 230.4
0 21 35 59.12 0.0988 679.5
0 21 19 87.12 0.0992 655.4
0 21 34 85.98 0.0933 685.4
0 21 33 130.92 0.0519 505.5
0 21 18 73.34 0.1046 843.3
0 21 32 110.39 0.0437 446.3
0 21 19 78.69 0.0503 184.4
0 21 20 171.94 0.0403 427.5
0 21 31 51.31 0.0976 692.9
0 21 16 124.77 0.0861 602.7
0 21 22 105.90 0.0459 643.6
0 21 30 96.88 0.0715 249.7
0 21 33 86.57 0.0841 177.7
0 21 42 153.07 0.0824 139.4
0 21 26 104.89 0.0330 315.9
0 21 14 122.20 0.1309 920.6
0 21 15 108.31 0.0991 632.6
0 21 23 247.74 0.0488 117.5
0 21 20 241.26 0.0461 223.1
0 21 38 203.04 0.0800 160.3
0 21 23 744.65 0.0683 719.8
0 21 37 118.60 0.0703 490.3
0 21 27 79.07 0.0456 442.8
0 21 15 126.75 0.0750 519.3
0 21 32 54.24 0.0909 124.4
0 21 27 48.67 0.0867 421.3
0 21 21 76.36 0.0954 223.5
0 21 19 114.50 0.0794 500.8
0 21 30 93.34 0.0446 357.1
0 21 27 340.40 0.0909 804.6
0 21 37 79.29 0.0530 601.0
0 21 14 63.43 0.1136 198.8
0 21 18 224.16 0.1131 134.5
0 21 23 106.88 0.0264 680.0
0 21 30 352.24 0.0453 62.6
0 21 30 94.93 0.0256 560.4
0 21 18 283.33 0.0448 472.9
0 21 40 210.69 0.0357 689.7
0 21 43 91.14 0.0534 772.0
0 21 31 168.16 0.0431 694.7
0 21 22 148.81 0.1122 164.5
0 21 23 91.42 0.0898 817.4
0 21 29 115.36 0.0783 403.1
0 21 27 65.98 0.0724 2.1
0 21 25 301.45 0.0412 792.5
0 21 28 75.54 0.1017 156.2
0 21 21 567.78 0.1280 60.7
0 21 38 115.07 0.0364 358.5
0 21 15 52.46 0.0905 394.3
0 21 35 268.56 0.0482 792.3
0 21 25 75.79 0.0409 354.5
0 21 38 215.41 0.0558 663.9
0 21 39 878.03 0.0402 856.9
0 21 18 151.66 0.1003 83.7
0 21 21 126.93 0.0227 17.6
0 21 24 197.42 0.0888 497.8
0 21 18 147.05 0.1406 495.6
0 21 37 140.06 0.0462 697.0
0 21 16 71.41 0.1165 877.5
0 21 36 65.44 0.0778 651.0
0 21 26 49.79 0.0670 33.6
0 21 17 79.13 0.0984 774.2
0 21 27 56.57 0.0760 570.2
0 21 27 112.26 0.0505 694.1
0 21 13 55.08 0.1371 655.6
0 21 20 97.48 0.0359 105.4
0 21 16 49.13 0.0502 638.3
0 21 28 53.32 0.1145 91.4
0 21 20 50.93 0.0862 526.2
0 21 36 160.77 0.0442 880.1
0 21 13 52.14 0.1458 483.3
0 21 39 62.58 0.0572 901.7
0 21 17 80.37 0.0384 55.4
0 21 18 51.00 0.0300 818.2
0 21 14 313.19 0.1645 464.3
0 21 17 66.88 0.0844 683.6
0 21 17 97.40 0.0784 715.6
0 21 25 165.13 0.0326 521.8
0 21 16 60.41 0.1126 263.9
0 21 17 48.55 0.1198 184.3
0 21 35 191.36 0.0553 240.7
0 21 18 118.89 0.1007 383.8
0 21 17 74.64 0.0288 656.0
0 21 27 53.18 0.0486 836.4
0 21 42 165.58 0.0557 262.6
0 21 16 100.96 0.0875 822.8
0 21 27 72.36 0.0641 627.6
0 21 17 501.90 0.0626 142.5
0 21 27 155.63 0.0527 763.6
0 22 15 95.91 0.1119 483.5
0 22 29 248.61 0.0457 664.5
0 22 42 183.54 0.0661 637.5
0 22 21 125.15 0.0879 666.6
0 22 14 65.36 0.1006 810.0
0 22 32 469.81 0.0431 179.9
0 22 41 86.19 0.0626 287.4
0 22 37 67.28 0.0846 281.3
0 22 33 106.29 0.0597 875.3
0 22 40 78.26 0.0593 577.2
0 22 33 51.59 0.1029 81.8
0 22 14 97.20 0.1313 663.8
0 22 43 80.62 0.0721 739.2
0 22 25 104.30 0.0360 449.7
0 22 40 115.18 0.0511 130.8
0 22 35 95.04 0.0379 27.2
0 22 13 148.59 0.1669 113.2
0 22 38 58.86 0.0937 543.1
0 22 17 45.74 0.0473 62.9
0 22 40 74.32 0.0762 231.5
0 22 28 126.88 0.0678 73.6
0 22 27 69.45 0.1075 747.2
0 22 42 98.90 0.0687 63.9
0 22 41 122.48 0.0816 753.5
0 22 24 58.19 0.0732 125.9
0 22 20 61.52 0.0651 209.5
0 22 38 80.52 0.0651 817.9
0 22 16 52.25 0.0919 935.9
0 22 34 53.37 0.0824 951.8
0 22 43 45.43 0.0905 643.3
0 22 38 52.15 0.0897 804.3
0 22 14 165.48 0.0883 678.3
0 22 18 101.22 0.0622 671.8
0 22 23 82.40 0.0564 835.5
0 22 20 156.38 0.0314 98.3
0 22 24 118.78 0.0350 232.8
0 22 18 433.67 0.1008 806.7
0 22 42 108.00 0.0551 809.9
0 22 24 49.99 0.0861 133.4
0 22 34 65.52 0.0919 517.2
0 22 25 106.52 0.0630 185.5
0 22 44 100.96 0.0459 562.5
0 22 16 60.66 0.0828 151.2
0 22 15 46.67 0.0935 365.3
0 22 18 60.22 0.1099 933.3
0 22 16 45.60 0.1141 106.7
0 22 44 201.57 0.0459 107.1
0 22 23 51.30 0.0985 346.9
0 22 33 51.48 0.1220 181.4
0 22 32 181.13 0.0575 823.8
0 22 38 67.39 0.1140 199.6
0 22 16 124.91 0.1208 483.2
0 22 29 182.83 0.0272 480.7
0 22 20 424.00 0.0662 203.7
0 22 41 58.12 0.0983 240.3
0 22 20 151.47 0.0930 696.3
0 22 29 67.78 0.0756 532.8
0 22 31 194.70 0.0700 671.7
0 22 31 54.92 0.0841 64.3
0 22 44 81.06 0.0746 162.7
0 22 26 73.58 0.0704 222.0
0 22 47 220.13 0.0602 783.5
0 22 19 98.38 0.0542 135.0
0 22 27 89.51 0.0672 336.0
0 22 15 109.22 0.0662 780.0
0 22 25 84.41 0.0638 198.8
0 22 28 82.24 0.0413 215.3
0 22 18 133.81 0.0666 456.1
0 22 36 132.85 0.0697 167.8
0 22 37 54.89 0.0775 560.8
0 22 37 136.94 0.0498 790.1
0 22 34 68.12 0.0471 356.6
0 22 27 86.86 0.0562 888.1
0 22 21 252.68 0.0428 520.4
0 22 22 237.49 0.0657 919.3
0 22 25 92.52 0.0648 231.3
0 22 34 84.17 0.0459 917.7
0 22 40 129.17 0.0556 554.6
0 22 19 58.27 0.0723 508.2
0 22 28 225.55 0.0328 179.6
0 22 36 109.93 0.0459 539.6
0 22 36 70.02 0.0929 139.8
0 22 18 228.84 0.0397 752.0
0 22 39 107.62 0.0605 240.7
0 22 14 66.88 0.1112 895.4
0 22 40 86.45 0.0702 509.1
0 22 44 88.58 0.0944 935.7
0 22 36 333.43 0.0467 655.9
0 22 19 150.37 0.0647 669.8
0 22 17 68.04 0.0439 516.2
0 22 20 67.87 0.0505 824.3
0 22 13 69.51 0.1361 799.8
0 22 42 95.03 0.0635 118.5
0 22 18 62.80 0.0338 591.7
0 22 16 100.21 0.0319 821.2
0 22 19 64.68 0.0903 92.4
0 22 37 64.07 0.0748 205.2
0 22 42 83.75 0.0563 837.8
0 22 46 239.07 0.0351 145.2
0 22 14 186.92 0.1205 766.6
0 22 22 64.09 0.1278 558.5
0 22 21 262.35 0.1191 604.0
0 22 35 88.82 0.0773 625.1
0 22 25 120.38 0.0524 698.2
0 22 21 79.39 0.1096 710.3
0 22 25 50.71 0.1325 870.5
0 22 40 222.07 0.0433 226.0
0 22 35 150.47 0.0532 692.7
0 22 17 67.01 0.0903 30.6
0 22 37 66.38 0.0754 534.2
0 22 22 74.32 0.0826 718.8
0 22 40 84.70 0.0781 238.3
0 22 19 66.50 0.0390 699.5
0 22 23 103.81 0.1135 614.5
0 22 31 61.35 0.1051 508.3
0 22 36 74.27 0.0757 104.5
0 22 14 67.31 0.0220 790.5
0 22 19 52.87 0.0757 561.3
0 22 18 87.57 0.0610 557.2
0 22 38 174.95 0.0475 782.7
0 22 14 404.26 0.0377 307.7
0 22 20 143.50 0.0465 330.2
0 22 32 45.30 0.1004 147.2
0 22 15 155.84 0.0582 101.3
0 22 20 184.90 0.0909 546.8
0 22 23 251.22 0.0431 620.0
0 22 19 56.98 0.0789 795.0
0 22 15 86.54 0.0476 202.9
0 22 21 68.47 0.0947 32.7
0 22 25 66.95 0.0774 281.7
0 22 18 328.42 0.0750 114.6
0 22 19 51.87 0.0757 59.0
0 22 20 134.90 0.0317 109.0
0 22 13 54.98 0.0367 184.7
0 22 18 107.27 0.0606 116.8
0 22 35 178.15 0.0559 221.1
0 22 22 65.42 0.0407 265.3
0 22 28 59.38 0.0989 674.5
0 22 15 53.07 0.0183 784.0
0 22 19 60.48 0.0857 541.3
0 22 23 57.60 0.0884 83.3
0 24 31 88.57 0.0914 661.3
0 24 42 109.28 0.0597 537.3
0 24 38 91.01 0.0425 457.4
0 24 33 114.82 0.0486 773.7
0 24 23 75.55 0.0792 429.8
0 24 27 113.89 0.1056 513.1
0 24 17 55.63 0.0931 378.1
0 24 30 53.31 0.1038 671.3
0 24 27 150.27 0.0706 596.6
0 24 28 52.16 0.0403 705.1
0 24 32 261.93 0.0448 852.6
0 24 42 102.46 0.0643 372.6
0 24 41 424.93 0.0441 430.1
0 24 22 139.25 0.0533 110.5
0 24 28 89.82 0.0500 616.8
0 24 29 121.31 0.0425 614.8
0 24 16 126.81 0.0243 287.2
0 24 18 488.70 0.0343 552.4
0 24 36 131.15 0.0479 764.2
0 24 30 83.80 0.0474 531.0
0 24 16 80.77 0.0315 383.7
0 24 14 166.35 0.0642 956.7
0 24 22 46.08 0.0640 76.7
0 24 28 117.89 0.0420 673.9
0 24 17 95.91 0.0866 381.2
0 24 33 84.96 0.0496 589.8
0 24 30 106.45 0.0582 859.2
0 24 29 93.81 0.0546 753.9
0 24 29 174.89 0.0638 604.1
0 24 15 77.76 0.0504 526.0
0 24 16 66.51 0.0176 804.6
0 24 16 79.29 0.0163 539.3
0 24 20 187.48 0.0323 941.5
0 24 37 283.59 0.0562 666.5
0 24 34 556.36 0.0716 361.3
0 24 43 187.26 0.0574 175.7
0 24 24 52.47 0.1035 452.3
0 24 23 58.17 0.1045 786.9
0 24 41 229.61 0.0623 329.8
0 24 35 112.12 0.0559 721.9
0 24 17 49.20 0.0622 561.9
0 24 27 147.09 0.0675 665.3
0 24 43 186.13 0.0631 597.5
0 24 26 75.67 0.0595 530.3
0 24 20 94.69 0.0654 592.5
0 24 32 70.13 0.0901 484.2
0 24 27 253.89 0.0353 534.7
0 24 34 152.17 0.0812 710.8
0 24 39 96.47 0.0491 209.7
0 24 41 81.91 0.0702 299.1
0 24 32 51.03 0.1135 554.2
0 24 31 91.59 0.0714 216.4
0 24 36 88.64 0.0927 822.3
0 24 40 49.84 0.0918 287.2
0 24 47 94.32 0.0505 766.6
0 24 32 80.20 0.0672 485.3
0 24 20 166.60 0.0464 864.6
0 24 19 67.72 0.1322 504.3
0 24 19 121.36 0.0395 198.8
0 24 25 69.39 0.0704 72.9
0 24 25 87.20 0.0341 801.2
0 24 25 133.37 0.0850 429.7
0 24 38 147.52 0.0490 925.3
0 24 35 114.59 0.0556 638.2
0 24 15 91.40 0.0719 925.3
0 24 27 51.80 0.0417 656.8
0 24 14 60.44 0.0443 604.3
0 24 36 69.94 0.0832 788.0
0 24 16 93.15 0.0587 582.9
0 24 25 110.24 0.0729 488.2
0 24 27 163.01 0.0676 484.2
0 24 21 167.25 0.0412 905.3
0 24 37 67.99 0.0903 701.8
0 24 25 119.80 0.0870 465.2
0 24 19 97.90 0.0844 907.7
0 24 18 95.42 0.0455 916.2
0 24 20 66.47 0.0332 472.6
0 24 20 66.43 0.1098 393.1
0 24 14 53.40 0.0980 857.3
0 24 35 100.26 0.0514 723.7
0 24 38 355.05 0.0512 156.0
0 24 32 94.19 0.0735 537.3
0 24 19 88.49 0.0457 192.7
0 24 31 90.65 0.0565 917.8
0 24 33 175.10 0.0554 231.6
0 24 28 241.24 0.0418 643.4
0 24 41 106.75 0.0419 474.1
0 24 16 61.52 0.0426 812.3
0 24 14 49.87 0.1028 572.9
0 24 35 66.49 0.0787 60.9
0 24 21 233.76 0.0630 832.9
0 24 30 115.22 0.0418 400.6
0 24 41 95.36 0.0837 431.5
0 24 25 103.04 0.0758 675.6
0 24 34 78.25 0.0513 766.5
0 24 20 124.07 0.0965 758.3
0 24 19 51.21 0.1004 783.7
0 24 35 118.97 0.0480 86.7
0 24 17 50.58 0.1299 562.4
0 24 29 56.85 0.1137 589.1
0 24 18 72.01 0.0777 596.7
0 24 22 123.98 0.0951 773.2
0 24 15 226.14 0.1051 713.7
0 24 36 114.16 0.0482 601.2
0 24 41 156.74 0.0577 766.9
0 24 27 68.94 0.0938 636.3
0 24 15 56.66 0.0516 786.6
0 24 26 75.94 0.0496 104.5
0 24 29 57.03 0.0687 373.3
0 24 43 56.66 0.0824 928.6
0 24 17 92.65 0.0478 813.8
0 24 20 116.42 0.1177 655.9
0 24 18 69.72 0.0848 817.5
0 24 14 49.87 0.1131 885.5
0 24 19 93.67 0.1045 480.0
0 24 40 157.27 0.0430 540.6
0 24 37 90.16 0.0803 602.6
0 24 22 63.59 0.0702 951.7
0 24 35 113.01 0.0708 631.6
0 24 43 156.15 0.0447 536.8
0 24 18 76.01 0.0625 897.9
0 24 41 117.31 0.0666 814.1
0 24 28 132.79 0.0371 97.2
0 24 38 55.17 0.0710 886.1
0 24 36 110.34 0.0714 531.7
0 24 32 83.14 0.0890 637.9
0 24 41 267.86 0.0668 666.1
0 24 28 52.24 0.1105 836.9
0 24 29 77.49 0.0490 48.1
0 24 18 72.98 0.0435 46.1
0 24 33 61.33 0.0908 179.7
0 24 18 60.40 0.1341 820.3
0 24 18 60.71 0.0706 899.0
0 24 15 64.60 0.0738 528.4
0 24 32 46.13 0.0801 454.1
0 24 26 90.69 0.0620 482.4
0 24 27 57.18 0.0909 880.7
0 24 16 198.46 0.0778 876.7
0 24 13 46.91 0.0956 522.0
0 24 19 53.66 0.1349 774.8
0 24 44 165.24 0.0590 516.8
0 24 19 95.83 0.0778 360.0
0 24 21 58.25 0.0397 494.1
0 24 28 259.93 0.0434 306.3
0 24 23 121.04 0.0348 943.6
0 24 24 53.47 0.1071 548.7
0 24 14 152.52 0.1119 769.0
0 24 38 104.38 0.0485 454.3
0 24 41 120.17 0.0636 437.8
0 24 22 55.81 0.0766 690.4
0 24 14 185.80 0.0490 731.1
0 24 25 135.69 0.0473 353.8
0 24 34 94.62 0.0808 840.6
0 24 27 63.31 0.1279 552.3
0 24 39 61.71 0.1016 757.0
0 24 33 383.39 0.0595 721.5
0 24 15 61.49 0.0948 551.1
0 24 31 97.04 0.0705 848.4
0 24 37 127.73 0.0476 430.5
0 24 27 53.82 0.1087 154.8
0 24 20 72.83 0.0680 521.3
0 24 17 177.69 0.0896 814.3
0 24 42 194.63 0.0613 728.2
0 24 14 58.15 0.1011 103.7
0 24 27 83.68 0.0789 177.6
0 24 44 82.84 0.0617 96.3
0 24 30 68.09 0.0834 236.9
0 24 40 63.84 0.0962 318.0
0 24 22 1323.33 0.0499 507.3
0 24 24 81.92 0.0644 460.4
0 24 29 64.09 0.0745 236.2
0 24 34 114.15 0.0564 841.3
0 24 20 189.80 0.0484 359.8
0 24 39 83.94 0.0648 899.6
0 24 43 183.84 0.0679 641.7
0 24 30 107.81 0.0547 339.2
0 24 22 117.28 0.0505 50.1
0 24 37 58.53 0.0964 774.2
0 24 33 120.31 0.0685 735.0
0 24 30 66.10 0.0380 408.9
0 24 18 123.66 0.0406 444.3
0 24 36 61.89 0.1148 496.1
0 24 17 60.29 0.0771 730.3
0 24 16 59.08 0.0586 74.9
0 24 37 74.52 0.0818 550.3
0 24 33 121.46 0.0768 367.3
0 24 18 45.88 0.0688 916.4
0 24 14 138.33 0.0355 180.8
0 24 16 56.31 0.0477 915.8
0 24 15 48.40 0.1303 72.4
0 24 16 111.07 0.0252 682.3
0 24 27 96.71 0.0292 9.1
0 24 15 55.97 0.1267 591.3
0 24 30 450.69 0.0451 830.6
0 24 34 55.67 0.1105 302.3
0 24 15 72.93 0.0341 493.2
0 24 20 96.00 0.0669 380.9
0 24 15 92.31 0.1482 419.3
0 24 15 84.05 0.0638 731.9
0 24 17 92.63 0.1211 467.2
0 24 15 49.81 0.0603 198.4
0 24 24 426.64 0.0772 359.5
0 24 30 334.66 0.0639 844.2
0 24 28 145.39 0.0916 765.1
0 24 34 666.69 0.0480 712.6
0 24 37 470.16 0.0365 318.3
0 24 16 51.11 0.0833 195.5
0 24 18 117.65 0.0445 736.3
0 24 15 148.25 0.0662 898.3
0 24 18 109.36 0.0284 181.5
0 24 15 50.23 0.0463 651.4
0 24 19 156.68 0.0545 707.7
0 24 26 172.09 0.0483 327.6
0 24 15 52.34 0.0884 522.3
0 24 16 53.43 0.0359 625.3
0 24 39 56.28 0.0933 704.3
0 24 15 60.14 0.0425 529.3
0 24 30 68.56 0.0771 155.0
0 24 36 53.62 0.0780 740.2
0 24 18 133.43 0.0483 459.2
0 25 21 60.39 0.1055 918.9
0 25 32 108.74 0.0975 139.1
0 25 41 170.78 0.0620 258.2
0 25 27 74.15 0.0688 948.4
0 25 45 143.62 0.0660 40.1
0 25 36 160.13 0.0352 470.1
0 25 28 67.60 0.0840 210.4
0 25 25 75.52 0.1005 241.3
0 25 27 87.85 0.0375 165.5
0 25 30 223.51 0.1064 745.3
0 25 18 124.17 0.0533 784.2
0 25 19 70.10 0.0535 909.2
0 25 32 73.62 0.0857 738.0
0 25 23 77.32 0.0825 314.8
0 25 19 229.61 0.0836 946.6
0 25 26 68.57 0.1037 223.1
0 25 17 149.47 0.0587 141.0
0 25 16 120.26 0.1508 527.5
0 25 31 73.19 0.0472 418.7
0 25 40 61.70 0.0968 792.0
0 25 39 181.64 0.0359 612.9
0 25 34 73.76 0.0805 756.3
0 25 33 75.53 0.0846 316.8
0 25 23 84.78 0.0788 892.9
0 25 36 126.87 0.0409 599.1
0 25 37 167.20 0.0408 853.3
0 25 47 285.43 0.0558 737.8
0 25 25 150.38 0.0235 643.4
0 25 19 137.91 0.0306 509.9
0 25 29 134.08 0.0621 234.3
0 25 45 82.96 0.0567 725.1
0 25 21 54.33 0.0721 888.0
0 25 41 67.83 0.1014 284.0
0 25 41 83.33 0.0606 930.8
0 25 29 79.68 0.1052 381.8
0 25 32 74.92 0.0600 514.4
0 25 37 59.45 0.0811 269.0
0 25 13 55.72 0.1686 230.3
0 25 17 85.45 0.1232 434.3
0 25 28 57.43 0.1030 294.2
0 25 28 175.11 0.0544 658.4
0 25 31 68.12 0.0754 745.5
0 25 29 84.46 0.0808 217.8
0 25 24 78.98 0.0615 415.1
0 25 29 55.11 0.0809 916.1
0 25 25 132.03 0.0404 756.6
0 25 28 99.04 0.0735 850.1
0 25 34 98.92 0.0569 265.3
0 25 22 55.82 0.0895 140.2
0 25 31 86.30 0.0621 511.0
0 25 20 57.45 0.0943 530.8
0 25 39 67.40 0.1207 231.7
0 25 43 363.98 0.0578 747.6
0 25 22 86.83 0.0747 184.7
0 25 29 77.18 0.0703 458.7
0 25 36 59.25 0.0815 411.8
0 25 17 86.50 0.0703 158.8
0 25 31 544.34 0.0496 217.0
0 25 41 172.14 0.0708 515.9
0 25 43 209.48 0.0481 127.1
0 25 16 71.35 0.1356 898.6
0 25 15 66.89 0.1524 758.9
0 25 34 90.46 0.0655 861.8
0 25 27 96.32 0.0350 50.0
0 25 22 63.61 0.0852 894.0
0 25 28 77.77 0.0554 760.6
0 25 28 109.27 0.0269 227.8
0 25 34 232.39 0.0538 726.8
0 25 14 48.73 0.1383 831.8
0 25 17 97.97 0.1274 819.3
0 25 35 57.55 0.0994 473.3
0 25 36 79.54 0.0688 735.5
0 25 29 64.46 0.0659 301.8
0 25 23 1303.92 0.1067 146.1
0 25 35 133.55 0.0966 804.7
0 25 16 266.55 0.0835 21.7
0 25 26 80.01 0.0303 59.2
0 25 41 282.76 0.0694 501.3
0 25 14 171.57 0.1293 207.3
0 25 22 118.30 0.0217 36.9
0 25 28 62.94 0.1078 641.9
0 25 34 214.13 0.0383 456.0
0 25 15 48.30 0.1318 826.5
0 25 23 53.49 0.0355 845.7
0 25 21 158.02 0.0836 883.1
0 25 29 72.30 0.1073 426.5
0 25 36 48.07 0.0947 249.9
0 25 17 398.23 0.1105 825.6
0 25 17 106.41 0.0953 81.0
0 25 19 64.34 0.0625 464.6
0 25 21 50.51 0.0977 371.4
0 25 45 104.55 0.0645 807.0
0 25 27 202.78 0.0408 824.0
0 25 39 56.87 0.0865 904.2
0 25 23 214.20 0.0324 646.1
0 25 47 233.32 0.0652 371.5
0 25 21 65.84 0.0578 733.7
0 25 39 237.51 0.0649 267.5
0 25 34 63.80 0.0862 61.0
0 25 24 58.32 0.0742 308.7
0 25 34 96.51 0.0567 699.7
0 25 26 124.62 0.0560 115.2
0 25 44 67.62 0.0696 505.2
0 25 17 128.49 0.0484 181.8
0 25 35 95.68 0.0740 443.4
0 25 20 57.02 0.1131 621.1
0 25 39 205.04 0.0532 855.5
0 25 41 180.73 0.0516 249.2
0 25 35 68.44 0.0922 790.5
0 25 45 68.14 0.0767 572.8
0 25 19 59.06 0.1286 793.3
0 25 38 61.08 0.0796 293.1
0 25 13 75.88 0.1108 180.1
0 25 25 79.67 0.0954 563.9
0 25 16 130.91 0.1134 231.5
0 25 30 56.51 0.0650 329.3
0 25 24 75.17 0.1437 186.0
0 25 17 64.26 0.0268 908.6
0 25 23 419.29 0.0377 833.9
0 25 24 64.32 0.1062 754.7
0 25 30 79.53 0.0594 637.4
0 25 15 93.48 0.1117 467.3
0 25 20 382.22 0.0691 605.7
0 25 15 80.75 0.0739 201.7
0 25 40 83.86 0.0543 43.9
0 25 20 107.75 0.0527 35.0
0 25 16 57.86 0.0282 702.1
0 25 37 122.80 0.0488 759.5
0 25 15 83.31 0.1328 870.3
0 25 21 51.90 0.0674 641.0
0 25 36 74.39 0.0765 490.9
0 25 23 47.48 0.0768 237.2
0 25 16 53.55 0.0874 587.3
0 25 27 127.77 0.0678 755.2
0 25 17 269.93 0.0678 887.8
0 25 28 48.16 0.0976 466.7
0 25 29 63.73 0.0990 916.2
0 25 15 48.62 0.1185 764.9
0 25 22 96.16 0.1098 858.9
0 25 17 50.84 0.1470 197.9
0 25 36 249.32 0.0494 240.6
0 25 31 83.40 0.0351 638.9
0 25 24 166.50 0.0566 447.0
0 25 35 116.18 0.0646 532.1
0 25 21 337.46 0.0494 814.2
0 25 13 58.03 0.1184 823.4
0 25 20 57.25 0.0971 438.5
0 25 16 59.54 0.1330 147.7
0 25 23 71.57 0.1075 851.0
0 25 30 52.46 0.1195 472.5
0 25 28 53.18 0.1283 604.9
0 25 16 66.84 0.0212 569.8
0 25 40 554.69 0.0449 376.3
0 25 32 77.57 0.0533 872.9
0 25 24 61.02 0.0705 277.8
0 25 15 263.33 0.0398 946.5
0 25 18 46.73 0.1275 381.3
0 25 13 68.42 0.1388 148.0
0 25 22 62.36 0.1115 256.4
0 25 19 120.54 0.0587 606.7
0 25 34 107.71 0.0597 468.2
0 26 14 611.22 0.0222 82.0
0 26 29 225.48 0.0469 808.1
0 26 14 70.46 0.0321 648.5
0 26 18 1425.41 0.0273 604.4
0 26 16 457.30 0.1255 537.2
0 26 30 353.57 0.0596 164.0
0 26 15 84.42 0.0766 363.4
0 26 14 82.57 0.0643 523.0
0 26 18 139.72 0.0472 520.6
0 26 16 98.58 0.0943 687.5
0 26 29 90.03 0.0592 246.3
0 26 36 98.01 0.0698 179.9
0 26 31 78.86 0.0858 618.7
0 26 20 68.86 0.0854 724.3
0 26 16 56.41 0.1377 89.7
0 26 16 50.64 0.0565 543.1
0 26 13 159.00 0.1322 115.9
0 26 24 62.43 0.1124 615.8
0 26 23 87.75 0.0459 784.7
0 26 29 114.74 0.0380 559.3
0 26 30 158.65 0.0563 84.5
0 26 16 164.35 0.0262 8.8
0 26 20 101.50 0.0729 634.8
0 26 20 136.84 0.0398 743.6
0 26 31 227.64 0.0392 171.2
0 26 20 53.81 0.0643 138.7
0 26 31 96.26 0.0560 687.1
0 26 23 47.45 0.0805 56.4
0 26 14 235.67 0.0829 447.4
0 26 22 59.14 0.0425 274.1
0 26 28 67.72 0.0766 162.6
0 26 19 106.16 0.0719 10.4
0 26 14 59.71 0.0778 592.4
0 26 29 107.64 0.0555 671.5
0 26 20 66.16 0.0438 647.8
0 26 16 179.34 0.0236 42.5
0 26 15 263.67 0.0900 687.9
0 26 16 107.20 0.0228 604.2
0 26 15 79.41 0.0286 793.2
0 26 14 100.68 0.0172 99.3
0 26 15 433.97 0.0273 62.8
0 26 16 53.56 0.0296 706.7
0 26 16 206.24 0.0101 436.8
0 26 26 125.76 0.0541 776.4
0 26 15 106.97 0.0335 316.6
0 26 20 89.61 0.0340 815.2
0 26 16 192.62 0.0244 674.6
0 26 20 71.98 0.1090 799.4
0 26 14 60.02 0.0246 951.2
0 26 14 54.18 0.1036 564.0
0 26 19 45.13 0.1296 660.7
0 26 13 186.76 0.0258 549.9
0 26 34 67.40 0.0945 654.9
0 26 16 108.17 0.0324 65.2
0 26 13 76.14 0.0772 182.7
0 27 26 45.14 0.0963 855.3
0 27 30 69.21 0.0550 332.1
0 27 30 169.60 0.0402 929.7
0 27 17 126.33 0.0240 49.4
0 27 14 52.84 0.0890 375.5
0 27 27 52.24 0.0943 107.3
0 27 24 95.89 0.0967 728.8
0 27 16 53.51 0.0617 567.7
0 27 24 88.18 0.0809 148.5
0 27 27 92.42 0.0618 68.2
0 27 19 65.25 0.0591 736.7
0 27 24 167.35 0.0612 698.0
0 27 17 57.12 0.0440 610.1
0 27 22 250.97 0.0667 729.0
0 27 31 88.42 0.0358 125.4
0 27 20 49.41 0.0959 371.7
0 27 16 235.02 0.0672 621.4
0 27 27 51.57 0.0754 697.1
0 27 22 99.44 0.0365 927.8
0 27 29 153.07 0.0609 170.3
0 27 16 71.53 0.0300 516.2
0 27 23 69.18 0.0456 172.8
0 27 24 125.92 0.0907 69.3
0 27 14 222.97 0.0279 253.4
0 27 13 75.32 0.1354 371.5
0 27 33 76.93 0.0883 141.8
0 27 14 431.66 0.0704 264.9
0 27 17 51.57 0.1196 99.7
0 27 30 48.35 0.1140 615.9
0 27 18 45.52 0.1168 79.4
0 27 17 46.52 0.1315 591.7
0 27 17 54.93 0.0998 399.1
0 27 18 54.22 0.0677 783.3
0 27 36 130.71 0.0647 118.3
0 27 20 56.93 0.0816 604.3
0 27 18 46.36 0.1320 581.9
0 27 24 140.77 0.1022 629.7
0 27 39 228.07 0.0621 765.9
0 27 22 77.87 0.1038 128.7
0 27 18 97.62 0.1544 604.2
0 27 22 103.43 0.0891 590.7
0 27 36 137.99 0.0440 707.7
0 27 18 80.36 0.1211 235.7
0 27 24 137.87 0.0590 661.1
0 27 26 109.69 0.0688 492.3
0 27 21 61.18 0.1262 73.6
0 27 33 232.36 0.0334 795.9
0 27 27 1626.96 0.0818 79.3
0 27 32 248.26 0.0388 663.7
0 27 29 110.84 0.0631 163.5
0 27 34 172.83 0.0467 314.8
0 27 35 76.72 0.0936 806.7
0 27 22 48.12 0.0669 631.5
0 27 16 103.87 0.0422 59.5
0 27 30 123.44 0.0678 163.8
0 27 28 89.95 0.0502 613.9
0 27 38 59.82 0.1012 700.3
0 27 22 68.15 0.0533 803.1
0 27 38 254.23 0.0423 46.7
0 27 39 71.73 0.0859 778.5
0 27 40 100.34 0.0511 828.4
0 27 30 48.25 0.0791 143.8
0 27 44 140.35 0.0357 720.4
0 27 37 122.95 0.0936 153.8
0 27 35 65.85 0.1128 678.9
0 27 23 263.43 0.0421 47.4
0 27 25 65.01 0.0863 239.5
0 27 22 80.63 0.0433 647.8
0 27 19 195.73 0.0480 534.1
0 27 33 135.75 0.0706 748.6
0 27 13 79.44 0.1200 518.7
0 27 46 92.57 0.0738 561.3
0 27 40 62.41 0.0943 583.7
0 27 33 69.45 0.0998 783.4
0 27 16 64.86 0.0198 272.7
0 27 29 47.31 0.0842 761.5
0 27 19 105.11 0.0655 605.3
0 27 24 72.19 0.0788 628.7
0 27 17 48.91 0.0415 827.2
0 27 17 381.77 0.0702 821.3
0 27 39 174.86 0.0504 808.1
0 27 33 80.66 0.0638 887.9
0 27 26 103.60 0.0631 696.3
0 27 20 46.16 0.1031 76.8
0 27 25 88.49 0.0819 786.9
0 27 20 51.09 0.1532 596.7
0 27 13 56.06 0.1560 620.7
0 27 19 225.64 0.0313 889.2
0 27 22 92.82 0.0466 191.7
0 27 24 71.98 0.0402 435.2
0 27 15 80.98 0.1298 860.2
0 29 23 73.31 0.0525 474.8
0 29 33 59.84 0.0521 268.4
0 29 40 58.89 0.0874 239.5
0 29 22 58.94 0.0526 21.9
0 29 45 473.97 0.0814 159.1
0 29 27 49.72 0.0942 947.7
0 29 31 47.43 0.1234 910.3
0 29 19 65.14 0.1314 129.7
0 29 24 65.88 0.0843 816.0
0 29 40 110.37 0.0798 212.3
0 29 33 67.92 0.0837 582.3
0 29 27 81.80 0.1127 593.4
0 29 21 47.01 0.1137 309.0
0 29 27 104.25 0.0564 618.3
0 29 16 50.01 0.0487 404.1
0 29 42 119.49 0.0386 409.4
0 29 23 66.26 0.0719 322.5
0 29 41 106.14 0.0571 659.7
0 29 40 107.80 0.0810 887.9
0 29 39 123.73 0.0770 784.3
0 29 32 250.77 0.0631 345.0
0 29 28 195.97 0.0492 912.9
0 29 29 108.49 0.0562 928.5
0 29 18 105.51 0.1003 124.1
0 29 29 70.32 0.0767 317.6
0 29 18 56.58 0.1210 177.4
0 29 30 98.71 0.1027 726.7
0 29 43 67.09 0.0989 129.5
0 29 23 635.76 0.0297 838.2
0 29 18 95.09 0.0493 73.9
0 29 31 58.69 0.0830 766.0
0 29 29 56.91 0.1099 935.3
0 29 15 46.03 0.1391 152.6
0 29 23 134.38 0.0618 154.3
0 29 39 120.39 0.0569 74.8
0 29 35 375.19 0.0460 182.3
0 29 31 219.93 0.0382 428.7
0 29 35 318.85 0.0578 121.0
0 29 18 63.59 0.1146 948.7
0 29 25 47.99 0.0923 842.7
0 29 26 302.22 0.0319 103.4
0 29 31 426.52 0.0319 602.1
0 29 39 139.45 0.0601 908.1
0 29 31 374.55 0.0494 195.2
0 29 16 156.62 0.0276 572.2
0 29 37 317.53 0.0622 939.3
0 29 31 54.23 0.0593 111.5
0 29 26 45.60 0.1255 318.8
0 29 30 52.23 0.1096 103.8
0 29 19 92.76 0.0495 209.0
0 29 29 1236.58 0.1051 836.3
0 29 20 54.27 0.0822 771.7
0 29 36 127.52 0.0553 434.6
0 29 25 123.50 0.0465 304.3
0 29 25 75.84 0.0895 802.7
0 29 16 83.32 0.0181 394.1
0 29 21 119.51 0.0574 692.4
0 29 28 82.13 0.0723 934.4
0 29 16 52.44 0.0787 504.2
0 29 31 152.90 0.0487 898.7
0 29 16 69.69 0.0347 752.7
0 29 35 161.58 0.0468 135.3
0 29 23 145.30 0.0355 861.5
0 29 29 63.73 0.0897 428.5
0 29 17 187.24 0.0302 847.2
0 29 20 56.02 0.0442 232.8
0 29 16 57.72 0.0325 515.0
0 29 33 121.44 0.0365 112.0
0 29 30 114.62 0.0617 885.5
0 29 36 49.10 0.1066 301.0
0 29 26 55.58 0.0786 95.3
0 29 18 65.86 0.0620 240.7
0 29 23 89.05 0.0687 212.9
0 29 15 103.21 0.0554 649.5
0 29 24 608.20 0.0455 741.3
0 29 41 141.19 0.0552 165.9
0 29 32 150.87 0.0294 180.9
0 29 32 75.31 0.0809 870.5
0 29 38 80.08 0.0820 246.5
0 29 44 94.18 0.0441 879.7
0 29 35 52.04 0.0943 227.9
0 29 25 57.12 0.0522 41.3
0 29 24 63.20 0.0680 938.6
0 29 28 108.93 0.0649 916.7
0 29 25 99.25 0.0436 537.7
0 29 33 51.66 0.0893 82.3
0 29 34 54.39 0.0763 434.0
0 29 26 113.61 0.0650 446.2
0 29 22 86.13 0.0294 622.0
0 29 17 79.82 0.1167 226.5
0 29 17 1094.21 0.0256 204.1
0 29 19 66.34 0.0500 578.5
0 29 19 49.23 0.0581 59.8
0 29 20 48.49 0.1323 89.2
0 29 34 66.18 0.0743 83.2
0 29 21 91.27 0.0313 673.9
0 29 19 61.70 0.0397 81.2
0 29 15 138.44 0.0502 619.8
0 29 26 112.12 0.0751 310.0
0 29 25 94.21 0.0572 855.9
0 29 22 172.10 0.0277 77.7
0 29 29 448.58 0.0440 282.3
0 29 33 57.43 0.0962 148.3
0 29 23 72.69 0.0534 799.9
0 29 21 163.41 0.0719 216.8
0 29 23 59.23 0.0763 953.8
0 29 19 105.78 0.0203 286.8
0 29 24 86.71 0.0209 332.5
0 29 20 54.42 0.0762 78.8
0 29 24 96.89 0.0932 226.9
0 29 28 59.08 0.0843 198.6
0 29 17 123.46 0.0683 129.9
0 29 24 47.02 0.1172 868.3
0 29 31 72.05 0.0754 623.6
0 29 31 77.52 0.0752 482.2
0 29 40 51.73 0.0623 263.5
0 29 31 458.61 0.0377 424.9
0 29 27 84.26 0.0746 526.9
0 29 40 144.21 0.0518 509.8
0 29 18 104.16 0.0252 743.0
0 29 26 47.89 0.1136 833.5
0 29 30 65.18 0.0776 880.4
0 29 31 110.55 0.0735 181.3
0 29 28 72.51 0.0945 930.2
0 29 19 50.30 0.1437 264.9
0 29 28 126.10 0.0402 188.1
0 29 13 65.60 0.0849 536.9
0 29 20 125.56 0.0520 158.9
0 29 23 103.83 0.0561 599.0
0 29 35 165.97 0.0684 836.7
0 29 44 201.78 0.0611 520.3
0 29 38 145.81 0.0803 599.5
0 29 27 143.40 0.0366 835.6
0 29 37 101.39 0.0712 868.9
0 29 27 56.02 0.0576 826.2
0 29 43 50.43 0.0845 215.8
0 29 29 76.10 0.0917 31.3
0 29 21 91.44 0.1531 552.9
0 29 23 63.12 0.0587 954.8
0 29 31 66.38 0.0904 198.0
0 29 22 55.20 0.0628 511.0
0 29 29 338.80 0.0387 465.3
0 29 31 164.80 0.0431 917.7
0 29 36 398.98 0.0480 237.1
0 29 16 71.23 0.1001 935.6
0 29 24 137.09 0.0911 768.8
0 29 32 93.73 0.0388 491.1
0 29 24 62.49 0.1133 475.8
0 29 19 65.55 0.0902 152.6
0 29 48 151.37 0.0559 521.6
0 29 43 225.66 0.0437 472.1
0 29 34 72.07 0.0615 280.8
0 29 32 133.63 0.0315 353.6
0 29 13 401.53 0.0911 926.4
0 29 34 493.56 0.0363 158.9
0 29 32 105.05 0.0561 851.9
0 29 31 92.27 0.0649 578.7
0 29 23 188.06 0.0383 654.3
0 29 20 194.78 0.0402 762.9
0 29 34 294.73 0.0434 558.6
0 29 32 87.41 0.0589 633.5
0 29 19 87.91 0.0793 83.3
0 29 27 60.10 0.1080 846.9
0 29 19 94.35 0.0368 713.0
0 29 26 55.63 0.1040 313.6
0 29 30 132.56 0.0513 208.5
0 29 14 84.31 0.1153 124.5
0 29 26 199.76 0.0451 413.4
0 29 17 203.65 0.0369 312.1
0 29 20 46.37 0.0945 819.1
0 29 15 291.34 0.1001 22.5
0 29 16 364.82 0.1063 147.9
0 29 33 270.40 0.0759 911.3
0 29 24 45.33 0.0868 939.8
0 29 24 63.31 0.0898 709.2
0 29 14 57.24 0.1074 128.3
0 29 29 75.90 0.0476 223.1
0 29 29 125.83 0.0558 465.0
0 29 44 158.31 0.0488 253.6
0 29 26 54.20 0.0396 303.7
0 29 26 91.86 0.0527 79.0
0 29 40 84.50 0.0654 272.0
0 29 30 81.26 0.0847 34.1
0 29 40 217.56 0.0596 819.8
0 29 31 284.82 0.0309 935.3
0 29 23 107.96 0.0604 24.4
0 29 21 147.20 0.0365 935.9
0 29 30 45.77 0.1153 122.4
0 29 30 314.50 0.0383 871.7
0 29 31 90.68 0.0910 769.3
0 29 46 136.87 0.0359 424.4
0 29 45 57.53 0.0954 140.3
0 29 36 109.37 0.0610 175.9
0 29 43 138.38 0.0716 896.0
0 29 29 93.04 0.0783 874.4
0 29 20 51.27 0.0646 851.5
0 29 42 129.09 0.0719 923.7
0 29 24 74.69 0.0821 100.2
0 29 24 65.30 0.0446 629.0
0 29 34 66.20 0.0747 483.3
0 29 44 103.21 0.0683 775.4
0 29 41 268.42 0.0547 324.6
0 29 42 138.97 0.0446 614.4
0 29 21 179.59 0.1134 916.8
0 29 17 73.63 0.1279 389.8
0 29 21 66.31 0.0674 101.6
0 29 39 94.60 0.0662 933.7
0 29 13 72.12 0.1054 887.3
0 29 26 108.81 0.0417 185.0
0 29 18 47.49 0.0948 856.2
0 29 13 505.05 0.1638 922.1
0 29 25 60.49 0.1081 935.6
0 29 32 49.15 0.0963 781.3
0 29 32 171.86 0.0590 469.9
0 29 39 234.89 0.0611 442.9
0 29 41 87.93 0.0560 687.0
0 29 35 92.25 0.0859 353.0
0 29 42 242.90 0.0490 582.7
0 29 19 1290.43 0.0295 204.1
0 29 38 85.00 0.0754 232.2
0 29 42 48.03 0.0905 580.8
0 29 15 45.76 0.1353 880.6
0 29 34 98.93 0.0631 207.7
0 29 18 63.52 0.0654 60.2
0 29 21 116.13 0.0667 952.1
0 29 20 1374.80 0.0266 28.5
0 29 20 92.99 0.0698 304.2
0 29 40 80.03 0.0894 225.5
0 29 16 58.79 0.0283 604.1
0 29 35 67.34 0.0591 726.5
0 29 25 233.21 0.0340 211.0
0 29 17 88.22 0.0287 77.6
0 29 21 77.07 0.0444 174.4
0 29 33 111.55 0.0555 428.1
0 29 17 61.91 0.1168 391.0
0 29 13 103.04 0.0922 266.0
0 29 33 113.01 0.0554 935.3
0 29 21 192.84 0.0305 164.9
0 29 14 456.28 0.0353 220.7
0 29 23 172.09 0.0422 96.8
0 29 30 69.67 0.0379 831.2
0 29 13 46.85 0.1014 150.5
0 29 20 288.94 0.0530 145.1
0 29 22 116.70 0.0894 94.7
0 29 31 50.43 0.0687 523.5
0 29 20 45.97 0.1465 281.0
0 29 39 58.51 0.0925 180.3
0 29 21 75.81 0.0806 330.5
0 29 16 90.71 0.0211 310.4
0 29 14 59.67 0.0902 49.2
0 29 21 323.14 0.0357 207.3
0 29 25 68.88 0.1166 222.1
0 29 27 115.61 0.0790 174.6
0 29 34 50.10 0.1183 146.4
0 29 16 45.19 0.0533 305.3
0 29 22 94.88 0.0512 74.1
0 29 43 145.14 0.0424 528.8
0 29 21 49.97 0.0983 870.1
0 29 18 55.14 0.0947 266.6
0 29 18 77.74 0.1146 796.3
0 29 32 45.91 0.0967 69.9
0 29 19 96.16 0.0508 801.6
0 29 16 190.69 0.0351 944.4
0 29 13 92.78 0.0441 526.5
0 29 31 222.46 0.0356 201.7
0 29 24 151.02 0.0558 503.2
0 29 14 153.64 0.1632 916.1
0 29 17 67.87 0.0472 142.9
0 29 22 141.16 0.0351 584.2
0 29 20 65.74 0.0549 299.5
0 29 16 162.85 0.0604 326.2
0 29 13 50.60 0.0927 176.8
0 29 30 79.90 0.1055 84.3
0 29 18 83.63 0.0561 703.8
0 29 16 194.83 0.0429 345.1
0 29 15 82.53 0.0943 700.5
0 29 18 212.64 0.0338 142.8
0 29 25 53.96 0.0348 211.2
0 29 21 132.19 0.0670 88.0
0 29 28 178.08 0.0597 180.4
0 29 17 323.55 0.0424 301.6
0 30 45 62.21 0.0887 284.6
0 30 46 174.38 0.0723 765.7
0 30 31 60.61 0.0723 851.6
0 30 48 231.52 0.0603 158.9
0 30 31 71.72 0.0632 453.1
0 30 24 48.73 0.1201 130.0
0 30 30 65.22 0.0449 800.3
0 30 20 116.00 0.0809 82.9
0 30 36 50.86 0.0666 624.4
0 30 15 46.02 0.0700 223.8
0 30 33 93.35 0.0892 853.8
0 30 33 216.29 0.0373 796.8
0 30 24 132.88 0.0387 296.9
0 30 24 68.42 0.0694 303.7
0 30 19 58.61 0.0748 900.3
0 30 27 71.51 0.1067 218.5
0 30 44 58.03 0.0715 569.6
0 30 16 81.13 0.0773 928.3
0 30 16 67.90 0.0466 41.6
0 30 13 175.99 0.0355 63.0
0 30 39 52.49 0.0821 588.6
0 30 18 60.77 0.1060 954.8
0 30 28 109.61 0.0477 393.8
0 30 17 111.27 0.0279 814.2
0 30 35 210.36 0.0536 88.8
0 30 25 68.36 0.0642 373.1
0 30 33 63.90 0.0793 556.7
0 30 18 68.74 0.0884 289.2
0 30 24 227.49 0.0302 860.6
0 30 24 45.84 0.0621 317.7
0 30 13 98.05 0.0754 913.4
0 30 31 190.99 0.0554 143.1
0 30 20 50.40 0.0362 330.7
0 30 25 53.00 0.1025 60.0
0 30 31 72.00 0.1102 113.0
0 30 13 45.49 0.0949 896.8
0 30 45 54.83 0.0773 572.1
0 30 16 59.05 0.0567 581.9
0 30 28 319.59 0.0684 935.6
0 30 35 145.78 0.0418 87.9
0 30 20 113.48 0.0439 445.1
0 30 45 94.90 0.0522 460.5
0 30 32 110.71 0.0694 283.8
0 30 29 107.59 0.0384 925.5
0 30 23 65.95 0.0709 784.0
0 30 17 59.98 0.0750 263.1
0 30 39 63.85 0.0885 405.7
0 30 29 124.81 0.0424 189.7
0 30 21 366.73 0.0377 58.8
0 30 21 57.09 0.0458 609.8
0 30 28 173.59 0.0577 509.4
0 30 16 127.50 0.0335 380.3
0 30 30 75.90 0.0897 456.7
0 30 35 64.80 0.0910 824.7
0 30 38 201.08 0.0570 656.7
0 30 44 114.81 0.0428 484.9
0 30 42 233.78 0.0769 731.6
0 30 40 373.65 0.0575 705.9
0 30 41 104.30 0.0697 193.2
0 30 28 121.94 0.0636 895.7
0 30 16 441.00 0.0248 668.8
0 30 23 55.94 0.0832 465.6
0 30 22 50.93 0.0760 227.5
0 30 24 91.21 0.0380 625.9
0 30 15 51.16 0.0889 332.7
0 30 20 74.56 0.0263 562.2
0 30 25 134.48 0.0597 118.2
0 30 21 177.23 0.0673 133.0
0 30 23 94.68 0.0853 76.3
0 30 23 204.21 0.0511 876.7
0 30 17 91.97 0.0905 909.0
0 30 17 296.72 0.1150 582.7
0 30 16 96.05 0.0224 104.3
0 30 21 64.19 0.0329 696.0
0 30 25 97.83 0.0395 187.6
0 30 41 92.49 0.0675 582.8
0 30 35 48.78 0.0950 373.8
0 30 32 47.52 0.1204 502.9
0 30 17 50.37 0.1398 389.0
0 30 44 258.31 0.0478 178.9
0 30 24 73.37 0.0797 108.8
0 30 23 46.38 0.0870 481.0
0 30 38 288.86 0.0324 603.0
0 30 14 59.30 0.0604 60.3
0 30 18 58.34 0.0993 491.9
0 30 34 101.28 0.0447 335.3
0 30 30 122.47 0.0531 906.8
0 30 39 114.76 0.0723 401.1
0 30 16 74.93 0.0403 445.9
0 30 20 241.72 0.0396 831.3
0 30 27 92.59 0.0587 21.5
0 30 36 74.40 0.0832 830.9
0 30 14 48.32 0.0863 32.3
0 30 20 73.46 0.0503 949.2
0 30 21 110.59 0.0930 194.6
0 30 31 59.33 0.0597 258.7
0 30 26 69.07 0.0943 778.0
0 30 22 131.68 0.1264 195.5
0 30 45 377.49 0.0301 524.3
0 30 40 122.14 0.0706 930.6
0 30 43 153.42 0.0714 686.5
0 30 41 93.63 0.0702 682.7
0 30 24 120.29 0.0513 832.8
0 30 28 60.21 0.0863 501.8
0 30 31 82.71 0.0933 750.7
0 30 30 142.17 0.0684 458.1
0 30 24 50.35 0.0846 920.7
0 30 37 99.92 0.0604 159.4
0 30 24 108.97 0.0419 291.8
0 30 17 54.89 0.0356 281.2
0 30 17 53.06 0.0986 721.3
0 30 22 127.01 0.0444 15.5
0 30 31 61.17 0.0790 620.8
0 30 33 101.91 0.0517 124.6
0 30 30 65.36 0.0713 52.0
0 30 15 52.74 0.1210 907.6
0 30 31 67.70 0.0924 245.0
0 30 16 89.52 0.0313 676.1
0 30 26 281.14 0.0391 20.1
0 30 35 91.76 0.0523 889.4
0 30 16 223.90 0.0279 380.2
0 30 21 114.19 0.0336 630.4
0 30 18 60.85 0.0275 308.4
0 30 18 62.27 0.0350 398.6
0 30 20 132.80 0.0329 675.8
0 30 37 146.69 0.0377 937.0
0 30 39 144.87 0.0351 503.9
0 30 40 154.32 0.0663 251.7
0 30 18 66.25 0.0335 661.9
0 30 39 72.43 0.0657 677.4
0 30 30 107.63 0.0917 655.5
0 30 19 136.78 0.0518 290.8
0 30 19 453.66 0.0409 915.0
0 30 14 135.01 0.0548 94.9
0 30 16 103.65 0.1117 591.8
0 30 19 58.70 0.0536 583.1
0 30 13 66.85 0.0548 110.8
0 30 14 197.37 0.0423 593.5
0 30 20 49.00 0.0686 702.6
0 30 36 92.11 0.0459 773.9
0 30 17 379.87 0.0275 18.8
0 30 15 65.84 0.0546 834.6
0 30 19 412.50 0.0515 427.5
0 30 26 441.63 0.0508 743.6
0 30 20 831.86 0.0374 861.4
0 30 24 207.88 0.0252 224.8
0 30 19 47.52 0.0745 273.7
0 30 13 85.20 0.0918 668.0
0 30 25 114.87 0.0493 843.6
0 31 17 66.85 0.1020 778.9
0 31 24 132.85 0.0426 876.9
0 31 40 128.79 0.0434 773.9
0 31 28 79.30 0.0520 44.0
0 31 35 95.55 0.0951 820.3
0 31 32 257.82 0.0313 330.0
0 31 28 140.08 0.0299 108.0
0 31 32 47.64 0.0844 207.1
0 31 17 108.68 0.0300 272.1
0 31 35 91.80 0.0580 223.2
0 31 35 2832.20 0.0424 423.6
0 31 14 60.07 0.0905 786.8
0 31 31 52.95 0.0763 769.6
0 31 35 61.51 0.0882 468.6
0 31 16 67.32 0.0162 27.7
0 31 16 155.11 0.0472 664.5
0 31 35 156.24 0.0503 785.0
0 31 41 131.12 0.0509 95.8
0 31 37 180.19 0.0477 440.6
0 31 15 93.76 0.0212 879.5
0 31 23 56.50 0.0412 911.9
0 31 22 89.55 0.0673 154.4
0 31 13 249.55 0.1332 237.0
0 31 43 144.03 0.0585 167.2
0 31 30 58.57 0.0989 677.1
0 31 17 67.09 0.0680 620.5
0 31 40 59.27 0.0618 799.9
0 31 34 132.37 0.0399 132.5
0 31 37 163.76 0.0416 477.0
0 31 22 137.61 0.0257 8.0
0 31 32 61.56 0.0770 88.5
0 31 33 62.62 0.1075 62.3
0 31 21 213.77 0.0397 777.1
0 31 30 92.66 0.0847 52.5
0 31 23 90.40 0.0580 425.3
0 31 16 57.42 0.0880 254.6
0 31 17 172.13 0.0479 430.8
0 31 25 78.53 0.0920 853.2
0 31 27 149.09 0.0815 118.4
0 31 14 58.39 0.0922 247.6
0 31 30 81.72 0.0616 96.7
0 31 21 46.53 0.0844 361.8
0 31 26 131.53 0.0772 924.2
0 31 27 169.48 0.0372 829.7
0 31 20 109.25 0.0712 39.6
0 31 24 203.95 0.0405 227.5
0 31 25 170.32 0.0544 261.5
0 31 29 155.10 0.0390 773.3
0 31 45 48.99 0.0830 887.2
0 31 16 63.27 0.0241 787.6
0 31 33 142.33 0.0559 444.8
0 31 20 63.62 0.0820 915.9
0 31 21 165.40 0.0521 858.2
0 31 32 60.67 0.0954 145.6
0 31 16 116.85 0.0320 817.8
0 31 30 301.81 0.0309 402.1
0 31 29 226.72 0.0577 100.6
0 31 38 193.24 0.0411 119.7
0 31 37 67.66 0.1008 231.4
0 31 15 78.29 0.0663 148.0
0 31 18 199.35 0.0296 347.6
0 31 17 94.62 0.1158 759.0
0 31 43 111.33 0.0561 439.4
0 31 21 100.74 0.0659 300.8
0 31 32 67.09 0.0799 82.6
0 31 39 83.22 0.0741 466.8
0 31 15 117.45 0.0425 738.9
0 31 35 85.61 0.0871 447.1
0 31 30 101.58 0.0614 195.0
0 31 31 120.66 0.0596 141.7
0 31 32 116.31 0.0737 239.2
0 31 39 48.95 0.1195 364.3
0 31 16 51.57 0.0502 910.9
0 31 28 600.90 0.0430 412.3
0 31 25 109.99 0.0712 81.8
0 31 37 542.67 0.0834 341.4
0 31 24 63.87 0.0354 73.4
0 31 31 56.42 0.1083 169.8
0 31 17 233.83 0.0366 744.5
0 31 16 488.88 0.1030 836.8
0 31 24 98.32 0.0756 771.7
0 31 27 50.70 0.1116 63.2
0 31 19 90.15 0.0389 315.8
0 31 28 65.71 0.0577 765.6
0 31 44 46.86 0.1137 166.7
0 31 38 97.76 0.0483 228.4
0 31 34 166.39 0.1177 775.9
0 31 37 233.31 0.0462 166.0
0 31 26 60.67 0.0487 66.5
0 31 32 72.24 0.0795 120.2
0 31 24 117.57 0.0508 820.8
0 31 40 67.56 0.0676 338.8
0 31 39 48.55 0.1155 319.9
0 31 18 155.79 0.0672 792.7
0 31 33 156.55 0.0489 77.1
0 31 37 125.97 0.0619 291.5
0 31 37 372.68 0.0375 203.4
0 31 31 174.20 0.0511 341.8
0 31 30 76.00 0.1082 221.0
0 31 41 73.10 0.1038 704.4
0 31 20 208.91 0.0552 190.5
0 31 37 56.22 0.0606 409.5
0 31 34 118.89 0.0903 739.1
0 31 29 122.15 0.0785 178.1
0 31 26 86.44 0.0388 866.5
0 31 21 142.81 0.0993 839.2
0 31 27 100.62 0.0765 57.8
0 31 43 83.81 0.0722 422.4
0 31 32 58.11 0.0936 731.2
0 31 30 79.38 0.0830 216.7
0 31 39 139.52 0.0580 61.4
0 31 35 312.33 0.0404 394.5
0 31 14 102.25 0.1241 204.7
0 31 37 97.85 0.0510 122.3
0 31 29 210.89 0.0340 414.7
0 31 19 66.11 0.1212 33.8
0 31 35 104.92 0.0530 897.7
0 31 39 142.83 0.0673 325.4
0 31 34 123.59 0.0501 843.6
0 31 41 103.14 0.0602 318.7
0 31 45 160.76 0.0630 81.7
0 31 17 55.96 0.1396 387.7
0 31 29 164.26 0.0991 444.1
0 31 30 118.87 0.0405 62.9
0 31 27 284.98 0.0583 206.1
0 31 28 109.31 0.0552 507.3
0 31 41 76.82 0.0820 459.7
0 31 36 141.25 0.0435 278.4
0 31 36 75.83 0.0722 896.7
0 31 37 193.79 0.0481 542.1
0 31 19 1060.03 0.0849 476.1
0 31 39 54.35 0.0975 194.8
0 31 40 46.76 0.0983 47.5
0 31 26 146.68 0.0532 935.4
0 31 38 217.77 0.0584 664.7
0 31 26 210.18 0.0456 456.5
0 31 15 101.13 0.1486 369.3
0 31 16 140.07 0.0512 14.2
0 31 30 62.46 0.0917 774.3
0 31 29 67.54 0.0634 48.7
0 31 22 114.49 0.0780 245.4
0 31 26 66.55 0.0992 722.3
0 31 34 100.78 0.0487 858.2
0 31 40 65.34 0.0901 866.4
0 31 25 107.35 0.0527 96.5
0 31 40 151.65 0.0605 549.6
0 31 19 86.79 0.1025 764.0
0 31 39 106.88 0.0901 867.8
0 31 21 93.68 0.0285 750.5
0 31 16 56.01 0.0176 77.5
0 31 29 45.92 0.1099 152.5
0 31 14 230.22 0.0563 392.3
0 31 24 151.88 0.0331 618.0
0 31 20 130.56 0.0665 59.6
0 31 15 51.82 0.0714 108.4
0 31 24 103.56 0.0838 89.7
0 31 48 134.07 0.0490 366.8
0 31 17 77.31 0.0646 171.7
0 31 15 169.97 0.1341 608.9
0 31 17 115.89 0.0552 336.8
0 31 19 49.39 0.0351 669.4
0 31 18 171.31 0.0454 277.7
0 31 18 56.79 0.0936 60.9
0 31 16 478.26 0.1615 94.3
0 31 29 157.51 0.0370 416.7
0 31 19 89.88 0.0385 103.1
0 31 18 345.56 0.0742 357.3
0 31 24 117.06 0.0457 41.9
0 31 23 111.35 0.0492 105.0
0 31 40 98.80 0.0835 192.4
0 31 14 321.27 0.0824 373.7
0 31 43 142.94 0.0642 52.8
0 31 16 289.44 0.0359 928.7
0 31 18 51.62 0.0848 613.9
0 31 15 45.10 0.1499 925.5
0 31 18 47.58 0.0790 70.3
0 31 13 54.46 0.0912 25.6
0 31 17 134.48 0.0897 164.5
0 31 35 280.77 0.0401 913.4
0 32 22 95.29 0.0892 393.3
0 32 26 106.77 0.0690 315.3
0 32 14 70.24 0.0720 553.7
0 32 48 252.83 0.0664 702.2
0 32 33 71.96 0.0660 576.7
0 32 36 119.92 0.0676 496.8
0 32 35 87.62 0.0939 48.4
0 32 37 141.92 0.0746 503.2
0 32 27 57.66 0.0983 844.5
0 32 27 101.92 0.0602 473.8
0 32 36 70.79 0.1019 331.3
0 32 18 53.03 0.0301 228.9
0 32 32 137.77 0.0641 639.0
0 32 17 57.90 0.0465 367.2
0 32 22 163.32 0.0349 192.3
0 32 32 126.38 0.0567 427.6
0 32 30 128.38 0.0539 726.2
0 32 38 559.95 0.0568 178.8
0 32 26 183.91 0.0312 421.3
0 32 29 102.36 0.0647 927.1
0 32 21 214.80 0.0406 557.4
0 32 23 59.85 0.0791 695.3
0 32 18 171.11 0.0419 606.7
0 32 37 119.07 0.0701 81.9
0 32 28 64.24 0.0966 65.6
0 32 40 217.15 0.0916 390.2
0 32 15 62.20 0.0468 40.3
0 32 29 58.70 0.1028 418.5
0 32 38 59.63 0.0856 269.5
0 32 14 48.95 0.0571 770.4
0 32 37 52.82 0.1162 631.9
0 32 20 55.39 0.0791 212.5
0 32 25 105.97 0.0720 375.7
0 32 38 58.52 0.0837 518.3
0 32 34 106.02 0.0436 669.5
0 32 16 64.51 0.0778 373.7
0 32 15 321.35 0.0602 315.7
0 32 17 52.58 0.0792 642.6
0 32 40 166.25 0.0440 302.3
0 32 32 303.52 0.0525 571.5
0 32 19 124.69 0.0320 619.3
0 32 37 173.36 0.0392 290.2
0 32 37 45.59 0.1054 381.0
0 32 18 106.40 0.0420 933.7
0 32 20 158.69 0.0840 484.2
0 32 30 260.55 0.0268 167.7
0 32 20 140.20 0.1145 682.5
0 32 38 214.71 0.0426 684.7
0 32 38 75.06 0.0790 251.9
0 32 32 58.97 0.0974 859.7
0 32 14 105.45 0.0367 496.7
0 32 36 81.84 0.0548 590.8
0 32 35 88.82 0.0489 121.3
0 32 18 65.06 0.0219 302.7
0 32 27 61.74 0.0559 146.9
0 32 29 91.77 0.0591 542.7
0 32 26 57.13 0.0654 847.0
0 32 16 67.25 0.0626 348.7
0 32 41 143.04 0.0540 429.4
0 32 36 64.22 0.0960 600.2
0 32 18 45.51 0.1013 530.7
0 32 41 50.13 0.0914 431.7
0 32 27 65.25 0.0795 471.3
0 32 41 83.21 0.0539 453.2
0 32 45 122.89 0.0500 527.2
0 32 15 48.77 0.0673 716.6
0 32 25 72.46 0.0660 755.5
0 32 38 51.22 0.0938 653.7
0 32 21 48.27 0.1178 631.5
0 32 22 93.11 0.0459 362.6
0 32 37 120.74 0.0601 615.8
0 32 18 268.36 0.0728 489.3
0 32 15 69.47 0.1073 293.9
0 32 28 176.66 0.0350 430.5
0 32 22 303.69 0.0487 320.9
0 32 15 48.15 0.0912 359.1
0 32 34 114.90 0.0448 5.0
0 32 35 111.04 0.0584 482.1
0 32 38 66.23 0.0852 388.5
0 32 32 191.48 0.0727 162.8
0 32 33 155.07 0.0457 55.4
0 32 34 98.36 0.0622 432.2
0 32 27 88.81 0.0661 101.6
0 32 31 75.73 0.0582 66.2
0 32 20 55.00 0.0687 788.3
0 32 32 56.93 0.0968 512.6
0 32 29 70.78 0.1123 162.7
0 32 32 53.63 0.0902 472.5
0 32 23 80.56 0.0815 703.7
0 32 25 61.69 0.1100 551.0
0 32 36 83.00 0.0788 484.6
0 32 21 57.91 0.0881 829.9
0 32 17 815.37 0.1195 102.2
0 32 19 76.80 0.0366 681.4
0 32 31 48.32 0.1427 666.1
0 32 28 214.34 0.0452 365.4
0 32 33 219.92 0.0476 825.0
0 32 35 140.24 0.0412 78.6
0 32 35 89.63 0.0861 197.9
0 32 16 199.98 0.0438 916.6
0 32 36 58.31 0.1047 509.5
0 32 33 138.00 0.0611 296.2
0 32 20 87.45 0.0729 691.7
0 32 18 61.34 0.0541 351.7
0 32 29 117.34 0.0522 290.9
0 32 27 92.49 0.0418 347.5
0 32 37 65.41 0.0768 292.0
0 32 39 278.30 0.0496 115.5
0 32 34 99.20 0.0621 297.4
0 32 36 97.54 0.0847 732.6
0 32 31 1074.20 0.0601 210.3
0 32 24 96.36 0.0434 173.9
0 32 36 83.70 0.0818 635.2
0 32 31 120.19 0.0378 347.8
0 32 21 57.21 0.0919 650.3
0 32 30 95.12 0.0821 772.7
0 32 33 79.90 0.0686 225.6
0 32 21 45.57 0.1028 466.9
0 32 34 62.10 0.0963 508.6
0 32 32 61.85 0.0948 68.5
0 32 20 84.90 0.0971 207.1
0 32 23 246.81 0.0903 496.9
0 32 23 56.90 0.0955 829.3
0 32 27 156.06 0.0407 258.2
0 32 36 83.38 0.0807 470.3
0 32 27 62.46 0.0566 708.1
0 32 17 66.06 0.1065 817.3
0 32 31 51.59 0.0783 521.2
0 32 21 95.28 0.0187 318.4
0 32 33 167.80 0.1005 163.8
0 32 38 88.37 0.0688 137.6
0 32 22 118.55 0.0793 96.8
0 32 41 110.51 0.0723 425.7
0 32 19 52.99 0.1290 410.2
0 32 18 146.63 0.0500 118.1
0 32 29 60.59 0.0798 64.3
0 32 38 137.93 0.0464 648.8
0 32 31 149.50 0.0582 538.4
0 32 24 64.86 0.1042 351.5
0 32 34 72.05 0.0837 441.3
0 32 21 435.10 0.0370 697.9
0 32 19 47.21 0.0681 237.2
0 32 28 48.55 0.0835 423.6
0 32 33 3037.74 0.0489 620.9
0 32 27 351.54 0.0433 522.1
0 32 23 142.41 0.0550 675.8
0 32 41 62.35 0.1341 501.1
0 32 32 81.43 0.0822 305.6
0 32 20 108.03 0.0514 280.1
0 32 41 83.10 0.0873 300.6
0 32 28 171.62 0.0395 675.6
0 32 14 179.65 0.1331 441.8
0 32 40 76.83 0.0736 563.3
0 32 22 76.37 0.0939 459.3
0 32 46 119.86 0.0530 388.1
0 32 21 77.38 0.1218 839.8
0 32 46 135.20 0.0506 345.9
0 32 34 46.74 0.1273 65.1
0 32 17 161.87 0.0184 350.8
0 32 29 124.27 0.0376 444.9
0 32 19 487.01 0.1174 450.3
0 32 34 74.84 0.0827 854.1
0 32 42 62.39 0.0742 137.3
0 32 32 190.83 0.0386 122.3
0 32 35 125.19 0.0631 494.4
0 32 37 74.35 0.0916 462.3
0 32 15 93.73 0.0657 190.9
0 32 15 283.22 0.1456 832.5
0 32 23 497.72 0.0472 555.7
0 32 37 173.73 0.0644 713.7
0 32 38 176.44 0.1175 381.0
0 32 31 70.52 0.0790 423.2
0 32 43 184.07 0.0399 354.3
0 32 32 64.09 0.1320 392.5
0 32 36 102.63 0.0868 372.3
0 32 18 57.54 0.1071 423.3
0 32 30 99.85 0.0658 294.9
0 32 24 90.95 0.0626 263.1
0 32 36 190.11 0.0503 311.0
0 32 38 417.05 0.0342 399.9
0 32 41 951.75 0.0320 84.2
0 32 14 65.25 0.1112 745.0
0 32 23 62.84 0.0597 913.1
0 32 26 95.86 0.0445 852.3
0 32 34 166.04 0.0571 229.7
0 32 24 77.85 0.0757 487.6
0 32 26 107.37 0.0871 623.8
0 32 40 107.81 0.0554 345.9
0 32 36 173.21 0.0501 408.9
0 32 16 237.59 0.0357 482.0
0 32 13 51.74 0.1058 465.3
0 32 21 88.34 0.0426 116.3
0 32 15 82.33 0.0220 324.2
0 32 24 90.95 0.0576 421.6
0 32 14 60.67 0.0889 661.9
0 32 14 72.41 0.0191 234.2
0 32 25 205.32 0.0555 640.0
0 32 17 381.90 0.0334 557.1
0 32 17 308.42 0.0330 352.3
0 32 21 64.12 0.0894 445.7
0 32 17 58.78 0.0774 417.1
0 32 16 73.24 0.0175 716.5
0 32 13 184.08 0.0230 189.4
0 32 17 61.49 0.0366 56.5
0 32 24 128.21 0.0318 323.7
0 32 16 66.98 0.1064 112.7
0 32 33 69.65 0.0887 649.7
0 32 22 51.13 0.1028 923.9
0 32 19 54.61 0.0865 368.9
0 32 25 80.58 0.0707 372.7
0 32 22 79.60 0.0336 341.9
0 32 14 198.93 0.0307 398.4
0 32 16 149.12 0.1468 434.3
0 32 27 50.43 0.1234 231.2
0 32 16 336.15 0.0381 904.5
0 32 23 101.69 0.0966 646.0
0 32 23 71.14 0.0889 651.1
0 32 20 53.97 0.0917 678.7
0 32 27 112.72 0.0874 594.0
0 32 30 161.00 0.0632 531.6
0 32 21 46.69 0.1265 493.0
0 32 18 74.67 0.0329 683.0
0 32 25 69.20 0.1021 452.9
0 32 16 126.97 0.0319 298.2
0 32 16 46.32 0.0512 42.7
0 32 15 59.76 0.0841 30.0
0 32 15 164.12 0.1074 851.5
0 32 26 56.05 0.0826 585.2
0 32 35 201.60 0.0566 554.3
0 32 18 61.48 0.0738 850.4
0 32 14 71.14 0.0718 521.0
0 32 24 131.40 0.0643 640.1
0 32 13 118.26 0.0705 794.3
0 32 24 64.77 0.0888 69.6
0 32 19 57.69 0.1167 229.2
0 32 30 61.78 0.0892 380.5
0 32 21 83.23 0.0741 233.4
0 32 32 66.97 0.0851 450.3
0 32 41 78.41 0.0757 827.5
0 32 19 289.84 0.0401 232.0
0 32 21 73.79 0.0817 296.9
0 32 17 90.44 0.0247 415.0
0 33 16 88.49 0.0671 46.6
0 33 31 325.73 0.0730 799.4
0 33 42 84.77 0.0581 396.2
0 33 22 102.40 0.0615 860.5
0 33 17 397.79 0.0873 442.0
0 33 24 71.52 0.0846 585.6
0 33 19 65.74 0.0401 764.8
0 33 45 248.64 0.0459 747.0
0 33 18 119.89 0.0444 478.4
0 33 38 109.96 0.0685 458.4
0 33 22 49.05 0.0785 627.5
0 33 37 90.31 0.0845 775.3
0 33 39 104.80 0.0647 212.1
0 33 41 175.20 0.0501 842.4
0 33 39 118.71 0.0634 692.0
0 33 33 67.94 0.0939 831.7
0 33 44 113.99 0.0631 135.2
0 33 39 83.05 0.0708 690.3
0 33 40 102.59 0.0671 535.1
0 33 31 224.76 0.0451 745.4
0 33 23 340.35 0.0456 511.9
0 33 29 78.52 0.0697 450.4
0 33 20 182.50 0.0416 24.6
0 33 18 47.80 0.0618 930.3
0 33 15 52.51 0.0277 31.2
0 33 35 138.13 0.0597 541.2
0 33 21 77.62 0.0752 563.1
0 33 27 77.44 0.0345 910.5
0 33 38 482.87 0.0557 834.0
0 33 25 73.05 0.0478 344.6
0 33 35 123.84 0.0681 730.3
0 33 14 60.84 0.1129 915.0
0 33 23 56.43 0.0422 424.6
0 33 17 82.47 0.0274 728.7
0 33 43 249.78 0.0487 798.0
0 33 27 190.12 0.0359 204.9
0 33 25 70.21 0.0677 96.0
0 33 30 88.91 0.0451 62.7
0 33 35 125.82 0.0574 876.3
0 33 37 192.70 0.0445 537.2
0 33 21 57.34 0.0717 875.4
0 33 18 87.06 0.0434 33.4
0 33 23 203.64 0.0556 818.2
0 33 38 82.39 0.0606 518.3
0 33 16 483.77 0.0893 394.3
0 33 28 74.92 0.0952 936.6
0 33 19 59.93 0.0339 359.6
0 33 24 55.94 0.0610 841.1
0 33 21 69.82 0.0341 235.4
0 33 25 54.64 0.0970 650.7
0 33 16 53.98 0.0210 285.9
0 33 17 49.80 0.0224 680.2
0 33 28 117.41 0.0567 385.6
0 33 44 101.91 0.0659 883.1
0 33 29 62.64 0.0885 50.3
0 33 39 201.74 0.0486 644.8
0 33 16 67.61 0.0970 399.0
0 33 31 144.25 0.0600 39.9
0 33 29 105.15 0.0588 128.3
0 33 18 100.59 0.0711 573.7
0 33 31 67.32 0.1010 766.5
0 33 27 205.25 0.0564 753.6
0 33 18 536.80 0.0273 401.0
0 33 16 76.16 0.0171 866.5
0 33 21 73.36 0.0614 779.2
0 33 33 67.56 0.0766 202.6
0 33 40 198.18 0.0482 482.7
0 33 16 56.14 0.0165 58.8
0 33 32 191.95 0.0295 796.6
0 33 17 130.73 0.0533 40.6
0 33 18 93.49 0.0778 923.5
0 33 25 110.00 0.0745 776.1
0 33 25 120.07 0.0281 596.4
0 33 36 67.38 0.0816 763.3
0 33 40 54.46 0.0996 840.7
0 33 24 51.25 0.1039 783.3
0 33 37 76.24 0.0893 917.9
0 33 18 164.92 0.0337 853.3
0 33 38 94.10 0.0651 328.9
0 33 19 249.81 0.0461 452.5
0 33 48 123.62 0.0723 854.2
0 33 46 163.43 0.0455 466.8
0 33 35 134.37 0.0487 93.0
0 33 36 114.95 0.0526 933.6
0 33 37 71.13 0.0827 511.3
0 33 18 51.05 0.0379 809.1
0 33 33 149.53 0.0742 824.4
0 33 30 110.41 0.0539 878.9
0 33 41 81.41 0.1003 318.0
0 33 36 71.18 0.0775 730.8
0 33 22 50.77 0.1369 799.0
0 33 25 103.81 0.0517 151.4
0 33 16 99.00 0.0433 523.3
0 33 15 194.18 0.1110 574.7
0 33 20 55.17 0.1057 459.5
0 33 31 72.40 0.0808 787.9
0 33 23 139.44 0.0284 120.9
0 33 39 865.29 0.0454 834.0
0 33 30 206.56 0.0570 564.1
0 33 28 57.44 0.0719 57.7
0 33 24 101.45 0.0783 271.5
0 33 19 125.32 0.1270 587.1
0 33 21 198.00 0.0975 945.1
0 33 31 104.36 0.0623 201.0
0 33 24 60.19 0.0685 420.1
0 33 32 138.05 0.0543 776.6
0 33 37 69.53 0.0775 715.5
0 33 20 138.98 0.0612 256.9
0 33 24 106.00 0.0591 87.5
0 33 35 57.15 0.0740 921.2
0 33 21 126.99 0.0232 84.2
0 33 36 103.35 0.0638 439.9
0 33 28 278.68 0.0595 910.2
0 33 15 88.83 0.0614 7.4
0 33 31 65.51 0.0879 459.3
0 33 28 80.71 0.0624 590.7
0 33 34 82.20 0.0464 859.3
0 33 25 138.36 0.0307 40.9
0 33 28 89.96 0.0580 297.9
0 33 26 59.65 0.0791 906.6
0 33 17 215.67 0.1449 189.2
0 33 18 824.27 0.1040 58.1
0 33 26 109.70 0.0275 219.0
0 33 17 50.09 0.0824 940.0
0 33 15 81.87 0.1138 186.7
0 33 13 89.94 0.1078 175.4
0 33 32 48.16 0.1005 482.0
0 33 30 167.49 0.0560 206.6
0 33 19 654.36 0.0380 470.5
0 33 31 100.36 0.0910 489.9
0 33 15 93.39 0.1312 891.2
0 33 19 59.96 0.1002 174.7
0 33 13 77.84 0.1197 911.6
0 33 21 61.80 0.1048 132.9
0 33 15 96.91 0.0389 355.8
0 33 17 95.61 0.0542 46.1
0 33 16 48.25 0.0881 818.9
0 33 27 178.80 0.0674 68.9
0 33 25 50.38 0.1201 827.3
0 33 17 104.66 0.0428 19.3
0 33 27 78.90 0.0350 75.8
0 33 16 59.00 0.0258 255.7
0 33 29 162.36 0.0537 930.2
0 33 24 105.55 0.0853 831.3
0 33 15 64.57 0.1040 428.8
0 33 13 66.37 0.1485 523.9
0 33 19 75.27 0.0729 436.2
0 33 18 89.60 0.0838 55.0
0 35 28 60.34 0.0973 826.8
0 35 33 105.44 0.0636 237.6
0 35 46 96.57 0.0780 535.6
0 35 46 194.40 0.0401 67.9
0 35 24 142.69 0.0387 405.8
0 35 38 95.52 0.0500 924.8
0 35 30 58.85 0.1088 762.6
0 35 31 102.91 0.0701 562.1
0 35 28 355.81 0.0301 901.1
0 35 23 85.34 0.0733 741.2
0 35 39 198.07 0.0707 397.3
0 35 36 49.88 0.1063 696.3
0 35 23 81.80 0.0188 445.7
0 35 34 73.43 0.0668 111.2
0 35 39 54.33 0.0912 579.1
0 35 19 176.74 0.0626 271.9
0 35 40 49.00 0.0878 559.6
0 35 17 101.35 0.0464 784.0
0 35 31 67.49 0.0683 456.2
0 35 19 704.48 0.0388 434.8
0 35 33 71.37 0.0745 606.0
0 35 41 79.68 0.0830 527.1
0 35 19 393.89 0.0297 597.9
0 35 19 63.25 0.0426 132.4
0 35 26 91.06 0.0451 543.7
0 35 27 77.70 0.0836 32.8
0 35 41 108.71 0.0440 905.4
0 35 36 114.06 0.0640 165.3
0 35 30 147.66 0.0468 771.4
0 35 28 117.35 0.0893 891.3
0 35 37 49.26 0.0924 865.8
0 35 28 140.74 0.0657 82.1
0 35 23 143.87 0.0501 528.7
0 35 16 157.94 0.0895 213.2
0 35 32 182.96 0.0341 841.3
0 35 23 92.54 0.0407 567.7
0 35 16 45.96 0.1000 931.1
0 35 14 85.03 0.0656 664.5
0 35 41 72.54 0.0600 508.3
0 35 41 59.63 0.0857 529.6
0 35 24 46.33 0.1007 796.6
0 35 37 104.94 0.0363 298.6
0 35 14 57.88 0.1258 760.7
0 35 28 205.88 0.0446 654.3
0 35 43 108.03 0.0478 568.4
0 35 18 51.48 0.0996 652.1
0 35 23 140.76 0.0509 223.5
0 35 25 167.43 0.0577 770.1
0 35 41 141.14 0.0682 952.6
0 35 44 139.29 0.0695 693.3
0 35 25 235.19 0.0409 804.1
0 35 37 63.00 0.0949 579.0
0 35 22 82.92 0.0673 656.8
0 35 22 102.40 0.0534 333.9
0 35 21 81.59 0.0734 473.7
0 35 28 465.75 0.0665 917.4
0 35 27 193.99 0.0553 911.4
0 35 32 66.14 0.0543 716.7
0 35 13 50.81 0.0819 904.3
0 35 33 64.52 0.1135 501.1
0 35 22 85.11 0.0690 491.7
0 35 46 446.90 0.0365 926.0
0 35 20 47.16 0.0525 165.8
0 35 30 148.98 0.0581 151.1
0 35 14 59.00 0.1333 523.4
0 35 16 220.38 0.0980 121.7
0 35 29 167.05 0.0305 784.0
0 35 27 104.68 0.0608 934.4
0 35 19 414.60 0.0237 503.0
0 35 17 74.76 0.0590 41.8
0 35 34 252.34 0.0850 92.6
0 35 17 68.63 0.0312 17.4
0 35 22 253.05 0.0869 38.1
0 35 24 65.95 0.0855 126.8
0 35 20 73.30 0.0745 90.7
0 35 30 102.86 0.0569 699.4
0 35 31 127.93 0.0522 897.6
0 35 20 313.94 0.0533 916.9
0 35 27 56.79 0.1157 550.2
0 35 22 138.52 0.0465 669.5
0 35 23 74.70 0.1007 525.1
0 35 44 165.50 0.0648 896.5
0 35 33 86.89 0.0757 376.8
0 35 40 95.20 0.0741 158.8
0 35 31 84.91 0.1122 716.3
0 35 30 47.24 0.1143 700.5
0 35 18 74.55 0.1276 527.5
0 35 33 70.38 0.0963 546.7
0 35 30 47.28 0.1169 405.8
0 35 32 229.50 0.0581 568.2
0 35 27 50.59 0.1053 60.7
0 35 20 90.75 0.0179 543.9
0 35 35 63.60 0.1025 610.7
0 35 18 86.82 0.1169 777.4
0 35 21 48.68 0.0945 268.9
0 35 41 237.16 0.0534 209.4
0 35 28 202.81 0.0463 297.9
0 35 43 133.44 0.0580 925.3
0 35 35 63.99 0.0902 99.6
0 35 39 66.81 0.0902 230.8
0 35 41 161.73 0.1077 733.5
0 35 33 136.30 0.0515 938.6
0 35 35 59.13 0.0734 106.7
0 35 31 80.93 0.0545 158.8
0 35 21 73.88 0.0466 558.1
0 35 29 88.60 0.0682 518.1
0 35 23 641.83 0.0857 607.4
0 35 26 46.23 0.1174 710.3
0 35 20 78.22 0.0487 750.9
0 35 33 107.01 0.0787 576.4
0 35 21 48.66 0.0974 268.5
0 35 22 62.12 0.0555 514.5
0 35 41 257.39 0.0780 657.7
0 35 25 91.22 0.0566 883.2
0 35 22 256.64 0.0332 559.5
0 35 16 46.92 0.0422 694.6
0 35 22 87.25 0.0919 565.2
0 35 19 69.26 0.0319 517.0
0 35 14 107.13 0.1439 322.6
0 35 27 67.59 0.0436 14.2
0 35 25 54.84 0.0643 861.6
0 35 40 74.28 0.0872 29.5
0 35 29 122.47 0.0793 903.6
0 35 31 326.41 0.0339 819.1
0 35 29 62.07 0.0836 557.3
0 35 19 167.10 0.0216 352.5
0 35 28 200.98 0.0573 478.3
0 35 39 80.87 0.0609 629.3
0 35 26 70.85 0.0598 508.5
0 35 31 112.58 0.0408 627.3
0 35 27 47.28 0.0766 626.8
0 35 44 45.03 0.1164 290.3
0 35 28 60.71 0.1152 530.1
0 35 43 65.83 0.0694 567.3
0 35 19 94.49 0.0383 827.5
0 35 44 543.41 0.0516 405.4
0 35 36 136.17 0.0438 543.8
0 35 17 48.63 0.1198 223.2
0 35 16 197.80 0.0301 232.5
0 35 43 462.77 0.0669 235.2
0 35 18 58.41 0.1086 245.7
0 35 41 182.12 0.0677 694.3
0 35 44 126.50 0.0430 219.7
0 35 36 104.35 0.0656 572.8
0 35 33 126.11 0.0771 47.9
0 35 19 50.98 0.0497 871.8
0 35 37 212.02 0.0417 779.9
0 35 38 104.89 0.0934 139.6
0 35 39 178.10 0.0427 81.5
0 35 34 189.49 0.0643 935.7
0 35 37 96.74 0.0648 892.6
0 35 34 91.30 0.0546 150.6
0 35 16 310.10 0.0422 908.5
0 35 19 146.94 0.0228 84.9
0 35 16 55.40 0.0553 905.2
0 35 38 51.18 0.1004 739.1
0 35 32 786.97 0.0560 695.7
0 35 22 60.14 0.1248 37.7
0 35 16 121.45 0.0519 47.2
0 35 16 286.58 0.0447 811.3
0 35 16 46.63 0.1140 692.3
0 35 16 67.90 0.1411 436.4
0 35 16 109.09 0.0175 830.4
0 35 15 90.40 0.0406 755.6
0 35 14 703.92 0.0965 709.9
0 35 17 209.93 0.0418 20.8
0 35 18 162.66 0.0812 787.6
0 35 21 95.38 0.0760 623.6
0 35 20 555.60 0.0336 247.5
0 35 39 100.88 0.0611 708.7
0 35 22 70.09 0.1130 733.0
0 35 21 55.86 0.0405 785.4
0 35 21 92.90 0.0838 639.2
0 35 47 133.91 0.0481 386.2
0 35 22 143.28 0.0697 637.6
0 35 22 111.66 0.0584 640.3
0 35 18 298.62 0.0778 696.7
0 35 25 71.33 0.0654 62.2
0 35 35 178.44 0.0338 537.8
0 35 42 64.00 0.0943 49.4
0 35 18 53.04 0.0609 630.3
0 35 35 154.78 0.0597 52.7
0 35 24 135.16 0.0324 474.6
0 35 14 61.58 0.0686 240.2
0 35 22 64.44 0.0704 825.7
0 35 17 138.62 0.1123 324.8
0 35 19 181.55 0.0379 720.1
0 35 15 61.32 0.0854 37.0
0 35 39 112.80 0.0623 852.6
0 35 29 61.73 0.0618 636.2
0 35 24 81.06 0.0308 273.4
0 35 33 152.57 0.0539 642.3
0 36 39 501.07 0.0455 643.9
0 36 35 137.86 0.0547 430.3
0 36 43 255.73 0.0360 857.6
0 36 36 80.17 0.0807 92.6
0 36 33 84.21 0.1274 326.3
0 36 20 85.72 0.0398 501.9
0 36 27 135.65 0.0218 173.0
0 36 15 53.46 0.1045 330.9
0 36 17 60.36 0.0684 494.7
0 36 18 63.56 0.0295 333.5
0 36 18 51.77 0.0591 926.5
0 36 30 63.52 0.0787 334.3
0 36 34 99.95 0.0626 927.5
0 36 18 142.50 0.0377 837.8
0 36 28 51.54 0.0977 365.3
0 36 31 3367.51 0.0259 339.6
0 36 31 53.61 0.1105 365.1
0 36 19 73.69 0.0905 186.3
0 36 17 45.48 0.0576 340.7
0 36 37 189.03 0.0604 554.7
0 36 39 336.81 0.0566 223.6
0 36 33 76.72 0.0779 920.2
0 36 33 58.14 0.0775 116.2
0 36 26 94.47 0.0944 179.2
0 36 13 52.28 0.0415 505.6
0 36 14 46.46 0.1162 149.3
0 36 18 47.81 0.1249 286.2
0 36 23 98.50 0.0435 439.5
0 36 19 141.94 0.0440 567.0
0 36 40 302.57 0.0524 218.3
0 36 38 127.44 0.0365 838.7
0 36 37 113.34 0.0487 170.0
0 36 16 131.29 0.0494 141.6
0 36 17 72.13 0.1122 127.2
0 36 35 85.04 0.0727 531.8
0 36 36 228.54 0.0431 351.4
0 36 39 229.16 0.0535 100.6
0 36 29 115.95 0.0614 174.8
0 36 31 72.17 0.0681 547.5
0 36 39 154.38 0.0799 899.0
0 36 42 92.26 0.0692 179.5
0 36 37 52.17 0.0991 920.7
0 36 17 53.66 0.0311 807.3
0 36 37 113.65 0.0739 163.6
0 36 33 317.87 0.0708 59.1
0 36 28 267.29 0.0404 916.9
0 36 36 90.66 0.0690 133.5
0 36 28 131.63 0.0722 260.9
0 36 17 55.82 0.0213 523.9
0 36 28 80.99 0.0745 44.3
0 36 29 230.39 0.0363 940.1
0 36 30 71.54 0.0588 261.8
0 36 39 156.46 0.0457 763.6
0 36 19 176.05 0.0417 741.9
0 36 15 150.59 0.0240 291.5
0 36 35 46.74 0.1036 538.7
0 36 37 53.27 0.0908 304.5
0 36 38 175.52 0.0520 421.2
0 36 44 188.18 0.0494 217.4
0 36 33 185.25 0.0306 163.3
0 36 18 119.06 0.0920 178.6
0 36 36 236.31 0.0495 697.0
0 36 35 90.85 0.0908 50.6
0 36 30 67.04 0.0840 917.7
0 36 39 94.86 0.0521 217.4
0 36 41 78.72 0.0881 623.5
0 36 31 55.03 0.0790 339.1
0 36 25 343.37 0.0394 363.1
0 36 18 84.91 0.0195 244.7
0 36 16 53.44 0.0186 733.3
0 36 30 57.77 0.0928 372.8
0 36 38 91.38 0.0563 263.2
0 36 43 195.88 0.0526 286.5
0 36 29 89.49 0.0390 320.9
0 36 22 61.20 0.0745 521.0
0 36 14 68.29 0.1327 905.1
0 36 25 65.55 0.1157 507.2
0 36 13 54.52 0.0957 351.4
0 36 19 114.89 0.0306 22.7
0 36 14 62.73 0.0679 883.8
0 36 36 238.00 0.0620 21.7
0 36 22 55.86 0.0843 891.4
0 36 24 321.74 0.0224 506.6
0 36 27 56.67 0.0588 87.6
0 36 26 194.40 0.0220 563.3
0 36 45 273.83 0.0480 191.4
0 36 36 305.63 0.0460 392.2
0 36 25 45.74 0.1367 784.7
0 36 36 85.63 0.0543 190.2
0 36 22 214.58 0.0487 38.0
0 36 16 110.04 0.0353 24.7
0 36 38 155.20 0.0753 98.4
0 36 18 615.32 0.1161 295.1
0 36 36 126.16 0.0344 339.3
0 36 40 59.79 0.0893 109.0
0 36 29 122.36 0.0378 17.2
0 36 39 62.51 0.0683 87.7
0 36 24 68.85 0.1265 322.2
0 36 17 58.44 0.0512 180.7
0 36 38 139.55 0.0446 280.5
0 36 38 100.34 0.0461 147.8
0 36 29 202.05 0.0368 175.9
0 36 20 615.54 0.0340 917.5
0 36 24 94.15 0.0503 727.0
0 36 19 128.24 0.0706 35.2
0 36 22 124.80 0.0308 63.2
0 36 18 243.05 0.0283 190.6
0 36 33 130.57 0.1011 506.8
0 36 26 119.24 0.0455 50.3
0 36 25 167.89 0.0363 556.4
0 36 40 85.97 0.0594 213.3
0 36 32 119.16 0.0680 356.6
0 36 23 55.06 0.0693 111.2
0 36 27 879.92 0.0432 671.8
0 36 26 70.83 0.1057 659.8
0 36 24 175.69 0.0593 40.6
0 36 42 247.80 0.0511 315.8
0 36 36 202.97 0.0344 235.2
0 36 29 90.44 0.0638 172.1
0 36 47 309.91 0.0637 823.8
0 36 23 48.29 0.0582 486.8
0 36 17 61.96 0.0789 859.7
0 36 32 2787.22 0.1002 742.3
0 36 14 125.33 0.0428 936.5
0 36 17 130.66 0.0312 899.3
0 36 17 50.02 0.0577 500.4
0 36 23 74.61 0.0972 42.7
0 36 15 62.87 0.1431 86.2
0 36 16 203.21 0.0344 641.1
0 36 20 46.96 0.0819 679.3
0 36 16 47.54 0.0420 194.1
0 36 28 198.88 0.0513 928.9
0 36 19 88.45 0.0459 665.3
0 36 31 2005.95 0.0298 47.9
0 36 23 54.81 0.0366 477.1
0 36 24 60.90 0.0778 422.7
0 36 15 59.41 0.1123 524.5
0 36 29 105.91 0.0490 683.1
0 36 17 188.73 0.0349 300.7
0 36 23 45.89 0.0816 859.4
0 36 24 47.12 0.0689 505.3
0 36 14 75.71 0.1283 322.2
0 36 41 62.54 0.0334 285.1
0 36 41 248.49 0.0573 807.3
0 36 32 70.14 0.0852 844.2
0 39 20 107.89 0.0255 891.8
0 39 22 187.51 0.0464 596.1
0 39 39 62.05 0.0674 152.0
0 39 24 110.52 0.0428 101.3
0 39 33 71.65 0.0964 203.1
0 39 24 62.61 0.0525 799.8
0 39 28 50.77 0.0580 781.7
0 39 35 165.64 0.0696 100.0
0 39 24 151.89 0.0600 729.2
0 39 20 80.42 0.0516 691.1
0 39 23 80.35 0.0635 33.3
0 39 19 96.55 0.0308 591.2
0 39 18 63.74 0.1066 283.9
0 39 20 207.68 0.0222 101.5
0 39 34 102.65 0.0638 942.7
0 39 23 98.07 0.0915 940.5
0 39 31 106.42 0.0663 440.5
0 39 33 75.29 0.0700 866.1
0 39 25 50.27 0.0666 240.8
0 39 16 565.91 0.0381 47.8
0 39 19 60.37 0.0781 209.7
0 39 31 48.37 0.0742 156.8
0 39 35 257.19 0.0536 627.2
0 39 21 53.24 0.0385 53.1
0 39 21 77.59 0.0705 935.0
0 39 38 68.62 0.0838 766.2
0 39 23 286.74 0.0349 54.7
0 39 23 84.73 0.0952 920.4
0 39 15 90.43 0.0742 635.4
0 39 20 66.41 0.0954 44.9
0 39 22 71.85 0.0813 870.9
0 39 26 167.21 0.0398 882.3
0 39 36 84.52 0.0786 53.7
0 39 19 96.15 0.0809 152.0
0 39 19 76.99 0.0851 491.8
0 39 17 100.17 0.0498 606.1
0 39 25 78.71 0.0832 828.6
0 39 26 100.67 0.0752 510.3
0 39 35 81.74 0.0324 318.3
0 39 26 154.34 0.0702 76.2
0 39 32 93.89 0.0951 171.5
0 39 28 57.54 0.0824 271.6
0 39 32 116.74 0.0628 958.8
0 39 29 96.49 0.0454 74.3
0 39 43 224.84 0.0354 278.1
0 39 27 62.59 0.0928 589.3
0 39 20 73.58 0.0904 493.5
0 39 32 68.21 0.0997 849.7
0 39 32 85.28 0.1229 752.6
0 39 31 68.63 0.0578 686.4
0 39 30 191.56 0.0393 929.8
0 39 35 153.21 0.0530 59.0
0 39 24 131.08 0.0363 166.6
0 39 34 104.07 0.0567 393.1
0 39 29 74.75 0.0861 425.4
0 39 18 156.37 0.0581 346.7
0 39 15 75.40 0.0339 948.2
0 39 30 64.34 0.0823 711.7
0 39 38 53.15 0.1068 115.0
0 39 27 61.46 0.0911 67.7
0 39 33 167.97 0.0620 66.3
0 39 18 67.25 0.1225 265.9
0 39 28 72.98 0.0672 191.3
0 39 33 136.18 0.0587 212.2
0 39 17 53.63 0.1035 82.2
0 39 34 71.15 0.0795 253.3
0 39 18 52.01 0.0901 356.7
0 39 19 51.17 0.1367 195.2
0 39 38 79.11 0.0896 246.6
0 39 37 144.18 0.0463 857.3
0 39 27 389.38 0.0402 635.7
0 39 26 616.20 0.0355 210.2
0 39 25 47.90 0.0975 30.2
0 39 34 109.00 0.0594 311.9
0 39 22 55.46 0.0251 304.3
0 39 23 215.03 0.0476 209.2
0 39 37 132.14 0.0613 369.7
0 39 35 142.74 0.0346 790.5
0 39 27 88.73 0.1216 343.0
0 39 33 246.33 0.0610 901.6
0 39 18 116.26 0.0410 33.0
0 39 20 119.46 0.0316 653.4
0 39 44 191.98 0.0607 721.6
0 39 32 104.20 0.1147 89.1
0 39 31 116.82 0.0753 802.6
0 39 16 152.50 0.0692 477.9
0 39 27 91.27 0.0446 29.4
0 39 32 87.44 0.0663 537.7
0 39 26 131.27 0.0816 528.7
0 39 17 172.60 0.0474 189.9
0 39 40 137.33 0.0575 828.7
0 39 17 395.91 0.0325 79.7
0 39 15 68.45 0.1241 933.9
0 39 19 48.00 0.0998 925.9
0 39 16 2459.51 0.0316 85.7
0 39 20 63.38 0.0538 370.7
0 39 19 94.19 0.0567 756.9
0 39 15 45.99 0.1215 902.1
0 39 29 125.70 0.0521 850.1
0 39 27 108.77 0.0507 591.3
0 39 16 99.69 0.0858 198.6
0 39 37 141.15 0.0521 905.4
0 39 41 73.09 0.0724 407.8
0 39 37 79.49 0.0713 94.0
0 39 42 69.48 0.0897 92.6
0 39 39 67.81 0.0420 589.1
0 39 37 72.56 0.0951 820.6
0 39 44 94.65 0.0663 292.1
0 39 29 96.30 0.0504 219.7
0 39 39 66.35 0.0916 756.7
0 39 43 116.21 0.0353 630.4
0 39 15 182.90 0.0410 196.0
0 39 23 50.63 0.0760 88.8
0 39 26 55.17 0.0952 173.1
0 39 17 47.89 0.1267 151.9
0 39 25 81.46 0.0801 251.6
0 39 30 118.73 0.0843 491.9
0 39 38 864.02 0.0433 257.4
0 39 29 80.42 0.0725 159.2
0 39 19 101.21 0.0496 44.6
0 39 45 186.24 0.0457 523.7
0 39 41 176.57 0.0598 658.7
0 39 35 57.61 0.0742 327.6
0 39 47 160.58 0.0396 107.1
0 39 20 48.76 0.0638 100.6
0 39 37 422.46 0.0512 800.2
0 39 42 91.83 0.0609 622.3
0 39 34 130.25 0.0429 155.5
0 39 19 134.94 0.0453 836.2
0 39 28 126.13 0.0539 407.1
0 39 23 86.05 0.0534 840.6
0 39 33 153.35 0.0506 906.9
0 39 28 103.32 0.0526 954.4
0 39 34 89.43 0.0474 289.3
0 39 34 230.79 0.0610 433.9
0 39 40 59.83 0.0916 878.1
0 39 21 59.02 0.0358 21.0
0 39 41 87.33 0.0663 617.5
0 39 16 67.62 0.0264 431.0
0 39 28 90.72 0.0786 256.4
0 39 32 194.83 0.0442 627.6
0 39 19 56.86 0.1249 443.9
0 39 36 301.32 0.0536 851.7
0 39 17 59.32 0.0364 74.7
0 39 17 470.83 0.0271 630.7
0 39 23 46.08 0.0970 817.8
0 39 23 192.51 0.0509 625.9
0 39 19 54.24 0.1205 126.7
0 39 21 177.99 0.0548 855.7
0 39 38 203.05 0.0484 582.3
0 39 17 68.01 0.0337 83.4
0 39 13 49.02 0.0456 468.0
0 39 14 45.61 0.1147 231.0
0 39 27 57.78 0.0767 904.2
0 39 21 107.65 0.0699 225.1
0 39 27 93.87 0.0729 322.5
0 39 18 53.67 0.0451 76.2
0 39 21 89.40 0.0586 194.9
0 39 16 86.02 0.0492 180.4
0 39 23 76.04 0.0297 710.4
0 39 27 74.24 0.0508 916.3
0 39 15 253.19 0.0416 16.8
0 39 14 445.27 0.1187 911.8
0 39 17 46.25 0.0566 774.1
0 39 15 55.50 0.0627 82.7
0 39 30 51.18 0.0866 145.2
0 39 14 123.41 0.1492 300.6
0 39 33 58.59 0.0722 788.0
0 39 21 55.50 0.0445 761.1
0 39 30 117.88 0.0480 661.4
0 39 35 94.44 0.0676 824.0
0 39 38 93.74 0.0800 837.6
0 39 15 112.38 0.0690 832.2
0 39 31 193.44 0.0434 823.7
0 39 33 521.36 0.0364 129.1
0 39 18 63.94 0.0353 679.7
0 39 17 142.16 0.0480 64.0
0 39 17 53.59 0.0529 802.6
0 40 43 119.65 0.0479 132.5
0 40 40 77.92 0.0567 88.1
0 40 39 146.55 0.0453 600.9
0 40 32 159.11 0.0705 505.3
0 40 41 150.34 0.0546 221.9
0 40 43 115.42 0.0682 512.4
0 40 29 72.70 0.0667 578.8
0 40 40 456.51 0.0818 879.3
0 40 21 83.95 0.1108 244.4
0 40 34 68.17 0.0734 444.2
0 40 15 91.90 0.1052 615.8
0 40 24 99.84 0.0795 931.5
0 40 19 191.98 0.1288 293.8
0 40 19 171.08 0.0369 75.8
0 40 41 87.70 0.0611 371.9
0 40 29 294.17 0.0616 635.8
0 40 17 89.80 0.0412 322.7
0 40 27 69.04 0.0577 165.8
0 40 28 231.80 0.0589 595.2
0 40 43 178.70 0.0445 502.6
0 40 28 102.08 0.0647 572.2
0 40 33 83.95 0.0663 862.6
0 40 27 107.41 0.0512 717.7
0 40 39 118.55 0.0480 826.3
0 40 18 63.66 0.0507 372.3
0 40 28 181.41 0.0462 349.9
0 40 33 134.59 0.0502 817.2
0 40 30 197.84 0.0882 181.4
0 40 21 101.56 0.0740 542.9
0 40 19 460.29 0.0386 608.2
0 40 24 46.59 0.1256 667.7
0 40 34 69.76 0.0903 199.2
0 40 33 47.51 0.1116 498.0
0 40 15 520.21 0.0539 638.6
0 40 20 53.06 0.0442 423.0
0 40 30 63.30 0.0772 499.7
0 40 14 49.55 0.1195 886.4
0 40 14 506.17 0.0616 540.0
0 40 29 84.20 0.0475 905.6
0 40 22 796.47 0.1023 336.8
0 40 24 72.20 0.0844 516.6
0 40 37 184.73 0.0647 134.8
0 40 37 165.78 0.0612 803.1
0 40 40 164.91 0.0679 562.8
0 40 20 76.81 0.0582 253.1
0 40 36 111.39 0.0526 633.7
0 40 32 81.22 0.0942 277.6
0 40 30 54.41 0.1022 854.3
0 40 35 237.88 0.0634 802.8
0 40 26 47.88 0.0990 485.4
0 40 34 195.38 0.0486 503.7
0 40 31 237.04 0.0429 319.6
0 40 27 919.62 0.0548 608.2
0 40 41 103.41 0.0786 832.2
0 40 30 111.23 0.0391 546.5
0 40 46 274.53 0.0548 690.7
0 40 28 113.77 0.0883 178.7
0 40 38 52.33 0.0978 607.0
0 40 22 125.20 0.0243 427.9
0 40 31 66.13 0.1073 574.1
0 40 29 56.54 0.0746 552.8
0 40 22 79.66 0.0497 504.2
0 40 21 128.38 0.0955 49.5
0 40 20 180.62 0.0527 402.9
0 40 40 108.87 0.0598 560.5
0 40 34 79.70 0.0865 443.4
0 40 36 68.00 0.0910 802.2
0 40 37 109.74 0.0454 698.5
0 40 39 110.33 0.0459 909.2
0 40 28 63.72 0.0939 579.3
0 40 37 95.61 0.0660 315.1
0 40 40 110.14 0.0625 95.3
0 40 25 47.59 0.1192 398.4
0 40 29 170.16 0.0494 251.2
0 40 33 105.24 0.0651 540.4
0 40 25 46.90 0.0929 450.4
0 40 31 59.01 0.0933 380.8
0 40 24 82.05 0.0876 938.8
0 40 18 476.07 0.0336 830.3
0 40 24 61.07 0.0860 814.2
0 40 19 272.26 0.0327 715.5
0 40 27 71.92 0.1017 552.1
0 40 39 306.66 0.0973 806.0
0 40 36 536.41 0.0418 863.3
0 40 26 122.02 0.0483 178.4
0 40 32 85.27 0.1373 232.9
0 40 38 68.32 0.0665 165.8
0 40 18 216.92 0.1682 352.3
0 40 33 84.75 0.0797 460.5
0 40 34 116.57 0.0772 540.4
0 40 32 175.16 0.0547 842.2
0 40 19 64.41 0.1122 828.3
0 40 27 163.85 0.0890 357.5
0 40 34 210.50 0.0521 530.4
0 40 39 62.22 0.1098 416.9
0 40 33 112.32 0.0594 121.5
0 40 30 132.74 0.0533 313.0
0 40 27 51.93 0.0748 51.8
0 40 36 66.14 0.1021 567.8
0 40 34 126.15 0.0591 807.0
0 40 28 53.41 0.1278 889.8
0 40 32 87.97 0.0957 615.2
0 40 36 435.50 0.0414 465.1
0 40 31 122.68 0.0607 532.2
0 40 28 107.13 0.0353 513.2
0 40 40 86.61 0.0712 457.0
0 40 32 80.35 0.0727 537.6
0 40 21 54.76 0.0825 897.8
0 40 27 66.33 0.0677 484.3
0 40 24 171.84 0.0615 526.7
0 40 27 102.48 0.0575 457.8
0 40 32 96.26 0.0626 659.1
0 40 35 78.93 0.0900 821.8
0 40 15 52.19 0.0552 212.1
0 40 28 113.46 0.0453 626.0
0 40 27 64.18 0.0753 783.4
0 40 19 71.29 0.0841 232.3
0 40 43 176.67 0.0538 641.2
0 40 19 53.30 0.0461 719.8
0 40 20 486.84 0.0507 551.6
0 40 19 63.08 0.0703 89.4
0 40 21 93.19 0.0675 261.8
0 40 16 55.60 0.0230 600.0
0 40 41 289.49 0.0542 120.4
0 40 21 53.16 0.0834 305.1
0 40 26 106.63 0.0312 908.2
0 40 24 96.35 0.0933 764.1
0 40 22 45.36 0.1109 260.7
0 40 29 53.67 0.0867 420.7
0 40 25 65.98 0.1063 62.2
0 40 44 335.07 0.0474 507.4
0 40 38 68.88 0.0998 546.6
0 40 39 120.75 0.0518 732.3
0 40 42 169.59 0.0486 685.8
0 40 47 176.11 0.0628 340.7
0 40 43 72.95 0.0733 525.7
0 40 26 126.08 0.0559 416.2
0 40 30 213.39 0.0598 861.2
0 40 21 58.79 0.0402 116.8
0 40 27 81.06 0.0797 493.5
0 40 16 136.69 0.1039 660.7
0 40 27 51.69 0.1044 769.3
0 40 21 55.09 0.0621 243.0
0 40 24 50.02 0.1116 771.0
0 40 28 157.32 0.0673 496.3
0 40 38 83.17 0.0856 263.3
0 40 25 69.09 0.0559 457.5
0 40 30 334.56 0.0537 564.0
0 40 15 180.78 0.0779 232.1
0 40 31 64.36 0.0964 665.9
0 40 41 114.49 0.0637 142.4
0 40 16 91.62 0.0279 406.0
0 40 26 106.02 0.0625 245.5
0 40 35 77.67 0.0804 470.0
0 40 14 84.09 0.1641 344.8
0 40 19 120.32 0.0873 519.8
0 40 19 58.74 0.1322 905.3
0 40 14 102.41 0.1113 363.4
0 40 36 147.78 0.0633 812.6
0 40 26 70.99 0.0634 413.8
0 40 31 57.55 0.1096 538.8
0 40 25 116.76 0.0485 474.7
0 40 18 447.43 0.0376 548.8
0 40 24 54.32 0.0845 482.1
0 40 22 74.63 0.0625 843.0
0 40 14 169.33 0.1008 88.8
0 40 23 66.11 0.0459 54.4
0 40 31 51.17 0.0829 546.1
0 40 14 415.52 0.0474 757.8
0 40 45 256.33 0.0707 515.7
0 40 13 260.58 0.1862 321.3
0 40 22 1178.03 0.1113 350.2
0 40 25 71.53 0.1112 437.2
0 40 16 95.78 0.1193 709.1
0 40 29 56.33 0.0916 697.4
0 40 18 47.86 0.1149 684.3
0 40 21 98.89 0.0733 537.8
0 40 20 112.86 0.0651 428.7
0 40 23 92.52 0.0462 457.1
0 40 13 49.15 0.1371 258.6
0 40 27 86.28 0.0800 111.8
0 40 31 59.16 0.0723 379.8
0 40 24 443.48 0.0724 271.6
0 40 29 920.21 0.0570 834.6
0 41 26 315.07 0.0893 92.4
0 41 13 270.19 0.1540 317.1
0 41 18 401.90 0.1334 296.3
0 41 30 70.41 0.0899 649.7
0 41 18 129.26 0.0445 924.7
0 41 38 192.39 0.0509 258.1
0 41 35 207.69 0.0879 214.7
0 41 25 98.40 0.1109 105.3
0 41 35 159.76 0.0904 249.9
0 41 27 71.13 0.0658 200.3
0 41 36 71.09 0.0668 158.3
0 41 46 142.97 0.0555 585.6
0 41 25 129.38 0.0774 357.6
0 41 28 46.72 0.0757 410.8
0 41 15 102.75 0.0896 241.4
0 41 24 50.87 0.1009 53.3
0 41 36 97.91 0.0652 367.7
0 41 15 76.20 0.1070 217.5
0 41 24 242.09 0.0719 182.7
0 41 15 130.11 0.0557 242.6
0 41 27 54.20 0.0943 423.6
0 41 18 193.57 0.0224 61.7
0 41 24 60.61 0.1081 114.3
0 41 34 145.01 0.0366 448.6
0 41 36 82.02 0.0778 97.0
0 41 28 73.42 0.1274 168.9
0 41 20 198.15 0.1614 286.9
0 41 36 67.69 0.0738 116.8
0 41 17 63.29 0.0755 303.2
0 41 21 70.66 0.0865 313.2
0 41 34 153.56 0.0446 364.6
0 41 26 76.13 0.0740 249.8
0 41 29 95.83 0.0708 395.0
0 41 18 103.75 0.0502 952.1
0 41 25 285.30 0.0371 644.3
0 41 39 279.19 0.0557 887.1
0 41 26 59.32 0.0950 69.6
0 41 25 101.34 0.0696 511.6
0 41 21 54.84 0.1104 567.6
0 41 27 47.16 0.0768 355.5
0 41 37 277.87 0.0412 525.3
0 41 30 186.03 0.0529 156.0
0 41 38 299.94 0.0656 895.7
0 41 26 53.07 0.1118 496.8
0 41 25 55.08 0.0765 454.7
0 41 24 46.14 0.1144 541.3
0 41 20 575.89 0.0242 687.8
0 41 29 107.92 0.0585 264.3
0 41 18 55.36 0.0589 911.3
0 41 23 45.29 0.0847 570.2
0 41 36 46.97 0.1247 270.1
0 41 19 93.05 0.0553 930.5
0 41 27 134.61 0.0403 254.2
0 41 13 75.66 0.0906 263.6
0 41 39 142.13 0.0785 651.4
0 41 31 50.45 0.0652 253.1
0 41 31 169.15 0.0499 303.4
0 41 27 290.16 0.0401 805.2
0 41 28 47.27 0.1603 77.6
0 41 25 50.43 0.0536 166.1
0 41 20 60.56 0.0667 201.3
0 41 21 94.39 0.0655 357.8
0 41 16 61.51 0.0408 912.7
0 41 29 324.90 0.0608 461.2
0 41 30 74.43 0.0560 750.6
0 41 15 61.15 0.0764 56.7
0 41 26 75.53 0.0743 453.3
0 41 36 56.11 0.0943 141.8
0 41 43 139.03 0.0749 551.1
0 41 21 68.39 0.0863 326.3
0 41 22 139.51 0.0583 308.4
0 41 37 53.00 0.0918 6.0
0 41 23 92.86 0.0410 777.8
0 41 24 176.35 0.0512 718.3
0 41 17 45.03 0.1326 487.4
0 41 33 118.28 0.0719 212.6
0 41 19 46.17 0.1364 484.5
0 41 33 488.55 0.0605 208.4
0 41 45 167.07 0.0855 354.4
0 41 20 130.86 0.1317 489.8
0 41 13 496.32 0.1397 488.5
0 41 14 82.23 0.1637 232.2
0 41 35 65.96 0.0654 229.2
0 41 22 58.89 0.0526 292.3
0 41 43 50.49 0.0963 214.7
0 41 13 63.39 0.1338 488.6
0 41 19 48.04 0.1455 489.5
0 41 15 55.23 0.1078 501.5
0 41 16 50.72 0.1177 485.6
0 41 17 53.16 0.1114 485.2
0 41 39 230.08 0.0427 668.0
0 41 19 50.80 0.0683 184.0
0 41 18 138.05 0.1207 185.9
0 41 26 93.91 0.0679 199.0
0 41 24 127.46 0.0669 745.8
0 41 13 1410.82 0.0307 149.2
0 41 18 87.33 0.0344 80.2
0 41 32 153.72 0.0354 694.7
0 41 17 1025.94 0.1493 66.2
0 41 27 86.93 0.0781 254.0
0 41 33 86.17 0.0816 847.2
0 41 16 225.41 0.0288 219.0
0 41 23 124.33 0.0710 230.2
0 41 15 286.79 0.1435 35.5
0 41 17 187.17 0.1362 486.2
0 41 13 78.35 0.1270 491.4
0 41 19 65.00 0.0515 71.5
0 41 23 62.98 0.0737 295.5
0 41 39 84.76 0.0586 328.8
0 41 16 46.52 0.0625 134.7
0 41 44 63.86 0.0648 313.5
0 41 25 178.42 0.0654 471.7
0 41 29 74.12 0.0666 667.0
0 41 25 204.17 0.0857 565.8
0 41 44 240.32 0.0622 128.6
0 41 13 47.13 0.0637 149.0
0 41 40 341.66 0.0430 134.5
0 41 17 124.73 0.0772 200.9
0 41 19 62.91 0.0532 529.9
0 41 33 109.60 0.0511 687.6
0 41 25 178.16 0.1125 244.2
0 41 28 85.90 0.0480 269.7
0 41 19 76.45 0.0162 229.3
0 41 29 102.27 0.0500 661.8
0 41 20 121.81 0.0408 67.2
0 41 26 92.56 0.0235 486.4
0 41 21 157.25 0.0333 518.2
0 41 31 88.20 0.1101 285.1
0 41 40 106.49 0.0751 51.7
0 41 20 92.13 0.0990 327.7
0 41 20 46.29 0.0453 737.3
0 41 21 60.03 0.1072 210.4
0 41 32 88.11 0.0521 906.2
0 41 29 53.06 0.0829 231.5
0 41 28 58.70 0.1180 212.5
0 41 18 145.91 0.0503 753.9
0 41 24 223.66 0.0717 633.0
0 41 15 48.41 0.0384 22.7
0 41 35 80.03 0.0664 394.0
0 41 16 65.58 0.0169 262.1
0 41 18 214.82 0.0233 790.9
0 41 41 314.70 0.0517 132.7
0 41 46 154.58 0.0427 219.1
0 41 32 221.27 0.0565 119.2
0 41 16 65.08 0.0426 344.3
0 41 23 51.34 0.0983 246.0
0 41 34 563.86 0.0370 455.0
0 41 18 464.44 0.0891 234.0
0 41 38 65.64 0.0768 186.9
0 41 14 168.94 0.0989 257.2
0 41 29 65.53 0.0793 396.5
0 41 41 148.19 0.0606 273.9
0 41 38 197.62 0.0648 168.2
0 41 41 84.04 0.0740 706.3
0 41 22 52.21 0.0801 46.9
0 41 36 86.80 0.0792 711.6
0 41 20 127.94 0.0526 44.5
0 41 28 147.02 0.0534 213.9
0 41 21 145.28 0.0726 129.5
0 41 27 86.97 0.0602 275.0
0 41 27 59.70 0.1150 549.5
0 41 46 73.18 0.0815 112.5
0 41 26 89.66 0.0900 258.5
0 41 43 138.98 0.0735 55.8
0 41 29 88.32 0.0883 362.8
0 41 14 48.08 0.1270 96.0
0 41 40 161.74 0.0585 499.3
0 41 29 185.13 0.0898 114.8
0 41 33 71.59 0.0829 158.7
0 41 36 133.72 0.1088 843.8
0 41 23 61.34 0.0971 292.3
0 41 42 157.82 0.0535 854.8
0 41 13 62.35 0.1552 134.9
0 41 28 133.75 0.0712 121.9
0 41 27 122.26 0.0724 324.9
0 41 14 182.90 0.1297 70.3
0 41 15 345.55 0.1652 291.3
0 41 16 68.74 0.0389 394.1
0 41 31 83.51 0.0750 122.0
0 41 35 123.09 0.0711 759.0
0 41 15 170.62 0.0557 285.6
0 41 31 459.87 0.0513 689.1
0 41 25 260.77 0.0359 445.3
0 41 20 46.20 0.1251 242.3
0 41 17 111.16 0.0321 470.9
0 41 16 45.50 0.0448 636.6
0 41 19 65.62 0.0312 548.6
0 41 13 61.54 0.0714 239.3
0 41 29 77.49 0.0764 574.1
0 41 16 300.22 0.0804 84.6
0 41 26 45.85 0.0946 137.3
0 41 31 46.64 0.0971 188.3
0 41 19 73.94 0.0469 629.7
0 41 18 48.93 0.0540 81.9
0 41 21 76.55 0.0653 226.6
0 41 13 113.51 0.1322 530.7
0 41 17 135.43 0.1364 489.3
0 41 38 107.07 0.0611 608.0
0 41 31 83.74 0.0674 564.0
0 41 23 59.91 0.1095 799.6
0 41 15 109.13 0.0942 282.7
0 41 22 136.53 0.0506 311.3
0 41 20 442.53 0.0332 98.4
0 41 16 548.22 0.0272 61.8
0 41 15 58.94 0.0938 186.1
0 41 20 277.22 0.0327 780.7
0 41 29 226.79 0.0966 81.0
0 41 13 149.29 0.0580 204.4
0 41 17 52.64 0.1159 76.7
0 41 44 68.19 0.0756 814.1
0 41 14 99.70 0.1009 180.1
0 41 13 88.15 0.1637 106.2
0 41 45 102.67 0.0677 159.0
0 41 15 198.29 0.1262 218.9
0 41 31 72.39 0.1071 850.8
0 41 38 92.89 0.0787 722.2
0 43 31 204.53 0.0618 81.1
0 43 23 76.71 0.0765 708.8
0 43 29 104.28 0.0459 549.1
0 43 17 127.85 0.0484 81.3
0 43 42 94.28 0.0597 920.3
0 43 24 69.45 0.0487 536.8
0 43 16 521.40 0.0320 27.6
0 43 32 90.34 0.0689 589.6
0 43 23 95.23 0.0368 110.3
0 43 30 91.07 0.0799 61.6
0 43 20 145.95 0.0506 940.5
0 43 17 123.91 0.0422 215.6
0 43 15 170.32 0.0480 666.2
0 43 29 181.34 0.0767 646.0
0 43 20 109.76 0.0258 799.9
0 43 15 113.91 0.0743 124.9
0 43 24 132.08 0.0786 166.7
0 43 17 302.72 0.1179 18.8
0 43 32 79.48 0.0691 554.0
0 43 41 130.52 0.0572 224.2
0 43 31 302.51 0.0422 880.9
0 43 16 194.75 0.0309 44.1
0 43 31 163.29 0.0632 194.6
0 43 42 135.90 0.0670 537.9
0 43 27 69.66 0.0671 59.3
0 43 19 92.45 0.0276 760.6
0 43 17 249.88 0.0494 739.3
0 43 40 284.39 0.0602 140.3
0 43 24 100.03 0.0571 901.0
0 43 43 75.59 0.0814 611.6
0 43 19 103.86 0.0323 487.7
0 43 39 259.79 0.0718 181.9
0 43 23 45.06 0.0637 593.7
0 43 19 64.11 0.0309 172.3
0 43 16 61.95 0.0358 567.6
0 43 17 46.45 0.1387 555.6
0 43 35 61.04 0.0833 569.9
0 43 27 106.92 0.0280 43.9
0 43 42 199.22 0.0470 173.5
0 43 34 270.81 0.0490 500.7
0 43 21 140.98 0.0652 49.6
0 43 23 142.50 0.0759 62.1
0 43 24 110.19 0.0376 295.3
0 43 29 68.74 0.0577 160.7
0 43 31 145.88 0.0688 592.0
0 43 15 142.64 0.1261 36.7
0 43 24 65.93 0.0728 144.8
0 43 13 46.11 0.0412 132.8
0 43 36 51.86 0.0560 712.7
0 43 22 118.36 0.0509 203.8
0 43 17 72.45 0.0358 876.8
0 43 14 256.64 0.0761 46.8
0 43 18 55.59 0.0654 31.7
0 43 20 161.88 0.0304 475.4
0 43 31 172.43 0.0551 143.4
0 43 25 733.38 0.0358 544.5
0 43 13 145.93 0.1182 904.6
0 43 21 1581.07 0.0264 516.4
0 43 28 77.51 0.0628 518.1
0 43 31 514.59 0.0345 637.8
0 43 26 69.30 0.0627 56.6
0 43 39 101.48 0.0708 113.5
0 43 30 225.51 0.0613 238.2
0 43 26 139.44 0.0440 828.1
0 43 22 96.65 0.0536 833.0
0 43 20 51.17 0.0338 420.4
0 43 15 90.31 0.0468 481.6
0 43 13 203.99 0.1234 5.4
0 43 24 111.43 0.0343 249.4
0 43 16 119.13 0.0255 255.1
0 43 39 85.30 0.0632 922.1
0 43 32 101.23 0.0403 530.6
0 43 16 344.10 0.0355 599.3
0 43 16 221.43 0.0303 125.3
0 43 36 76.74 0.0704 282.8
0 43 24 126.70 0.0799 482.1
0 43 14 91.18 0.0560 139.6
0 43 17 169.10 0.0481 23.0
0 43 44 197.33 0.0618 562.9
0 43 25 65.19 0.0750 889.4
0 43 32 57.99 0.0883 474.7
0 43 42 85.73 0.1019 656.5
0 43 29 140.29 0.0479 11.6
0 43 34 314.89 0.0373 184.7
0 43 29 65.43 0.1029 873.2
0 43 25 105.80 0.0713 547.8
0 43 38 188.11 0.0634 365.4
0 43 39 146.59 0.0639 547.8
0 43 25 177.45 0.0243 92.9
0 43 18 235.15 0.0511 595.1
0 43 22 85.69 0.0816 917.5
0 43 17 87.41 0.0793 391.0
0 43 25 66.22 0.0231 25.3
0 43 17 103.70 0.0358 98.8
0 43 33 102.65 0.0729 606.7
0 43 34 143.62 0.0547 559.4
0 43 24 60.64 0.0756 918.4
0 43 21 106.35 0.0757 896.8
0 43 31 65.08 0.1127 568.2
0 43 28 82.70 0.0515 564.8
0 43 31 91.12 0.0760 614.9
0 43 28 45.55 0.1252 318.3
0 43 32 48.91 0.0990 827.3
0 43 30 58.44 0.1179 53.8
0 43 24 76.56 0.0645 42.7
0 43 27 47.73 0.1017 177.0
0 43 44 199.38 0.0451 111.1
0 43 31 170.46 0.0224 404.1
0 43 35 71.82 0.0790 242.7
0 43 24 132.23 0.0560 99.9
0 43 17 69.80 0.1066 218.6
0 43 21 89.91 0.0763 370.6
0 43 15 74.14 0.1131 287.9
0 43 26 73.58 0.0730 889.3
0 43 28 50.30 0.0913 595.1
0 43 36 290.23 0.0933 65.0
0 43 21 836.72 0.0526 643.0
0 43 28 119.03 0.0489 482.4
0 43 35 77.72 0.0694 521.1
0 43 24 378.60 0.0333 57.5
0 43 17 135.28 0.0364 940.4
0 43 23 65.70 0.0923 350.3
0 43 33 166.78 0.0650 894.5
0 43 13 64.65 0.1153 344.4
0 43 37 231.65 0.0380 626.6
0 43 28 59.99 0.0971 69.5
0 43 30 103.19 0.0815 131.0
0 43 38 67.77 0.0699 163.6
0 43 27 48.55 0.0926 955.9
0 43 23 119.86 0.0435 908.1
0 43 33 149.67 0.0450 289.9
0 43 29 112.49 0.0637 462.2
0 43 17 47.67 0.1126 22.1
0 43 34 159.46 0.0743 419.4
0 43 15 51.14 0.0755 65.9
0 43 18 203.88 0.0404 241.5
0 43 37 121.74 0.0596 419.5
0 43 33 171.73 0.0626 260.9
0 43 17 48.43 0.1436 117.4
0 43 19 349.17 0.0298 865.5
0 43 13 69.41 0.0906 874.4
0 43 29 236.23 0.1133 238.3
0 43 14 269.30 0.1293 143.3
0 43 15 517.38 0.1682 237.6
0 43 17 98.87 0.0299 207.2
0 43 18 94.62 0.0603 659.5
0 43 19 129.09 0.0949 548.9
0 43 36 113.50 0.0533 315.8
0 43 16 139.12 0.0272 361.3
0 43 35 51.92 0.0962 523.0
0 43 15 133.80 0.0294 912.3
0 43 31 108.94 0.0774 550.9
0 43 34 60.31 0.0730 165.3
0 43 13 61.54 0.1230 142.9
0 43 23 77.70 0.0496 893.1
0 43 30 410.63 0.0350 681.7
0 43 36 97.41 0.0943 896.1
0 43 18 132.00 0.0409 682.9
0 43 32 115.21 0.0448 454.5
0 43 24 112.93 0.0295 377.6
0 43 38 109.17 0.0743 273.0
0 43 40 71.90 0.0672 594.5
0 43 15 154.16 0.1176 939.6
0 43 15 69.38 0.0520 445.5
0 43 14 268.99 0.0836 250.1
0 43 27 261.88 0.0662 223.5
0 43 28 51.00 0.1154 499.9
0 43 22 86.43 0.0421 143.6
0 43 20 91.80 0.0527 911.7
0 43 36 49.60 0.0966 111.6
0 43 36 224.97 0.0350 689.4
0 43 18 56.91 0.0484 917.7
0 43 19 443.57 0.0348 383.0
0 43 19 72.49 0.0959 475.9
0 43 17 54.81 0.0416 889.3
0 43 17 47.62 0.0530 64.7
0 43 16 329.94 0.0267 273.4
0 43 14 91.65 0.0770 62.9
0 43 13 131.56 0.0975 130.3
0 43 28 51.86 0.1132 150.5
0 43 13 60.72 0.1001 849.4
0 43 14 48.04 0.1272 128.3
0 43 28 112.49 0.0406 394.4
0 43 35 102.62 0.0473 30.5
0 43 13 136.29 0.1684 141.9
0 43 13 379.53 0.1045 156.5
0 43 22 738.00 0.0361 866.0
0 43 17 172.42 0.0474 66.4
0 43 18 391.29 0.0985 156.9
0 43 15 90.46 0.0676 774.7
0 45 34 70.34 0.0590 529.0
0 45 35 85.63 0.0682 451.6
0 45 13 69.34 0.1513 262.3
0 45 28 101.67 0.0436 375.7
0 45 35 56.43 0.1055 765.3
0 45 16 140.27 0.0528 837.2
0 45 28 137.76 0.0507 392.1
0 45 32 182.20 0.0685 296.3
0 45 27 137.81 0.0335 15.2
0 45 32 95.45 0.0876 426.9
0 45 46 113.11 0.0717 144.5
0 45 38 49.17 0.1329 147.8
0 45 26 60.49 0.0864 96.9
0 45 32 76.68 0.0694 136.5
0 45 35 180.96 0.0609 765.4
0 45 27 81.61 0.0752 209.9
0 45 18 365.70 0.0546 416.8
0 45 33 224.83 0.0550 908.3
0 45 36 200.50 0.0511 628.1
0 45 35 54.80 0.0803 185.5
0 45 42 89.03 0.0737 28.5
0 45 34 143.59 0.0749 274.3
0 45 20 62.69 0.0952 768.0
0 45 16 122.97 0.0729 458.5
0 45 26 164.91 0.0785 217.9
0 45 45 399.09 0.0554 456.8
0 45 39 177.19 0.0492 486.0
0 45 37 66.05 0.0790 432.2
0 45 32 56.35 0.0962 480.0
0 45 18 85.28 0.0578 918.5
0 45 38 58.41 0.0980 208.6
0 45 36 131.64 0.0704 228.5
0 45 18 61.28 0.0574 358.8
0 45 22 91.04 0.0382 640.4
0 45 31 221.09 0.0747 236.8
0 45 38 141.36 0.0435 401.5
0 45 14 72.66 0.0162 222.0
0 45 38 63.85 0.0865 708.0
0 45 31 69.91 0.1207 420.7
0 45 36 47.78 0.0833 231.0
0 45 23 113.62 0.0834 365.5
0 45 34 262.48 0.0316 361.9
0 45 18 104.44 0.0644 351.9
0 45 37 128.59 0.0742 556.2
0 45 25 84.74 0.0473 352.7
0 45 27 55.57 0.0833 395.9
0 45 33 361.89 0.0331 429.0
0 45 35 77.39 0.0678 231.8
0 45 24 105.42 0.0779 68.4
0 45 31 55.30 0.0635 817.1
0 45 23 57.45 0.0553 119.6
0 45 27 157.41 0.0423 612.2
0 45 22 63.01 0.0921 75.6
0 45 19 83.84 0.0669 754.6
0 45 24 57.13 0.1154 316.0
0 45 26 124.64 0.0549 205.2
0 45 30 77.41 0.0649 269.2
0 45 38 91.95 0.0688 524.2
0 45 45 115.69 0.0436 401.0
0 45 34 68.68 0.0759 216.8
0 45 20 64.91 0.0730 388.2
0 45 38 66.66 0.0846 65.6
0 45 28 58.11 0.1167 716.2
0 45 21 57.98 0.0775 181.0
0 45 23 197.03 0.0286 480.9
0 45 43 70.40 0.0914 471.6
0 45 18 83.38 0.0797 26.6
0 45 13 299.94 0.0832 241.5
0 45 28 66.00 0.0905 80.6
0 45 38 82.64 0.0612 183.2
0 45 16 277.88 0.0408 782.9
0 45 36 92.88 0.0791 485.5
0 45 28 53.82 0.0984 571.3
0 45 36 255.96 0.0658 171.4
0 45 24 219.73 0.0461 615.3
0 45 35 109.69 0.0371 456.9
0 45 30 176.88 0.0612 504.3
0 45 36 99.67 0.0688 200.4
0 45 32 81.11 0.0685 299.8
0 45 37 81.54 0.0648 252.4
0 45 34 74.59 0.0672 455.8
0 45 25 59.08 0.1096 268.7
0 45 38 172.19 0.0396 459.0
0 45 31 54.53 0.1014 219.3
0 45 35 85.29 0.0586 772.2
0 45 14 48.36 0.0794 377.9
0 45 17 158.02 0.0350 358.5
0 45 13 245.22 0.1564 109.6
0 45 39 4287.20 0.0669 230.0
0 45 32 59.93 0.0788 138.8
0 45 34 71.34 0.0912 140.8
0 45 28 165.36 0.0515 205.8
0 45 31 102.98 0.0479 405.0
0 45 34 162.04 0.0398 46.2
0 45 21 48.35 0.1192 406.1
0 45 29 54.38 0.0634 130.0
0 45 18 62.30 0.0974 441.5
0 45 26 45.83 0.1160 361.8
0 45 43 990.08 0.0461 460.8
0 45 41 178.96 0.0371 421.7
0 45 17 78.81 0.0941 897.3
0 45 32 94.03 0.0593 771.2
0 45 33 62.35 0.0987 786.3
0 45 48 192.59 0.0508 399.7
0 45 43 234.76 0.0496 516.0
0 45 32 183.78 0.0749 24.8
0 45 19 117.17 0.0879 552.9
0 45 29 143.08 0.0538 125.9
0 45 36 229.74 0.0588 418.7
0 45 34 132.69 0.0506 631.3
0 45 21 296.27 0.0359 328.1
0 45 15 245.48 0.0553 80.6
0 45 25 70.36 0.0855 20.1
0 45 37 92.32 0.0589 296.2
0 45 32 160.27 0.0314 323.0
0 45 21 93.69 0.0772 174.3
0 45 32 104.89 0.0522 43.4
0 45 13 104.51 0.0579 259.4
0 45 37 130.68 0.0520 713.3
0 45 45 108.09 0.0618 762.5
0 45 17 224.62 0.0835 555.7
0 45 41 352.78 0.0556 51.4
0 45 25 80.72 0.0857 500.9
0 45 32 52.62 0.0902 408.4
0 45 28 62.96 0.0807 509.4
0 45 16 89.94 0.1007 459.2
0 45 21 54.54 0.1295 452.7
0 45 18 111.96 0.0886 67.6
0 45 37 64.45 0.0964 771.9
0 45 21 80.14 0.0816 269.4
0 45 44 100.62 0.0651 179.4
0 45 38 195.58 0.0823 625.2
0 45 42 54.66 0.0748 172.3
0 45 46 78.56 0.0748 168.8
0 45 23 257.16 0.0351 500.2
0 45 27 63.80 0.0563 392.7
0 45 19 80.64 0.0313 284.4
0 45 18 91.74 0.0690 402.3
0 45 32 135.12 0.0389 868.4
0 45 42 133.16 0.0668 487.9
0 45 24 144.90 0.0411 285.5
0 45 38 123.20 0.1244 453.6
0 45 18 87.12 0.0865 54.2
0 45 27 195.96 0.0524 327.1
0 45 36 116.74 0.0745 159.1
0 45 23 93.47 0.0744 785.5
0 45 26 56.17 0.0719 525.2
0 45 18 90.27 0.0771 779.2
0 45 35 140.57 0.0624 529.8
0 45 44 52.89 0.1084 255.6
0 45 39 129.95 0.0584 152.5
0 45 17 55.26 0.1239 485.3
0 45 33 80.07 0.0625 570.9
0 45 38 150.63 0.0470 681.1
0 45 14 77.40 0.0905 520.0
0 45 40 122.20 0.0560 203.8
0 45 38 85.51 0.0818 464.8
0 45 24 54.17 0.0999 144.5
0 45 45 115.00 0.0781 99.5
0 45 20 50.86 0.0447 182.2
0 45 22 45.63 0.0751 174.0
0 45 29 51.64 0.0837 732.1
0 45 15 63.68 0.1435 163.0
0 45 18 120.41 0.0289 47.3
0 45 20 53.29 0.1038 676.0
0 45 30 59.76 0.0816 179.5
0 45 42 60.66 0.1094 714.7
0 45 15 88.19 0.0772 830.7
0 45 43 178.15 0.0584 172.7
0 45 40 134.99 0.0683 489.8
0 45 27 77.42 0.1109 924.5
0 45 16 58.83 0.0437 318.5
0 45 43 80.63 0.0774 324.6
0 45 39 81.38 0.0764 500.7
0 45 33 56.77 0.0774 890.3
0 45 38 106.16 0.0550 52.9
0 45 30 103.38 0.1232 227.9
0 45 38 142.86 0.0626 473.1
0 45 36 49.54 0.1057 127.8
0 45 41 108.42 0.0720 62.9
0 45 40 146.29 0.0537 708.8
0 45 22 110.73 0.0313 184.0
0 45 41 125.55 0.0450 414.2
0 45 23 109.19 0.0343 214.7
0 45 39 77.92 0.0658 572.8
0 45 29 66.33 0.0763 129.9
0 45 28 457.94 0.0785 119.1
0 45 37 138.99 0.0523 339.6
0 45 35 72.79 0.0827 471.9
0 45 39 135.81 0.0737 186.0
0 45 37 82.94 0.0563 126.9
0 45 36 87.53 0.0735 417.8
0 45 28 75.84 0.0986 136.8
0 45 14 61.89 0.1927 118.6
0 45 20 77.00 0.0753 253.0
0 45 17 60.24 0.1250 217.7
0 45 22 183.95 0.0425 112.0
0 45 21 107.26 0.0721 352.7
0 45 14 128.90 0.0995 585.7
0 45 28 113.44 0.0878 475.6
0 45 28 131.38 0.0446 108.2
0 45 21 180.16 0.0294 29.8
0 45 15 212.27 0.0605 284.4
0 45 16 47.79 0.0509 915.4
0 45 15 192.44 0.0945 119.5
0 45 20 248.68 0.0456 117.7
0 45 27 66.33 0.1130 223.0
0 45 19 59.83 0.0965 53.3
0 45 22 88.71 0.0634 348.4
0 45 13 95.91 0.0590 268.8
0 45 27 220.10 0.0411 599.2
0 45 19 125.70 0.0901 161.4
0 45 28 233.59 0.0341 11.3
0 45 32 70.26 0.0797 246.9
0 45 38 263.31 0.0549 698.9
0 45 14 76.73 0.0699 13.5
0 45 19 45.88 0.1102 391.7
0 45 25 79.21 0.0547 166.4
0 45 14 79.26 0.0657 378.8
0 45 17 828.36 0.0404 778.7
0 45 20 159.46 0.0524 23.3
0 45 19 69.15 0.0362 43.5
0 45 16 381.53 0.0402 552.0
0 45 15 45.56 0.1556 301.9
0 45 26 464.49 0.0247 862.5
0 45 20 45.27 0.0435 268.2
0 45 29 103.19 0.0706 276.8
0 45 16 147.57 0.0417 28.9
0 45 17 47.66 0.0504 166.0
0 45 24 103.90 0.0578 752.4
0 45 34 89.70 0.0543 776.4
0 45 24 46.76 0.0912 68.9
0 45 15 68.78 0.0691 461.8
0 45 27 86.07 0.0434 140.2
0 45 19 88.78 0.0478 32.4
0 45 14 222.08 0.0421 941.9
0 45 28 102.96 0.0743 429.0
0 45 17 106.56 0.0641 51.5
0 45 41 64.69 0.1071 455.3
0 45 24 96.30 0.0288 129.9
0 45 28 205.66 0.0478 701.0
0 45 31 56.63 0.0896 169.9
0 45 28 50.01 0.1270 330.9
0 45 19 52.94 0.0940 132.3
0 45 22 65.07 0.0882 438.7
0 45 20 64.05 0.0501 808.8
0 45 16 70.21 0.0172 142.0
0 45 20 87.18 0.0703 328.3
0 45 20 108.39 0.0274 348.1
0 45 33 65.91 0.1267 208.3
0 45 25 104.70 0.0697 456.5
0 48 29 65.84 0.1003 917.1
0 48 31 121.77 0.0818 832.0
0 48 36 87.70 0.0737 310.9
0 48 21 85.31 0.0478 561.8
0 48 43 107.68 0.0676 430.1
0 48 24 138.08 0.0553 773.2
0 48 27 89.92 0.0845 245.8
0 48 34 371.78 0.0537 252.7
0 48 28 91.87 0.0528 83.3
0 48 23 72.22 0.1125 454.6
0 48 23 108.18 0.0754 100.6
0 48 14 64.04 0.0312 189.0
0 48 36 115.28 0.0718 79.7
0 48 25 55.46 0.0552 902.9
0 48 31 54.37 0.0990 219.6
0 48 33 96.81 0.0572 286.4
0 48 34 150.70 0.0597 363.2
0 48 47 84.34 0.0421 551.2
0 48 31 170.70 0.0713 510.0
0 48 44 56.79 0.0953 417.7
0 48 30 90.53 0.0785 143.5
0 48 26 111.83 0.0635 563.6
0 48 27 116.70 0.0437 166.7
0 48 32 124.60 0.0746 173.9
0 48 13 196.01 0.1809 561.3
0 48 20 213.45 0.0755 663.9
0 48 20 128.54 0.0356 234.2
0 48 37 167.04 0.0541 120.9
0 48 26 54.70 0.0442 533.3
0 48 30 115.15 0.0602 123.0
0 48 27 84.06 0.0775 339.2
0 48 26 125.69 0.1073 917.1
0 48 37 198.91 0.0412 899.0
0 48 30 67.50 0.0832 604.2
0 48 30 1068.64 0.0476 70.4
0 48 18 135.15 0.0968 364.0
0 48 19 107.27 0.0769 705.6
0 48 14 66.90 0.1213 903.4
0 48 24 274.43 0.0344 264.8
0 48 25 51.17 0.0556 262.2
0 48 32 52.71 0.1160 245.4
0 48 14 111.19 0.0495 59.7
0 48 35 54.28 0.0503 942.6
0 48 32 122.97 0.0825 628.0
0 48 29 95.46 0.0702 794.2
0 48 29 159.97 0.0382 473.1
0 48 32 58.00 0.1047 665.7
0 48 34 430.42 0.0588 548.0
0 48 39 211.04 0.0608 147.6
0 48 39 66.66 0.0820 228.7
0 48 27 58.54 0.0891 198.9
0 48 32 853.51 0.0513 313.2
0 48 32 72.50 0.0795 167.1
0 48 44 171.48 0.0414 465.4
0 48 33 85.22 0.0468 318.6
0 48 29 110.83 0.0650 662.3
0 48 29 60.86 0.0962 538.3
0 48 23 115.65 0.0720 190.1
0 48 26 77.04 0.1193 772.2
0 48 35 94.82 0.0599 390.7
0 48 35 160.58 0.0476 551.3
0 48 39 103.61 0.0520 429.7
0 48 35 213.25 0.0578 258.4
0 48 35 52.97 0.0755 423.6
0 48 31 288.02 0.0893 212.7
0 48 41 205.88 0.0439 531.7
0 48 36 86.36 0.0809 805.2
0 48 40 116.52 0.0489 324.9
0 48 14 736.96 0.0326 456.8
0 48 44 129.79 0.0554 549.6
0 48 40 267.73 0.0369 224.3
0 48 42 125.22 0.0642 653.0
0 48 27 122.42 0.0512 51.2
0 48 25 132.13 0.0420 779.4
0 48 27 135.03 0.0401 62.6
0 48 16 133.04 0.0615 868.8
0 48 33 78.05 0.0496 940.5
0 48 17 172.57 0.0847 944.1
0 48 33 175.24 0.0359 348.3
0 48 24 110.41 0.0469 387.8
0 48 30 96.47 0.0627 174.3
0 48 15 69.43 0.0986 498.7
0 48 13 67.50 0.1471 524.5
0 48 35 77.84 0.0964 242.5
0 48 22 67.93 0.1063 397.2
0 48 16 82.44 0.0352 673.7
0 48 29 81.54 0.0581 85.7
0 48 25 102.19 0.0402 894.1
0 48 31 78.09 0.0667 360.3
0 48 27 141.18 0.0829 672.0
0 48 44 95.40 0.0562 437.8
0 48 46 66.80 0.0996 293.8
0 48 24 199.57 0.0649 882.5
0 48 38 126.57 0.0480 747.7
0 48 31 225.29 0.0681 155.7
0 48 32 63.33 0.0768 642.2
0 48 19 47.35 0.0749 885.6
0 48 45 108.03 0.0506 397.3
0 48 36 67.03 0.0959 644.4
0 48 23 57.58 0.1147 156.7
0 48 23 58.76 0.1167 331.5
0 48 26 74.42 0.0547 48.8
0 48 34 128.73 0.0624 92.5
0 48 13 64.20 0.0455 40.6
0 48 17 67.49 0.0832 193.6
0 48 40 114.88 0.0827 902.4
0 48 19 131.21 0.1064 229.4
0 48 36 72.31 0.0819 85.7
0 48 30 85.58 0.0385 751.9
0 48 13 91.74 0.0744 491.8
0 48 27 106.80 0.0397 34.4
0 48 45 58.21 0.0703 533.2
0 48 35 84.75 0.0706 97.7
0 48 28 62.62 0.0928 267.8
0 48 35 117.09 0.0522 548.8
0 48 43 169.76 0.0479 909.1
0 48 24 524.44 0.0570 282.7
0 48 25 50.69 0.1264 432.7
0 48 26 366.33 0.0416 453.6
0 48 36 117.52 0.0684 655.1
0 48 29 98.95 0.0401 788.9
0 48 35 107.29 0.0724 662.4
0 48 46 107.80 0.0691 495.9
0 48 38 95.59 0.0564 198.9
0 48 35 107.42 0.0706 51.8
0 48 39 58.25 0.1066 742.5
0 48 44 112.70 0.0729 613.2
0 48 15 51.06 0.0993 68.5
0 48 40 59.39 0.1050 723.1
0 48 39 206.12 0.0411 426.6
0 48 24 78.15 0.1643 596.3
0 48 19 335.40 0.0930 542.0
0 48 19 134.55 0.0803 303.2
0 48 22 78.04 0.0431 650.2
0 48 40 67.77 0.0937 76.3
0 48 36 48.89 0.0938 596.3
0 48 33 83.75 0.0753 890.5
0 48 17 82.47 0.0329 600.7
0 48 39 86.30 0.0902 661.6
0 48 29 139.14 0.0513 328.7
0 48 37 213.35 0.0735 678.5
0 48 19 105.41 0.0331 246.0
0 48 38 128.14 0.0704 287.0
0 48 32 70.46 0.0914 721.6
0 48 36 79.11 0.0741 507.9
0 48 37 148.44 0.0808 697.7
0 48 38 113.77 0.0452 645.0
0 48 24 59.00 0.0414 717.0
0 48 26 56.66 0.0699 59.4
0 48 24 117.84 0.0534 675.9
0 48 36 121.19 0.0723 356.3
0 48 35 151.34 0.0599 607.6
0 48 44 48.68 0.0890 339.7
0 48 14 347.09 0.0580 142.1
0 48 36 64.18 0.1073 765.8
0 48 20 50.77 0.0450 34.8
0 48 19 130.34 0.0551 88.9
0 48 40 170.66 0.0571 883.6
0 48 22 1644.15 0.0500 242.1
0 48 21 51.55 0.0512 319.6
0 48 20 86.25 0.0412 137.3
0 48 17 78.75 0.0807 151.5
0 48 20 71.44 0.0999 701.9
0 48 35 59.51 0.0736 48.4
0 48 31 113.02 0.0525 107.4
0 48 37 65.99 0.0769 404.3
0 48 24 86.62 0.0431 320.7
0 48 29 61.08 0.0642 455.2
0 48 43 203.68 0.0759 855.7
0 48 15 55.57 0.1500 705.0
0 48 36 86.20 0.0809 440.7
0 48 35 91.81 0.0525 369.7
0 48 41 61.94 0.0735 195.3
0 48 34 172.42 0.0658 451.2
0 48 13 108.32 0.1357 786.9
0 48 13 412.81 0.0401 611.2
0 48 15 50.23 0.0400 605.7
0 48 39 144.22 0.0528 427.0
0 48 24 61.24 0.0643 275.3
0 48 16 52.87 0.1105 916.3
0 48 18 54.37 0.1003 151.5
0 48 16 168.54 0.0293 549.9
0 48 28 46.17 0.0632 651.2
0 48 31 86.97 0.0693 540.8
0 48 28 143.92 0.0812 757.4
0 48 25 72.58 0.1045 572.3
0 48 36 116.38 0.0855 411.8
0 48 20 115.38 0.0747 246.0
0 48 21 88.71 0.0180 559.0
0 48 19 187.59 0.0366 234.5
0 48 44 102.80 0.0592 356.1
0 48 24 68.22 0.0418 393.6
0 48 23 63.64 0.1148 624.8
0 48 18 92.01 0.0549 281.5
0 48 16 70.10 0.1298 608.6
0 48 38 199.03 0.0744 532.9
0 48 15 311.61 0.1250 282.9
0 48 16 230.34 0.0527 47.2
0 48 15 433.56 0.0731 449.8
0 48 38 45.77 0.0974 265.3
0 48 26 69.97 0.0707 900.3
0 48 38 45.45 0.0912 736.8
0 48 22 68.78 0.0798 591.0
0 48 13 179.61 0.0716 563.4
0 48 16 61.88 0.0402 610.6
0 48 23 90.40 0.0906 196.0
0 48 38 138.77 0.0538 164.2
0 48 26 105.48 0.0700 647.0
0 48 16 94.85 0.1016 53.1
0 48 22 106.06 0.0810 600.9
0 48 15 59.63 0.1108 934.4
0 48 14 61.14 0.0896 14.3
0 48 31 64.23 0.0672 725.0
0 48 19 78.36 0.1121 299.5
0 48 14 466.45 0.1131 811.0
0 48 18 49.20 0.1297 62.6
0 48 36 50.40 0.0713 465.6
0 48 38 180.59 0.0517 486.1
0 48 39 69.98 0.0750 67.1
0 48 23 88.05 0.0595 187.7
0 48 19 135.08 0.0320 315.7
0 52 15 88.97 0.0405 18.8
0 52 32 160.58 0.0599 754.9
0 52 32 119.36 0.1190 717.8
0 52 39 80.65 0.0934 449.2
0 52 42 141.36 0.0459 244.0
0 52 36 57.82 0.0875 539.7
0 52 32 118.66 0.0746 814.8
0 52 30 99.13 0.1180 835.1
0 52 33 70.38 0.1145 272.5
0 52 28 206.99 0.1020 798.7
0 52 41 57.18 0.0848 321.3
0 52 26 83.58 0.0636 562.7
0 52 40 95.11 0.0379 558.2
0 52 23 294.93 0.0401 252.5
0 52 33 97.70 0.0667 216.1
0 52 43 1209.25 0.1095 470.9
0 52 38 77.40 0.0789 943.2
0 52 35 86.30 0.0513 863.9
0 52 37 71.27 0.0867 397.5
0 52 21 75.14 0.0892 924.4
0 52 16 70.75 0.0932 400.9
0 52 16 50.07 0.1007 404.7
0 52 35 137.13 0.0709 503.3
0 52 32 69.67 0.0635 337.4
0 52 25 142.78 0.0519 289.4
0 52 29 163.97 0.0276 713.9
0 52 26 119.16 0.0451 634.8
0 52 35 69.55 0.0781 887.9
0 52 31 55.70 0.0665 584.0
0 52 18 259.94 0.0554 360.1
0 52 36 150.20 0.0633 356.7
0 52 40 53.65 0.0793 805.5
0 52 38 121.40 0.0538 712.8
0 52 40 235.14 0.0461 909.2
0 52 31 104.46 0.0508 176.6
0 52 20 370.58 0.0307 488.4
0 52 30 58.42 0.1181 404.3
0 52 25 52.19 0.0932 400.3
0 52 20 72.76 0.0705 648.1
0 52 30 118.86 0.0606 517.3
0 52 32 67.25 0.0496 878.1
0 52 29 94.78 0.0658 274.3
0 52 19 47.25 0.0324 487.7
0 52 24 89.40 0.1050 909.6
0 52 26 77.10 0.0654 735.3
0 52 19 92.61 0.0520 605.4
0 52 31 51.68 0.0964 845.7
0 52 28 64.56 0.0659 245.2
0 52 28 56.75 0.1063 854.9
0 52 15 84.63 0.0413 916.9
0 52 20 294.84 0.0593 467.3
0 52 20 116.64 0.0709 382.1
0 52 13 54.10 0.1081 832.8
0 52 13 72.93 0.0974 588.9
0 52 14 342.74 0.1678 564.3
0 52 41 179.31 0.0579 341.6
0 52 19 68.63 0.1041 601.7
0 52 22 80.04 0.0756 223.3
0 52 15 103.47 0.1292 573.1
0 52 39 90.00 0.0784 591.4
0 52 26 122.44 0.0678 465.0
0 52 38 268.73 0.0728 409.3
0 52 21 67.11 0.0501 752.1
0 52 26 120.59 0.0592 712.5
0 52 25 93.86 0.0600 434.9
0 52 28 82.97 0.0729 442.0
0 52 24 63.81 0.0627 897.4
0 52 29 146.40 0.0347 178.7
0 52 13 113.46 0.1208 840.8
0 52 16 69.16 0.0317 558.9
0 52 19 92.12 0.0878 402.0
0 52 47 151.31 0.0609 853.0
0 52 15 81.60 0.0967 617.6
0 52 15 64.62 0.1059 604.9
0 52 15 53.75 0.1400 617.3
0 52 34 63.63 0.1175 883.7
0 52 27 67.30 0.0249 177.0
0 52 15 66.68 0.1027 604.7
0 52 29 64.07 0.1306 812.5
0 52 24 74.56 0.0786 249.2
0 52 26 74.69 0.0519 739.3
0 52 38 115.06 0.0577 500.5
0 52 21 65.51 0.1065 921.8
0 52 18 562.97 0.0570 473.8
0 52 39 177.94 0.0615 381.3
0 52 27 120.11 0.0973 686.4
0 52 22 112.51 0.1034 767.1
0 52 16 136.41 0.1012 598.4
0 52 16 126.08 0.0412 333.8
0 52 36 167.01 0.0623 805.6
0 52 42 201.33 0.0418 330.5
0 52 21 193.06 0.0296 489.9
0 52 23 100.11 0.0483 504.2
0 52 30 61.41 0.0532 578.4
0 52 31 88.41 0.0930 850.3
0 52 28 148.85 0.0532 185.4
0 52 32 94.28 0.0492 301.4
0 52 26 105.27 0.1137 775.1
0 52 16 321.49 0.0536 725.3
0 52 42 147.57 0.0329 164.7
0 52 29 65.34 0.0996 276.3
0 52 16 64.44 0.0214 577.5
0 52 17 69.51 0.0432 753.3
0 52 21 215.08 0.0342 387.7
0 52 22 79.90 0.0402 497.7
0 52 28 76.85 0.0620 391.0
0 52 43 152.57 0.0693 877.5
0 52 17 51.22 0.0590 779.4
0 52 18 111.66 0.0379 617.3
0 52 25 62.15 0.0599 177.6
0 52 27 99.78 0.0521 373.8
0 52 42 194.36 0.0592 596.6
0 52 39 186.40 0.0477 775.3
0 52 47 90.95 0.0461 395.3
0 52 27 91.36 0.0620 482.8
0 52 28 101.32 0.0749 708.1
0 52 44 121.31 0.0734 113.5
0 52 38 128.42 0.0556 248.8
0 52 18 205.03 0.0974 515.8
0 52 29 4044.58 0.0415 427.9
0 52 32 202.63 0.0508 158.7
0 52 33 79.62 0.0690 255.9
0 52 23 101.47 0.0641 558.1
0 52 40 246.67 0.0684 794.5
0 52 22 92.49 0.0916 251.9
0 52 19 48.25 0.1156 664.9
0 52 38 78.07 0.0522 485.2
0 52 29 497.79 0.0644 565.0
0 52 41 159.24 0.0535 731.5
0 52 23 53.74 0.0768 230.8
0 52 18 354.91 0.0396 678.3
0 52 19 277.60 0.1125 812.8
0 52 35 189.43 0.0540 328.7
0 52 19 78.63 0.0609 699.0
0 52 25 69.50 0.0559 111.6
0 52 17 148.18 0.1279 23.4
0 52 13 97.00 0.1682 124.3
0 52 38 270.89 0.0657 868.0
0 52 23 90.85 0.1185 142.5
0 52 32 174.10 0.0384 321.9
0 52 41 210.42 0.0711 477.0
0 52 15 45.38 0.1147 489.1
0 52 21 184.94 0.0501 149.7
0 52 19 115.92 0.0672 383.4
0 52 22 58.32 0.0615 932.9
0 52 16 109.43 0.0979 678.9
0 52 20 130.21 0.0558 334.5
0 52 15 145.75 0.0408 793.1
0 52 14 74.95 0.0502 872.5
0 52 13 71.33 0.1282 154.1
0 52 15 65.34 0.0989 563.7
0 52 14 61.52 0.1068 579.0
0 52 18 50.56 0.1434 908.4
0 52 25 128.32 0.0381 743.9
0 52 23 90.04 0.0665 746.7
0 52 45 88.60 0.0576 221.2
0 52 30 51.84 0.0930 694.7
0 52 28 45.35 0.0924 183.7
0 52 37 88.87 0.0565 883.1
0 52 13 134.10 0.0659 919.9
0 52 14 51.95 0.1324 592.8
0 52 14 495.80 0.1254 605.0
0 52 16 45.21 0.0861 46.8
0 52 16 82.75 0.0750 182.6
0 52 16 55.41 0.1067 872.2
0 52 14 70.37 0.1435 764.9
0 52 29 2640.99 0.0449 366.4
0 52 20 229.99 0.0867 718.5
0 52 36 103.25 0.0476 189.8
0 52 33 60.07 0.0896 899.8
0 52 20 72.16 0.0769 667.9
0 52 34 56.43 0.0976 879.6
0 52 15 113.45 0.0729 719.7
0 52 16 45.25 0.0554 418.2
0 53 32 498.20 0.0577 170.6
0 53 46 99.48 0.0618 117.3
0 53 47 148.67 0.0460 526.7
0 54 23 86.47 0.0743 766.5
0 54 39 191.15 0.0643 686.8
0 54 40 188.28 0.0775 282.9
0 54 20 308.52 0.0686 71.2
0 54 27 165.22 0.0613 155.8
0 54 23 49.90 0.0892 39.5
0 54 32 112.18 0.0436 684.9
0 54 16 126.07 0.0312 723.1
0 54 19 269.33 0.0159 114.3
0 54 22 129.53 0.0486 237.4
0 54 18 103.14 0.0516 366.5
0 54 20 82.37 0.0397 951.3
0 54 22 227.74 0.0596 320.7
0 55 31 187.69 0.0442 564.6
0 55 32 125.01 0.0566 302.0
0 55 44 118.55 0.0621 527.2
0 55 31 137.05 0.0743 764.5
0 55 39 107.71 0.0550 591.7
0 55 29 124.91 0.0542 307.8
0 55 14 273.14 0.0509 278.2
0 55 31 62.13 0.0703 235.9
0 55 21 98.84 0.0789 369.8
0 55 34 50.31 0.0856 241.7
0 55 29 81.37 0.0631 491.1
0 55 31 74.79 0.0630 193.2
0 55 35 45.32 0.0870 332.5
0 55 41 122.33 0.0594 354.7
0 55 22 99.92 0.0718 63.5
0 55 39 139.92 0.0531 473.9
0 55 24 58.16 0.1148 368.7
0 55 24 71.87 0.0861 352.5
0 55 18 50.38 0.1217 397.3
0 55 21 47.75 0.0674 924.6
0 55 38 192.84 0.0596 796.7
0 55 43 251.93 0.0710 294.1
0 55 24 49.33 0.0773 131.2
0 55 34 57.46 0.1008 817.2
0 55 23 89.93 0.0593 890.3
0 55 24 107.15 0.1100 867.0
0 55 31 99.25 0.0734 406.8
0 55 28 181.08 0.0719 851.3
0 55 20 89.04 0.1058 855.3
0 55 24 74.38 0.0409 17.4
0 55 24 156.89 0.0484 373.3
0 55 18 56.61 0.0444 955.4
0 55 14 48.10 0.0861 134.6
0 55 18 59.84 0.0912 822.0
0 55 25 47.84 0.0746 772.8
0 55 42 133.77 0.0460 841.6
0 55 33 71.74 0.0734 784.7
0 55 28 73.00 0.0936 587.1
0 55 34 153.12 0.0511 393.4
0 55 16 233.73 0.1322 911.3
0 55 32 88.89 0.0926 464.6
0 55 15 854.26 0.1376 426.3
0 55 22 76.67 0.0400 213.3
0 55 21 900.57 0.0398 297.6
0 55 42 115.60 0.0510 823.2
0 55 29 86.87 0.1184 236.4
0 55 33 103.64 0.0613 94.5
0 55 36 114.37 0.0743 484.7
0 55 31 109.20 0.0523 259.7
0 55 41 197.88 0.0549 857.0
0 55 21 62.41 0.0882 738.2
0 55 26 182.79 0.0447 465.8
0 55 28 112.95 0.0779 585.5
0 55 18 56.50 0.0778 499.4
0 55 15 96.06 0.0342 555.2
0 55 47 153.86 0.0491 633.1
0 55 15 47.24 0.1150 236.4
0 55 28 112.37 0.0809 498.7
0 55 16 48.13 0.0642 708.5
0 55 23 381.76 0.0363 198.5
0 55 46 77.76 0.0650 474.1
0 55 37 325.37 0.0636 121.8
0 55 23 135.61 0.0878 241.9
0 55 48 287.04 0.0567 362.7
0 55 13 82.57 0.0646 25.8
0 55 48 187.78 0.0565 776.9
0 55 46 73.87 0.0789 265.4
0 55 20 68.79 0.0899 941.6
0 55 17 45.32 0.0529 387.7
0 55 24 81.01 0.0827 861.3
0 55 25 160.69 0.0708 290.9
0 55 23 154.82 0.0950 499.9
0 55 29 48.86 0.0829 239.6
0 55 34 53.03 0.0960 32.9
0 55 14 48.91 0.0872 47.7
0 55 38 177.54 0.0679 584.7
0 55 31 62.06 0.1098 475.3
0 55 27 66.97 0.0718 157.3
0 55 32 60.44 0.0765 106.4
0 55 38 96.77 0.0591 735.4
0 55 22 58.83 0.0552 737.3
0 55 23 52.28 0.0887 390.9
0 55 30 86.66 0.0455 320.8
0 55 17 132.34 0.0546 681.5
0 55 33 47.55 0.1158 331.3
0 55 33 209.51 0.0641 156.1
0 55 28 114.18 0.0596 542.0
0 55 42 102.07 0.0634 619.8
0 55 33 997.54 0.0499 440.1
0 55 20 85.04 0.0442 931.2
0 55 21 74.95 0.0949 341.6
0 55 20 63.21 0.0778 776.5
0 55 26 89.31 0.1080 422.3
0 55 15 75.04 0.1177 299.7
0 55 19 114.33 0.1267 188.6
0 55 42 84.92 0.0781 386.2
0 55 36 132.65 0.0463 836.0
0 55 34 59.40 0.1037 725.2
0 55 17 80.87 0.1117 340.7
0 55 18 50.69 0.0950 752.4
0 55 24 90.57 0.0534 168.2
0 55 23 189.68 0.0631 355.6
0 55 24 204.28 0.0571 872.1
0 55 35 219.97 0.0356 739.6
0 55 29 139.80 0.0429 407.9
0 55 36 145.01 0.0632 220.6
0 55 38 237.77 0.0400 790.9
0 55 30 63.56 0.1002 303.7
0 55 35 124.79 0.0717 97.9
0 55 35 136.30 0.0933 111.9
0 55 33 76.87 0.0727 278.2
0 55 41 173.58 0.0506 543.3
0 55 32 102.41 0.0550 535.3
0 55 38 60.90 0.0904 572.7
0 55 38 52.10 0.0949 538.0
0 55 25 105.89 0.0326 241.8
0 55 21 128.80 0.0422 673.1
0 55 14 117.54 0.0451 535.2
0 55 17 111.89 0.0627 171.3
0 55 41 56.81 0.0921 290.5
0 55 16 88.52 0.0417 726.9
0 55 41 103.28 0.0658 211.8
0 55 21 107.57 0.0629 448.9
0 55 23 76.60 0.1192 759.2
0 55 32 68.69 0.0815 476.0
0 55 30 53.42 0.0787 307.5
0 55 27 76.66 0.0898 623.0
0 55 16 70.19 0.0238 571.3
0 55 16 85.24 0.0456 42.7
0 55 31 178.22 0.0494 137.0
0 55 16 99.33 0.0792 322.7
0 55 22 57.64 0.0536 173.9
0 55 30 47.52 0.1275 356.9
0 55 40 103.38 0.0750 628.6
0 55 35 69.54 0.0761 395.3
0 55 19 51.38 0.0553 303.1
0 55 14 109.84 0.0321 98.6
0 55 25 48.55 0.1300 395.3
0 55 15 92.41 0.1462 295.7
0 55 22 135.67 0.1148 830.0
0 55 17 52.34 0.0551 366.8
0 55 20 60.69 0.1448 782.6
0 55 20 128.39 0.0690 297.0
0 55 19 111.88 0.0414 690.6
0 55 26 53.10 0.0947 825.4
0 55 19 130.29 0.0857 666.4
0 55 30 206.21 0.0437 261.3
0 55 23 49.28 0.0682 464.7
0 55 15 108.71 0.1289 261.8
0 55 33 122.04 0.0588 757.6
0 55 24 309.99 0.0452 698.1
0 55 39 98.86 0.0655 406.8
0 55 39 57.35 0.0930 151.4
0 55 30 174.23 0.0646 529.9
0 55 37 275.83 0.0397 417.5
0 55 30 52.85 0.1171 174.4
0 55 30 149.59 0.0548 172.3
0 55 44 264.48 0.0563 582.0
0 55 35 85.05 0.0877 781.8
0 55 22 64.72 0.0721 56.8
0 55 45 162.33 0.0718 851.9
0 55 26 119.03 0.0260 24.9
0 55 36 287.19 0.0805 129.9
0 55 34 650.47 0.0319 169.6
0 55 42 73.65 0.0665 540.9
0 55 20 181.74 0.0864 430.9
0 55 38 62.09 0.0989 834.3
0 55 23 217.18 0.0595 403.6
0 55 31 60.01 0.0692 390.3
0 55 26 94.59 0.0757 853.8
0 55 37 56.73 0.0905 307.6
0 55 36 88.71 0.0670 252.6
0 55 44 117.49 0.0524 680.4
0 55 34 47.60 0.0737 803.3
0 55 24 59.65 0.1048 129.8
0 55 30 350.13 0.0710 116.7
0 55 26 198.61 0.0519 901.5
0 55 15 70.02 0.0788 944.8
0 55 41 112.55 0.0673 210.6
0 55 37 272.10 0.0619 818.0
0 55 38 95.06 0.0489 46.7
0 55 26 56.51 0.0937 336.2
0 55 34 73.68 0.0633 90.6
0 55 34 63.01 0.1089 384.6
0 55 30 47.85 0.1261 328.8
0 55 17 90.26 0.0698 701.3
0 55 20 51.40 0.1233 304.1
0 55 37 168.42 0.0630 785.1
0 55 18 149.75 0.0727 479.3
0 55 17 74.76 0.0285 485.0
0 55 23 62.71 0.0496 230.5
0 55 22 422.85 0.1268 826.5
0 55 17 73.04 0.0827 547.9
0 55 26 102.40 0.0429 769.8
0 55 19 71.27 0.0350 833.5
0 55 27 98.76 0.0578 455.7
0 55 16 56.85 0.0331 814.3
0 55 15 64.99 0.0945 168.9
0 55 18 75.19 0.0977 788.8
0 55 16 538.03 0.1175 139.9
0 55 17 192.41 0.0815 287.7
0 55 16 203.11 0.0295 135.2
0 55 16 115.94 0.0176 264.4
0 55 21 107.55 0.0385 25.9
0 55 30 106.93 0.0431 725.6
0 55 24 93.90 0.0646 518.8
0 55 40 59.99 0.0857 208.9
0 55 18 60.12 0.1336 355.2
0 55 15 95.87 0.0648 403.5
0 55 33 105.93 0.0793 375.1
0 55 32 85.36 0.0872 316.2
0 55 22 100.05 0.0498 921.0
0 55 19 137.39 0.0533 829.8
0 55 31 47.91 0.1018 723.8
0 55 33 58.71 0.0853 726.9
0 55 36 117.59 0.0507 257.1
0 55 36 126.94 0.1064 317.2
0 55 21 165.89 0.0369 311.6
0 55 15 87.64 0.0657 808.5
0 55 18 378.15 0.1183 799.5
0 55 26 85.56 0.0482 255.1
0 55 35 174.85 0.0351 849.6
0 55 17 105.62 0.0489 722.8
0 55 20 62.42 0.0447 244.5
0 56 30 48.12 0.1052 286.7
0 56 36 64.91 0.0968 112.3
0 56 32 48.78 0.1058 61.8
0 56 35 161.32 0.0562 638.5
0 56 35 187.28 0.0494 577.4
0 56 33 61.66 0.0595 169.7
0 56 30 146.13 0.0819 145.0
0 56 36 140.82 0.0392 264.2
0 56 31 51.87 0.0828 742.8
0 56 15 108.64 0.0361 784.4
0 56 27 76.77 0.0829 126.2
0 56 33 98.99 0.0954 655.0
0 56 39 107.56 0.0676 619.4
0 56 29 100.36 0.0712 395.9
0 56 30 146.51 0.0326 229.8
0 56 26 131.83 0.0340 76.6
0 56 17 47.43 0.1875 267.9
0 56 16 209.09 0.0546 343.3
0 56 47 115.83 0.0494 885.1
0 56 30 69.65 0.0959 636.1
0 56 32 55.20 0.1052 175.3
0 56 21 231.93 0.0414 875.3
0 56 16 528.95 0.0877 230.5
0 56 34 120.74 0.0580 619.3
0 56 20 212.70 0.1097 817.1
0 56 20 204.15 0.0662 574.1
0 56 13 51.26 0.1410 871.3
0 56 19 265.51 0.0391 781.7
0 56 15 62.15 0.1359 834.5
0 56 15 110.20 0.0565 899.5
0 56 37 191.15 0.0439 605.7
0 56 33 224.72 0.0723 773.0
0 56 14 51.45 0.0862 256.4
0 56 23 130.32 0.0622 625.6
0 56 28 80.73 0.0619 75.7
0 56 32 75.10 0.0542 243.5
0 56 32 137.77 0.0341 492.4
0 56 40 78.00 0.0544 941.6
0 56 36 129.89 0.0524 776.2
0 56 31 98.01 0.0645 663.5
0 56 30 100.73 0.0623 51.0
0 56 24 86.38 0.0362 510.1
0 56 31 121.82 0.0454 672.1
0 56 19 65.36 0.0446 1.1
0 56 32 174.52 0.0416 725.0
0 56 28 95.81 0.0453 18.1
0 56 17 70.59 0.0999 141.8
0 56 30 48.02 0.1069 74.1
0 56 43 77.13 0.0734 531.2
0 56 19 136.06 0.0438 270.0
0 56 37 140.97 0.0623 583.2
0 56 22 134.42 0.0468 693.9
0 56 22 63.08 0.0355 901.1
0 56 17 64.78 0.0495 469.4
0 56 35 103.61 0.0486 488.5
0 56 14 60.21 0.1202 33.5
0 56 15 280.86 0.0417 841.4
0 56 28 59.19 0.1008 577.2
0 56 38 90.99 0.0659 555.8
0 56 24 110.97 0.0480 705.0
0 56 32 95.53 0.0491 839.9
0 56 29 46.17 0.0509 51.7
0 56 37 155.44 0.0583 588.7
0 56 25 174.84 0.0602 886.7
0 56 29 106.58 0.0434 765.4
0 56 16 63.34 0.0881 12.8
0 56 15 49.85 0.0994 20.2
0 56 35 83.60 0.0604 529.7
0 56 39 166.01 0.0430 435.6
0 56 23 167.04 0.0479 664.1
0 56 28 143.17 0.0700 688.6
0 56 27 74.52 0.0610 911.6
0 56 39 92.65 0.0565 337.4
0 56 28 114.68 0.0680 682.5
0 56 15 220.20 0.0701 952.9
0 56 32 83.04 0.0508 601.7
0 56 31 95.35 0.0304 601.6
0 56 32 86.36 0.0919 522.4
0 56 27 90.34 0.0812 576.9
0 56 19 50.02 0.0921 478.6
0 56 31 208.84 0.0487 581.7
0 56 29 103.54 0.0710 360.3
0 56 24 218.55 0.0361 33.3
0 56 44 61.04 0.0852 616.3
0 56 40 134.34 0.0616 777.2
0 56 28 78.21 0.0501 623.2
0 56 22 116.21 0.0233 119.3
0 56 20 53.94 0.0458 256.5
0 56 17 123.22 0.1006 378.6
0 56 31 174.89 0.0885 435.0
0 56 21 79.99 0.0647 825.7
0 56 17 92.15 0.0173 853.1
0 56 15 93.02 0.1109 565.8
0 56 14 96.19 0.0745 761.8
0 56 16 210.53 0.0227 910.3
0 56 33 68.86 0.0724 213.2
0 56 40 156.42 0.0544 732.2
0 56 36 52.20 0.0877 601.5
0 56 19 50.71 0.0516 741.2
0 56 32 66.61 0.0652 675.2
0 56 48 205.46 0.0472 90.2
0 56 26 101.49 0.0464 471.8
0 56 33 61.88 0.0834 401.1
0 56 22 100.23 0.0711 749.4
0 56 34 66.52 0.0970 891.8
0 56 19 196.36 0.1115 585.4
0 56 24 109.19 0.0747 243.5
0 56 34 132.84 0.0693 705.5
0 56 28 142.14 0.0686 424.6
0 56 19 60.33 0.0510 93.0
0 56 27 85.96 0.0802 511.3
0 56 16 70.46 0.0926 629.2
0 56 37 323.71 0.0506 723.1
0 56 16 59.50 0.0297 74.2
0 56 27 87.73 0.0703 597.6
0 56 28 118.42 0.0507 186.0
0 56 25 209.99 0.0525 911.0
0 56 33 82.29 0.0679 130.2
0 56 29 66.89 0.0609 238.7
0 56 31 72.57 0.0695 786.8
0 56 23 74.77 0.0982 80.5
0 56 43 116.88 0.0503 832.5
0 56 35 78.09 0.0397 455.1
0 56 20 105.65 0.0434 572.3
0 56 15 71.18 0.0739 511.4
0 56 24 95.58 0.0737 900.4
0 56 38 493.76 0.0580 44.3
0 56 22 92.67 0.0512 676.8
0 56 14 50.10 0.1071 580.0
0 56 26 51.81 0.1448 231.0
0 56 13 94.06 0.1214 536.3
0 56 17 50.55 0.0578 153.1
0 56 34 63.09 0.0577 878.9
0 56 43 63.38 0.0692 520.5
0 56 33 165.32 0.0634 789.1
0 56 35 84.64 0.0927 838.7
0 56 26 165.58 0.0609 546.9
0 56 45 56.12 0.0620 78.6
0 56 43 144.96 0.0473 588.3
0 56 27 227.08 0.0308 790.0
0 56 21 59.27 0.0542 53.8
0 56 34 139.39 0.0443 134.0
0 56 38 104.98 0.0813 661.7
0 56 17 115.15 0.0570 781.7
0 56 21 96.01 0.0373 61.8
0 56 32 65.45 0.1111 611.0
0 56 27 79.42 0.0980 644.7
0 56 21 60.35 0.0916 889.2
0 56 24 147.08 0.0898 91.9
0 56 38 81.02 0.0837 664.7
0 56 15 1064.65 0.1527 473.4
0 56 28 128.77 0.0464 287.8
0 56 31 151.98 0.0934 667.0
0 56 27 259.66 0.0409 730.1
0 56 30 70.50 0.0844 49.8
0 56 20 58.75 0.1262 518.8
0 56 35 117.51 0.0661 79.2
0 56 26 152.26 0.0533 511.1
0 56 14 135.46 0.0762 498.9
0 56 27 103.48 0.0570 751.3
0 56 19 46.53 0.1480 600.0
0 56 31 52.68 0.0918 760.8
0 56 16 64.73 0.1242 597.9
0 56 26 64.36 0.1058 606.6
0 56 15 61.27 0.0917 547.7
0 56 18 47.16 0.0992 246.3
0 56 30 75.75 0.0791 563.4
0 56 24 87.55 0.1295 512.9
0 56 31 64.99 0.0787 554.3
0 56 38 80.79 0.0896 132.7
0 56 31 66.71 0.0759 402.9
0 56 42 189.13 0.0784 663.9
0 56 48 82.25 0.0500 797.1
0 56 44 466.36 0.0621 144.5
0 56 27 47.85 0.0480 466.3
0 56 37 55.34 0.0863 657.5
0 56 24 57.51 0.0937 261.8
0 56 33 116.00 0.0771 716.6
0 56 36 136.25 0.0457 675.1
0 56 34 54.82 0.1066 95.5
0 56 43 292.99 0.0571 556.7
0 56 46 58.13 0.0838 73.7
0 56 21 175.64 0.0447 897.2
0 56 39 102.56 0.0537 511.0
0 56 23 149.95 0.0306 458.2
0 56 30 196.00 0.0471 550.6
0 56 41 132.52 0.0626 687.2
0 56 38 102.81 0.0671 826.0
0 56 25 75.41 0.0696 490.9
0 56 40 54.45 0.0829 609.0
0 56 26 60.35 0.0569 485.8
0 56 35 87.73 0.0708 28.7
0 56 18 81.18 0.0694 668.2
0 56 19 67.19 0.0696 546.7
0 56 32 73.87 0.0568 444.4
0 56 40 147.56 0.0612 841.5
0 56 42 53.02 0.0875 469.5
0 56 23 87.16 0.0605 516.6
0 56 38 75.60 0.0935 672.3
0 56 13 109.61 0.0800 421.3
0 56 16 58.16 0.1164 22.6
0 56 17 69.29 0.1109 476.5
0 56 30 91.10 0.0877 229.3
0 56 13 47.42 0.0276 846.0
0 56 21 110.54 0.0826 89.6
0 56 16 395.27 0.0293 120.7
0 56 20 54.07 0.1321 250.9
0 56 22 131.80 0.0561 929.7
0 56 29 88.17 0.0734 35.6
0 56 13 71.66 0.1107 228.4
0 56 15 257.15 0.1471 176.3
0 56 14 49.77 0.1056 892.6
0 56 29 133.86 0.0592 884.9
0 56 15 109.29 0.0925 509.4
0 56 18 48.73 0.0562 686.2
0 56 14 158.59 0.1535 579.1
0 56 23 248.86 0.0745 112.3
0 56 14 49.31 0.1152 538.8
0 56 19 156.84 0.0497 587.4
0 56 20 77.18 0.1168 122.0
0 56 14 62.99 0.0438 204.1
0 56 18 139.40 0.0315 195.9
0 56 21 54.35 0.1022 704.0
0 56 25 2411.99 0.0712 694.1
0 56 25 58.62 0.1546 924.7
0 56 24 81.39 0.0399 115.6
0 56 15 85.63 0.0537 615.3
0 56 21 109.36 0.0584 265.1
0 56 19 78.18 0.0705 61.7
0 56 23 52.34 0.1054 64.3
0 56 40 94.43 0.0829 568.9
0 56 15 48.53 0.0728 19.6
0 56 17 330.22 0.0534 60.5
0 56 15 58.90 0.1171 895.8
0 56 21 114.80 0.0294 551.6
0 56 25 49.79 0.0619 394.3
0 56 17 50.98 0.0902 919.6
0 57 38 168.73 0.0623 180.7
0 57 38 80.31 0.0686 238.6
0 57 15 79.16 0.0457 285.6
0 57 22 102.58 0.1257 303.9
0 57 26 136.86 0.0723 100.7
0 57 29 52.02 0.0862 802.1
0 57 15 55.15 0.0401 420.9
0 57 24 104.86 0.0587 761.0
0 57 22 139.35 0.0329 796.2
0 57 20 89.53 0.1466 488.7
0 57 27 45.26 0.1307 277.9
0 57 22 124.58 0.0425 556.8
0 57 17 127.29 0.0599 655.6
0 57 21 58.52 0.1305 416.5
0 57 22 259.01 0.0297 717.4
0 57 19 144.42 0.0661 249.6
0 57 22 112.56 0.0344 193.3
0 57 42 48.48 0.1010 116.0
0 57 40 89.96 0.0666 609.8
0 57 37 489.06 0.0393 299.4
0 57 19 71.02 0.1120 760.3
0 57 23 105.49 0.0559 715.7
0 57 38 92.63 0.0889 123.7
0 57 25 86.99 0.0519 838.2
0 57 19 45.46 0.0915 312.0
0 57 37 114.19 0.0457 583.7
0 57 33 62.97 0.0855 322.6
0 57 29 93.35 0.0441 420.5
0 57 19 49.91 0.0305 499.8
0 57 23 47.05 0.0836 181.6
0 57 34 95.57 0.0584 763.9
0 57 21 163.57 0.0251 496.0
0 57 17 85.42 0.0565 557.3
0 57 31 83.95 0.0852 155.1
0 57 33 92.43 0.0866 147.3
0 57 30 55.27 0.0948 552.7
0 57 16 219.55 0.0732 860.2
0 57 24 57.93 0.0816 208.3
0 57 17 49.07 0.1159 225.9
0 57 17 47.24 0.0369 28.5
0 57 17 281.37 0.1129 229.0
0 57 21 55.26 0.0910 731.0
0 57 21 1317.76 0.1106 259.1
0 57 41 65.58 0.0721 168.6
0 57 19 49.32 0.0490 54.8
0 57 39 139.92 0.0473 591.8
0 57 15 151.20 0.0552 904.1
0 57 17 53.12 0.1103 645.3
0 57 25 77.79 0.0619 554.1
0 57 30 87.40 0.0550 493.6
0 57 32 113.77 0.0777 346.8
0 57 31 100.09 0.0589 596.8
0 57 27 142.46 0.0241 807.4
0 57 25 448.78 0.0399 272.1
0 57 17 57.74 0.0928 496.3
0 57 34 67.94 0.0922 188.7
0 57 23 107.08 0.0353 936.5
0 57 19 245.30 0.0236 514.3
0 57 24 68.89 0.0610 341.3
0 57 25 96.13 0.0513 865.1
0 57 16 88.85 0.0658 33.4
0 57 32 102.46 0.0595 884.5
0 57 18 82.51 0.0938 919.3
0 57 20 393.10 0.0533 599.2
0 57 36 54.78 0.0859 445.4
0 57 31 78.67 0.0744 498.5
0 57 48 110.39 0.0761 622.5
0 57 23 104.10 0.0567 951.8
0 57 22 84.52 0.0360 237.5
0 57 17 81.19 0.0573 884.3
0 57 15 91.39 0.0903 13.4
0 57 27 159.68 0.0486 615.4
0 57 23 82.98 0.0769 236.3
0 57 27 160.46 0.0503 626.0
0 57 40 220.93 0.0537 715.2
0 57 36 107.65 0.0633 352.3
0 57 37 159.22 0.0284 571.3
0 57 18 78.52 0.0255 221.4
0 57 31 51.45 0.1125 225.5
0 57 31 106.05 0.0561 911.3
0 57 21 271.90 0.0284 198.7
0 57 22 71.19 0.0295 322.7
0 57 24 97.73 0.0566 645.9
0 57 16 64.83 0.0155 470.1
0 57 35 125.74 0.0514 926.6
0 57 37 142.08 0.0343 250.6
0 57 26 315.05 0.0379 104.2
0 57 32 277.46 0.0363 491.1
0 57 35 115.87 0.0602 161.5
0 57 34 160.26 0.0569 215.5
0 57 32 54.94 0.0732 143.8
0 57 38 220.87 0.0561 800.0
0 57 15 66.92 0.0700 764.6
0 57 32 139.08 0.0635 191.1
0 57 27 87.07 0.0532 113.6
0 57 38 75.91 0.0695 236.4
0 57 16 161.91 0.0503 127.3
0 57 31 93.54 0.0450 69.1
0 57 35 72.16 0.0921 672.2
0 57 33 176.66 0.0454 336.7
0 57 20 120.44 0.0764 567.5
0 57 44 98.46 0.0669 224.2
0 57 23 73.51 0.1051 752.9
0 57 23 146.43 0.0589 912.7
0 57 42 118.25 0.0612 965.1
0 57 13 83.82 0.0613 476.3
0 57 44 104.11 0.0603 217.0
0 57 24 782.11 0.1025 663.9
0 57 22 48.17 0.1416 205.8
0 57 25 73.84 0.0591 454.8
0 57 28 48.14 0.1083 208.4
0 57 16 292.61 0.1043 674.3
0 57 18 57.13 0.0972 602.6
0 57 35 124.33 0.0594 621.8
0 57 33 126.00 0.0520 313.9
0 57 38 118.23 0.0508 154.3
0 57 16 105.76 0.0292 34.3
0 57 34 78.18 0.0597 650.2
0 57 16 401.38 0.1098 565.0
0 57 16 116.29 0.0436 466.5
0 57 19 45.27 0.1276 9.8
0 57 16 114.45 0.0405 206.8
0 57 24 55.00 0.0745 101.2
0 57 16 83.60 0.1579 428.0
0 57 13 51.75 0.1176 215.2
0 57 32 56.15 0.1238 113.2
0 57 34 45.27 0.0953 957.7
0 57 21 162.59 0.0448 905.0
0 57 15 189.38 0.0804 153.3
0 57 16 172.64 0.0449 495.5
0 57 43 273.62 0.0450 641.1
0 57 25 72.56 0.0496 480.5
0 57 38 87.45 0.0624 777.0
0 57 25 47.89 0.0703 84.0
0 57 18 72.28 0.0465 871.5
0 57 18 82.35 0.0614 32.4
0 57 22 62.36 0.1426 613.9
0 57 16 335.38 0.0737 59.8
0 57 22 75.99 0.0641 56.1
0 57 15 403.23 0.1043 63.7
0 57 16 97.57 0.0226 383.9
0 57 14 65.99 0.0720 257.9
0 57 13 160.27 0.0603 571.4
0 57 17 177.42 0.0712 155.5
0 57 31 48.33 0.1168 174.3
0 57 14 59.22 0.0450 836.6
0 58 30 98.61 0.0671 196.6
0 58 22 76.22 0.0486 866.4
0 58 16 134.30 0.0218 601.9
0 58 36 131.21 0.0527 721.3
0 58 28 77.47 0.0748 882.2
0 58 13 146.18 0.1081 15.3
0 58 19 47.42 0.1000 66.6
0 58 24 70.28 0.0900 146.6
0 58 16 118.13 0.1410 660.9
0 58 32 51.90 0.0936 629.6
0 58 26 61.23 0.0540 853.7
0 58 25 121.72 0.0459 772.8
0 58 21 58.43 0.0819 260.5
0 58 19 338.79 0.1055 772.9
0 58 38 68.40 0.0865 529.2
0 58 13 45.25 0.0503 456.0
0 58 43 139.62 0.0335 249.6
0 58 17 79.01 0.0469 655.4
0 58 26 92.16 0.0281 326.9
0 58 13 46.31 0.0734 93.5
0 58 28 242.58 0.0549 79.1
0 58 23 85.94 0.0684 936.7
0 58 17 62.21 0.0610 453.8
0 58 14 46.12 0.1068 480.3
0 58 20 520.72 0.0899 118.7
0 58 24 235.34 0.0385 696.2
0 58 16 45.49 0.1044 665.2
0 58 32 131.36 0.0478 357.5
0 58 34 121.84 0.0980 737.7
0 58 29 181.56 0.0420 535.8
0 58 19 48.90 0.0632 621.6
0 58 48 102.78 0.0501 836.8
0 58 17 117.21 0.0481 203.6
0 58 18 92.55 0.1059 411.1
0 58 28 56.41 0.0933 683.7
0 58 40 206.08 0.0574 86.0
0 58 19 106.93 0.0495 272.1
0 58 37 396.83 0.0611 201.6
0 58 17 120.92 0.0361 859.1
0 58 28 82.14 0.0773 904.2
0 58 27 161.96 0.0536 929.3
0 58 15 51.05 0.0249 171.3
0 58 33 122.01 0.0514 729.2
0 58 29 143.07 0.0340 745.5
0 58 38 66.16 0.0923 803.1
0 58 23 115.99 0.0855 328.2
0 58 15 55.15 0.1108 371.3
0 58 25 103.12 0.0875 914.0
0 58 36 118.52 0.0591 102.4
0 58 16 157.26 0.0247 661.4
0 58 32 117.30 0.0775 118.4
0 58 36 189.02 0.0852 58.9
0 58 19 81.82 0.0576 904.0
0 58 41 97.93 0.0592 50.8
0 58 28 118.90 0.0436 927.1
0 58 29 120.50 0.0599 918.6
0 58 40 120.56 0.0472 335.2
0 58 28 277.14 0.0578 211.4
0 58 17 64.63 0.0273 882.8
0 58 16 78.91 0.0268 516.7
0 58 23 93.23 0.0705 293.6
0 58 17 76.57 0.0293 814.6
0 58 24 70.38 0.0324 472.4
0 58 33 128.59 0.0406 903.9
0 58 27 65.74 0.0791 647.3
0 58 15 738.87 0.0185 70.9
0 58 33 49.73 0.0982 351.0
0 58 32 79.19 0.0797 755.5
0 58 28 214.81 0.0513 348.8
0 58 16 59.88 0.0307 712.2
0 58 15 178.35 0.0565 51.7
0 58 27 59.68 0.0904 62.5
0 58 22 78.03 0.1233 726.9
0 58 23 111.10 0.0686 812.7
0 58 27 88.42 0.1053 56.6
0 58 16 143.79 0.1369 116.1
0 58 14 123.24 0.1190 835.7
0 58 17 66.94 0.0926 98.9
0 58 20 90.77 0.0308 955.5
0 58 18 46.00 0.1314 811.0
0 58 41 387.31 0.0531 45.6
0 58 39 119.37 0.0578 700.8
0 58 26 511.39 0.0490 371.3
0 58 22 155.23 0.0562 520.1
0 58 41 99.03 0.0713 376.2
0 58 35 180.32 0.0524 657.5
0 58 14 191.98 0.0502 345.8
0 58 38 270.92 0.0849 658.8
0 58 16 47.24 0.0342 207.7
0 58 20 72.42 0.0456 888.3
0 58 42 163.78 0.0675 102.5
0 58 34 71.86 0.0997 523.1
0 58 21 57.99 0.0367 665.8
0 58 19 257.64 0.0296 904.3
0 58 44 190.90 0.0798 757.7
0 58 40 75.35 0.0688 808.8
0 58 32 81.72 0.0522 502.6
0 58 21 453.47 0.0407 119.0
0 58 22 94.88 0.0500 62.1
0 58 17 593.48 0.0393 434.8
0 58 16 224.81 0.0292 73.1
0 58 17 239.11 0.0570 50.4
0 58 25 69.14 0.0531 296.4
0 58 19 83.85 0.0551 716.7
0 58 26 86.59 0.1077 370.2
0 58 25 117.90 0.0480 447.0
0 58 19 69.16 0.1011 81.0
0 58 18 119.50 0.0499 196.8
0 58 33 57.06 0.0644 32.9
0 58 23 136.23 0.0349 751.6
0 58 22 124.39 0.0528 939.3
0 58 38 84.55 0.0979 526.4
0 58 14 107.61 0.0977 620.6
0 58 31 138.35 0.0728 23.9
0 58 15 759.28 0.0344 73.6
0 58 18 477.55 0.0945 771.1
0 58 14 97.56 0.1156 434.3
0 58 34 110.19 0.0561 554.7
0 58 15 87.84 0.0443 59.4
0 58 15 109.51 0.1252 332.5
0 58 15 334.59 0.1162 408.1
0 58 16 72.44 0.0180 362.5
0 58 14 82.22 0.1014 53.7
0 58 17 126.62 0.0451 365.4
0 58 13 47.16 0.0358 452.0
0 58 13 192.51 0.0510 724.3
0 58 18 48.58 0.0492 64.0
0 58 27 156.73 0.0630 925.9
0 58 28 206.15 0.0348 257.3
0 58 28 45.75 0.1054 192.2
0 59 46 84.81 0.0668 150.2
0 59 31 56.73 0.0794 165.8
0 59 26 170.09 0.0575 822.3
0 59 42 62.84 0.0929 342.8
0 59 29 124.24 0.0835 795.0
0 59 28 84.89 0.0793 279.8
0 59 14 596.25 0.0861 794.3
0 59 37 63.10 0.0769 359.7
0 59 29 209.91 0.0629 637.7
0 59 31 160.19 0.0743 400.8
0 59 19 56.31 0.1047 336.1
0 59 19 51.02 0.1180 209.9
0 59 33 84.61 0.0518 313.0
0 59 31 372.20 0.0375 342.9
0 59 27 121.35 0.0460 144.2
0 59 20 107.64 0.0621 173.8
0 59 21 193.91 0.0737 882.1
0 59 41 128.88 0.0557 312.0
0 59 33 106.63 0.0536 886.0
0 59 39 124.56 0.0670 234.3
0 59 41 109.11 0.0545 328.3
0 59 33 123.75 0.0582 74.8
0 59 18 217.98 0.0752 671.2
0 59 18 104.29 0.0679 830.4
0 59 39 161.30 0.0606 691.9
0 59 41 231.68 0.0398 520.7
0 59 21 273.50 0.0284 444.1
0 59 20 108.06 0.0519 203.0
0 59 25 72.25 0.0503 134.4
0 59 15 114.87 0.0385 35.4
0 59 33 50.17 0.1198 819.1
0 59 27 352.46 0.0966 132.6
0 59 32 145.90 0.0692 139.0
0 59 24 146.65 0.0514 215.7
0 59 14 78.29 0.1291 933.3
0 59 32 119.29 0.0412 800.5
0 59 40 118.20 0.0810 253.1
0 59 23 56.52 0.0449 821.8
0 59 17 91.55 0.0504 29.3
0 59 21 54.16 0.0524 900.6
0 59 38 57.82 0.0947 812.4
0 59 35 88.31 0.0560 94.6
0 59 38 48.32 0.0878 617.0
0 59 31 58.57 0.1122 740.8
0 59 18 61.87 0.0910 753.3
0 59 16 193.92 0.1226 753.1
0 59 35 81.55 0.0919 361.0
0 59 20 100.88 0.0671 813.3
0 59 31 55.00 0.1028 239.8
0 59 32 48.61 0.1108 298.7
0 59 23 48.10 0.1226 805.0
0 59 21 67.84 0.0946 282.6
0 59 30 92.64 0.0626 720.6
0 59 31 119.13 0.0535 496.9
0 59 24 69.61 0.0555 905.2
0 59 25 175.37 0.0844 328.1
0 59 37 167.98 0.0522 812.5
0 59 25 112.12 0.0583 747.2
0 59 17 62.68 0.0859 786.3
0 59 25 94.09 0.0868 189.8
0 59 30 143.67 0.0569 920.2
0 59 31 58.98 0.1012 193.7
0 59 34 3561.07 0.0561 179.7
0 59 26 47.68 0.1070 477.3
0 59 13 864.42 0.1077 46.2
0 59 24 106.89 0.0608 187.6
0 59 29 45.01 0.0782 891.7
0 59 17 73.98 0.0256 83.1
0 59 32 83.53 0.0451 457.6
0 59 14 49.82 0.0230 541.0
0 59 32 94.68 0.0838 744.2
0 59 20 87.90 0.0459 329.3
0 59 44 171.66 0.0484 571.0
0 59 28 206.94 0.0641 101.1
0 59 24 109.23 0.0577 190.1
0 59 21 113.51 0.0785 454.6
0 59 36 83.54 0.0690 915.7
0 59 31 117.61 0.0710 717.3
0 59 16 57.20 0.1470 679.1
0 59 32 136.66 0.0962 938.1
0 59 19 77.95 0.0749 705.2
0 59 17 78.21 0.0332 296.8
0 59 42 200.81 0.0699 409.8
0 59 15 116.42 0.1283 466.9
0 59 36 159.58 0.0743 876.7
0 59 13 70.48 0.0262 496.3
0 59 39 148.29 0.0596 729.5
0 59 25 449.52 0.1220 299.0
0 59 27 110.82 0.0560 735.5
0 59 35 147.93 0.0566 112.5
0 59 21 77.10 0.0432 822.3
0 59 48 77.37 0.0514 622.6
0 59 28 92.47 0.0668 436.3
0 59 25 115.92 0.0501 275.0
0 59 35 81.40 0.0456 903.8
0 59 39 83.94 0.0595 841.6
0 59 22 82.18 0.0637 42.3
0 59 31 120.88 0.0402 860.3
0 59 23 119.30 0.0614 91.9
0 59 21 1545.02 0.0527 76.1
0 59 24 51.68 0.0809 781.5
0 59 13 180.07 0.1066 846.5
0 59 25 115.88 0.0238 462.8
0 59 17 45.44 0.1311 132.3
0 59 27 153.36 0.1160 645.0
0 59 25 124.43 0.0629 770.9
0 59 27 166.51 0.0415 730.1
0 59 29 241.01 0.0688 820.7
0 59 22 92.93 0.0470 764.1
0 59 27 107.75 0.0503 170.8
0 59 18 180.99 0.0586 811.1
0 59 26 87.97 0.0716 241.7
0 59 25 86.94 0.1078 175.9
0 59 23 80.99 0.0641 705.8
0 59 38 316.22 0.0468 151.3
0 59 46 112.73 0.0478 505.8
0 59 19 76.57 0.0694 762.2
0 59 37 438.79 0.0624 907.3
0 59 25 54.69 0.0821 225.3
0 59 23 45.30 0.1213 873.2
0 59 29 119.46 0.0477 227.3
0 59 21 280.76 0.0226 632.6
0 59 27 316.55 0.0265 857.3
0 59 22 80.40 0.0404 683.7
0 59 38 80.33 0.0796 195.7
0 59 16 109.43 0.0432 496.0
0 59 17 47.11 0.1015 856.3
0 59 28 486.54 0.0305 351.7
0 59 29 72.07 0.0619 60.5
0 59 31 82.45 0.0606 650.5
0 59 40 77.66 0.0533 840.4
0 59 14 417.05 0.0872 58.9
0 59 32 47.43 0.1141 795.8
0 59 41 133.75 0.0528 548.6
0 59 26 79.75 0.1161 836.0
0 59 31 69.71 0.0697 726.0
0 59 36 54.06 0.0879 499.5
0 59 17 52.54 0.1112 38.8
0 59 42 66.76 0.0696 479.6
0 59 46 144.86 0.0468 431.0
0 59 18 62.99 0.0848 327.0
0 59 38 115.16 0.0722 826.8
0 59 41 72.24 0.1314 847.9
0 59 16 56.63 0.0715 771.6
0 59 44 312.59 0.0606 820.7
0 59 41 83.25 0.0646 101.4
0 59 15 995.73 0.0621 795.7
0 59 17 228.39 0.0470 368.9
0 59 25 273.61 0.0441 642.8
0 59 37 137.66 0.0620 715.1
0 59 28 68.00 0.0611 768.8
0 59 39 102.69 0.0675 411.1
0 59 29 89.42 0.0936 227.9
0 59 23 315.29 0.0418 395.9
0 59 37 96.97 0.0517 904.1
0 59 25 368.59 0.0496 183.5
0 59 14 138.20 0.1540 236.0
0 59 25 51.32 0.0966 219.8
0 59 46 114.71 0.0905 776.7
0 59 29 116.10 0.0417 245.0
0 59 18 74.53 0.0920 700.1
0 59 35 103.87 0.0559 730.4
0 59 22 46.51 0.0365 927.8
0 59 27 47.30 0.0900 805.0
0 59 41 129.85 0.1015 361.9
0 59 30 54.29 0.0977 825.8
0 59 40 115.73 0.1184 356.3
0 59 27 148.40 0.0410 322.6
0 59 23 584.12 0.0440 34.1
0 59 28 83.30 0.0304 378.7
0 59 34 63.34 0.1200 551.8
0 59 19 94.24 0.0669 193.6
0 59 28 131.56 0.0528 820.4
0 59 31 183.53 0.0493 230.8
0 59 28 75.80 0.0854 732.7
0 59 21 64.25 0.0585 178.2
0 59 19 236.00 0.0616 322.1
0 59 18 57.12 0.1369 206.5
0 59 16 175.40 0.0302 80.1
0 59 32 241.52 0.0601 904.4
0 59 13 58.42 0.1445 774.8
0 59 28 84.72 0.0724 247.3
0 59 20 45.26 0.1284 687.1
0 59 31 55.45 0.0721 444.0
0 59 29 56.04 0.0795 366.4
0 59 32 64.07 0.1181 849.6
0 59 20 254.81 0.0326 925.5
0 59 13 231.08 0.1468 197.3
0 59 20 54.35 0.1022 276.6
0 59 22 62.73 0.0657 653.9
0 59 20 62.91 0.1014 683.0
0 59 15 89.29 0.0723 699.7
0 59 19 46.07 0.0948 837.3
0 59 19 64.20 0.1098 886.6
0 59 29 52.70 0.1070 188.0
0 59 16 68.93 0.0130 99.6
0 59 16 357.68 0.0389 122.7
0 59 18 61.59 0.0518 535.5
0 59 26 93.71 0.0811 638.0
0 59 17 79.41 0.0911 426.8
0 59 19 72.72 0.0360 219.4
0 59 26 98.41 0.0735 241.3
0 59 35 181.09 0.0479 335.3
0 59 22 61.89 0.0488 432.2
0 59 34 588.90 0.0349 361.1
0 59 33 69.82 0.0827 206.4
0 59 15 474.85 0.0549 71.9
0 59 16 53.21 0.0908 798.9
0 59 26 50.15 0.0830 189.0
0 59 26 87.50 0.1027 834.1
0 59 13 117.67 0.0768 206.5
0 59 17 46.49 0.0582 806.6
0 59 16 48.08 0.1374 856.6
0 59 38 50.03 0.1031 886.6
0 59 22 69.61 0.1026 634.4
0 59 19 46.01 0.0883 913.1
0 59 24 316.76 0.0522 786.1
0 59 41 70.18 0.0805 257.3
0 59 22 139.73 0.0771 325.9
0 59 24 103.72 0.0380 753.9
0 59 15 109.80 0.1010 659.3
0 59 29 181.46 0.0472 738.1
0 59 30 51.70 0.0899 211.6
0 59 37 182.48 0.0614 480.2
0 60 38 154.60 0.0658 218.0
0 60 21 116.66 0.0537 29.9
0 60 44 193.51 0.0740 276.5
0 60 19 178.00 0.0682 296.4
0 60 30 54.23 0.1065 117.3
0 60 29 110.35 0.0563 545.7
0 60 20 63.93 0.0686 22.6
0 60 17 455.20 0.0291 650.9
0 60 39 98.75 0.0786 435.7
0 60 36 128.73 0.0640 702.7
0 60 38 265.59 0.0355 277.5
0 60 45 767.62 0.0530 181.9
0 60 31 81.83 0.0543 547.0
0 60 27 101.21 0.0694 229.1
0 60 36 82.69 0.0621 343.5
0 60 19 55.57 0.0942 506.6
0 60 29 105.81 0.0465 81.0
0 60 29 169.28 0.0278 117.4
0 60 33 66.89 0.0836 453.5
0 60 25 85.18 0.0444 67.2
0 60 38 47.89 0.0994 149.7
0 60 18 45.44 0.0786 843.7
0 60 29 69.18 0.0691 315.1
0 60 18 62.45 0.1062 499.3
0 60 39 56.58 0.0805 142.6
0 60 14 54.85 0.0310 897.2
0 60 37 72.56 0.0991 666.9
0 60 22 68.53 0.0859 362.5
0 60 20 363.85 0.0324 489.6
0 60 33 80.18 0.0894 194.3
0 60 32 153.05 0.0612 228.1
0 60 23 65.19 0.0406 476.2
0 60 26 99.11 0.0480 653.8
0 60 32 115.42 0.0540 892.7
0 60 29 87.76 0.0769 919.0
0 60 17 106.17 0.0640 388.3
0 60 27 54.15 0.1043 252.5
0 60 42 54.92 0.0745 610.0
0 60 35 100.54 0.0491 116.2
0 60 20 54.70 0.0371 754.3
0 60 29 94.24 0.0499 363.1
0 60 37 74.61 0.1027 408.3
0 60 41 60.01 0.1033 607.6
0 60 15 59.01 0.0466 938.9
0 60 34 56.83 0.0818 324.7
0 60 34 108.48 0.0547 894.0
0 60 32 118.41 0.0442 17.8
0 60 15 74.50 0.0483 660.0
0 60 20 125.59 0.0332 60.2
0 60 33 106.98 0.0578 332.8
0 60 25 190.31 0.0313 460.7
0 60 36 74.13 0.0488 201.3
0 60 40 156.02 0.0397 804.9
0 60 31 68.89 0.0687 346.7
0 60 28 177.34 0.0596 187.6
0 60 14 97.46 0.0738 935.4
0 60 15 56.95 0.1247 150.3
0 60 23 194.76 0.0577 266.3
0 60 44 118.22 0.0683 457.7
0 60 33 108.06 0.0750 188.8
0 60 13 68.61 0.0637 315.3
0 60 23 77.91 0.0980 624.5
0 60 26 92.73 0.0706 391.5
0 60 31 189.08 0.0455 797.3
0 60 15 900.44 0.0330 219.3
0 60 28 87.03 0.0592 88.4
0 60 13 69.44 0.0610 402.7
0 60 36 90.60 0.0776 920.3
0 60 18 107.42 0.0758 619.5
0 60 35 86.81 0.0976 79.8
0 60 39 146.40 0.0657 384.1
0 60 36 77.79 0.0625 57.9
0 60 29 104.63 0.0447 134.3
0 60 16 82.17 0.0231 437.7
0 60 18 185.37 0.0391 465.6
0 60 33 104.91 0.0609 387.2
0 60 22 98.51 0.0598 542.6
0 60 39 52.21 0.0990 616.7
0 60 17 77.20 0.0192 785.8
0 60 24 168.40 0.0974 65.1
0 60 24 129.89 0.0415 323.1
0 60 18 89.31 0.1065 506.6
0 60 22 54.01 0.0698 828.3
0 60 30 695.67 0.0418 244.7
0 60 27 82.25 0.0527 418.6
0 60 29 151.58 0.0433 374.3
0 60 14 384.10 0.1043 690.6
0 60 35 155.92 0.0626 176.1
0 60 17 507.79 0.0223 690.7
0 60 33 52.02 0.0900 400.8
0 60 29 136.36 0.0485 564.3
0 60 25 79.54 0.0938 783.8
0 60 40 79.07 0.0721 285.6
0 60 16 123.61 0.0891 797.1
0 60 37 126.99 0.0853 169.7
0 60 33 62.92 0.0853 446.8
0 60 17 50.14 0.0530 491.0
0 60 16 47.13 0.1025 368.0
0 60 27 83.25 0.0802 845.3
0 60 23 89.47 0.0496 394.0
0 60 23 68.92 0.0312 64.9
0 60 40 380.96 0.0411 102.8
0 60 39 61.26 0.1021 239.3
0 60 27 215.91 0.0751 403.8
0 60 19 68.64 0.1037 928.3
0 60 23 223.93 0.0508 328.1
0 60 27 165.51 0.0490 276.3
0 60 19 69.87 0.0715 347.7
0 60 34 129.16 0.0825 374.3
0 60 29 97.00 0.0707 285.2
0 60 24 93.28 0.0966 568.5
0 60 30 58.26 0.0881 94.3
0 60 41 70.92 0.0753 849.9
0 60 35 133.25 0.0646 271.0
0 60 22 45.63 0.0793 236.0
0 60 33 84.85 0.0754 397.2
0 60 23 387.19 0.0411 439.1
0 60 33 189.21 0.0639 220.7
0 60 19 71.92 0.0582 51.2
0 60 20 61.73 0.0296 819.3
0 60 16 87.43 0.0423 100.1
0 60 42 127.28 0.0527 386.4
0 60 37 67.71 0.0863 261.8
0 60 23 78.36 0.0809 740.7
0 60 31 74.17 0.0805 242.7
0 60 43 59.66 0.1135 939.5
0 60 43 116.75 0.0531 119.0
0 60 19 664.19 0.0379 236.1
0 60 17 135.76 0.0331 724.7
0 60 46 146.43 0.0458 860.7
0 60 47 275.05 0.0425 173.2
0 60 24 112.16 0.1120 625.7
0 60 45 95.35 0.0657 241.1
0 60 40 66.71 0.0698 412.3
0 60 30 71.10 0.0760 88.7
0 60 24 54.84 0.1046 52.5
0 60 17 61.72 0.0951 206.1
0 60 13 58.21 0.0402 19.7
0 60 16 71.00 0.0184 37.5
0 60 26 73.05 0.0558 224.6
0 60 30 155.81 0.0514 286.7
0 60 21 85.12 0.0453 859.7
0 60 22 113.52 0.0729 57.4
0 60 35 84.05 0.0947 412.3
0 60 34 91.23 0.0623 414.9
0 60 30 111.35 0.0720 299.9
0 60 33 125.87 0.0441 243.7
0 60 35 104.99 0.0738 371.8
0 60 39 63.00 0.0879 739.1
0 60 26 67.78 0.0273 189.4
0 60 17 122.16 0.0274 152.9
0 60 32 90.85 0.0664 386.1
0 60 39 116.90 0.0740 327.9
0 60 18 439.46 0.0847 66.4
0 60 42 159.55 0.0783 454.0
0 60 28 115.82 0.0381 98.4
0 60 33 81.26 0.0894 8.0
0 60 31 88.39 0.0716 713.6
0 60 36 71.56 0.1011 798.4
0 60 24 114.86 0.0323 251.4
0 60 13 49.52 0.0671 93.9
0 60 21 99.55 0.0655 945.3
0 60 29 108.50 0.0643 791.0
0 60 15 128.29 0.1026 840.9
0 60 15 76.55 0.1322 177.1
0 60 24 75.54 0.0495 223.0
0 60 28 178.44 0.0313 110.2
0 60 28 79.63 0.1021 120.5
0 60 31 105.44 0.0346 336.9
0 60 44 59.41 0.0927 807.6
0 60 25 49.53 0.0769 375.2
0 60 16 50.81 0.0664 370.3
0 60 34 122.66 0.0728 127.5
0 60 47 85.61 0.0661 675.8
0 60 40 139.07 0.0748 130.2
0 60 16 84.41 0.0838 10.7
0 60 36 386.44 0.0471 430.6
0 60 38 166.60 0.0606 359.5
0 60 44 325.85 0.0517 358.9
0 60 37 73.04 0.0594 64.8
0 60 31 86.36 0.0790 229.8
0 60 20 278.26 0.1133 943.2
0 60 20 542.65 0.0325 287.9
0 60 38 199.03 0.0447 124.8
0 60 29 55.80 0.0868 635.2
0 60 23 209.23 0.0574 655.7
0 60 13 296.83 0.0731 86.7
0 60 39 547.60 0.0656 214.5
0 60 45 196.06 0.0468 419.2
0 60 19 123.85 0.0673 535.8
0 60 44 70.69 0.0788 402.9
0 60 19 90.02 0.0409 29.0
0 60 18 186.02 0.0730 110.0
0 60 21 79.52 0.0204 45.7
0 60 33 81.50 0.0813 207.2
0 60 21 155.70 0.0421 288.0
0 60 32 102.55 0.0525 167.8
0 60 45 236.04 0.0428 60.5
0 60 31 102.19 0.0405 214.8
0 60 25 187.88 0.0520 144.2
0 60 23 57.24 0.0389 884.7
0 60 36 92.51 0.0799 694.0
0 60 26 103.58 0.0635 911.3
0 60 13 95.18 0.0246 277.9
0 60 24 68.00 0.0721 199.6
0 60 19 93.64 0.0576 456.8
0 60 32 100.32 0.0399 550.2
0 60 22 95.65 0.0367 45.7
0 60 14 107.33 0.0329 12.9
0 60 17 89.40 0.0456 67.3
0 60 17 604.87 0.0255 865.9
0 60 16 46.31 0.0468 477.4
0 60 44 145.73 0.0397 144.7
0 60 18 67.68 0.0489 648.7
0 60 17 89.05 0.0320 802.8
0 60 14 85.01 0.0277 166.2
0 60 23 97.61 0.0444 614.8
0 60 14 46.53 0.1522 675.3
0 60 17 73.51 0.0458 32.0
0 60 15 62.28 0.0367 166.6
0 60 14 45.20 0.1200 141.3
0 60 16 46.10 0.0648 506.0
0 60 17 118.47 0.1076 413.9
0 60 13 87.21 0.0755 539.4
0 60 28 50.94 0.0761 144.6
0 60 25 114.96 0.0483 84.9
0 60 16 61.11 0.0339 71.0
0 60 15 187.02 0.0298 444.4
0 60 13 57.47 0.0997 331.0
0 60 20 69.77 0.0677 763.8
0 60 41 254.58 0.0960 206.3
0 60 28 186.23 0.0557 385.5
0 60 19 278.98 0.0443 66.1
0 60 16 71.68 0.0596 35.8
0 63 18 906.73 0.0418 841.5
0 63 38 248.39 0.0534 899.4
0 63 23 66.68 0.0930 705.7
0 63 17 412.70 0.0490 303.7
0 63 13 231.55 0.0562 839.7
0 63 38 155.99 0.0535 329.1
0 63 29 56.01 0.1205 173.0
0 63 24 121.78 0.0425 849.6
0 63 37 101.61 0.0842 22.3
0 63 35 73.60 0.0654 384.8
0 63 14 74.90 0.0967 260.8
0 63 29 72.36 0.0701 381.8
0 63 14 84.11 0.1201 130.6
0 63 28 100.48 0.0549 581.4
0 63 26 78.76 0.0566 598.8
0 63 26 87.95 0.0480 933.7
0 63 32 64.18 0.0874 494.4
0 63 30 142.57 0.0521 465.4
0 63 43 102.08 0.0693 325.4
0 63 17 394.02 0.0461 365.6
0 63 22 600.87 0.0787 855.8
0 63 28 149.39 0.0439 682.9
0 63 19 51.49 0.0429 606.9
0 63 38 151.04 0.0600 491.5
0 63 21 50.69 0.1024 16.5
0 63 13 51.47 0.1527 460.8
0 63 29 45.34 0.0915 640.3
0 63 22 64.38 0.0870 16.6
0 63 41 61.37 0.0854 158.9
0 63 33 87.63 0.0787 640.5
0 63 24 161.09 0.0482 609.7
0 63 37 214.78 0.0365 538.5
0 63 33 95.27 0.0698 336.4
0 63 27 52.45 0.1232 140.5
0 63 36 110.77 0.0572 750.3
0 63 30 180.49 0.0593 107.4
0 63 22 216.33 0.0181 548.1
0 63 27 57.07 0.1118 408.7
0 63 33 118.52 0.0771 317.8
0 63 14 80.79 0.0335 14.0
0 63 40 82.73 0.0595 653.8
0 63 18 68.27 0.0426 574.2
0 63 14 108.89 0.0530 6.9
0 63 27 81.57 0.0624 714.6
0 63 24 142.68 0.0229 634.4
0 63 27 64.05 0.0608 182.3
0 63 23 60.49 0.0911 386.3
0 63 23 66.59 0.0938 319.4
0 63 33 85.12 0.0656 106.1
0 63 34 120.40 0.0732 774.2
0 63 39 110.19 0.0726 161.5
0 63 32 137.88 0.0357 217.7
0 63 16 401.71 0.0483 102.5
0 63 18 120.51 0.0691 695.7
0 63 28 46.56 0.1132 644.5
0 63 30 738.63 0.0365 567.4
0 63 13 309.76 0.0417 270.6
0 63 18 145.86 0.0395 714.1
0 63 43 84.47 0.0533 524.8
0 63 30 101.37 0.0507 275.6
0 63 18 247.03 0.0569 136.9
0 63 24 49.78 0.0661 545.3
0 63 24 133.25 0.1054 222.4
0 63 33 103.82 0.0493 871.9
0 63 30 140.85 0.0546 583.0
0 63 19 49.32 0.0863 94.9
0 63 27 120.68 0.0391 356.5
0 63 28 282.42 0.0353 935.7
0 63 33 449.43 0.0299 358.2
0 63 24 45.75 0.0470 472.0
0 63 34 145.54 0.0565 15.3
0 63 36 47.50 0.0999 486.1
0 63 40 110.19 0.0847 601.0
0 63 25 89.02 0.0780 521.9
0 63 45 212.62 0.0536 159.4
0 63 16 48.49 0.0864 448.5
0 63 16 161.77 0.1741 66.6
0 63 33 54.71 0.1028 441.2
0 63 17 135.65 0.1522 19.5
0 63 37 74.71 0.0549 22.9
0 63 30 87.81 0.0572 501.1
0 63 27 57.01 0.0729 137.2
0 63 27 59.81 0.0815 789.8
0 63 23 50.57 0.0746 857.5
0 63 21 121.30 0.0427 165.5
0 63 16 74.41 0.0337 443.7
0 63 36 129.78 0.0755 159.0
0 63 25 46.21 0.0740 360.3
0 63 22 136.64 0.0514 229.7
0 63 29 139.85 0.0404 275.1
0 63 30 84.79 0.0694 911.0
0 63 40 169.16 0.0473 427.3
0 63 35 145.28 0.0538 460.7
0 63 37 73.07 0.0672 572.0
0 63 26 69.59 0.0540 84.5
0 63 31 53.02 0.1048 426.7
0 63 18 304.64 0.0832 581.4
0 63 23 62.38 0.0624 56.3
0 63 20 123.79 0.0421 317.0
0 63 14 81.75 0.0681 928.2
0 63 38 151.10 0.0431 346.4
0 63 16 86.15 0.0433 248.9
0 63 36 88.95 0.0737 170.7
0 63 40 490.47 0.0436 181.5
0 63 35 168.98 0.0588 736.3
0 63 27 56.19 0.0820 45.3
0 63 18 68.59 0.0402 327.3
0 63 24 61.05 0.0817 602.9
0 63 19 73.95 0.0571 431.4
0 63 18 57.07 0.0285 431.2
0 63 13 62.66 0.0732 25.3
0 63 14 58.15 0.0428 925.1
0 63 19 300.30 0.0297 913.4
0 63 29 79.04 0.0548 681.2
0 63 42 86.17 0.0718 95.8
0 63 19 855.54 0.0497 170.7
0 63 35 84.40 0.0686 601.6
0 63 29 53.18 0.0938 720.9
0 63 43 109.53 0.0765 166.1
0 63 28 214.13 0.0448 512.7
0 63 38 56.46 0.0607 654.6
0 63 33 197.46 0.0450 364.9
0 63 38 82.47 0.0795 561.0
0 63 18 205.58 0.0325 871.5
0 63 16 152.29 0.0155 879.1
0 63 13 50.49 0.1089 9.4
0 63 16 55.70 0.0536 841.9
0 63 38 52.75 0.1071 927.0
0 63 21 48.05 0.0606 634.5
0 63 31 51.29 0.0680 127.3
0 63 24 124.88 0.0619 121.0
0 63 29 47.59 0.1085 200.3
0 63 37 51.31 0.0926 657.9
0 63 33 69.52 0.0736 635.1
0 63 33 92.52 0.0711 736.9
0 63 30 47.91 0.0857 203.6
0 63 39 99.04 0.0680 875.6
0 63 18 54.06 0.0616 323.1
0 63 29 142.40 0.0430 44.6
0 63 30 71.16 0.0529 584.0
0 63 37 97.96 0.0842 410.8
0 63 19 130.40 0.0957 472.3
0 63 21 50.33 0.0482 819.0
0 63 44 368.47 0.0495 301.6
0 63 16 80.86 0.0879 521.3
0 63 27 108.37 0.0319 908.1
0 63 27 72.90 0.0392 735.4
0 63 23 193.32 0.0297 426.7
0 63 31 114.18 0.0889 373.6
0 63 13 52.33 0.1326 158.6
0 63 14 59.67 0.0834 134.8
0 63 13 189.39 0.1620 191.0
0 63 40 55.47 0.1159 317.0
0 63 18 65.71 0.0715 716.6
0 63 19 145.92 0.0452 471.2
0 63 29 127.27 0.0315 551.0
0 63 13 235.70 0.1117 233.2
0 63 32 99.36 0.1065 700.5
0 63 20 48.33 0.0638 781.0
0 63 21 104.96 0.0695 19.3
0 63 23 110.88 0.0401 609.1
0 63 16 49.61 0.1444 729.2
0 63 21 139.16 0.1031 655.8
0 63 14 112.42 0.1398 190.6
0 63 31 270.76 0.0458 177.5
0 63 37 93.12 0.0594 242.0
0 63 21 124.81 0.0318 826.6
0 63 20 2004.81 0.0405 76.1
0 63 17 68.67 0.0310 438.8
0 63 13 193.01 0.1426 79.3
0 63 39 98.16 0.0850 88.6
0 63 24 118.29 0.0580 444.9
0 63 31 108.77 0.0562 461.0
0 63 29 171.68 0.0405 403.7
0 63 22 126.47 0.0541 627.5
0 63 15 62.29 0.1133 535.2
0 63 23 80.36 0.0614 45.7
0 63 38 227.55 0.0586 919.2
0 63 27 131.98 0.0569 66.1
0 63 16 91.49 0.1164 32.4
0 63 13 122.74 0.1407 264.5
0 63 16 58.45 0.0861 757.2
0 63 15 46.68 0.1008 609.3
0 63 14 180.37 0.1130 489.7
0 64 13 52.66 0.0743 72.3
0 64 25 63.91 0.0688 165.5
0 64 43 211.63 0.0711 39.9
0 64 35 609.37 0.0625 122.1
0 64 26 127.47 0.0325 650.7
0 64 37 291.47 0.0266 471.9
0 64 13 212.59 0.1251 912.3
0 64 22 900.25 0.0297 694.0
0 64 19 55.44 0.0446 778.5
0 64 22 48.38 0.0414 540.3
0 64 33 76.05 0.0730 252.6
0 64 26 79.58 0.0853 633.1
0 64 42 203.83 0.0500 330.3
0 64 33 92.40 0.0708 535.2
0 64 18 64.95 0.0553 636.0
0 64 18 75.33 0.0655 423.9
0 64 17 54.92 0.0589 771.7
0 64 13 81.35 0.0250 677.3
0 64 21 47.61 0.1145 524.3
0 64 37 54.77 0.0827 201.0
0 64 23 136.19 0.0423 358.1
0 64 39 83.27 0.0669 110.0
0 64 33 378.04 0.0387 342.2
0 64 34 110.28 0.0408 546.8
0 64 27 328.99 0.0336 227.0
0 64 37 73.31 0.0698 202.5
0 64 43 154.92 0.0812 905.6
0 64 31 89.91 0.0702 461.3
0 64 30 814.83 0.0445 692.3
0 64 18 98.86 0.0384 685.4
0 64 33 193.22 0.0392 551.7
0 64 28 50.47 0.0892 440.9
0 64 16 167.67 0.0298 298.3
0 64 30 140.76 0.0676 351.3
0 64 26 51.43 0.0620 183.4
0 64 45 113.91 0.0545 733.2
0 64 32 185.25 0.0504 332.7
0 64 37 215.87 0.0517 493.6
0 64 29 103.52 0.0616 107.3
0 64 22 65.78 0.0705 53.2
0 64 21 85.37 0.0435 274.3
0 64 17 49.37 0.0775 732.5
0 64 15 71.13 0.0954 928.3
0 64 35 65.69 0.0670 704.1
0 64 19 153.24 0.0384 93.4
0 64 20 48.98 0.0706 390.7
0 64 21 57.25 0.1268 49.9
0 64 33 76.03 0.0647 378.0
0 64 34 80.83 0.0940 269.0
0 64 25 50.31 0.0888 591.3
0 64 36 128.24 0.0637 706.7
0 64 36 97.23 0.0805 176.9
0 64 15 115.31 0.0991 368.1
0 64 19 50.43 0.0988 919.2
0 64 38 56.03 0.0565 949.0
0 64 30 104.72 0.0322 271.6
0 64 16 51.10 0.0858 295.7
0 64 27 93.46 0.0748 751.2
0 64 26 710.02 0.0321 683.0
0 64 37 166.59 0.0472 466.4
0 64 18 56.17 0.0450 392.4
0 64 16 397.07 0.0296 30.8
0 64 42 199.92 0.0423 291.7
0 64 32 107.25 0.0617 326.1
0 64 17 53.99 0.0603 899.3
0 64 19 48.07 0.1483 684.3
0 64 24 47.79 0.0657 678.0
0 64 47 284.57 0.0612 66.8
0 64 40 123.44 0.0607 635.3
0 64 19 89.35 0.0459 920.0
0 64 24 54.67 0.1032 388.6
0 64 30 158.58 0.0501 410.1
0 64 19 64.86 0.0369 379.8
0 64 20 65.38 0.0752 755.1
0 64 15 62.64 0.1506 781.6
0 64 43 148.10 0.0599 768.0
0 64 16 178.32 0.0203 917.9
0 64 27 89.07 0.0590 260.4
0 64 15 69.84 0.0874 914.3
0 64 15 70.29 0.1643 875.8
0 64 20 270.83 0.0611 444.3
0 64 40 83.79 0.0427 614.5
0 64 35 109.81 0.0594 602.1
0 64 21 174.20 0.0317 404.6
0 64 16 98.04 0.0278 646.3
0 64 34 177.42 0.0897 747.7
0 64 20 128.83 0.0680 517.6
0 64 21 177.75 0.0458 918.2
0 64 28 165.79 0.0767 421.5
0 64 34 59.92 0.0721 321.1
0 64 25 92.04 0.0576 274.8
0 64 32 164.67 0.0366 878.2
0 64 28 138.11 0.1130 808.6
0 64 29 78.46 0.0834 373.3
0 64 29 225.72 0.0318 440.3
0 64 26 76.63 0.0822 44.2
0 64 32 139.11 0.0646 555.9
0 64 28 78.62 0.0593 910.0
0 64 34 91.06 0.0684 580.2
0 64 38 106.49 0.0754 828.0
0 64 30 134.08 0.0543 126.9
0 64 35 77.82 0.0583 705.6
0 64 33 531.99 0.0535 274.1
0 64 15 405.32 0.0487 328.6
0 64 41 92.09 0.0522 428.5
0 64 40 180.59 0.0563 609.9
0 64 34 45.25 0.1207 250.9
0 64 30 94.82 0.0647 895.3
0 64 17 129.41 0.0531 888.9
0 64 17 75.98 0.0793 713.2
0 64 17 144.86 0.0361 936.2
0 64 15 72.83 0.1142 31.1
0 64 17 121.39 0.0731 577.4
0 64 15 257.14 0.0335 336.0
0 64 20 333.82 0.0453 250.0
0 64 17 182.49 0.0591 666.2
0 64 14 68.77 0.0301 375.7
0 64 37 46.57 0.1235 737.8
0 64 17 150.44 0.0147 877.0
0 64 13 65.11 0.0816 789.1
0 64 22 63.69 0.0857 713.3
0 64 18 46.03 0.0817 235.9
0 64 30 98.70 0.0687 712.3
0 64 20 68.56 0.0956 548.9
0 64 32 51.36 0.0973 673.2
0 64 17 117.93 0.0970 163.0
0 64 34 55.60 0.1071 763.0
0 66 43 125.73 0.0590 39.9
0 66 32 112.84 0.0530 789.3
0 66 35 120.80 0.0667 188.4
0 66 23 95.52 0.0769 599.0
0 66 38 152.11 0.0651 63.8
0 66 22 124.64 0.0362 180.5
0 66 29 160.78 0.0596 253.8
0 66 19 122.02 0.1269 536.1
0 66 37 83.76 0.0620 153.3
0 66 32 557.83 0.0311 186.0
0 66 36 82.33 0.1123 520.8
0 66 28 116.31 0.0602 550.8
0 66 16 81.06 0.0753 550.4
0 66 14 92.76 0.0986 934.4
0 66 35 133.76 0.0669 86.5
0 66 32 62.95 0.1130 133.3
0 66 37 117.79 0.0844 39.3
0 66 25 66.37 0.0791 139.5
0 66 34 67.25 0.0963 882.2
0 66 16 78.20 0.1208 697.3
0 66 32 102.43 0.0616 615.2
0 66 26 75.77 0.0635 299.6
0 66 21 412.27 0.1030 338.5
0 66 22 154.33 0.0417 506.2
0 66 23 172.69 0.0393 338.6
0 66 16 61.84 0.0683 12.3
0 66 41 122.56 0.0566 115.1
0 66 32 136.32 0.0483 369.1
0 66 14 51.31 0.0996 921.3
0 66 29 338.33 0.0570 774.9
0 66 24 69.95 0.0594 612.9
0 66 30 136.25 0.0760 245.2
0 66 31 68.51 0.0776 762.8
0 66 40 251.10 0.0726 275.1
0 66 28 62.33 0.0445 866.4
0 66 18 75.38 0.0794 942.1
0 66 34 81.61 0.0834 190.5
0 66 26 99.33 0.0703 648.5
0 66 39 155.02 0.0376 785.7
0 66 26 155.71 0.0424 148.5
0 66 38 88.60 0.0618 673.4
0 66 35 79.81 0.0560 916.6
0 66 16 62.00 0.0609 48.1
0 66 17 118.24 0.1068 944.3
0 66 29 62.15 0.1039 596.1
0 66 21 70.29 0.0304 68.9
0 66 21 46.23 0.0805 136.5
0 66 25 84.40 0.0941 720.1
0 66 31 70.37 0.0715 918.7
0 66 20 60.88 0.0848 733.9
0 66 13 111.84 0.1029 93.6
0 66 44 49.48 0.1158 843.5
0 66 29 152.72 0.0328 356.5
0 66 28 79.42 0.0960 495.2
0 66 26 78.24 0.0761 7.7
0 66 35 78.46 0.0606 690.8
0 66 14 77.76 0.1626 642.6
0 66 25 78.32 0.1309 660.6
0 66 35 403.09 0.0530 10.2
0 66 43 103.21 0.0805 786.7
0 66 23 46.18 0.1362 619.1
0 66 31 54.12 0.0731 547.6
0 66 39 123.20 0.0498 612.8
0 66 18 55.83 0.0398 99.4
0 66 41 324.33 0.0536 59.7
0 66 21 102.82 0.0488 70.1
0 66 38 238.88 0.0453 783.4
0 66 31 47.25 0.1442 694.9
0 66 40 72.57 0.0967 845.8
0 66 22 64.22 0.0867 771.3
0 66 26 231.03 0.1003 10.9
0 66 40 96.04 0.0689 24.6
0 66 44 110.73 0.0605 44.8
0 66 34 80.94 0.0737 197.0
0 66 43 69.63 0.0599 847.7
0 66 24 175.52 0.0494 627.6
0 66 41 100.37 0.0493 113.6
0 66 29 48.34 0.0981 721.9
0 66 26 133.51 0.0429 587.8
0 66 38 89.54 0.0667 601.0
0 66 37 195.44 0.0360 571.0
0 66 38 239.10 0.0515 835.2
0 66 31 148.01 0.0374 749.7
0 66 27 83.00 0.0504 46.1
0 66 35 55.11 0.0812 786.7
0 66 32 113.35 0.0669 935.7
0 66 14 49.21 0.0866 290.6
0 66 37 120.27 0.0674 744.6
0 66 25 127.85 0.0312 501.3
0 66 21 98.80 0.0674 23.1
0 66 28 81.22 0.0779 85.5
0 66 18 76.20 0.1252 674.8
0 66 13 65.46 0.0586 942.2
0 66 34 70.95 0.0779 844.0
0 66 13 81.08 0.0856 758.8
0 66 33 62.51 0.1072 55.3
0 66 24 116.29 0.0331 514.7
0 66 38 57.23 0.0848 706.7
0 66 17 117.84 0.0377 354.2
0 66 13 75.88 0.1056 748.8
0 66 23 125.81 0.0600 253.3
0 66 14 134.43 0.1060 73.1
0 66 16 51.43 0.1391 644.4
0 66 16 50.69 0.0454 55.3
0 66 16 85.43 0.0421 111.1
0 66 15 62.04 0.0596 944.1
0 66 24 100.04 0.0685 225.0
0 66 15 262.83 0.0872 850.3
0 66 19 114.32 0.0529 5.2
0 66 16 64.33 0.0262 838.0
0 66 25 180.90 0.0609 100.0
0 66 18 708.12 0.0273 740.5
0 66 29 108.77 0.0525 822.2
0 66 31 47.59 0.1057 912.0
0 73 21 53.11 0.0850 563.7
0 73 15 52.37 0.1525 397.3
0 73 21 450.03 0.0460 307.2
0 73 24 128.03 0.0490 15.7
0 73 38 152.67 0.0713 97.6
0 73 15 80.86 0.0616 328.9
0 73 28 82.66 0.0482 857.2
0 73 35 126.15 0.0710 641.9
0 73 13 79.34 0.1096 72.8
0 73 21 90.19 0.0559 53.8
0 73 27 79.48 0.0795 229.9
0 73 23 335.21 0.0463 559.1
0 73 35 52.82 0.0842 201.7
0 73 30 72.08 0.0329 851.2
0 73 25 68.94 0.0847 153.1
0 73 32 78.58 0.0947 370.3
0 73 30 120.82 0.0447 629.8
0 73 36 201.23 0.1089 574.3
0 73 19 56.33 0.0477 840.0
0 73 17 48.34 0.0894 462.6
0 73 26 201.63 0.0471 896.9
0 73 37 379.81 0.0432 143.9
0 73 32 70.77 0.0987 511.2
0 73 26 61.20 0.0689 952.3
0 73 42 154.45 0.0662 15.1
0 73 16 351.90 0.1362 687.5
0 73 40 45.22 0.1110 236.6
0 73 24 45.42 0.0722 439.1
0 73 16 266.41 0.0401 179.9
0 73 18 61.20 0.0874 936.6
0 73 27 202.68 0.0446 575.6
0 73 29 109.75 0.0297 21.7
0 73 36 120.95 0.0487 234.6
0 73 30 79.53 0.0552 652.1
0 73 34 164.89 0.0488 702.7
0 73 29 90.07 0.0631 517.7
0 73 20 49.53 0.0433 636.0
0 73 17 100.72 0.0427 42.5
0 73 44 124.32 0.0574 83.5
0 73 33 75.01 0.0511 27.3
0 73 42 109.27 0.0637 144.5
0 73 31 65.93 0.0624 375.3
0 73 29 48.43 0.0942 50.7
0 73 31 69.84 0.0826 205.8
0 73 41 147.02 0.0628 673.5
0 73 34 67.06 0.1083 892.7
0 73 17 116.57 0.1366 456.2
0 73 14 140.20 0.0253 835.0
0 73 16 110.21 0.0166 881.6
0 73 20 99.72 0.0630 838.2
0 73 22 80.38 0.0367 387.2
0 73 37 55.23 0.0856 254.8
0 73 37 266.47 0.0585 754.0
0 73 24 116.14 0.0341 295.8
0 73 25 404.77 0.0378 390.3
0 73 20 50.82 0.0323 841.2
0 73 23 109.45 0.0269 579.7
0 73 15 100.64 0.0484 882.0
0 73 17 76.59 0.0787 325.8
0 73 38 158.86 0.1040 389.0
0 73 24 110.18 0.0864 747.6
0 73 14 58.98 0.1122 467.1
0 73 23 65.72 0.0792 456.5
0 73 18 46.38 0.0961 798.6
0 73 37 58.65 0.0690 954.7
0 73 31 137.14 0.0395 634.6
0 73 30 138.00 0.0441 740.3
0 73 37 157.33 0.0607 392.8
0 73 33 238.99 0.0325 293.2
0 73 32 72.08 0.0727 139.7
0 73 26 165.90 0.0734 823.1
0 73 33 104.38 0.1011 359.5
0 73 24 54.40 0.0831 705.1
0 73 18 70.85 0.0835 656.8
0 73 30 49.12 0.1152 233.7
0 73 41 51.65 0.0715 493.6
0 73 35 64.91 0.0746 436.7
0 73 25 53.43 0.0970 73.7
0 73 40 1042.99 0.0613 111.4
0 73 44 193.63 0.0443 853.6
0 73 33 149.16 0.0742 151.7
0 73 40 86.89 0.0488 234.1
0 73 34 87.23 0.0340 619.2
0 73 39 55.76 0.0991 866.4
0 73 20 49.69 0.0900 680.3
0 73 33 79.21 0.0788 124.0
0 73 48 127.84 0.0633 488.6
0 73 18 53.33 0.1043 883.8
0 73 25 228.60 0.0581 30.6
0 73 26 253.46 0.0700 124.7
0 73 30 93.93 0.0687 811.4
0 73 33 80.05 0.0524 407.8
0 73 21 66.47 0.0643 49.2
0 73 26 58.41 0.1150 930.3
0 73 35 120.65 0.0785 82.6
0 73 31 1288.79 0.0443 312.4
0 73 40 281.22 0.0480 60.8
0 73 29 84.38 0.0592 571.2
0 73 22 132.33 0.0314 902.4
0 73 23 242.00 0.0306 38.4
0 73 13 109.24 0.1262 406.5
0 73 17 89.38 0.0308 540.3
0 73 37 45.71 0.0958 941.9
0 73 25 60.80 0.0794 837.7
0 73 24 46.54 0.1207 659.3
0 73 16 82.85 0.0347 27.9
0 73 34 138.23 0.0547 80.7
0 73 30 60.02 0.1158 449.0
0 73 24 151.21 0.0475 228.0
0 73 29 98.98 0.0584 634.1
0 73 18 497.82 0.0328 785.5
0 73 40 117.83 0.0921 278.0
0 73 38 146.03 0.0566 909.0
0 73 36 160.70 0.0644 188.0
0 73 27 733.75 0.0249 848.1
0 73 29 78.86 0.0780 555.2
0 73 19 141.92 0.0641 199.6
0 73 31 84.30 0.0608 193.3
0 73 21 64.83 0.0393 243.0
0 73 36 92.34 0.0736 945.8
0 73 44 52.12 0.0777 661.7
0 73 40 118.45 0.0370 131.8
0 73 19 58.49 0.0451 659.1
0 73 16 55.27 0.1029 521.6
0 73 19 173.96 0.1505 523.4
0 73 17 563.78 0.1438 510.8
0 73 15 428.12 0.1512 503.4
0 73 15 111.61 0.1116 515.6
0 73 20 289.12 0.0460 666.9
0 73 30 64.41 0.0805 147.5
0 73 17 78.23 0.1110 510.4
0 73 35 130.99 0.0503 820.5
0 73 33 249.60 0.0526 874.7
0 73 18 48.20 0.0682 802.0
0 73 41 154.19 0.0495 145.7
0 73 37 63.11 0.0621 581.1
0 73 22 119.04 0.0459 60.3
0 73 13 269.75 0.1372 527.3
0 73 25 134.86 0.0634 663.2
0 73 43 130.90 0.0434 66.7
0 73 39 141.22 0.0362 874.6
0 73 18 117.22 0.0266 638.4
0 73 22 74.18 0.1116 344.7
0 73 28 249.88 0.0499 871.0
0 73 26 170.03 0.0621 71.8
0 73 30 47.37 0.1073 105.3
0 73 18 69.95 0.0865 929.0
0 73 24 144.58 0.0428 546.0
0 73 15 227.38 0.0745 929.4
0 73 36 50.15 0.0995 652.5
0 73 35 87.44 0.0808 667.8
0 73 42 67.62 0.0486 700.4
0 73 25 74.35 0.0577 832.0
0 73 36 319.51 0.0493 435.4
0 73 20 488.22 0.1473 512.7
0 73 33 93.47 0.0819 695.2
0 73 35 82.56 0.0697 887.5
0 73 37 70.99 0.0866 102.4
0 73 31 60.20 0.0766 937.9
0 73 36 56.91 0.0868 535.1
0 73 41 121.28 0.0699 703.0
0 73 36 79.37 0.0792 207.6
0 73 45 107.55 0.0374 205.1
0 73 27 68.01 0.0392 371.5
0 73 40 179.96 0.0358 715.4
0 73 27 98.35 0.0717 598.9
0 73 15 64.96 0.0498 611.3
0 73 31 57.90 0.0947 821.3
0 73 13 147.79 0.0713 525.9
0 73 19 78.05 0.0848 785.3
0 73 19 89.70 0.0615 44.9
0 73 43 113.96 0.0683 6.3
0 73 31 185.16 0.0623 110.2
0 73 18 107.77 0.0788 464.3
0 73 31 154.82 0.0790 340.2
0 73 14 79.63 0.0732 227.0
0 73 23 57.18 0.0515 537.1
0 73 19 151.90 0.0456 864.2
0 73 17 76.05 0.0970 565.1
0 73 14 84.43 0.0852 501.9
0 73 34 79.19 0.0609 490.2
0 73 30 116.12 0.0568 814.0
0 73 16 470.58 0.0298 81.1
0 73 32 124.24 0.0557 932.6
0 73 17 92.72 0.0347 115.3
0 73 21 277.66 0.0378 932.2
0 73 22 126.86 0.0720 229.6
0 73 18 278.18 0.0471 221.5
0 73 21 81.63 0.0469 260.9
0 73 27 76.12 0.0828 860.9
0 73 15 45.93 0.1684 61.0
0 73 24 53.55 0.1068 934.3
0 73 14 53.75 0.0600 315.9
0 73 29 97.63 0.0614 25.6
0 73 15 64.95 0.0908 416.6
0 73 26 56.66 0.1009 181.3
0 73 33 81.90 0.1150 311.5
0 73 23 78.58 0.1075 389.3
0 73 28 356.63 0.0357 211.5
0 73 14 67.10 0.0908 936.9
0 73 15 47.23 0.1508 496.9
0 73 17 123.18 0.0551 36.4
0 73 19 63.77 0.0259 303.4
0 73 13 52.12 0.1453 502.6
0 73 15 76.41 0.1223 363.7
0 73 39 83.44 0.0745 22.1
0 73 16 71.47 0.0786 348.6
0 73 21 106.63 0.0796 102.2
0 73 13 49.40 0.0977 527.0
0 73 44 230.01 0.0595 800.1
0 73 15 922.13 0.1854 518.7
0 73 28 62.39 0.1013 785.0
0 73 14 131.95 0.0254 518.2
0 73 45 146.09 0.0433 471.6
0 73 30 63.96 0.1111 390.8
0 74 24 262.71 0.0905 187.0
0 74 34 100.03 0.0519 511.8
0 74 33 46.57 0.1239 158.6
0 74 32 119.24 0.0421 888.3
0 74 19 99.81 0.0440 133.0
0 74 36 107.66 0.0747 243.0
0 74 25 77.25 0.0684 45.0
0 74 20 97.58 0.0247 215.6
0 74 24 159.44 0.0900 27.5
0 74 24 83.81 0.0430 217.6
0 74 29 99.01 0.0711 854.8
0 74 30 213.45 0.0413 192.8
0 74 27 67.47 0.0588 382.3
0 74 30 61.90 0.1308 674.5
0 74 25 659.88 0.0586 230.9
0 74 15 60.75 0.0444 658.6
0 74 32 63.56 0.1156 45.4
0 74 20 717.26 0.0369 346.3
0 74 18 88.61 0.0343 226.0
0 74 37 128.82 0.0478 309.8
0 74 35 304.87 0.0716 662.1
0 74 34 71.09 0.0689 662.1
0 74 43 180.89 0.0659 167.0
0 74 31 159.92 0.0808 930.8
0 74 38 73.71 0.1057 665.3
0 74 26 116.02 0.0287 807.6
0 74 17 85.24 0.0303 708.5
0 74 20 71.53 0.0587 106.7
0 74 26 143.88 0.0384 206.1
0 74 27 113.97 0.0684 877.2
0 74 15 85.20 0.1111 153.2
0 74 18 82.55 0.0814 67.5
0 74 37 102.06 0.0685 652.2
0 74 24 129.66 0.0322 234.3
0 74 43 202.47 0.0549 523.2
0 74 27 65.44 0.0407 807.9
0 74 31 123.12 0.0891 229.2
0 74 39 238.12 0.0512 265.3
0 74 19 48.22 0.0630 825.7
0 74 32 102.39 0.0838 257.9
0 74 26 83.98 0.0879 896.6
0 74 24 55.85 0.0622 91.3
0 74 37 125.12 0.0674 314.0
0 74 27 360.45 0.0795 641.2
0 74 42 98.13 0.0702 76.2
0 74 28 147.67 0.0260 134.9
0 74 29 52.37 0.0996 698.7
0 74 26 91.79 0.0921 216.2
0 74 17 76.29 0.0390 863.8
0 74 17 224.88 0.0232 548.4
0 74 18 127.54 0.0245 249.0
0 74 31 188.98 0.0416 274.8
0 74 28 189.67 0.0694 51.5
0 74 26 1400.36 0.0838 666.8
0 74 32 66.21 0.1092 31.9
0 74 34 88.62 0.0849 672.3
0 74 40 98.19 0.0718 477.3
0 74 17 65.78 0.0725 716.0
0 74 31 57.52 0.0848 759.1
0 74 23 99.84 0.0642 919.4
0 74 33 56.00 0.1037 302.8
0 74 33 70.72 0.0883 345.9
0 74 37 76.19 0.0875 348.7
0 74 16 80.88 0.1145 48.4
0 74 37 211.54 0.0451 874.9
0 74 13 202.35 0.1334 817.2
0 74 24 73.64 0.0523 83.1
0 74 33 117.50 0.0501 654.5
0 74 16 120.25 0.0339 696.4
0 74 26 180.51 0.0626 75.7
0 74 47 355.05 0.0508 267.8
0 74 43 242.33 0.0579 174.4
0 74 19 124.50 0.0437 511.8
0 74 32 93.04 0.0506 293.2
0 74 15 46.73 0.0671 503.6
0 74 16 73.73 0.1158 118.4
0 74 25 50.06 0.0661 14.6
0 74 21 46.03 0.1306 84.5
0 74 36 54.42 0.0567 768.7
0 74 33 73.52 0.0742 210.3
0 74 13 77.85 0.1652 753.9
0 74 34 125.82 0.0839 184.3
0 74 30 137.83 0.0394 710.5
0 74 40 235.90 0.0641 268.3
0 74 30 61.40 0.1054 729.5
0 74 26 55.15 0.1117 590.8
0 74 36 138.16 0.0425 103.1
0 74 26 159.91 0.0479 379.3
0 74 23 104.07 0.0495 64.5
0 74 31 332.85 0.0531 660.3
0 74 21 73.58 0.0584 312.0
0 74 24 47.95 0.0383 55.2
0 74 29 61.04 0.0652 122.7
0 74 16 66.94 0.0905 826.4
0 74 31 201.01 0.0552 411.3
0 74 30 105.54 0.0607 792.6
0 74 20 50.11 0.1669 642.3
0 74 35 56.25 0.0837 666.7
0 74 23 74.49 0.0864 94.5
0 74 18 100.89 0.0794 339.6
0 74 21 83.55 0.0652 661.7
0 74 19 210.56 0.0721 69.3
0 74 30 59.59 0.0902 21.4
0 74 14 57.07 0.0429 671.7
0 74 16 108.56 0.1076 649.7
0 74 18 68.79 0.0386 370.4
0 74 38 239.91 0.0695 347.8
0 74 35 235.84 0.0295 870.6
0 74 29 94.21 0.0830 270.1
0 74 32 109.50 0.0662 674.8
0 74 36 78.20 0.0642 856.0
0 74 43 312.49 0.0668 62.6
0 74 33 264.64 0.0776 870.4
0 74 42 181.42 0.0370 47.0
0 74 41 137.65 0.0671 939.0
0 74 18 370.20 0.0320 151.4
0 74 30 94.34 0.0697 631.4
0 74 47 97.08 0.0744 725.1
0 74 36 70.91 0.0771 589.3
0 74 36 66.97 0.0726 636.6
0 74 32 47.55 0.0970 901.3
0 74 28 200.25 0.0428 248.3
0 74 22 48.16 0.0590 389.8
0 74 29 96.52 0.0496 728.9
0 74 34 107.44 0.0873 610.8
0 74 33 57.14 0.0769 86.2
0 74 28 76.14 0.1130 234.7
0 74 27 63.43 0.1171 215.8
0 74 18 51.74 0.0364 148.3
0 74 22 74.82 0.0601 915.2
0 74 14 95.91 0.1068 645.1
0 74 13 73.20 0.1144 635.0
0 74 27 75.48 0.1065 253.5
0 74 33 106.88 0.0476 350.7
0 74 35 56.02 0.1152 356.5
0 74 36 103.80 0.0670 720.9
0 74 30 170.42 0.0594 877.0
0 74 36 147.64 0.0468 491.0
0 74 16 47.53 0.0438 207.0
0 74 29 85.26 0.0774 395.8
0 74 35 126.82 0.0663 938.4
0 74 31 88.29 0.0703 148.0
0 74 14 189.44 0.1093 280.7
0 74 31 61.70 0.0452 875.8
0 74 33 52.87 0.0780 395.1
0 74 25 557.68 0.0670 728.8
0 74 32 132.19 0.0963 209.0
0 74 34 56.82 0.1081 307.3
0 74 16 60.46 0.1044 215.3
0 74 23 55.62 0.0874 215.5
0 74 35 176.96 0.0451 177.4
0 74 27 51.68 0.1037 475.7
0 74 31 50.76 0.1045 257.2
0 74 22 54.06 0.0599 200.6
0 74 19 81.69 0.0350 901.0
0 74 22 79.14 0.0307 389.4
0 74 34 72.48 0.0689 312.6
0 74 27 51.91 0.0913 710.2
0 74 33 125.46 0.0668 904.9
0 74 19 47.77 0.0667 698.7
0 74 36 136.24 0.0707 41.8
0 74 28 79.56 0.0397 806.7
0 74 16 77.87 0.1513 287.5
0 74 17 321.99 0.1626 349.9
0 74 44 164.30 0.0564 348.3
0 74 32 94.43 0.0570 835.7
0 74 19 107.35 0.0671 228.7
0 74 47 70.82 0.0857 301.4
0 74 39 82.58 0.0643 224.3
0 74 39 132.68 0.0771 630.1
0 74 16 49.87 0.0487 359.3
0 74 30 223.89 0.0530 270.9
0 74 22 140.21 0.0804 750.6
0 74 19 668.76 0.1224 229.8
0 74 29 61.87 0.0908 238.6
0 74 17 71.44 0.1583 281.7
0 74 17 71.46 0.1290 330.4
0 74 22 54.64 0.0961 497.3
0 74 28 168.67 0.0749 80.2
0 74 21 59.28 0.1095 746.6
0 74 33 225.76 0.0484 344.6
0 74 24 115.90 0.0614 237.6
0 74 39 107.14 0.0484 225.6
0 74 16 81.32 0.0545 561.7
0 74 42 144.26 0.0425 469.2
0 74 20 65.79 0.0439 753.1
0 74 37 305.24 0.0502 599.9
0 74 35 58.51 0.0494 65.8
0 74 38 130.74 0.0560 598.9
0 74 41 242.35 0.0775 53.6
0 74 38 99.45 0.0462 660.7
0 74 25 62.49 0.1363 24.0
0 74 48 60.12 0.0724 235.0
0 74 23 332.49 0.0897 127.4
0 74 35 250.05 0.0465 659.9
0 74 30 46.95 0.0790 811.3
0 74 32 52.51 0.0764 269.6
0 74 34 56.89 0.1162 302.8
0 74 34 77.25 0.0910 147.7
0 74 38 80.48 0.0953 488.7
0 74 28 91.39 0.0765 625.5
0 74 15 69.18 0.0808 795.2
0 74 42 49.20 0.0813 184.0
0 74 15 52.85 0.1190 947.2
0 74 35 58.29 0.0950 732.0
0 74 20 68.84 0.0235 48.0
0 74 34 250.05 0.0358 537.2
0 74 23 98.41 0.0482 129.3
0 74 21 45.43 0.0803 853.9
0 74 41 81.11 0.0815 901.8
0 74 15 564.78 0.1233 133.6
0 74 31 108.30 0.0628 669.6
0 74 17 58.10 0.0478 484.7
0 74 15 147.28 0.0341 595.4
0 74 18 49.94 0.0718 910.6
0 74 15 68.22 0.0554 56.3
0 74 19 140.60 0.0594 380.8
0 74 16 220.21 0.1373 716.9
0 74 13 58.33 0.0717 37.2
0 74 42 124.17 0.0674 488.6
0 74 27 189.23 0.0557 362.7
0 74 15 105.59 0.1154 808.9
0 74 14 121.08 0.1545 182.9
0 74 27 47.81 0.1154 370.3
0 74 22 121.85 0.0373 824.0
0 74 14 178.49 0.0354 621.2
0 74 13 75.34 0.1004 404.3
0 74 19 81.75 0.0459 752.4
0 74 24 57.42 0.0732 855.5
0 74 22 104.87 0.0448 228.7
0 74 15 58.73 0.0947 126.6
0 74 16 66.15 0.0613 662.8
0 74 27 47.14 0.0884 159.1
0 74 18 55.99 0.1118 685.5
0 74 18 50.84 0.0364 337.5
0 74 18 57.08 0.0431 878.3
0 74 21 78.82 0.0645 17.0
0 74 33 105.59 0.0606 30.0
0 74 15 56.90 0.0686 742.2
0 74 17 109.61 0.0428 675.3
0 74 26 162.24 0.0448 37.1
0 74 30 110.64 0.0421 454.4
0 74 21 113.99 0.0781 678.5
0 74 20 84.67 0.0765 726.6
0 74 37 49.25 0.0693 899.1
0 74 22 51.61 0.0979 338.5
0 74 17 118.59 0.0732 739.1
0 74 17 773.56 0.0247 287.9
0 74 20 138.85 0.0574 349.8
0 74 27 187.68 0.0655 281.0
0 74 17 204.06 0.0820 335.3
0 74 22 150.93 0.0432 564.6
0 74 13 67.49 0.0737 341.3
0 74 18 55.49 0.1008 364.4
0 74 18 383.24 0.0566 35.8
0 74 27 77.99 0.0587 668.1
0 74 14 281.05 0.1436 53.2
0 74 25 92.27 0.0286 614.9
0 74 24 49.85 0.0814 729.3
0 74 28 47.57 0.0851 422.6
0 75 40 98.59 0.0815 911.3
0 75 33 112.01 0.0476 105.1
0 75 28 64.07 0.0580 119.6
0 75 32 108.75 0.0479 353.2
0 75 13 51.86 0.1082 228.7
0 75 32 240.08 0.0472 927.3
0 75 31 124.83 0.0356 790.2
0 75 18 63.94 0.0662 55.3
0 75 24 54.06 0.0681 798.3
0 75 17 528.75 0.0273 155.2
0 75 20 237.08 0.0499 91.7
0 75 38 534.53 0.0570 165.8
0 75 37 202.63 0.0531 923.1
0 75 23 237.50 0.0672 137.6
0 75 22 1278.94 0.0385 572.2
0 75 22 109.97 0.0712 877.4
0 75 19 70.21 0.0533 442.2
0 75 20 72.31 0.0820 180.6
0 75 31 197.67 0.0253 68.8
0 75 41 507.87 0.0441 173.8
0 75 35 91.57 0.0809 777.8
0 75 35 65.84 0.0886 915.5
0 75 19 268.26 0.0662 181.9
0 75 41 76.37 0.0832 765.9
0 75 18 45.65 0.1332 833.5
0 75 14 71.24 0.0965 249.6
0 75 32 52.41 0.0877 68.1
0 75 37 143.59 0.0608 936.6
0 75 28 81.87 0.0463 486.3
0 75 22 98.03 0.0396 464.6
0 75 34 93.09 0.0725 157.5
0 75 29 79.92 0.0639 231.5
0 75 19 64.30 0.1020 122.9
0 75 15 59.69 0.1018 54.3
0 75 34 87.73 0.1012 152.4
0 75 26 51.68 0.1104 374.7
0 75 32 98.18 0.0872 381.7
0 75 45 92.63 0.0572 454.5
0 75 35 82.16 0.0679 321.6
0 75 23 92.88 0.0381 768.2
0 75 15 55.12 0.0523 413.7
0 75 23 172.21 0.0364 289.7
0 75 39 155.76 0.0539 342.0
0 75 34 105.59 0.0552 741.7
0 75 24 125.50 0.0820 900.3
0 75 21 151.15 0.0623 844.9
0 75 39 45.89 0.1220 854.0
0 75 36 313.56 0.0478 212.4
0 75 34 49.62 0.0889 553.1
0 75 35 74.65 0.0692 816.7
0 75 30 58.10 0.0723 164.8
0 75 39 143.11 0.0672 367.6
0 75 39 77.82 0.0792 444.8
0 75 16 52.24 0.1131 271.7
0 75 20 54.09 0.0981 92.6
0 75 27 178.85 0.1028 673.5
0 75 26 46.63 0.1218 895.7
0 75 39 49.17 0.0729 759.0
0 75 16 156.08 0.0215 514.2
0 75 19 247.05 0.0363 927.9
0 75 19 120.36 0.0738 914.2
0 75 31 85.80 0.0709 351.3
0 75 34 217.56 0.0648 594.9
0 75 41 171.21 0.0428 893.6
0 75 23 106.93 0.0385 864.3
0 75 39 84.25 0.0629 129.8
0 75 15 85.27 0.1141 24.5
0 75 20 76.96 0.0943 221.0
0 75 30 207.48 0.0413 782.5
0 75 31 62.29 0.1058 763.1
0 75 16 63.97 0.0789 405.9
0 75 32 275.03 0.1001 240.6
0 75 32 85.83 0.0794 141.3
0 75 19 106.72 0.0438 629.6
0 75 18 254.60 0.0386 138.8
0 75 15 60.76 0.1211 813.5
0 75 25 77.89 0.1229 214.5
0 75 24 141.56 0.0568 209.3
0 75 20 172.77 0.0304 741.2
0 75 29 155.20 0.0527 509.0
0 75 33 55.47 0.0969 463.5
0 75 45 104.84 0.0478 352.8
0 75 13 425.42 0.1305 634.1
0 75 19 232.52 0.0427 578.7
0 75 18 57.14 0.0726 35.7
0 75 21 80.84 0.0428 550.4
0 75 23 149.96 0.0531 875.4
0 75 32 107.62 0.0474 178.2
0 75 17 77.40 0.0473 824.1
0 75 17 115.60 0.0482 866.9
0 75 18 148.30 0.0761 253.0
0 75 14 56.30 0.0640 753.1
0 75 25 235.87 0.0375 365.9
0 75 13 697.02 0.1346 202.0
0 75 42 116.31 0.0751 181.6
0 75 21 89.76 0.0601 516.8
0 75 31 104.37 0.0647 935.3
0 75 40 60.44 0.0794 879.5
0 75 35 50.63 0.0975 328.7
0 75 16 116.12 0.0612 516.3
0 75 24 257.61 0.0333 509.8
0 75 34 121.75 0.0498 437.1
0 75 16 126.68 0.0477 390.5
0 75 28 140.77 0.0497 942.4
0 75 13 158.92 0.0424 358.0
0 75 35 79.99 0.0767 770.1
0 75 40 78.22 0.0776 749.3
0 75 20 56.83 0.0543 24.2
0 75 17 204.39 0.0755 852.7
0 75 37 163.23 0.0412 256.6
0 75 35 75.50 0.0647 101.9
0 75 21 47.48 0.0995 657.1
0 75 19 104.56 0.0429 193.1
0 75 27 79.81 0.0661 552.7
0 75 38 170.40 0.0461 785.6
0 75 29 241.46 0.0411 720.7
0 75 48 131.93 0.0372 82.3
0 75 32 124.11 0.0502 277.1
0 75 34 51.86 0.0978 325.3
0 75 19 155.98 0.0495 888.9
0 75 20 91.24 0.0716 928.7
0 75 34 106.93 0.0427 427.7
0 75 35 216.87 0.0890 785.7
0 75 24 116.01 0.0474 252.9
0 75 15 72.51 0.1156 307.9
0 75 41 149.35 0.0480 164.5
0 75 16 52.51 0.1149 824.8
0 75 29 82.91 0.0852 282.3
0 75 26 72.20 0.0606 47.2
0 75 37 61.47 0.0849 849.4
0 75 36 74.58 0.0703 42.9
0 75 45 102.68 0.0884 334.3
0 75 15 112.21 0.0343 458.9
0 75 30 311.29 0.0373 94.1
0 75 44 150.10 0.0509 189.9
0 75 41 126.68 0.0871 183.1
0 75 16 223.21 0.1323 223.5
0 75 35 170.11 0.0491 269.8
0 75 34 143.53 0.0385 905.7
0 75 16 124.71 0.1038 900.5
0 75 15 110.06 0.0810 937.7
0 75 13 54.53 0.1639 197.0
0 75 20 153.95 0.0908 250.4
0 75 22 152.09 0.0585 352.6
0 75 23 49.22 0.1178 428.1
0 75 31 116.08 0.0801 289.1
0 75 36 63.58 0.1209 203.4
0 75 15 50.44 0.1366 354.7
0 75 17 79.05 0.0237 212.8
0 75 36 69.91 0.0807 678.7
0 75 15 46.39 0.1163 255.4
0 75 17 287.30 0.0483 203.4
0 75 48 129.92 0.0609 910.6
0 75 19 58.83 0.0837 908.1
0 75 41 82.94 0.0504 164.2
0 75 48 74.84 0.0562 822.8
0 75 20 93.78 0.0608 436.3
0 75 24 58.98 0.0638 882.9
0 75 33 114.64 0.0714 244.9
0 75 41 103.93 0.0651 197.7
0 75 23 62.95 0.0721 514.7
0 75 43 108.33 0.0607 249.3
0 75 27 279.18 0.0501 502.8
0 75 40 68.77 0.0700 272.4
0 75 42 138.87 0.0579 798.7
0 75 42 139.41 0.0588 227.7
0 75 27 77.21 0.0783 211.9
0 75 43 158.74 0.0455 755.9
0 75 34 377.64 0.0352 258.2
0 75 13 92.33 0.0811 241.7
0 75 43 111.29 0.0750 327.0
0 75 26 47.49 0.1157 733.4
0 75 31 46.19 0.1071 313.1
0 75 16 397.15 0.0196 836.0
0 75 25 125.46 0.0532 657.7
0 75 23 97.63 0.0553 906.2
0 75 23 49.80 0.0671 781.6
0 75 42 125.81 0.0633 374.2
0 75 31 98.19 0.0596 842.2
0 75 34 53.65 0.1010 318.6
0 75 34 79.20 0.0654 823.8
0 75 16 84.39 0.1458 138.1
0 75 17 84.33 0.0427 951.0
0 75 21 95.52 0.0648 412.9
0 75 19 87.40 0.0892 832.2
0 75 24 62.35 0.0894 355.9
0 75 13 50.37 0.0780 449.6
0 75 20 85.07 0.0631 849.0
0 75 13 92.03 0.1330 67.3
0 75 39 51.92 0.1020 282.6
0 75 16 141.78 0.0157 24.9
0 75 15 75.02 0.0514 398.2
0 75 17 48.26 0.1185 260.6
0 75 20 45.09 0.0780 202.9
0 75 22 46.50 0.1173 216.3
0 75 23 416.78 0.0294 779.6
0 75 16 59.06 0.1256 70.0
0 75 19 47.00 0.0337 149.7
0 75 19 54.43 0.0674 863.8
0 75 24 108.55 0.0493 901.4
0 75 15 47.76 0.0943 93.3
0 75 17 73.32 0.0595 19.2
0 75 13 119.64 0.1544 616.8
0 75 30 193.51 0.0318 843.6
0 75 28 54.65 0.0708 184.6
0 75 13 63.50 0.0603 876.1
0 75 13 151.33 0.0411 149.5
0 75 13 126.20 0.0933 201.3
0 75 20 55.19 0.1335 343.3
0 75 19 193.56 0.0408 297.0
0 75 13 90.59 0.1144 229.0
0 75 27 116.48 0.0556 408.1
0 75 14 58.81 0.1589 129.8
0 75 18 54.65 0.1291 159.8
0 75 16 188.06 0.0764 134.9
0 75 16 179.80 0.0438 516.3
0 75 35 54.05 0.1034 81.4
0 75 32 93.71 0.0512 209.4
0 75 31 86.25 0.0474 16.8
0 75 17 278.93 0.0260 815.0
0 76 19 193.50 0.0740 728.5
0 76 31 91.83 0.0723 526.0
0 76 25 117.25 0.0670 222.6
0 76 22 69.69 0.0925 916.0
0 76 35 87.15 0.1083 916.7
0 76 30 98.73 0.0587 721.3
0 76 29 73.89 0.1492 466.9
0 76 22 45.51 0.0558 42.1
0 76 44 209.93 0.0555 247.2
0 76 40 68.76 0.0934 292.4
0 76 20 80.96 0.1329 943.0
0 76 22 45.63 0.0689 127.5
0 76 30 149.47 0.0925 398.4
0 76 18 95.95 0.0386 233.3
0 76 19 71.67 0.1071 800.9
0 76 25 59.77 0.0540 783.7
0 76 21 50.23 0.0605 288.0
0 76 24 57.32 0.0487 473.7
0 76 31 64.40 0.0915 784.6
0 76 14 205.85 0.0486 545.2
0 76 38 88.41 0.0732 759.5
0 76 33 130.50 0.0645 236.7
0 76 22 69.78 0.0612 814.8
0 76 23 94.15 0.0558 266.3
0 76 20 79.31 0.0360 792.5
0 76 16 421.38 0.1180 559.2
0 76 37 104.41 0.0561 317.8
0 76 24 119.40 0.0804 851.7
0 76 37 134.11 0.0539 612.8
0 76 31 64.04 0.0908 445.5
0 76 38 128.41 0.0528 300.4
0 76 36 117.31 0.0468 191.6
0 76 25 93.69 0.0533 770.5
0 76 43 48.89 0.0742 265.3
0 76 31 114.52 0.0413 426.0
0 76 25 76.21 0.0759 232.6
0 76 35 1312.48 0.0520 708.2
0 76 42 148.59 0.0781 742.0
0 76 14 66.69 0.0592 535.3
0 76 23 87.27 0.0385 771.5
0 76 30 50.06 0.0885 213.7
0 76 17 211.94 0.0585 818.7
0 76 18 89.45 0.0606 945.2
0 76 15 143.22 0.0305 115.9
0 76 42 159.03 0.0640 358.5
0 76 44 100.86 0.0431 120.8
0 76 35 180.81 0.0440 939.9
0 76 41 242.35 0.0429 312.2
0 76 31 334.70 0.0259 661.8
0 76 17 1259.69 0.0163 478.8
0 76 42 67.18 0.0674 889.4
0 76 22 146.67 0.0540 435.6
0 76 27 66.87 0.0804 756.7
0 76 28 128.01 0.0679 201.9
0 76 29 54.64 0.1128 950.3
0 76 25 97.87 0.0944 304.0
0 76 20 234.36 0.0482 787.3
0 76 28 54.72 0.0970 829.3
0 76 28 224.80 0.0634 266.4
0 76 22 51.68 0.0972 33.9
0 76 27 173.70 0.0472 700.9
0 76 30 66.74 0.0876 833.4
0 76 23 105.40 0.0638 634.9
0 76 36 246.58 0.0347 328.1
0 76 26 76.31 0.0784 57.3
0 76 29 129.93 0.0600 261.8
0 76 27 52.84 0.0850 76.5
0 76 35 103.41 0.0568 388.3
0 76 27 190.46 0.0808 273.7
0 76 48 154.06 0.0375 473.8
0 76 15 51.39 0.0978 779.7
0 76 24 208.57 0.0492 531.8
0 76 38 97.60 0.0932 625.3
0 76 27 58.21 0.1461 266.8
0 76 39 50.06 0.0923 395.6
0 76 17 76.26 0.0995 596.8
0 76 24 49.54 0.1064 541.9
0 76 34 62.50 0.1088 813.5
0 76 39 106.60 0.0542 462.9
0 76 16 47.48 0.0607 398.5
0 76 19 56.29 0.1180 415.3
0 76 28 202.10 0.0924 580.5
0 76 26 95.21 0.0527 859.9
0 76 38 265.83 0.0638 96.8
0 76 35 510.83 0.0384 677.7
0 76 46 55.73 0.0914 213.4
0 76 20 75.77 0.1011 763.5
0 76 34 54.95 0.1082 365.2
0 76 29 77.09 0.0674 820.1
0 76 29 60.30 0.0647 275.9
0 76 31 195.21 0.0384 122.3
0 76 13 305.41 0.1227 547.0
0 76 36 192.62 0.0535 442.0
0 76 15 123.73 0.0639 500.3
0 76 16 67.12 0.1063 809.1
0 76 19 54.39 0.0957 144.0
0 76 25 95.91 0.0397 850.3
0 76 19 136.10 0.1121 250.7
0 76 23 200.60 0.0474 727.7
0 76 47 90.12 0.0577 409.6
0 76 42 73.52 0.0878 732.3
0 76 27 158.90 0.0811 722.9
0 76 39 139.00 0.0708 644.0
0 76 20 185.21 0.0270 359.6
0 76 33 274.77 0.0306 289.2
0 76 37 80.91 0.0517 103.5
0 76 19 64.84 0.1114 785.7
0 76 36 87.65 0.0500 745.3
0 76 28 49.56 0.1100 786.1
0 76 34 50.50 0.0930 106.6
0 76 40 144.17 0.0591 125.0
0 76 38 90.34 0.0658 788.7
0 76 26 219.69 0.0601 132.5
0 76 41 199.22 0.0463 322.2
0 76 32 83.29 0.0863 824.2
0 76 27 84.80 0.0626 191.7
0 76 17 827.27 0.0254 271.5
0 76 30 96.11 0.0819 691.7
0 76 27 75.92 0.1058 572.3
0 76 41 92.42 0.0370 877.0
0 76 23 75.48 0.0841 659.4
0 76 24 95.47 0.0833 738.9
0 76 16 46.55 0.0327 110.5
0 76 15 125.42 0.1005 582.8
0 76 16 470.64 0.0273 255.3
0 76 27 88.21 0.0964 895.8
0 76 16 127.92 0.0535 433.7
0 76 19 77.10 0.0756 118.6
0 76 15 71.52 0.0513 351.3
0 76 17 68.16 0.0298 128.6
0 76 32 81.13 0.0622 546.5
0 76 18 159.50 0.0358 284.7
0 76 25 82.58 0.0544 375.7
0 76 29 55.40 0.1256 619.0
0 76 21 47.99 0.1082 355.7
0 76 24 284.98 0.0511 939.8
0 76 24 125.27 0.0675 949.8
0 76 41 137.31 0.0408 130.0
0 76 33 186.23 0.0571 438.2
0 76 20 88.16 0.0259 137.3
0 76 19 48.75 0.1303 738.7
0 76 18 92.91 0.1458 214.6
0 76 21 121.04 0.0253 941.5
0 76 15 727.47 0.1042 273.2
0 76 44 101.62 0.0573 794.7
0 76 19 826.58 0.0364 493.3
0 76 24 47.22 0.0973 247.4
0 76 33 103.95 0.0628 397.8
0 76 16 82.58 0.0643 217.6
0 76 14 323.88 0.0809 282.3
0 76 41 326.44 0.0529 821.4
0 76 32 49.22 0.1170 457.6
0 76 16 93.11 0.0273 686.6
0 76 30 87.88 0.1065 291.8
0 76 41 144.50 0.0682 434.2
0 76 36 116.48 0.0620 758.1
0 76 22 52.62 0.1041 924.3
0 76 40 59.60 0.0970 264.5
0 76 27 108.99 0.0494 685.7
0 76 25 47.02 0.1149 63.7
0 76 15 60.08 0.1246 422.3
0 76 19 254.68 0.0755 492.4
0 76 16 86.64 0.0715 912.4
0 76 36 59.40 0.0898 298.1
0 76 18 147.84 0.0508 904.3
0 76 15 54.91 0.1410 476.8
0 76 20 60.05 0.0593 488.1
0 76 19 149.97 0.0661 918.3
0 76 18 193.48 0.0647 526.3
0 76 27 60.83 0.1081 260.7
0 76 18 54.33 0.0520 94.9
0 76 13 45.32 0.0225 699.5
0 76 20 94.01 0.0354 267.0
0 76 16 59.80 0.0732 304.9
0 76 18 49.65 0.1197 893.9
0 76 23 47.27 0.0947 260.4
0 76 21 58.62 0.1042 592.7
0 76 16 56.23 0.1348 562.5
0 76 13 58.63 0.0363 488.2
0 76 13 57.82 0.1216 557.3
0 76 24 51.34 0.0688 528.2
0 76 16 252.70 0.0687 489.1
0 76 17 60.24 0.1349 619.7
0 76 13 73.01 0.1196 771.1
0 76 16 105.30 0.0147 149.4
0 76 18 86.17 0.0247 575.9
0 76 24 58.44 0.1269 555.3
0 76 19 246.14 0.0449 433.3
0 76 20 46.50 0.1036 439.2
0 76 31 108.15 0.0678 91.6
0 76 17 150.11 0.0414 500.0
0 76 18 58.49 0.0620 395.2
0 77 31 97.94 0.0740 656.7
0 77 18 85.12 0.0953 568.2
0 77 19 127.16 0.1072 592.6
0 77 13 472.68 0.1197 577.3
0 77 22 94.97 0.0436 116.7
0 77 20 52.36 0.0670 755.4
0 77 30 67.74 0.0977 82.0
0 77 30 76.29 0.0953 296.8
0 77 37 90.66 0.0634 471.3
0 77 28 181.32 0.0405 356.9
0 77 35 47.08 0.0909 125.8
0 77 33 243.03 0.0369 125.4
0 77 22 137.56 0.0247 268.8
0 77 16 74.82 0.0157 737.0
0 77 41 275.16 0.0481 909.7
0 77 32 89.01 0.0437 597.2
0 77 39 248.55 0.0367 169.9
0 77 27 970.70 0.0312 142.5
0 77 17 51.99 0.0256 356.8
0 77 14 48.21 0.0740 752.9
0 77 22 51.34 0.0833 72.9
0 77 27 118.14 0.0515 185.2
0 77 36 243.01 0.0505 486.4
0 77 23 242.00 0.0557 907.4
0 77 34 424.68 0.0569 242.3
0 77 31 62.86 0.0704 192.8
0 77 15 54.17 0.0300 129.3
0 77 33 101.87 0.0755 632.9
0 77 35 338.40 0.0432 183.1
0 77 27 53.03 0.1284 139.3
0 77 35 75.21 0.0622 166.4
0 77 31 82.61 0.0624 156.4
0 77 16 90.10 0.0376 488.7
0 77 42 68.24 0.1056 590.0
0 77 44 76.67 0.0482 650.8
0 77 28 124.94 0.0523 724.1
0 77 20 125.29 0.0672 499.6
0 77 37 58.96 0.0879 430.3
0 77 13 382.22 0.1259 190.7
0 77 31 71.50 0.0941 493.9
0 77 26 90.96 0.0583 100.7
0 77 34 257.50 0.0500 165.0
0 77 27 111.39 0.0476 52.9
0 77 23 167.62 0.0762 94.0
0 77 34 133.52 0.0567 234.3
0 77 33 169.11 0.0516 577.8
0 77 22 49.14 0.1069 828.0
0 77 19 69.83 0.0391 117.8
0 77 26 54.25 0.0781 75.3
0 77 22 49.72 0.1121 753.3
0 77 23 135.50 0.0595 681.8
0 77 34 117.58 0.0601 143.5
0 77 29 129.19 0.0582 529.5
0 77 25 105.18 0.0350 937.4
0 77 37 129.61 0.0467 892.6
0 77 37 98.22 0.0889 732.2
0 77 38 173.99 0.0668 134.6
0 77 27 72.20 0.0623 383.9
0 77 41 245.39 0.0477 781.1
0 77 17 60.26 0.1296 800.5
0 77 34 143.07 0.0312 152.8
0 77 17 348.70 0.0387 4.9
0 77 15 171.17 0.0284 916.5
0 77 16 332.00 0.0204 727.7
0 77 21 79.89 0.0792 794.3
0 77 26 155.94 0.0463 831.9
0 77 30 89.26 0.0503 593.2
0 77 31 74.79 0.0594 462.1
0 77 45 93.08 0.1033 142.4
0 77 22 136.36 0.0285 152.8
0 77 19 1204.87 0.0248 56.9
0 77 17 357.92 0.0520 566.8
0 77 33 54.76 0.0779 337.7
0 77 38 45.66 0.1211 185.9
0 77 33 194.08 0.0420 361.5
0 77 39 80.13 0.0859 900.3
0 77 34 169.29 0.0585 165.9
0 77 46 57.02 0.0780 109.8
0 77 37 90.99 0.0542 808.6
0 77 21 81.46 0.1033 23.5
0 77 39 58.08 0.0580 242.6
0 77 36 90.44 0.0488 797.2
0 77 43 125.79 0.0596 142.4
0 77 14 54.16 0.0809 158.6
0 77 17 159.36 0.1299 172.8
0 77 38 130.66 0.0656 859.4
0 77 33 102.04 0.0675 148.6
0 77 33 87.48 0.0688 687.9
0 77 30 294.80 0.0368 245.8
0 77 38 56.44 0.0966 469.6
0 77 20 58.46 0.0582 248.5
0 77 18 312.45 0.0228 450.0
0 77 40 144.54 0.0792 248.5
0 77 31 57.05 0.1092 191.3
0 77 35 367.62 0.0583 158.2
0 77 42 278.17 0.0450 764.1
0 77 29 76.08 0.0626 634.1
0 77 28 48.62 0.1193 708.3
0 77 23 95.03 0.0961 43.3
0 77 37 811.41 0.0451 820.0
0 77 40 72.74 0.0798 148.3
0 77 28 54.58 0.0807 469.4
0 77 20 150.61 0.0315 149.4
0 77 24 221.60 0.0423 736.0
0 77 35 53.54 0.1025 711.2
0 77 28 83.96 0.0460 8.0
0 77 21 82.08 0.0521 100.9
0 77 41 130.64 0.0621 703.0
0 77 29 93.21 0.0610 160.4
0 77 36 82.97 0.0697 616.2
0 77 16 47.31 0.0800 55.1
0 77 18 136.14 0.0616 106.3
0 77 33 130.72 0.0659 561.7
0 77 42 99.25 0.0782 183.8
0 77 39 355.33 0.0442 191.5
0 77 26 59.59 0.0524 209.5
0 77 41 715.03 0.0715 388.0
0 77 16 81.60 0.0575 590.3
0 77 13 61.91 0.1490 542.6
0 77 43 61.70 0.0995 148.8
0 77 39 54.50 0.0867 93.2
0 77 18 74.45 0.1159 471.8
0 77 48 150.83 0.0737 214.6
0 77 29 99.36 0.0672 528.6
0 77 27 54.67 0.0748 491.0
0 77 13 180.09 0.1077 725.7
0 77 41 209.80 0.0549 165.3
0 77 38 53.42 0.0911 517.8
0 77 29 148.41 0.0534 490.2
0 77 35 89.39 0.0565 520.7
0 77 17 84.55 0.0530 42.5
0 77 21 81.82 0.0442 665.2
0 77 21 1071.60 0.0465 246.9
0 77 16 48.71 0.0579 173.3
0 77 14 88.15 0.0866 547.6
0 77 31 263.85 0.0383 399.7
0 77 18 62.21 0.0803 52.7
0 77 18 85.75 0.0829 813.3
0 77 17 72.69 0.1373 844.9
0 77 35 228.11 0.0588 29.7
0 77 15 75.91 0.0657 875.6
0 77 23 122.64 0.0429 828.8
0 77 29 66.48 0.1006 615.9
0 77 24 196.35 0.0451 792.7
0 77 25 46.52 0.1416 587.3
0 77 39 213.50 0.0755 20.7
0 77 18 88.18 0.0556 349.9
0 77 14 300.39 0.0297 922.2
0 77 16 183.00 0.0444 544.8
0 77 28 156.11 0.0482 577.1
0 77 16 68.36 0.0372 602.0
0 77 22 146.68 0.0489 484.5
0 77 22 48.93 0.0803 404.8
0 77 18 81.23 0.0576 904.7
0 77 15 54.98 0.0896 720.5
0 78 37 289.02 0.0584 751.7
0 78 29 253.33 0.0257 800.0
0 78 23 72.25 0.0398 497.6
0 78 38 443.79 0.0580 641.9
0 78 25 66.31 0.0803 76.4
0 78 28 103.08 0.0382 424.4
0 78 21 557.44 0.0406 374.4
0 78 38 66.42 0.0937 431.3
0 78 14 342.18 0.1032 458.6
0 78 25 45.26 0.0965 129.3
0 78 14 165.87 0.1644 400.5
0 78 36 196.67 0.1112 412.1
0 78 27 63.01 0.1203 701.1
0 78 30 88.04 0.0504 305.7
0 78 28 55.94 0.1085 281.4
0 78 16 82.77 0.1594 398.4
0 78 18 58.79 0.1013 288.8
0 78 23 51.96 0.1088 370.3
0 78 19 104.08 0.0663 80.1
0 78 35 76.98 0.0718 496.0
0 78 31 131.21 0.0524 537.3
0 78 25 199.71 0.0327 477.8
0 78 16 115.60 0.1597 269.0
0 78 39 230.24 0.0410 704.2
0 78 30 630.35 0.0740 424.5
0 78 25 75.17 0.0481 764.8
0 78 23 52.65 0.0637 423.1
0 78 25 65.53 0.0949 172.1
0 78 19 56.05 0.0902 470.7
0 78 18 217.87 0.0716 943.1
0 78 17 47.39 0.0345 819.9
0 78 14 217.92 0.1525 434.4
0 78 30 190.45 0.0429 796.6
0 78 37 66.78 0.0809 230.3
0 78 17 352.40 0.0896 579.3
0 78 18 82.24 0.0667 3.3
0 78 30 48.42 0.0863 84.0
0 78 24 47.35 0.1527 592.6
0 78 25 176.18 0.0754 554.5
0 78 21 62.18 0.0754 911.5
0 78 18 378.05 0.0607 115.2
0 78 25 55.78 0.0858 154.5
0 78 13 47.99 0.0691 103.8
0 78 22 56.06 0.0302 17.5
0 78 30 58.41 0.1027 173.3
0 78 23 46.03 0.0993 398.8
0 78 14 53.66 0.1215 469.9
0 78 17 53.53 0.0992 898.8
0 78 32 69.62 0.1055 764.5
0 78 16 291.39 0.0945 400.2
0 78 33 111.57 0.0532 43.7
0 78 20 1597.14 0.0476 577.9
0 78 32 82.03 0.0722 302.3
0 78 30 77.12 0.0770 363.4
0 78 31 88.45 0.0819 530.3
0 78 20 147.63 0.0333 944.8
0 78 29 185.55 0.0483 495.3
0 78 28 374.68 0.0260 694.3
0 78 22 142.00 0.1132 377.1
0 78 13 230.46 0.1198 358.0
0 78 32 52.74 0.0959 31.3
0 78 40 185.31 0.0317 82.2
0 78 29 64.41 0.0862 30.5
0 78 26 77.31 0.1585 216.0
0 78 13 52.65 0.1025 932.0
0 78 33 54.78 0.0703 434.3
0 78 21 73.40 0.0569 793.7
0 78 30 61.85 0.1074 441.0
0 78 27 65.25 0.0958 453.2
0 78 35 61.98 0.1128 21.4
0 78 33 117.53 0.0592 899.9
0 78 45 69.71 0.0859 462.5
0 78 33 70.86 0.0817 367.3
0 78 25 224.25 0.0957 57.8
0 78 26 97.76 0.0629 203.7
0 78 21 101.59 0.0442 9.9
0 78 37 60.28 0.0910 423.9
0 78 44 116.10 0.0568 256.0
0 78 48 138.06 0.0616 133.8
0 78 40 88.91 0.0540 759.8
0 78 42 145.89 0.0578 598.0
0 78 26 81.21 0.0352 175.6
0 78 35 76.16 0.0496 693.2
0 78 42 73.98 0.0800 694.3
0 78 28 62.74 0.0973 550.7
0 78 27 61.95 0.0746 225.4
0 78 37 55.23 0.1087 184.3
0 78 21 110.68 0.0341 628.2
0 78 22 150.62 0.0772 679.6
0 78 26 650.47 0.0449 341.3
0 78 15 103.81 0.0467 579.2
0 78 32 60.48 0.0573 513.8
0 78 36 175.52 0.0867 14.1
0 78 25 91.12 0.0387 700.6
0 78 20 201.33 0.0672 20.0
0 78 19 80.51 0.0495 899.7
0 78 35 187.99 0.0992 554.9
0 78 41 261.79 0.0719 431.2
0 78 28 82.23 0.0650 334.7
0 78 19 69.45 0.0674 900.1
0 78 18 62.19 0.0776 41.1
0 78 15 171.70 0.1198 469.7
0 78 29 72.72 0.1304 484.3
0 78 42 170.39 0.0636 413.5
0 78 16 96.44 0.0411 940.7
0 78 41 426.09 0.0664 778.7
0 78 39 65.05 0.1055 413.7
0 78 32 79.28 0.0805 98.5
0 78 39 148.81 0.0614 777.3
0 78 14 80.08 0.1165 133.7
0 78 15 126.57 0.1106 495.1
0 78 23 117.21 0.0549 154.1
0 78 16 48.35 0.0877 318.3
0 78 44 46.95 0.1173 201.9
0 78 19 58.29 0.1492 591.7
0 78 40 135.75 0.0452 851.7
0 78 24 117.54 0.0606 341.4
0 78 26 61.42 0.0707 475.7
0 78 29 96.93 0.0505 98.9
0 78 44 243.91 0.0576 177.7
0 78 35 56.50 0.0960 577.9
0 78 32 104.74 0.0419 611.3
0 78 41 54.50 0.1259 612.7
0 78 40 102.18 0.0784 920.6
0 78 33 63.85 0.1133 20.7
0 78 25 96.83 0.0342 90.0
0 78 43 72.82 0.0880 493.6
0 78 24 106.48 0.0342 636.8
0 78 43 93.45 0.0606 433.1
0 78 44 104.70 0.0759 699.1
0 78 27 55.42 0.1106 294.6
0 78 14 57.73 0.1476 352.3
0 78 23 48.76 0.0981 441.6
0 78 22 151.79 0.0638 60.8
0 78 22 56.78 0.1031 407.9
0 78 14 62.47 0.0560 614.9
0 78 39 61.49 0.0895 33.0
0 78 15 54.84 0.0965 413.3
0 78 37 83.74 0.0888 365.3
0 78 30 111.89 0.0440 531.3
0 78 19 52.75 0.0800 560.4
0 78 13 102.43 0.1423 452.6
0 78 44 239.46 0.0655 769.9
0 78 18 69.65 0.1553 493.9
0 78 37 116.45 0.0775 510.2
0 78 16 49.31 0.1476 440.1
0 78 18 120.06 0.0273 40.3
0 78 22 82.30 0.0787 591.1
0 78 21 143.89 0.0610 494.8
0 78 19 93.02 0.1024 920.3
0 78 14 819.32 0.0619 360.8
0 78 30 149.17 0.0401 109.6
0 78 20 89.11 0.0763 487.9
0 78 18 89.04 0.1091 328.2
0 78 16 48.30 0.0888 404.6
0 78 37 128.84 0.0567 838.5
0 78 38 193.86 0.0499 221.8
0 78 17 128.60 0.0456 705.0
0 78 29 63.55 0.0983 574.9
0 78 20 87.07 0.0661 427.8
0 78 18 55.27 0.0552 95.3
0 78 17 201.16 0.1129 412.2
0 78 30 58.00 0.0913 662.7
0 78 15 48.71 0.1188 921.7
0 78 43 145.54 0.0541 901.9
0 78 34 112.40 0.0876 300.9
0 78 16 110.70 0.0212 923.7
0 78 15 106.94 0.0615 24.8
0 78 18 66.40 0.0962 939.9
0 78 27 103.16 0.0461 949.8
0 78 15 62.36 0.0912 174.2
0 78 21 231.86 0.1080 190.2
0 78 16 57.53 0.0300 855.6
0 78 31 45.34 0.1115 253.4
0 78 22 97.86 0.0359 421.2
0 78 19 45.71 0.0788 598.2
0 78 32 277.64 0.0296 728.7
0 78 18 71.49 0.1200 418.5
0 78 19 63.74 0.1054 940.7
0 78 26 46.55 0.0887 580.2
0 78 14 59.81 0.0901 429.2
0 78 33 75.65 0.0729 497.7
0 78 22 352.64 0.0449 904.3
0 78 23 188.34 0.0329 114.8
0 78 28 58.61 0.0858 483.3
0 78 23 135.04 0.0294 488.2
0 78 20 122.49 0.0321 938.4
0 78 29 60.39 0.0862 734.3
0 78 29 73.71 0.0982 238.8
0 78 20 241.76 0.0574 626.8
0 78 17 868.44 0.1086 471.8
0 78 15 48.02 0.0925 900.5
0 78 32 124.03 0.0638 292.7
0 78 32 62.35 0.0945 450.5
0 79 39 92.39 0.0704 353.8
0 79 33 65.36 0.0695 94.7
0 79 33 58.81 0.0767 699.0
0 79 38 84.32 0.0892 767.2
0 79 30 137.76 0.0564 443.1
0 79 39 105.03 0.0645 412.0
0 79 27 72.46 0.0965 721.5
0 79 26 102.43 0.0428 390.5
0 79 27 172.76 0.1122 401.2
0 79 28 88.21 0.0680 389.2
0 79 27 178.75 0.0841 608.4
0 79 27 50.01 0.1283 173.4
0 79 42 404.69 0.0538 167.1
0 79 18 50.77 0.0641 72.7
0 79 26 75.87 0.0400 602.8
0 79 36 160.54 0.0405 567.0
0 79 37 130.19 0.0867 527.3
0 79 20 75.21 0.1264 409.2
0 79 35 180.40 0.0404 231.9
0 79 19 64.87 0.0573 412.9
0 79 26 68.09 0.0606 596.1
0 79 32 136.94 0.0932 345.7
0 79 29 161.83 0.0518 365.9
0 79 40 101.29 0.0434 310.3
0 79 30 171.28 0.0453 69.9
0 79 24 220.21 0.0733 875.2
0 79 40 89.46 0.0613 276.2
0 79 37 212.34 0.0520 626.2
0 79 19 112.63 0.0359 727.5
0 79 24 149.75 0.0549 391.7
0 79 32 82.06 0.0829 632.4
0 79 29 59.69 0.1086 689.3
0 79 39 147.51 0.0714 377.5
0 79 38 47.54 0.1156 466.6
0 79 25 45.62 0.0981 857.6
0 79 37 79.16 0.0863 840.3
0 79 40 133.34 0.0427 819.4
0 79 28 188.38 0.0624 695.7
0 79 20 52.84 0.0751 569.3
0 79 16 113.10 0.0379 897.1
0 79 30 68.16 0.0694 93.2
0 79 34 134.90 0.0569 180.7
0 79 19 55.70 0.0809 818.8
0 79 36 202.66 0.0581 928.3
0 79 39 107.31 0.0594 415.6
0 79 18 45.45 0.0529 337.4
0 79 31 62.49 0.0973 353.0
0 79 16 74.79 0.1067 134.3
0 79 24 151.19 0.0374 96.2
0 79 16 598.71 0.0205 11.0
0 79 28 224.87 0.0333 288.6
0 79 23 72.03 0.0763 622.2
0 79 19 49.57 0.1470 138.3
0 79 30 75.93 0.0881 591.9
0 79 37 378.93 0.0623 912.0
0 79 36 48.13 0.1156 217.9
0 79 29 120.35 0.0353 250.5
0 79 14 51.21 0.0663 871.7
0 79 31 102.97 0.0734 274.8
0 79 35 253.60 0.0541 529.9
0 79 30 57.28 0.0514 550.2
0 79 39 59.30 0.0894 88.3
0 79 39 127.42 0.0694 203.7
0 79 26 138.16 0.0711 143.8
0 79 34 68.90 0.0489 225.2
0 79 17 146.86 0.0137 596.5
0 79 30 302.36 0.0497 573.4
0 79 38 85.81 0.0716 675.9
0 79 26 48.31 0.0787 447.4
0 79 21 55.42 0.1089 71.8
0 79 14 168.24 0.1618 275.7
0 79 38 133.67 0.0462 335.4
0 79 38 67.23 0.0872 558.3
0 79 23 56.34 0.0938 449.0
0 79 29 59.41 0.0811 291.6
0 79 20 134.15 0.0646 721.2
0 79 34 239.82 0.0425 338.8
0 79 34 84.92 0.0902 644.7
0 79 17 79.35 0.0361 641.9
0 79 30 102.36 0.0970 640.1
0 79 17 224.71 0.0550 554.8
0 79 33 119.38 0.0399 239.7
0 79 29 105.27 0.0862 354.9
0 79 34 95.14 0.0737 659.4
0 79 13 237.21 0.0499 537.3
0 79 37 276.99 0.0424 544.8
0 79 20 408.81 0.1157 126.6
0 79 32 139.98 0.0388 792.9
0 79 44 206.00 0.0524 538.9
0 79 19 998.75 0.0859 704.9
0 79 37 56.56 0.0715 148.5
0 79 18 46.24 0.0408 255.0
0 79 39 73.19 0.1063 131.1
0 79 37 79.94 0.0594 485.7
0 79 32 235.91 0.0718 594.8
0 79 32 96.09 0.0537 495.5
0 79 28 178.61 0.0645 193.5
0 79 27 88.03 0.0804 573.1
0 79 24 75.51 0.0785 721.4
0 79 34 94.58 0.0646 800.1
0 79 31 71.65 0.0686 126.3
0 79 17 132.22 0.0931 585.4
0 79 29 67.18 0.0768 628.3
0 79 28 128.49 0.0770 803.8
0 79 35 89.94 0.0902 313.8
0 79 47 142.41 0.0650 311.6
0 79 15 57.96 0.0845 159.0
0 79 39 63.18 0.0495 182.9
0 79 30 68.01 0.1255 701.6
0 79 38 133.04 0.0506 481.4
0 79 32 139.24 0.0525 86.9
0 79 27 99.55 0.0495 71.4
0 79 36 204.11 0.0386 664.2
0 79 32 77.46 0.0768 452.9
0 79 35 130.36 0.0629 471.3
0 79 31 263.06 0.0368 114.7
0 79 34 73.17 0.0669 218.0
0 79 39 429.06 0.0820 518.7
0 79 23 75.45 0.0467 866.2
0 79 38 67.28 0.0944 879.3
0 79 37 82.95 0.0709 152.3
0 79 42 65.28 0.0725 836.8
0 79 30 153.79 0.0543 283.0
0 79 36 176.78 0.0457 593.0
0 79 30 111.05 0.0670 552.6
0 79 17 101.93 0.1427 483.7
0 79 34 98.05 0.0718 560.2
0 79 36 74.24 0.0698 588.6
0 79 17 141.13 0.0537 95.5
0 79 32 97.70 0.0479 63.3
0 79 23 99.05 0.0324 621.5
0 79 16 98.53 0.0262 243.1
0 79 29 185.76 0.0520 742.5
0 79 34 112.95 0.0501 708.7
0 79 27 73.84 0.0876 350.3
0 79 35 82.38 0.1294 557.7
0 79 35 56.65 0.0925 408.3
0 79 20 96.96 0.0513 682.7
0 79 30 78.71 0.0934 520.9
0 79 26 72.43 0.0416 400.9
0 79 25 60.86 0.0859 560.4
0 79 42 299.63 0.0430 625.8
0 79 29 77.88 0.0725 238.4
0 79 32 63.24 0.0454 519.3
0 79 25 203.65 0.0456 218.7
0 79 15 194.64 0.0561 44.7
0 79 39 127.94 0.0595 875.8
0 79 25 170.32 0.0466 195.8
0 79 24 50.84 0.1149 861.4
0 79 14 112.58 0.0596 710.3
0 79 28 70.65 0.0836 755.2
0 79 29 78.47 0.0725 414.2
0 79 14 120.52 0.1216 872.7
0 79 39 146.95 0.0672 707.6
0 79 29 116.67 0.0489 545.6
0 79 34 112.54 0.1051 291.7
0 79 45 111.87 0.0670 675.7
0 79 26 148.85 0.0866 259.3
0 79 27 171.74 0.0349 480.6
0 79 18 80.47 0.0834 338.5
0 79 33 105.73 0.0562 708.1
0 79 20 164.98 0.0483 213.0
0 79 16 831.53 0.0417 558.2
0 79 32 47.60 0.0900 145.0
0 79 18 63.49 0.0448 191.7
0 79 46 118.98 0.0390 136.8
0 79 45 104.76 0.0411 31.2
0 79 29 59.92 0.0694 359.3
0 79 42 61.28 0.0682 600.8
0 79 41 356.19 0.0700 391.6
0 79 17 70.12 0.0589 732.4
0 79 29 46.57 0.1081 472.7
0 79 27 49.93 0.0933 444.9
0 79 17 48.96 0.1326 202.0
0 79 38 99.10 0.0399 662.3
0 79 18 128.01 0.1384 697.8
0 79 25 131.47 0.0953 540.4
0 79 28 110.24 0.0798 315.0
0 79 29 71.92 0.0610 129.6
0 79 29 60.96 0.0884 548.6
0 79 23 99.99 0.0660 490.0
0 79 19 51.21 0.0748 58.9
0 79 13 147.94 0.1592 413.8
0 79 17 50.17 0.0732 562.7
0 79 26 66.16 0.0665 343.8
0 79 41 59.27 0.0951 356.7
0 79 39 182.88 0.0641 360.9
0 79 14 61.62 0.1399 444.1
0 79 32 195.71 0.0448 311.2
0 79 18 55.07 0.0891 44.3
0 79 35 55.34 0.0508 631.2
0 79 20 63.51 0.0359 481.3
0 79 25 87.48 0.0981 361.3
0 79 27 72.14 0.0710 43.2
0 79 41 56.08 0.0867 570.8
0 79 42 102.10 0.0520 459.7
0 79 40 135.31 0.0778 403.0
0 79 13 274.37 0.1006 415.7
0 79 33 54.29 0.1086 464.7
0 79 26 52.88 0.0661 361.3
0 79 22 117.84 0.0364 942.1
0 79 36 306.21 0.0455 354.5
0 79 17 60.12 0.1194 538.3
0 79 16 76.26 0.0259 507.9
0 79 22 59.55 0.1073 244.8
0 79 41 47.42 0.0995 621.9
0 79 32 45.12 0.1186 624.0
0 79 35 65.68 0.0594 184.9
0 79 16 47.61 0.1188 951.9
0 79 29 110.88 0.0647 170.5
0 79 13 206.71 0.1340 923.7
0 79 42 70.10 0.0634 528.4
0 79 27 115.02 0.0361 33.6
0 79 18 195.59 0.0771 240.6
0 79 19 47.14 0.0875 54.3
0 79 37 143.49 0.0749 115.1
0 79 31 67.37 0.0887 389.5
0 79 20 48.09 0.1064 786.9
0 79 33 113.76 0.0709 698.1
0 79 15 77.36 0.0527 380.3
0 79 21 350.27 0.0517 530.8
0 79 21 52.30 0.0340 776.7
0 79 36 94.74 0.0521 291.1
0 79 27 88.31 0.0397 355.8
0 79 17 156.60 0.1109 845.1
0 79 22 219.09 0.0311 363.1
0 79 17 391.23 0.0353 388.1
0 79 17 140.64 0.0969 576.3
0 79 22 118.77 0.0598 850.0
0 79 18 84.30 0.0643 855.7
0 79 24 166.20 0.0771 620.6
0 79 16 101.98 0.0591 637.7
0 79 38 110.74 0.0602 410.1
0 79 20 81.55 0.0826 320.4
0 79 20 70.07 0.0804 741.3
0 79 31 127.30 0.0538 893.2
0 79 38 118.80 0.0520 244.6
0 79 13 116.55 0.1225 386.1
0 79 24 69.72 0.0465 836.8
0 79 16 114.30 0.0209 47.8
0 79 18 88.07 0.0653 21.3
0 79 13 53.63 0.0905 432.8
0 79 23 82.55 0.0820 687.8
0 79 15 77.24 0.1076 751.7
0 79 20 58.02 0.0659 614.2
0 79 23 49.16 0.0800 715.6
0 79 35 140.53 0.0668 835.0
0 79 14 54.68 0.0481 68.3
0 79 39 57.06 0.0783 774.3
0 79 24 180.74 0.0408 255.0
0 79 28 126.76 0.0365 234.5
0 79 24 141.45 0.0477 659.3
0 79 15 164.60 0.1332 538.2
0 79 18 53.14 0.0422 451.7
0 79 13 50.30 0.1324 210.3
0 79 26 104.07 0.0674 360.9
0 79 14 87.72 0.0430 571.4
0 79 19 181.04 0.0668 888.7
0 79 22 104.11 0.0724 283.7
0 79 39 133.33 0.0801 513.3
0 79 17 58.39 0.1229 346.1
0 79 39 85.48 0.0646 562.5
0 79 36 135.19 0.0772 623.1
0 79 32 112.01 0.0620 709.9
0 79 41 49.64 0.1021 390.4
0 79 16 61.46 0.0687 81.5
0 79 21 55.85 0.0856 27.1
0 79 33 90.04 0.0835 236.6
0 79 23 61.02 0.0869 264.8
0 79 22 58.76 0.0664 252.6
0 79 25 76.57 0.0718 554.8
0 79 31 177.99 0.0404 487.6
0 79 34 103.68 0.0857 298.4
0 79 15 55.68 0.0353 579.3
0 79 21 109.09 0.0620 674.1
0 79 35 98.88 0.0784 545.6
0 79 14 47.50 0.1385 427.2
0 79 36 74.44 0.0780 244.6
0 79 25 99.65 0.0353 343.4
0 79 20 120.46 0.0554 704.9
0 79 18 45.02 0.1113 586.3
0 79 24 54.31 0.1045 544.3
0 81 31 75.50 0.0923 541.5
0 81 39 123.71 0.0573 415.0
0 81 18 630.82 0.0433 669.3
0 81 26 49.92 0.0971 160.3
0 81 31 85.61 0.0547 212.7
0 81 30 57.07 0.1304 754.0
0 81 32 188.68 0.0406 109.5
0 81 40 125.55 0.0752 933.7
0 81 25 67.64 0.0423 923.0
0 81 28 78.39 0.0856 431.6
0 81 20 50.24 0.0312 23.9
0 81 39 126.05 0.0727 594.6
0 81 22 46.68 0.1000 360.4
0 81 29 136.57 0.0524 239.5
0 81 34 207.96 0.0721 224.0
0 81 16 127.47 0.0191 874.5
0 81 20 156.11 0.0438 740.8
0 81 24 96.55 0.0949 915.9
0 81 33 143.21 0.0375 935.0
0 81 21 76.14 0.0224 29.8
0 81 17 60.76 0.1138 537.4
0 81 37 107.74 0.0659 138.8
0 81 15 119.66 0.0585 139.7
0 81 40 56.10 0.1214 46.6
0 81 23 78.74 0.0594 659.8
0 81 16 124.23 0.0562 696.5
0 81 19 85.88 0.0400 919.6
0 81 23 152.85 0.0430 731.7
0 81 23 75.10 0.0829 916.8
0 81 34 157.36 0.0448 244.8
0 81 29 250.97 0.0428 625.6
0 81 13 66.18 0.0942 874.2
0 81 24 386.14 0.0397 734.1
0 81 21 54.31 0.0521 833.9
0 81 17 109.62 0.0432 717.3
0 81 17 638.98 0.0251 734.6
0 81 19 59.75 0.0560 750.1
0 81 19 54.80 0.0281 596.4
0 81 33 110.34 0.0929 842.3
0 81 32 90.40 0.0822 661.7
0 81 31 80.85 0.0899 139.7
0 81 24 50.32 0.0883 914.7
0 81 37 85.66 0.0769 900.1
0 81 36 75.09 0.1122 55.7
0 81 17 98.59 0.0636 415.3
0 81 16 55.77 0.1162 917.0
0 81 20 1107.36 0.0366 782.1
0 81 16 93.66 0.0531 3.9
0 81 24 69.54 0.0887 480.5
0 81 16 64.70 0.0263 547.5
0 81 32 140.82 0.0571 906.1
0 81 26 197.64 0.0367 97.4
0 81 26 258.68 0.0524 896.7
0 81 30 212.27 0.0649 731.4
0 81 17 45.15 0.0961 621.7
0 81 20 363.48 0.0279 813.3
0 81 32 101.97 0.0637 527.4
0 81 19 147.71 0.0552 313.3
0 81 29 64.30 0.1079 446.3
0 81 17 112.71 0.0599 721.0
0 81 14 103.42 0.0686 599.0
0 81 27 63.49 0.0859 397.0
0 81 35 63.83 0.0809 848.3
0 81 24 77.02 0.0790 581.7
0 81 18 126.82 0.0823 935.5
0 81 16 74.13 0.0867 385.7
0 81 25 94.31 0.0320 833.8
0 81 16 59.69 0.1208 590.0
0 81 17 103.74 0.0686 580.9
0 81 18 215.03 0.0384 106.9
0 81 27 445.66 0.0431 720.8
0 81 24 241.64 0.0529 601.3
0 81 38 265.55 0.0520 789.3
0 81 22 187.59 0.0278 536.0
0 81 35 71.25 0.0749 695.3
0 81 27 80.55 0.0679 457.2
0 81 16 420.24 0.0636 936.0
0 81 31 101.48 0.0509 97.7
0 81 24 105.13 0.1070 359.9
0 81 33 121.74 0.0508 879.8
0 81 42 298.02 0.0604 460.3
0 81 30 85.45 0.0822 551.9
0 81 46 201.13 0.0524 623.8
0 81 28 69.17 0.0761 904.8
0 81 36 45.07 0.0810 375.7
0 81 27 82.82 0.0678 397.3
0 81 16 150.24 0.0250 7.3
0 81 29 91.95 0.0515 733.7
0 81 26 249.60 0.0273 812.5
0 81 41 123.67 0.0273 110.4
0 81 45 281.17 0.0515 926.0
0 81 27 172.10 0.0341 851.0
0 81 14 125.69 0.0768 428.0
0 81 28 51.42 0.0739 384.7
0 81 18 58.69 0.0542 441.3
0 81 16 74.77 0.1056 923.8
0 81 17 168.42 0.0563 918.6
0 81 16 53.26 0.0151 420.9
0 81 23 213.65 0.0332 883.2
0 81 21 405.35 0.0456 135.6
0 81 19 163.03 0.0494 921.2
0 81 27 123.21 0.0656 775.5
0 81 31 205.01 0.0638 58.0
0 81 27 488.35 0.0640 413.7
0 81 29 173.73 0.0404 234.3
0 81 44 61.19 0.0755 363.9
0 81 32 46.16 0.0888 890.3
0 81 28 284.37 0.0349 107.1
0 81 29 68.04 0.0941 239.0
0 81 28 62.21 0.1202 592.3
0 81 19 62.65 0.0320 357.8
0 81 35 70.26 0.0688 828.4
0 81 16 777.28 0.0178 935.9
0 81 38 197.28 0.0606 860.1
0 81 37 52.81 0.0905 279.9
0 81 27 80.04 0.0799 897.3
0 81 19 88.54 0.0464 624.0
0 81 39 163.90 0.0534 497.1
0 81 16 60.52 0.1463 28.3
0 81 16 289.08 0.0565 729.4
0 81 40 132.88 0.0663 563.9
0 81 16 219.76 0.0339 110.8
0 81 38 53.34 0.0805 949.4
0 81 22 46.57 0.1028 318.2
0 81 40 331.74 0.0379 500.6
0 81 25 60.62 0.1112 843.1
0 81 15 131.62 0.1421 360.2
0 81 33 104.38 0.0382 753.9
0 81 42 120.12 0.0493 154.3
0 81 18 293.98 0.0293 154.9
0 81 24 49.17 0.0901 495.8
0 81 22 163.73 0.0804 868.2
0 81 19 46.38 0.0919 254.6
0 81 36 73.51 0.0642 116.6
0 81 35 156.97 0.0592 756.6
0 81 32 55.23 0.1311 493.1
0 81 21 928.08 0.0415 213.1
0 81 22 221.68 0.0242 633.7
0 81 37 70.54 0.0793 891.9
0 81 31 56.15 0.1225 834.3
0 81 27 157.72 0.0395 188.0
0 81 32 47.14 0.1044 502.3
0 81 42 197.02 0.0639 692.0
0 81 45 358.43 0.0505 755.0
0 81 32 85.30 0.0666 721.8
0 81 28 150.77 0.0395 44.5
0 81 26 151.35 0.0438 103.5
0 81 44 82.57 0.0579 926.9
0 81 22 76.72 0.0852 301.3
0 81 17 58.83 0.0599 769.1
0 81 23 60.31 0.0940 105.9
0 81 24 53.72 0.0978 776.7
0 81 23 90.21 0.0723 870.4
0 81 22 147.14 0.0612 746.4
0 81 39 61.71 0.0850 112.8
0 81 14 81.09 0.1072 573.0
0 81 27 54.00 0.1080 660.3
0 81 13 97.98 0.0485 950.1
0 81 40 127.13 0.0615 508.6
0 81 16 53.22 0.0710 313.8
0 81 18 200.49 0.0495 76.7
0 81 28 390.94 0.0322 337.8
0 81 19 147.23 0.0479 911.5
0 81 16 50.00 0.0589 529.1
0 81 20 66.48 0.0560 154.2
0 81 23 79.10 0.0471 408.3
0 81 13 58.57 0.1611 400.3
0 81 16 82.18 0.0770 771.4
0 81 13 550.32 0.1160 559.7
0 81 18 58.08 0.0387 721.8
0 81 33 127.88 0.0554 810.7
0 81 18 79.71 0.0311 921.0
0 81 28 154.74 0.1175 546.1
0 81 14 51.13 0.1119 843.3
0 81 18 92.83 0.0271 26.5
0 81 35 67.70 0.0669 672.7
0 81 19 58.26 0.0250 61.6
0 81 21 122.30 0.0367 882.1
0 81 15 54.80 0.0589 428.8
0 81 14 61.32 0.1094 335.0
0 81 21 474.54 0.1214 823.1
0 81 15 49.03 0.1278 213.1
0 81 19 169.10 0.0236 623.4
0 81 27 319.29 0.0343 737.2
0 81 38 239.37 0.0405 527.4
0 81 39 260.07 0.0692 232.2
0 84 33 154.40 0.0711 234.8
0 84 25 194.04 0.0382 537.5
0 84 31 255.03 0.0482 305.6
0 84 34 87.06 0.0970 210.5
0 84 31 63.50 0.0950 632.5
0 84 25 69.21 0.0574 344.6
0 84 40 174.28 0.0758 13.4
0 84 36 67.51 0.1131 641.5
0 84 29 107.47 0.0911 258.8
0 84 14 146.36 0.0300 565.9
0 84 16 203.31 0.0136 115.1
0 84 35 121.96 0.0920 247.0
0 84 18 79.63 0.0611 239.0
0 84 16 159.22 0.0522 431.9
0 84 14 150.33 0.0702 405.9
0 84 24 97.96 0.0346 235.9
0 84 45 106.03 0.0482 896.7
0 84 19 52.53 0.0685 532.2
0 84 32 90.26 0.0772 11.8
0 84 20 89.17 0.0680 118.2
0 84 34 127.25 0.0645 685.9
0 84 30 48.06 0.1164 666.6
0 84 42 184.21 0.0493 533.8
0 84 45 259.95 0.0466 252.0
0 84 13 115.10 0.1291 831.9
0 84 36 47.75 0.1118 491.6
0 84 25 65.09 0.0695 954.4
0 84 19 74.83 0.0357 723.3
0 84 32 120.39 0.0511 755.0
0 84 36 145.59 0.0726 852.3
0 84 20 55.54 0.0750 931.6
0 84 14 54.58 0.1084 873.4
0 84 33 80.40 0.0574 164.8
0 84 16 62.24 0.0330 150.1
0 84 28 165.90 0.0421 347.8
0 84 27 69.26 0.0352 534.9
0 84 17 457.86 0.0941 866.1
0 84 39 92.02 0.0806 390.0
0 84 26 54.16 0.0651 644.2
0 84 44 233.47 0.0409 109.7
0 84 36 576.47 0.0735 147.1
0 84 25 148.42 0.0398 63.2
0 84 40 120.64 0.0688 211.5
0 84 22 172.90 0.0536 13.0
0 84 26 144.37 0.0427 615.6
0 84 31 110.70 0.0617 865.7
0 84 42 54.67 0.1114 166.0
0 84 24 81.49 0.0268 607.6
0 84 31 104.17 0.0643 726.9
0 84 18 51.24 0.0408 187.1
0 84 36 133.47 0.0724 791.1
0 84 38 65.83 0.0932 896.5
0 84 37 86.80 0.0450 425.5
0 84 34 102.21 0.0680 295.1
0 84 18 66.08 0.1457 915.0
0 84 19 141.80 0.0596 906.3
0 84 34 46.11 0.0917 189.9
0 84 24 49.35 0.0635 235.2
0 84 16 52.39 0.1324 271.2
0 84 21 107.81 0.0470 926.1
0 84 27 45.79 0.1379 432.3
0 84 26 103.41 0.0299 253.5
0 84 34 64.78 0.0832 315.7
0 84 39 134.76 0.0461 444.0
0 84 20 93.58 0.0856 75.7
0 84 22 172.40 0.0466 685.2
0 84 37 711.49 0.0492 270.8
0 84 23 87.15 0.0679 822.1
0 84 29 153.17 0.0665 847.6
0 84 32 58.10 0.1128 463.9
0 84 25 103.99 0.0494 326.0
0 84 29 226.60 0.0492 877.9
0 84 29 117.77 0.0342 712.7
0 84 16 55.64 0.0708 934.3
0 84 19 62.53 0.0266 749.8
0 84 17 185.69 0.0280 615.2
0 84 24 51.52 0.0644 724.9
0 84 19 59.25 0.0514 103.3
0 84 25 197.57 0.0632 461.4
0 84 20 52.10 0.0837 443.2
0 84 31 78.29 0.0683 818.3
0 84 34 107.65 0.0548 444.5
0 84 35 169.97 0.0541 172.9
0 84 30 69.18 0.0534 700.9
0 84 37 102.36 0.0830 382.7
0 84 15 200.39 0.1214 186.3
0 84 46 86.50 0.0524 727.5
0 84 35 71.54 0.0918 647.4
0 84 24 96.74 0.0273 687.5
0 84 20 72.58 0.0315 7.9
0 84 30 225.66 0.0478 634.0
0 84 20 111.93 0.0358 674.6
0 84 16 65.48 0.0185 817.0
0 84 31 476.13 0.0445 373.2
0 84 17 205.45 0.0389 15.9
0 84 23 77.62 0.0874 130.9
0 84 19 73.30 0.0332 107.5
0 84 29 79.36 0.0495 318.3
0 84 22 52.76 0.0863 883.3
0 84 16 184.79 0.1165 125.0
0 84 18 62.38 0.1146 921.9
0 84 24 56.16 0.0931 508.5
0 84 34 53.05 0.0811 189.8
0 84 23 81.36 0.0386 623.6
0 84 26 287.72 0.0752 915.1
0 84 35 199.61 0.0408 190.4
0 84 34 82.18 0.0508 696.5
0 84 16 100.55 0.0532 548.3
0 84 14 215.07 0.0873 149.3
0 84 29 4298.16 0.0358 91.1
0 84 13 208.01 0.0754 342.6
0 84 18 67.07 0.1435 414.9
0 84 34 104.26 0.0466 377.0
0 84 36 152.68 0.0551 348.6
0 84 27 56.64 0.0798 891.3
0 84 21 66.11 0.0430 308.6
0 84 42 155.86 0.0390 106.3
0 84 25 93.86 0.0862 370.0
0 84 28 78.28 0.0866 313.2
0 84 20 55.63 0.0763 605.9
0 84 38 80.10 0.0947 39.9
0 84 23 101.77 0.0934 102.2
0 84 36 61.02 0.1122 837.2
0 84 37 135.47 0.0496 905.7
0 84 22 74.50 0.0925 762.3
0 84 22 83.81 0.0787 416.4
0 84 29 68.64 0.0720 550.3
0 84 36 60.49 0.0871 203.7
0 84 42 121.36 0.0749 587.3
0 84 43 226.61 0.0631 929.2
0 84 34 73.46 0.0702 732.3
0 84 48 169.94 0.0618 183.7
0 84 48 159.58 0.0663 513.8
0 84 14 115.45 0.0812 867.2
0 84 26 99.13 0.0441 144.4
0 84 17 175.85 0.0352 507.8
0 84 34 106.78 0.0652 899.3
0 84 21 94.45 0.1018 800.3
0 84 22 170.24 0.0424 134.3
0 84 34 74.37 0.0804 221.3
0 84 25 170.53 0.0413 23.4
0 84 14 46.53 0.1224 904.5
0 84 27 168.05 0.0432 76.1
0 84 41 103.42 0.0696 287.3
0 84 41 110.26 0.0487 366.9
0 84 40 397.48 0.0421 249.7
0 84 37 154.82 0.0716 452.9
0 84 28 127.07 0.0807 102.8
0 84 33 97.16 0.0392 767.1
0 84 36 125.13 0.0583 701.3
0 84 33 56.91 0.0947 863.1
0 84 39 221.60 0.0451 740.1
0 84 32 89.49 0.0614 406.8
0 84 28 76.19 0.1015 784.9
0 84 16 69.42 0.1477 62.9
0 84 19 71.95 0.0403 856.9
0 84 23 79.08 0.0559 928.2
0 84 26 50.57 0.0743 428.9
0 84 30 71.69 0.0772 806.4
0 84 18 80.83 0.0457 475.3
0 84 25 52.37 0.0924 724.4
0 84 38 63.34 0.0881 689.2
0 84 16 64.17 0.1387 942.7
0 84 22 99.79 0.0373 207.8
0 84 18 64.46 0.0663 532.8
0 84 29 73.39 0.0702 242.6
0 84 32 81.12 0.0521 906.7
0 84 33 101.28 0.0515 209.7
0 84 25 123.97 0.0288 821.4
0 84 31 59.49 0.1168 717.6
0 84 38 127.22 0.0572 500.1
0 84 17 629.66 0.0539 613.1
0 84 31 82.64 0.0864 766.1
0 84 20 64.39 0.1171 617.8
0 84 17 70.07 0.0534 887.1
0 84 13 55.13 0.0605 721.3
0 84 28 82.46 0.0715 356.5
0 84 24 54.00 0.0835 576.0
0 84 22 101.66 0.0630 96.3
0 84 17 69.44 0.0271 384.5
0 84 22 106.25 0.0513 7.8
0 84 23 48.83 0.1421 208.7
0 84 16 53.54 0.0307 190.7
0 84 15 82.90 0.0565 869.4
0 84 16 64.75 0.0411 500.2
0 84 15 678.46 0.0375 515.5
0 84 29 64.74 0.1284 213.7
0 84 15 72.15 0.0447 597.2
0 84 43 56.92 0.1118 250.3
0 84 14 54.09 0.0708 208.1
0 84 15 97.78 0.0263 112.0
0 84 29 58.69 0.1052 942.8
0 84 34 68.51 0.0912 192.7
0 84 34 45.88 0.1040 812.5
0 84 19 291.47 0.0408 919.9
0 84 16 82.73 0.1067 740.3
0 85 38 79.31 0.0587 241.8
0 85 34 99.47 0.0580 243.8
0 85 36 85.07 0.0901 641.5
0 85 32 59.11 0.1017 202.8
0 85 26 79.06 0.0402 673.8
0 85 16 1432.30 0.0967 815.3
0 85 23 67.85 0.0630 98.5
0 85 25 60.52 0.0660 732.7
0 85 40 208.25 0.0520 795.8
0 85 29 50.54 0.1104 66.0
0 85 38 78.99 0.0669 251.8
0 85 34 128.44 0.0894 146.8
0 85 35 47.77 0.1029 913.5
0 85 31 47.90 0.1377 595.7
0 85 16 82.98 0.0453 929.9
0 85 33 102.81 0.0523 559.3
0 85 35 154.29 0.0688 622.8
0 85 34 145.77 0.0374 460.8
0 85 23 77.33 0.0392 685.1
0 85 38 236.87 0.0422 666.8
0 85 44 72.37 0.0461 438.6
0 85 34 75.93 0.0673 912.7
0 85 35 167.40 0.1000 161.6
0 85 24 79.91 0.0529 758.5
0 85 39 60.63 0.0939 571.8
0 85 21 89.42 0.0499 817.9
0 85 29 99.14 0.0490 612.8
0 85 13 506.24 0.1232 148.9
0 85 32 112.79 0.0806 174.2
0 85 20 156.57 0.0306 101.7
0 85 21 53.68 0.0686 593.4
0 85 32 73.58 0.0777 214.9
0 85 29 56.94 0.0861 582.9
0 85 21 51.38 0.1171 508.6
0 85 18 57.38 0.0882 465.6
0 85 34 87.84 0.0899 913.0
0 85 18 53.37 0.0472 240.6
0 85 27 99.65 0.0341 266.8
0 85 20 681.49 0.0571 735.7
0 85 23 47.50 0.1068 512.3
0 85 16 236.97 0.0212 881.8
0 85 39 128.30 0.0605 132.5
0 85 34 138.19 0.0557 759.3
0 85 21 54.36 0.0444 318.8
0 85 19 160.32 0.0552 758.7
0 85 34 62.72 0.0598 757.8
0 85 33 71.26 0.0832 913.8
0 85 25 64.14 0.0585 570.5
0 85 28 186.61 0.0398 77.5
0 85 14 60.12 0.0701 866.3
0 85 15 115.25 0.0442 444.7
0 85 42 50.80 0.1130 620.3
0 85 33 62.37 0.0677 569.0
0 85 23 90.20 0.0560 623.3
0 85 32 202.53 0.0631 185.3
0 85 33 129.81 0.0746 684.7
0 85 17 140.56 0.0437 189.6
0 85 31 85.28 0.0666 750.8
0 85 19 154.03 0.0719 124.9
0 85 38 147.64 0.0371 429.0
0 85 43 309.27 0.0350 542.0
0 85 30 64.60 0.0590 307.3
0 85 29 91.43 0.0575 506.6
0 85 33 153.90 0.0782 683.7
0 85 22 340.64 0.0410 600.5
0 85 29 63.58 0.1258 273.8
0 85 35 74.73 0.0606 558.8
0 85 29 141.73 0.0564 840.9
0 85 39 66.85 0.0740 808.9
0 85 22 87.61 0.0612 393.9
0 85 18 225.04 0.0693 611.4
0 85 39 59.71 0.0759 595.8
0 85 39 45.96 0.1300 578.6
0 85 39 65.69 0.0773 276.2
0 85 32 77.70 0.0473 394.3
0 85 20 121.47 0.0206 64.2
0 85 24 45.45 0.1359 254.1
0 85 31 90.91 0.0675 760.8
0 85 37 72.33 0.0909 208.1
0 85 23 82.14 0.0704 959.7
0 85 33 375.08 0.0314 223.1
0 85 18 107.11 0.1081 264.8
0 85 41 132.16 0.0560 563.9
0 85 36 207.38 0.0457 368.4
0 85 28 220.33 0.0394 28.5
0 85 28 62.39 0.0878 124.9
0 85 35 117.47 0.0665 844.8
0 85 19 245.87 0.0191 575.5
0 85 34 84.28 0.0588 622.4
0 85 27 86.33 0.0501 437.5
0 85 39 231.11 0.0502 624.1
0 85 33 143.65 0.0582 307.7
0 85 25 176.25 0.0365 195.8
0 85 15 1198.20 0.0181 936.0
0 85 16 108.64 0.0599 776.6
0 85 23 120.65 0.1451 427.6
0 85 19 62.57 0.0317 394.1
0 85 26 78.48 0.0875 431.6
0 85 23 263.47 0.0474 575.3
0 85 38 100.36 0.0816 883.8
0 85 39 83.75 0.0759 196.5
0 85 27 129.70 0.0400 607.9
0 85 39 63.23 0.0666 448.8
0 85 21 79.46 0.0833 531.5
0 85 17 136.53 0.0502 458.5
0 85 38 115.74 0.0556 516.6
0 85 30 72.10 0.0711 285.1
0 85 16 76.07 0.0443 934.1
0 85 30 49.47 0.1084 411.7
0 85 31 103.80 0.0592 153.0
0 85 34 124.87 0.0780 266.3
0 85 29 69.66 0.0928 641.4
0 85 14 69.77 0.1385 5.9
0 85 33 70.52 0.0843 685.1
0 85 28 97.82 0.0555 713.8
0 85 21 150.49 0.0306 425.7
0 85 33 111.03 0.0473 324.7
0 85 42 55.47 0.0829 456.0
0 85 46 55.79 0.0905 464.3
0 85 22 57.16 0.1112 451.6
0 85 22 46.18 0.0515 401.6
0 85 39 141.33 0.0513 161.8
0 85 32 121.73 0.0428 718.2
0 85 33 62.85 0.1107 202.1
0 85 18 72.37 0.0623 496.4
0 85 32 147.63 0.0393 390.0
0 85 37 428.95 0.0335 664.9
0 85 21 56.78 0.0960 438.0
0 85 33 51.14 0.0847 909.2
0 85 32 330.54 0.0501 718.9
0 85 28 79.42 0.0490 723.7
0 85 39 203.22 0.0477 115.8
0 85 23 79.17 0.0202 447.2
0 85 27 103.49 0.0525 83.7
0 85 22 87.77 0.0525 361.1
0 85 45 70.87 0.0737 38.4
0 85 19 168.27 0.0349 693.4
0 85 35 77.78 0.0689 866.3
0 85 20 138.54 0.0759 50.3
0 85 19 131.73 0.0512 636.0
0 85 29 67.91 0.0887 863.2
0 85 21 82.09 0.0398 587.0
0 85 38 173.37 0.0733 569.6
0 85 25 596.90 0.0639 208.8
0 85 42 143.90 0.0640 501.6
0 85 38 95.24 0.0652 752.8
0 85 36 67.24 0.0747 342.3
0 85 38 111.48 0.0796 702.7
0 85 39 56.66 0.0869 826.4
0 85 46 138.86 0.0508 301.7
0 85 31 51.76 0.0884 432.3
0 85 19 970.69 0.0324 227.0
0 85 40 128.71 0.0733 659.8
0 85 20 45.11 0.1220 68.4
0 85 29 94.69 0.1074 614.3
0 85 15 202.21 0.1008 666.8
0 85 18 63.18 0.0421 449.2
0 85 17 113.38 0.0445 784.5
0 85 31 74.50 0.0817 230.7
0 85 16 128.32 0.0425 753.3
0 85 17 134.81 0.0220 68.6
0 85 26 56.38 0.0814 775.7
0 85 41 100.20 0.0583 524.3
0 85 33 61.14 0.0993 628.0
0 85 36 140.49 0.0501 312.8
0 85 41 146.60 0.0459 273.6
0 85 18 45.56 0.1069 696.7
0 85 32 220.24 0.0461 689.3
0 85 31 98.09 0.0643 53.0
0 85 39 69.90 0.0716 784.4
0 85 25 104.32 0.0428 699.6
0 85 37 400.84 0.0508 768.4
0 85 36 226.38 0.0436 845.7
0 85 37 115.37 0.0682 301.7
0 85 26 50.05 0.0710 582.9
0 85 32 108.36 0.0704 104.2
0 85 26 193.86 0.0375 951.5
0 85 19 56.62 0.0234 310.3
0 85 25 555.18 0.0437 760.4
0 85 21 58.29 0.0861 98.4
0 85 40 93.19 0.0798 50.2
0 85 28 58.05 0.1356 79.6
0 85 25 74.47 0.0868 412.8
0 85 16 148.26 0.0596 483.0
0 85 18 74.62 0.0687 572.8
0 85 24 82.25 0.0472 495.9
0 85 24 157.86 0.0445 759.9
0 85 28 63.61 0.0690 941.4
0 85 20 55.87 0.1098 955.0
0 85 18 45.42 0.0811 156.2
0 85 16 48.45 0.1378 595.4
0 85 23 62.35 0.1300 587.7
0 85 21 130.43 0.0495 854.8
0 85 17 88.15 0.0768 230.0
0 85 15 45.45 0.0810 720.3
0 85 15 50.89 0.0959 422.5
0 85 18 66.36 0.0253 802.3
0 85 14 79.61 0.0711 680.8
0 85 15 126.17 0.0353 891.0
0 85 24 50.24 0.0953 31.7
0 85 16 292.10 0.0229 108.8
0 85 19 82.84 0.0455 271.3
0 85 16 48.42 0.0225 904.8
0 85 27 104.87 0.0703 139.3
0 85 21 95.35 0.0534 936.1
0 85 27 54.47 0.0911 485.9
0 85 37 71.33 0.0854 704.8
0 85 29 248.91 0.0199 202.2
0 85 18 55.62 0.1177 133.4
0 85 21 59.68 0.0417 922.4
0 85 16 47.87 0.1361 412.0
0 85 33 188.57 0.0495 593.7
0 85 14 137.25 0.0373 25.6
0 85 27 54.51 0.1000 142.7
0 85 19 46.63 0.1034 693.7
0 86 27 73.37 0.0799 748.6
0 86 22 46.08 0.1130 798.7
0 86 25 118.98 0.0995 408.7
0 86 30 48.23 0.0817 599.2
0 86 14 49.81 0.0974 277.6
0 86 34 59.48 0.1032 548.1
0 86 18 256.20 0.0964 374.2
0 86 25 114.92 0.0497 657.7
0 86 16 59.49 0.0856 934.3
0 86 31 812.52 0.0658 309.4
0 86 37 61.60 0.0753 259.7
0 86 16 101.40 0.1209 783.4
0 86 18 60.59 0.1065 716.0
0 86 39 117.96 0.0625 857.5
0 86 20 101.19 0.1183 653.3
0 86 24 63.78 0.0579 478.5
0 86 15 97.19 0.1536 698.9
0 86 15 164.29 0.1123 802.7
0 86 32 78.39 0.0674 560.3
0 86 30 65.77 0.0924 327.8
0 86 13 101.26 0.0837 766.5
0 86 41 210.33 0.1438 352.1
0 86 29 121.41 0.0483 310.8
0 86 34 88.57 0.0735 506.0
0 86 42 121.34 0.0466 704.8
0 86 27 267.85 0.0276 316.9
0 86 34 65.93 0.0912 834.9
0 86 32 172.95 0.0548 409.8
0 86 25 55.95 0.0591 509.9
0 86 19 99.18 0.0307 299.4
0 86 19 48.77 0.0942 491.4
0 86 18 53.94 0.0824 208.3
0 86 39 52.01 0.0994 418.1
0 86 26 61.37 0.0435 943.5
0 86 19 93.92 0.0435 312.6
0 86 38 77.64 0.0563 754.0
0 86 40 58.73 0.0777 522.0
0 86 29 107.64 0.0524 155.5
0 86 27 101.73 0.0386 824.1
0 86 38 85.77 0.0719 150.1
0 86 44 101.39 0.0700 293.3
0 86 27 99.96 0.0544 359.6
0 86 29 145.10 0.0605 217.7
0 86 34 83.97 0.0576 471.3
0 86 33 98.03 0.0647 476.3
0 86 30 117.00 0.0523 291.7
0 86 24 119.11 0.0497 190.2
0 86 20 117.75 0.0613 759.2
0 86 16 75.68 0.0654 424.4
0 86 24 124.59 0.0640 909.7
0 86 15 330.64 0.0977 378.7
0 86 28 183.89 0.0389 307.1
0 86 38 229.11 0.0497 521.9
0 86 23 65.39 0.0597 305.8
0 86 31 1176.47 0.0452 742.8
0 86 34 86.63 0.0904 456.8
0 86 17 59.83 0.0257 777.7
0 86 34 400.10 0.0475 690.0
0 86 26 203.42 0.0441 789.8
0 86 27 114.37 0.1028 405.9
0 86 19 122.73 0.1030 808.3
0 86 21 71.73 0.0288 917.2
0 86 39 112.02 0.0561 740.8
0 86 33 165.23 0.0922 742.4
0 86 22 65.77 0.0642 261.5
0 86 23 45.44 0.0853 711.0
0 86 16 92.55 0.0548 186.0
0 86 38 49.31 0.0913 247.5
0 86 42 237.32 0.0627 211.5
0 86 35 175.39 0.0600 675.5
0 86 33 73.18 0.0701 414.3
0 86 14 73.18 0.0735 367.3
0 86 34 146.11 0.0833 738.7
0 86 21 75.22 0.0786 911.9
0 86 26 124.52 0.0343 301.9
0 86 33 83.57 0.0534 881.2
0 86 39 152.07 0.0604 861.6
0 86 19 82.49 0.0540 647.3
0 86 33 106.41 0.0541 649.6
0 86 16 57.28 0.0762 566.8
0 86 17 78.55 0.0767 412.1
0 86 25 56.83 0.1009 365.5
0 86 13 78.10 0.1566 468.0
0 86 27 127.03 0.0796 745.7
0 86 18 706.35 0.0848 271.8
0 86 18 51.99 0.0732 36.2
0 86 32 104.56 0.0672 889.3
0 86 33 119.58 0.0610 788.2
0 86 41 80.22 0.0778 236.0
0 86 47 257.84 0.0495 444.9
0 86 42 129.30 0.0447 268.9
0 86 23 97.76 0.0553 649.7
0 86 37 188.66 0.0449 405.5
0 86 37 167.16 0.0567 253.8
0 86 47 98.56 0.0586 497.8
0 86 36 117.24 0.0671 766.8
0 86 37 111.34 0.0636 924.1
0 86 27 254.33 0.0595 663.7
0 86 16 56.11 0.0407 340.2
0 86 15 71.41 0.0495 322.8
0 86 26 88.88 0.0796 312.2
0 86 16 89.53 0.0235 722.1
0 86 18 673.77 0.0405 155.6
0 86 19 58.30 0.0612 154.5
0 86 18 56.97 0.0928 590.4
0 86 38 77.58 0.0513 551.4
0 86 13 54.33 0.1261 607.3
0 86 18 137.60 0.0416 92.3
0 86 17 338.66 0.0375 858.8
0 86 33 53.48 0.1023 496.4
0 86 40 58.94 0.0797 694.5
0 86 22 49.21 0.1157 937.6
0 86 20 54.65 0.1012 44.2
0 86 42 89.98 0.0856 467.3
0 86 24 69.10 0.0714 282.0
0 86 22 56.91 0.0782 66.2
0 86 23 71.79 0.0729 796.9
0 86 23 148.19 0.0336 34.0
0 86 33 93.16 0.0749 682.1
0 86 19 57.78 0.0740 132.5
0 86 14 54.00 0.0897 586.0
0 86 39 70.76 0.0729 877.6
0 86 17 64.10 0.0914 325.4
0 86 48 116.43 0.0576 429.5
0 86 22 122.03 0.0439 344.1
0 86 28 131.92 0.0547 683.9
0 86 39 93.47 0.0666 795.9
0 86 45 87.33 0.0659 934.0
0 86 29 62.46 0.0881 553.6
0 86 24 518.56 0.0256 323.8
0 86 27 70.45 0.0921 541.0
0 86 32 135.32 0.0347 738.2
0 86 13 123.00 0.1123 464.3
0 86 29 61.22 0.1122 880.8
0 86 39 72.14 0.0854 545.3
0 86 15 47.63 0.1345 273.3
0 86 13 56.02 0.1872 324.3
0 86 18 149.95 0.0667 462.6
0 86 20 79.66 0.1088 894.0
0 86 15 136.85 0.0381 198.8
0 86 25 83.49 0.0703 654.2
0 86 14 55.62 0.0747 583.2
0 86 23 145.84 0.0511 44.9
0 86 23 144.12 0.0615 413.3
0 86 19 70.30 0.1213 88.0
0 86 18 87.17 0.0339 415.0
0 86 16 49.83 0.0309 459.2
0 86 22 55.64 0.0427 374.3
0 86 20 103.62 0.0693 18.7
0 86 25 180.79 0.0727 278.9
0 86 13 125.23 0.0346 290.5
0 86 15 65.94 0.1248 856.4
0 86 22 57.10 0.0877 347.9
0 86 20 918.97 0.0341 372.6
0 86 25 456.19 0.0304 354.7
0 86 36 136.63 0.0497 719.4
0 86 18 52.18 0.1200 550.6
0 86 19 133.78 0.0320 446.3
0 86 28 76.46 0.0991 241.1
0 86 36 117.99 0.0955 428.3
0 86 27 781.74 0.1048 59.9
0 86 26 128.49 0.0430 147.2
0 86 42 158.49 0.0552 502.6
0 86 16 355.00 0.0770 539.9
0 86 27 168.94 0.0364 775.0
0 86 43 107.60 0.0603 236.8
0 86 23 55.80 0.0796 44.3
0 86 22 233.64 0.0395 347.4
0 86 17 572.52 0.0379 282.9
0 86 13 61.99 0.0192 783.2
0 86 25 51.40 0.0911 319.3
0 86 40 52.97 0.1004 458.5
0 86 16 82.03 0.0626 686.7
0 86 14 60.38 0.1018 380.8
0 88 26 59.47 0.0602 167.8
0 88 20 77.87 0.0429 828.1
0 88 25 60.78 0.0947 504.1
0 88 34 120.13 0.0482 806.7
0 88 40 92.40 0.0499 64.2
0 88 19 78.83 0.0451 406.4
0 88 35 81.97 0.0641 745.6
0 88 35 137.02 0.0744 512.6
0 88 17 89.06 0.0582 488.4
0 88 17 82.39 0.0728 594.8
0 88 13 105.85 0.0559 435.8
0 88 25 50.45 0.0766 422.9
0 88 36 119.75 0.0681 680.2
0 88 17 121.68 0.0489 624.4
0 88 32 108.83 0.0506 922.0
0 88 37 387.00 0.0603 738.1
0 88 40 132.46 0.0490 112.0
0 88 32 114.03 0.0636 214.1
0 88 30 81.07 0.0609 595.4
0 88 15 72.12 0.0925 315.5
0 88 16 386.07 0.0703 939.1
0 88 34 130.61 0.0430 926.6
0 88 36 46.95 0.0916 646.2
0 88 15 488.07 0.1011 708.4
0 88 18 114.82 0.0984 759.3
0 88 19 399.99 0.1286 757.3
0 88 27 47.98 0.1092 781.1
0 88 14 270.43 0.0875 788.9
0 88 14 84.50 0.0808 752.3
0 88 15 199.76 0.0721 677.3
0 88 18 56.20 0.1270 710.6
0 88 13 73.34 0.1238 660.9
0 88 15 93.69 0.1436 727.7
0 88 14 487.66 0.1324 764.3
0 88 14 486.23 0.0982 761.3
0 88 17 649.00 0.1213 745.7
0 88 13 705.63 0.0984 657.3
0 88 15 179.07 0.1165 737.1
0 88 16 154.11 0.1018 688.0
0 88 13 129.14 0.1066 680.7
0 88 15 75.09 0.0742 770.3
0 88 36 47.88 0.0954 208.3
0 88 21 58.87 0.0975 598.7
0 88 21 48.36 0.1165 594.9
0 88 36 121.02 0.0806 437.9
0 88 35 90.46 0.0786 97.3
0 88 35 192.14 0.0650 101.8
0 88 33 60.76 0.1051 203.5
0 88 36 90.42 0.0548 139.8
0 88 29 53.46 0.1169 700.9
0 88 32 57.57 0.1233 520.7
0 88 38 95.36 0.0414 155.8
0 88 37 107.95 0.0770 140.5
0 88 28 57.27 0.0855 429.2
0 88 36 174.91 0.0962 947.7
0 88 36 62.78 0.0862 192.8
0 88 39 331.84 0.0429 581.0
0 88 31 55.33 0.0858 56.0
0 88 30 76.92 0.0627 23.2
0 88 19 103.20 0.0558 744.4
0 88 26 73.46 0.0767 789.6
0 88 26 137.32 0.0775 462.1
0 88 25 63.36 0.0646 450.2
0 88 39 55.58 0.1111 44.9
0 88 17 77.01 0.0446 881.2
0 88 30 87.98 0.0366 716.7
0 88 16 63.04 0.0386 749.3
0 88 21 289.56 0.0420 889.2
0 88 24 67.58 0.0576 494.8
0 88 22 171.31 0.0245 494.0
0 88 23 109.74 0.0554 204.5
0 88 28 92.26 0.0666 159.6
0 88 22 108.78 0.0441 810.0
0 88 39 56.57 0.0480 146.5
0 88 25 82.17 0.1086 857.5
0 88 35 76.99 0.0881 716.3
0 88 30 72.60 0.0628 913.5
0 88 32 115.85 0.0418 489.7
0 88 42 49.92 0.1068 793.4
0 88 22 62.65 0.0483 848.8
0 88 20 117.84 0.0564 35.4
0 88 22 88.91 0.0523 235.2
0 88 44 260.67 0.0656 59.8
0 88 20 51.44 0.0439 50.1
0 88 34 159.41 0.0405 602.9
0 88 43 93.67 0.0767 245.3
0 88 26 60.65 0.0851 788.5
0 88 34 138.05 0.0419 244.8
0 88 25 85.88 0.0272 542.2
0 88 18 45.64 0.1054 118.8
0 88 37 47.03 0.0898 642.1
0 88 22 187.64 0.0336 58.8
0 88 19 90.25 0.0597 183.0
0 88 15 275.54 0.1137 736.9
0 88 40 192.68 0.0503 613.7
0 88 35 53.92 0.1124 564.8
0 88 25 124.86 0.1049 738.2
0 88 38 79.13 0.0739 929.2
0 88 26 62.96 0.0486 54.7
0 88 21 71.83 0.0936 286.1
0 88 21 59.20 0.1227 132.4
0 88 16 165.84 0.0160 517.7
0 88 24 91.48 0.0760 744.9
0 88 20 100.69 0.0443 430.8
0 88 21 261.66 0.0626 769.7
0 88 13 105.37 0.1391 507.0
0 88 17 387.94 0.1381 722.1
0 88 16 299.01 0.1094 691.6
0 88 14 323.30 0.1190 671.1
0 88 15 314.40 0.1264 686.1
0 88 13 457.41 0.0944 779.8
0 88 35 557.13 0.0804 911.8
0 88 28 166.88 0.0596 200.3
0 88 15 51.32 0.0923 545.7
0 88 38 105.59 0.0786 845.1
0 88 14 74.69 0.0837 78.3
0 88 17 542.53 0.0499 40.8
0 88 15 109.10 0.1571 12.9
0 88 16 75.02 0.0209 520.8
0 88 19 53.67 0.1275 40.9
0 88 20 68.74 0.0715 210.1
0 88 13 66.68 0.1267 838.7
0 88 14 45.53 0.0483 73.0
0 88 15 125.53 0.0771 71.0
0 88 36 69.98 0.0641 803.4
0 88 21 106.34 0.0719 136.3
0 88 19 89.25 0.0634 248.7
0 88 21 45.71 0.1147 148.2
0 89 39 77.70 0.1053 810.3
0 89 26 57.41 0.0797 602.9
0 89 29 118.12 0.1049 446.0
0 89 26 90.26 0.0607 851.5
0 89 27 141.60 0.0355 357.8
0 89 37 89.08 0.0609 782.0
0 89 21 360.73 0.0878 125.9
0 89 16 83.77 0.1318 109.1
0 89 13 73.94 0.1187 82.2
0 89 16 80.39 0.0898 895.3
0 89 16 168.41 0.1267 115.3
0 89 17 63.23 0.0928 125.2
0 89 16 61.15 0.1334 128.4
0 89 21 84.47 0.0829 130.3
0 89 23 145.65 0.0563 659.0
0 89 17 77.59 0.1312 124.5
0 89 38 75.91 0.0420 85.7
0 89 20 127.90 0.0688 832.8
0 89 22 55.09 0.0738 225.9
0 89 29 148.28 0.0423 580.9
0 89 23 54.18 0.0532 411.4
0 89 23 72.75 0.0440 611.8
0 89 24 74.40 0.0658 636.0
0 89 13 138.80 0.1263 19.0
0 89 22 228.98 0.0278 643.6
0 89 42 1440.15 0.0552 324.0
0 89 14 127.75 0.0724 868.9
0 89 26 365.13 0.0477 140.2
0 89 14 53.21 0.1016 904.3
0 89 30 211.19 0.0316 829.7
0 89 23 85.14 0.0694 867.6
0 89 25 57.38 0.0531 37.4
0 89 26 104.35 0.0952 316.2
0 89 19 65.78 0.1028 830.2
0 89 31 209.84 0.0413 877.7
0 89 15 49.61 0.0780 28.8
0 89 37 101.16 0.0718 761.1
0 89 19 51.40 0.1103 466.2
0 89 24 68.55 0.0471 682.8
0 89 15 47.42 0.0592 9.2
0 89 35 203.83 0.0375 672.9
0 89 40 79.76 0.0892 562.2
0 89 26 53.63 0.0941 255.3
0 89 28 96.59 0.0716 466.3
0 89 16 423.91 0.1603 34.7
0 89 22 152.82 0.0357 872.7
0 89 34 195.22 0.0621 103.4
0 89 23 114.30 0.0793 445.9
0 89 33 51.87 0.1185 863.5
0 89 25 88.25 0.0652 904.4
0 89 13 70.37 0.0663 105.3
0 89 18 69.39 0.0868 614.3
0 89 31 52.11 0.0990 141.6
0 89 29 109.07 0.0604 742.0
0 89 35 202.52 0.0520 379.5
0 89 41 112.59 0.0718 539.9
0 89 43 197.05 0.0607 459.3
0 89 18 65.64 0.1225 369.5
0 89 16 53.37 0.0868 669.6
0 89 25 74.41 0.0845 578.2
0 89 16 216.51 0.0249 528.0
0 89 48 229.06 0.0551 819.3
0 89 38 116.51 0.0623 758.9
0 89 19 102.90 0.1046 710.3
0 89 41 178.47 0.0481 578.4
0 89 27 83.91 0.0560 543.9
0 89 14 52.18 0.0953 676.1
0 89 33 162.24 0.0646 538.2
0 89 38 74.31 0.0724 782.6
0 89 28 86.32 0.0782 403.8
0 89 39 45.33 0.0907 706.9
0 89 39 130.20 0.0620 617.1
0 89 23 105.79 0.0933 878.7
0 89 31 46.93 0.0866 757.8
0 89 28 61.93 0.0947 389.4
0 89 16 45.10 0.1365 693.0
0 89 26 167.88 0.0623 904.8
0 89 20 108.41 0.0250 154.0
0 89 35 65.75 0.0854 314.8
0 89 16 74.36 0.0270 743.0
0 89 18 87.89 0.0354 771.2
0 89 37 216.00 0.0279 54.2
0 89 42 128.14 0.0590 653.7
0 89 39 121.10 0.0704 93.0
0 89 26 133.02 0.0850 900.3
0 89 16 52.70 0.0775 687.8
0 89 34 82.77 0.0555 542.9
0 89 27 151.65 0.0838 430.0
0 89 27 72.89 0.0829 792.7
0 89 43 55.30 0.0871 641.2
0 89 31 60.97 0.0824 732.8
0 89 30 45.41 0.1201 585.3
0 89 27 136.05 0.0457 327.6
0 89 24 159.25 0.0340 224.7
0 89 30 60.82 0.0720 719.8
0 89 25 113.86 0.0313 761.1
0 89 21 81.19 0.0792 644.8
0 89 25 65.34 0.0728 486.2
0 89 16 154.05 0.0112 582.5
0 89 23 47.96 0.1042 909.2
0 89 39 97.20 0.0754 390.2
0 89 32 177.35 0.0367 15.6
0 89 35 143.63 0.0456 633.1
0 89 30 51.99 0.1144 41.6
0 89 41 92.33 0.0440 632.5
0 89 24 254.18 0.0261 716.2
0 89 19 395.82 0.0265 536.3
0 89 37 108.59 0.0478 664.8
0 89 22 58.13 0.0445 104.3
0 89 14 582.38 0.0519 809.1
0 89 17 52.21 0.1502 26.3
0 89 38 92.41 0.0748 517.0
0 89 19 51.21 0.0750 477.9
0 89 25 66.61 0.0979 70.3
0 89 39 304.89 0.0544 840.3
0 89 17 63.25 0.0910 449.3
0 89 22 174.75 0.0488 736.0
0 89 18 89.30 0.0894 790.7
0 89 35 126.33 0.0376 723.7
0 89 45 72.83 0.0890 519.3
0 89 31 129.77 0.0611 497.6
0 89 27 103.56 0.0425 511.4
0 89 27 206.82 0.0338 225.1
0 89 41 129.74 0.0509 767.7
0 89 40 67.07 0.0523 216.2
0 89 39 93.54 0.0627 468.6
0 89 32 68.64 0.0902 219.8
0 89 22 54.37 0.1099 522.8
0 89 39 135.26 0.0623 607.4
0 89 44 113.80 0.0817 774.6
0 89 34 125.14 0.0455 533.5
0 89 27 95.35 0.0680 933.6
0 89 40 155.19 0.0600 457.1
0 89 36 137.71 0.0551 585.8
0 89 21 186.88 0.0362 922.3
0 89 16 48.65 0.0866 559.7
0 89 19 67.24 0.0315 230.3
0 89 17 122.94 0.0480 225.5
0 89 39 106.26 0.0703 615.4
0 89 25 87.59 0.0474 773.5
0 89 14 536.28 0.0366 912.6
0 89 22 152.22 0.0624 514.5
0 89 14 78.96 0.1070 615.6
0 89 16 150.72 0.0630 240.6
0 89 33 62.20 0.1034 400.1
0 89 26 99.52 0.0496 712.5
0 89 14 212.37 0.1398 723.5
0 89 17 99.72 0.0375 790.7
0 89 20 148.24 0.0560 471.5
0 89 13 54.45 0.0219 10.7
0 89 16 84.80 0.0318 328.9
0 89 15 119.27 0.0714 872.3
0 89 18 61.61 0.0821 923.2
0 89 14 124.08 0.0636 769.1
0 89 44 144.29 0.0756 800.7
0 89 13 128.87 0.1143 758.4
0 89 15 79.60 0.0752 473.1
0 89 20 97.28 0.0605 911.3
0 89 19 80.58 0.0686 727.5
0 89 31 65.82 0.0801 565.9
0 89 19 592.23 0.0483 423.4
0 89 13 241.91 0.0548 692.5
0 89 20 71.88 0.0297 356.1
0 89 18 72.88 0.0981 675.8
0 89 21 183.86 0.0434 721.3
0 89 16 52.72 0.0827 219.8
0 89 20 100.84 0.0376 378.1
0 89 19 84.88 0.0841 630.7
0 89 18 431.20 0.0885 747.3
0 89 36 91.65 0.0983 594.3
0 89 16 70.61 0.1788 793.2
0 89 25 48.40 0.1259 664.0
0 89 13 64.75 0.0736 611.5
0 89 16 96.84 0.0318 396.4
0 89 18 86.73 0.0402 666.1
0 90 32 53.42 0.1065 107.8
0 90 19 57.62 0.1135 64.1
0 90 18 61.41 0.0936 656.6
0 90 31 50.59 0.1151 78.7
0 90 28 274.93 0.0696 610.2
0 90 36 127.22 0.0506 922.3
0 90 19 67.30 0.0770 50.8
0 90 28 61.22 0.1047 644.7
0 90 26 74.88 0.0455 219.7
0 90 16 102.76 0.0653 926.7
0 90 13 45.15 0.0862 177.6
0 90 16 59.01 0.1152 321.9
0 90 20 54.50 0.0581 54.7
0 90 15 79.46 0.0292 513.8
0 90 25 111.22 0.0411 12.0
0 90 19 206.16 0.0424 396.1
0 90 19 74.85 0.0969 771.5
0 90 40 320.19 0.0544 588.4
0 90 19 102.12 0.0538 604.5
0 90 29 65.30 0.0805 112.9
0 90 31 59.12 0.0697 266.2
0 90 23 68.34 0.0809 60.2
0 90 29 107.78 0.0451 369.9
0 90 18 248.91 0.0630 179.2
0 90 17 132.22 0.0495 178.1
0 90 28 58.10 0.0929 640.5
0 90 24 148.81 0.0430 223.1
0 90 17 61.02 0.0789 479.1
0 90 18 373.59 0.0308 887.8
0 90 29 57.34 0.0790 420.9
0 90 28 56.04 0.0727 368.9
0 90 17 205.42 0.0283 34.2
0 90 16 107.46 0.0385 68.2
0 90 35 97.70 0.0684 491.3
0 90 18 122.87 0.0560 179.5
0 90 32 58.79 0.0851 648.4
0 90 15 62.97 0.1002 465.4
0 90 23 406.36 0.0499 90.7
0 90 15 92.83 0.0487 374.4
0 90 18 45.84 0.1030 600.1
0 90 29 99.10 0.0785 694.6
0 90 42 117.95 0.0658 611.3
0 90 20 159.70 0.0357 57.9
0 90 14 406.83 0.1125 285.7
0 90 31 225.72 0.0694 597.1
0 90 35 68.96 0.0734 770.0
0 90 29 155.14 0.0281 88.4
0 90 17 59.73 0.0240 42.5
0 90 27 376.22 0.0628 561.3
0 90 23 48.59 0.1025 235.8
0 90 16 51.34 0.0270 219.8
0 90 16 396.92 0.0229 21.5
0 90 16 45.15 0.0180 475.1
0 90 35 78.82 0.0634 394.3
0 90 38 126.04 0.0521 515.7
0 90 29 158.59 0.0565 167.3
0 90 31 180.67 0.0561 124.8
0 90 17 155.13 0.0666 54.4
0 90 25 75.30 0.0979 272.6
0 90 18 98.73 0.1330 132.0
0 90 40 656.42 0.0330 615.7
0 90 33 84.57 0.0777 678.7
0 90 32 152.58 0.0610 271.5
0 90 25 77.11 0.0629 656.6
0 90 40 60.94 0.0744 92.1
0 90 17 130.23 0.0394 885.0
0 90 35 86.81 0.0846 722.8
0 90 40 67.25 0.1110 751.2
0 90 18 310.11 0.0484 505.3
0 90 35 52.41 0.0826 925.4
0 90 45 60.25 0.0797 140.6
0 90 16 47.58 0.0800 194.6
0 90 36 50.73 0.1090 108.3
0 90 26 72.69 0.0877 133.7
0 90 31 91.66 0.0788 362.3
0 90 36 114.87 0.0515 213.8
0 90 32 118.36 0.0501 678.3
0 90 40 159.17 0.0654 768.0
0 90 37 70.79 0.0907 101.5
0 90 21 46.33 0.1008 911.7
0 90 20 255.51 0.0365 939.6
0 90 22 72.21 0.0319 41.9
0 90 19 52.76 0.0706 905.7
0 90 41 118.77 0.0583 108.2
0 90 39 189.32 0.0423 580.9
0 90 37 152.79 0.0412 622.8
0 90 26 51.84 0.1164 321.2
0 90 38 75.15 0.1049 744.6
0 90 26 51.56 0.0775 42.4
0 90 35 58.73 0.0899 157.6
0 90 30 49.00 0.0934 617.0
0 90 24 55.36 0.0725 352.0
0 90 16 63.65 0.1027 116.7
0 90 30 80.90 0.0597 517.6
0 90 29 88.34 0.0463 96.7
0 90 38 81.47 0.0819 154.6
0 90 21 77.62 0.0807 221.7
0 90 24 63.74 0.0729 85.5
0 90 31 312.31 0.0374 926.3
0 90 38 99.01 0.0555 688.1
0 90 23 81.67 0.0838 40.5
0 90 20 72.94 0.0410 369.1
0 90 18 46.43 0.1169 561.2
0 90 29 90.75 0.0796 283.5
0 90 21 155.94 0.0450 53.7
0 90 21 60.72 0.0951 91.1
0 90 26 130.05 0.0529 297.7
0 90 32 90.26 0.0622 246.5
0 90 32 49.33 0.0535 170.9
0 90 27 67.09 0.1144 583.7
0 90 28 239.36 0.0864 203.1
0 90 39 143.18 0.0635 300.8
0 90 24 69.27 0.0492 139.3
0 90 35 102.47 0.0545 895.1
0 90 20 996.84 0.0481 573.7
0 90 38 46.99 0.0936 100.3
0 90 44 241.24 0.0525 723.5
0 90 32 84.75 0.0553 616.1
0 90 25 82.65 0.0510 53.3
0 90 40 229.14 0.0608 746.2
0 90 27 137.31 0.0491 54.8
0 90 37 84.04 0.0623 231.5
0 90 38 254.92 0.0931 241.2
0 90 24 78.77 0.0574 318.2
0 90 28 84.81 0.0903 927.5
0 90 26 216.79 0.0667 753.1
0 90 28 57.53 0.0977 56.4
0 90 39 96.32 0.0729 784.6
0 90 24 85.64 0.0868 75.9
0 90 17 75.33 0.0517 333.5
0 90 35 128.10 0.0611 660.3
0 90 25 50.66 0.0909 904.1
0 90 15 61.48 0.0412 70.6
0 90 26 86.70 0.0806 56.3
0 90 26 53.06 0.0706 98.5
0 90 24 145.22 0.0571 478.5
0 90 19 719.03 0.0666 625.2
0 90 29 152.38 0.0447 33.3
0 90 26 145.73 0.0429 189.0
0 90 24 51.56 0.1119 335.4
0 90 25 175.55 0.0370 299.8
0 90 37 585.69 0.0526 266.5
0 90 25 193.64 0.0615 52.2
0 90 38 111.52 0.0699 341.2
0 90 16 69.12 0.0536 422.7
0 90 17 46.48 0.0656 478.9
0 90 14 53.05 0.1012 902.6
0 90 18 148.16 0.0411 367.4
0 90 16 85.80 0.0428 243.6
0 90 13 99.70 0.1583 726.7
0 90 23 258.76 0.1255 779.9
0 90 30 84.37 0.0712 141.3
0 90 31 135.90 0.0349 196.2
0 90 24 46.61 0.0942 50.2
0 91 42 500.55 0.0549 182.6
0 91 19 73.38 0.0833 46.3
0 91 29 265.21 0.0313 182.3
0 91 37 366.16 0.0552 312.7
0 91 29 116.64 0.0587 110.9
0 91 20 96.82 0.0748 247.1
0 91 35 111.04 0.0627 328.1
0 91 38 106.94 0.0580 783.4
0 91 26 57.29 0.0792 571.9
0 91 25 138.14 0.0693 951.5
0 91 34 66.12 0.0803 409.3
0 91 22 80.51 0.0611 896.4
0 91 40 66.77 0.0644 218.9
0 91 18 512.91 0.0540 935.2
0 91 19 80.19 0.0538 125.2
0 91 20 187.66 0.0484 863.7
0 91 16 67.95 0.0580 360.5
0 91 20 45.65 0.0859 56.5
0 91 46 161.89 0.0571 41.6
0 91 16 323.55 0.0549 631.3
0 91 39 135.79 0.0586 216.6
0 91 13 64.71 0.0254 695.0
0 91 39 60.86 0.0959 218.1
0 91 44 93.04 0.0650 223.3
0 91 35 75.15 0.0587 400.2
0 91 34 207.17 0.0846 517.7
0 91 34 128.36 0.0751 259.6
0 91 38 70.98 0.0873 395.2
0 91 27 274.47 0.0980 65.3
0 91 28 65.21 0.0774 788.2
0 91 29 52.59 0.1006 423.6
0 91 16 103.70 0.0994 3.5
0 91 29 86.81 0.0672 932.7
0 91 23 316.59 0.0421 51.7
0 91 43 116.92 0.0634 139.6
0 91 27 294.09 0.0381 878.6
0 91 43 72.65 0.0709 10.5
0 91 36 203.10 0.0576 921.4
0 91 16 75.31 0.0643 252.7
0 91 24 95.39 0.0516 335.7
0 91 24 50.89 0.0908 85.4
0 91 18 393.72 0.0889 138.0
0 91 34 73.63 0.1102 653.3
0 91 23 185.23 0.0486 926.4
0 91 22 56.48 0.1175 388.3
0 91 18 72.19 0.0620 117.7
0 91 36 125.25 0.0632 147.2
0 91 42 108.81 0.0912 440.7
0 91 14 485.01 0.1258 880.6
0 91 31 116.94 0.0521 789.5
0 91 25 163.00 0.0294 258.7
0 91 25 287.09 0.0883 899.9
0 91 16 78.23 0.1348 83.5
0 91 27 99.66 0.0890 64.1
0 91 44 82.02 0.0534 96.9
0 91 40 72.59 0.0590 410.7
0 91 33 88.31 0.0905 789.6
0 91 15 58.07 0.0678 53.1
0 91 27 82.92 0.0660 131.4
0 91 18 75.54 0.0572 65.2
0 91 22 96.78 0.0337 251.1
0 91 15 94.62 0.1146 328.7
0 91 35 102.42 0.0445 153.6
0 91 16 55.25 0.1012 601.6
0 91 43 106.91 0.0803 427.0
0 91 17 74.48 0.0304 609.3
0 91 18 404.04 0.1097 863.2
0 91 19 93.39 0.0671 40.2
0 91 13 53.07 0.1443 504.8
0 91 30 133.37 0.0670 336.9
0 91 20 94.14 0.0809 905.4
0 91 21 120.81 0.0242 170.2
0 91 22 109.89 0.0798 912.0
0 91 25 107.78 0.0408 691.7
0 91 33 104.37 0.0490 379.2
0 91 39 224.81 0.0561 181.6
0 91 29 79.33 0.0535 785.0
0 91 26 107.89 0.0279 279.9
0 91 36 80.66 0.0843 489.0
0 91 23 46.27 0.0895 434.4
0 91 15 110.91 0.0719 276.0
0 91 22 82.75 0.0494 108.6
0 91 21 56.64 0.0536 116.9
0 91 16 108.58 0.1460 275.5
0 91 28 66.76 0.1026 616.9
0 91 19 100.67 0.0638 685.5
0 91 29 131.22 0.0352 541.9
0 91 22 75.88 0.0633 124.9
0 91 26 198.58 0.0459 217.3
0 91 18 116.51 0.0554 72.1
0 91 44 273.92 0.0419 195.7
0 91 41 63.49 0.0695 686.0
0 91 45 169.24 0.0854 183.6
0 91 36 187.67 0.0398 204.5
0 91 30 338.11 0.0649 16.1
0 91 17 225.37 0.0824 138.3
0 91 16 62.53 0.0630 118.5
0 91 26 57.04 0.0898 194.9
0 91 14 52.48 0.1001 520.1
0 91 17 47.69 0.0524 518.4
0 91 17 59.99 0.0238 38.2
0 91 20 79.81 0.0359 774.9
0 91 14 70.90 0.0930 116.7
0 91 22 51.48 0.1038 156.5
0 91 39 54.54 0.0919 888.2
0 91 25 66.75 0.0980 145.2
0 91 15 52.49 0.1186 220.4
0 91 22 56.00 0.0958 385.3
0 91 21 59.46 0.0728 291.4
0 91 26 316.85 0.0716 521.2
0 91 22 83.33 0.1140 28.4
0 91 24 64.66 0.0987 361.5
0 91 16 56.48 0.0622 49.7
0 91 25 53.05 0.1027 340.3
0 91 22 417.69 0.1010 912.3
0 91 38 107.54 0.0765 857.6
0 91 36 55.37 0.1069 271.7
0 91 15 52.51 0.1399 246.7
0 91 14 60.57 0.1008 116.2
0 93 20 57.12 0.0500 70.1
0 93 18 64.71 0.1078 736.7
0 93 32 85.54 0.0797 640.3
0 93 25 56.81 0.0918 759.8
0 93 20 57.36 0.0903 65.1
0 93 43 246.53 0.0473 764.1
0 93 43 1047.47 0.0475 845.0
0 93 33 53.74 0.0554 548.3
0 93 35 88.36 0.0567 275.8
0 93 34 92.97 0.0795 248.1
0 93 18 167.02 0.0504 415.1
0 93 13 323.73 0.0365 314.8
0 93 24 119.56 0.0766 763.5
0 93 18 78.20 0.0906 459.0
0 93 16 156.63 0.0614 38.7
0 93 22 132.21 0.0221 229.6
0 93 29 72.00 0.1241 775.5
0 93 40 238.04 0.0641 725.1
0 93 13 172.36 0.0796 784.9
0 93 37 60.42 0.0772 616.3
0 93 33 79.45 0.0723 489.5
0 93 32 183.83 0.0410 755.1
0 93 38 90.17 0.0694 467.3
0 93 27 48.38 0.0509 518.2
0 93 22 118.43 0.0603 628.9
0 93 37 209.74 0.0560 496.2
0 93 24 45.62 0.1274 216.6
0 93 37 151.41 0.0445 819.3
0 93 37 68.31 0.0853 340.2
0 93 35 264.32 0.0422 501.4
0 93 33 83.46 0.0727 398.3
0 93 28 77.16 0.1081 191.7
0 93 18 60.22 0.1083 932.0
0 93 40 112.15 0.0534 592.9
0 93 46 81.46 0.0604 357.5
0 93 33 77.77 0.0927 302.2
0 93 33 86.16 0.0805 297.1
0 93 31 131.33 0.0395 792.0
0 93 28 563.38 0.0277 404.5
0 93 35 67.22 0.0862 140.6
0 93 17 64.68 0.0562 884.3
0 93 18 50.28 0.1024 197.5
0 93 23 62.32 0.0539 351.6
0 93 20 67.80 0.0801 893.7
0 93 25 68.47 0.0820 659.2
0 93 28 279.42 0.0382 466.9
0 93 17 59.64 0.0872 379.9
0 93 35 258.49 0.0669 253.3
0 93 16 58.04 0.1045 921.2
0 93 33 64.29 0.1173 507.4
0 93 17 63.03 0.0622 243.1
0 93 29 82.00 0.0848 782.5
0 93 18 50.11 0.0828 271.2
0 93 28 164.68 0.0276 410.7
0 93 23 75.87 0.1067 851.5
0 93 20 79.38 0.0716 810.4
0 93 39 280.54 0.0525 136.2
0 93 14 253.61 0.0292 384.9
0 93 43 91.23 0.0468 426.7
0 93 37 192.64 0.0828 583.6
0 93 18 144.11 0.0731 472.3
0 93 39 59.34 0.0942 616.7
0 93 24 115.82 0.0277 264.0
0 93 25 104.21 0.0589 276.4
0 93 37 122.35 0.0615 490.0
0 93 19 93.23 0.1186 454.4
0 93 20 137.02 0.0985 763.9
0 93 43 58.94 0.0956 398.2
0 93 16 91.41 0.0841 382.1
0 93 32 80.25 0.0701 253.3
0 93 20 57.93 0.1041 297.0
0 93 19 363.45 0.1288 735.0
0 93 14 151.60 0.0909 752.9
0 93 13 99.39 0.0713 736.7
0 93 19 156.14 0.1195 684.9
0 93 24 47.58 0.0910 193.5
0 93 31 57.64 0.0597 816.9
0 93 20 118.17 0.0496 919.6
0 93 38 98.76 0.0593 460.9
0 93 29 100.29 0.0349 166.9
0 93 39 83.77 0.0867 461.4
0 93 47 89.85 0.0522 615.0
0 93 17 101.72 0.0388 244.5
0 93 43 179.69 0.0541 722.0
0 93 36 87.01 0.0497 118.8
0 93 32 58.49 0.0884 182.9
0 93 31 72.98 0.0703 345.6
0 93 28 203.64 0.0577 497.1
0 93 26 46.79 0.0869 524.9
0 93 30 99.62 0.0661 837.3
0 93 21 46.63 0.1467 184.9
0 93 29 95.67 0.0689 219.1
0 93 23 75.63 0.1019 628.3
0 93 26 694.69 0.0324 591.4
0 93 28 105.58 0.0485 469.7
0 93 34 64.92 0.0897 368.1
0 93 35 55.01 0.0911 799.4
0 93 26 86.18 0.0587 468.1
0 93 20 504.96 0.0779 948.3
0 93 29 54.73 0.0818 451.3
0 93 36 145.98 0.0547 264.8
0 93 27 78.02 0.0516 309.6
0 93 24 51.08 0.0817 206.2
0 93 28 77.07 0.0842 122.3
0 93 35 190.84 0.0482 52.9
0 93 34 104.98 0.0622 754.7
0 93 21 147.85 0.1063 145.6
0 93 39 197.59 0.0516 686.9
0 93 31 123.21 0.0662 340.0
0 93 25 45.10 0.1499 140.6
0 93 21 255.46 0.0950 168.8
0 93 39 85.50 0.0691 601.3
0 93 26 48.99 0.0832 196.6
0 93 30 79.61 0.0887 782.6
0 93 17 53.96 0.1631 267.3
0 93 24 98.02 0.0259 476.6
0 93 35 632.79 0.0351 118.7
0 93 17 272.13 0.0227 929.3
0 93 34 64.56 0.0990 349.8
0 93 14 118.23 0.0506 95.6
0 93 33 79.33 0.0792 314.1
0 93 39 50.20 0.1079 543.6
0 93 29 102.97 0.0337 189.0
0 93 27 191.74 0.0500 646.6
0 93 19 96.40 0.0693 852.2
0 93 41 76.17 0.0814 351.3
0 93 26 86.38 0.0878 525.7
0 93 40 72.17 0.0566 727.2
0 93 26 131.93 0.0638 73.8
0 93 14 286.79 0.1488 159.7
0 93 17 68.21 0.0750 180.9
0 93 17 65.12 0.0743 252.1
0 93 28 104.82 0.0597 823.3
0 93 23 72.50 0.0872 644.9
0 93 15 163.40 0.0302 272.4
0 93 16 105.62 0.1187 525.7
0 93 18 67.56 0.1311 260.3
0 93 17 57.82 0.0405 173.2
0 93 24 64.28 0.0985 421.8
0 93 29 137.46 0.0353 639.7
0 93 41 167.91 0.0854 905.9
0 93 19 54.45 0.1105 45.1
0 93 15 91.08 0.0802 72.3
0 93 16 67.00 0.0406 20.3
0 93 27 257.90 0.0259 173.9
0 93 29 45.61 0.0798 540.1
0 93 22 169.75 0.0682 925.5
0 93 33 69.50 0.0804 381.9
0 93 16 82.51 0.0369 71.4
0 93 20 397.49 0.0948 833.0
0 93 22 48.69 0.0886 756.7
0 93 23 95.66 0.0701 865.7
0 93 13 242.97 0.0902 68.1
0 93 35 56.72 0.0822 882.5
0 93 17 48.54 0.1487 110.7
0 95 30 55.16 0.0997 126.5
0 95 40 179.58 0.0694 130.8
0 95 18 69.70 0.0584 93.1
0 95 21 60.65 0.0738 77.3
0 95 41 177.65 0.0465 212.8
0 95 45 58.30 0.0829 75.2
0 95 43 142.28 0.0725 289.6
0 95 37 82.98 0.1010 123.3
0 95 29 57.04 0.1151 143.4
0 95 37 53.84 0.1089 858.3
0 95 37 67.39 0.0820 61.1
0 95 41 68.47 0.0673 934.8
0 95 30 52.38 0.0643 367.6
0 95 25 168.20 0.0438 580.8
0 95 32 359.79 0.0500 224.7
0 95 28 102.06 0.0538 643.9
0 95 15 71.69 0.0588 830.2
0 95 33 111.37 0.0899 79.2
0 95 39 113.63 0.0780 363.9
0 95 26 78.88 0.0631 221.0
0 95 43 73.31 0.0944 214.0
0 95 37 70.01 0.0867 307.6
0 95 33 61.74 0.0937 370.5
0 95 40 76.88 0.0856 280.7
0 95 40 119.71 0.0835 32.2
0 95 40 194.93 0.0795 373.3
0 95 41 190.86 0.0468 102.4
0 95 14 83.92 0.0369 604.9
0 95 34 219.21 0.0467 412.3
0 95 20 141.46 0.0528 222.5
0 95 41 68.34 0.0742 198.0
0 95 21 76.75 0.1127 86.3
0 95 17 104.66 0.0431 225.9
0 95 33 75.34 0.0866 336.5
0 95 20 56.04 0.1311 18.3
0 95 21 80.59 0.0420 226.3
0 95 40 196.01 0.0767 597.5
0 95 18 238.33 0.0394 85.7
0 95 28 70.12 0.0829 17.7
0 95 39 47.76 0.1075 386.6
0 95 16 63.59 0.0172 197.8
0 95 30 71.22 0.1013 647.1
0 95 30 74.58 0.0629 83.4
0 95 36 199.03 0.0772 69.3
0 95 20 76.38 0.0888 188.9
0 95 35 108.15 0.0535 25.1
0 95 17 509.40 0.0252 228.1
0 95 39 66.27 0.0836 429.5
0 95 18 172.03 0.0394 945.6
0 95 29 137.07 0.0514 15.4
0 95 37 596.16 0.0637 636.8
0 95 35 138.13 0.0542 549.1
0 95 19 158.52 0.0781 343.0
0 95 24 102.18 0.0893 944.0
0 95 33 86.02 0.0766 347.8
0 95 17 46.74 0.0455 347.4
0 95 22 101.65 0.0276 620.5
0 95 27 64.73 0.0897 269.6
0 95 15 191.14 0.0280 921.4
0 95 18 48.08 0.0690 942.6
0 95 20 154.64 0.0348 586.7
0 95 22 63.83 0.1106 238.3
0 95 34 58.52 0.0757 583.4
0 95 42 164.27 0.0501 268.8
0 95 18 152.60 0.0732 118.8
0 95 15 93.27 0.0575 554.8
0 95 44 51.71 0.0734 478.6
0 95 32 109.05 0.0789 876.8
0 95 17 68.58 0.0449 150.6
0 95 42 123.74 0.0536 320.0
0 95 25 119.71 0.0348 275.1
0 95 43 100.45 0.0664 217.1
0 95 34 75.97 0.0925 71.1
0 95 26 63.00 0.0777 354.5
0 95 30 89.03 0.0525 24.7
0 95 34 131.70 0.0456 383.7
0 95 22 72.76 0.0419 77.9
0 95 19 79.05 0.0511 811.1
0 95 36 51.99 0.0822 362.0
0 95 30 182.16 0.0302 836.2
0 95 33 122.09 0.0533 220.9
0 95 37 55.93 0.1098 225.2
0 95 18 59.36 0.0786 946.3
0 95 18 164.42 0.0310 876.7
0 95 42 302.30 0.0727 55.5
0 95 23 208.06 0.0291 69.1
0 95 18 215.79 0.0282 941.1
0 95 28 54.92 0.1112 238.7
0 95 26 105.32 0.0614 3.8
0 95 33 136.32 0.0634 293.2
0 95 42 94.92 0.0470 379.0
0 95 34 53.09 0.0999 519.7
0 95 26 388.09 0.0542 282.9
0 95 24 82.97 0.0270 20.9
0 95 16 49.88 0.1275 498.3
0 95 18 100.08 0.0465 11.1
0 95 32 49.78 0.1217 249.3
0 95 39 77.96 0.1005 380.5
0 95 34 60.44 0.0897 337.4
0 95 29 47.87 0.1499 305.7
0 95 28 83.27 0.0753 74.3
0 95 20 628.48 0.0543 39.4
0 95 28 102.63 0.0782 23.2
0 95 17 58.97 0.0998 169.8
0 95 33 111.30 0.0727 300.7
0 95 34 57.87 0.0901 226.0
0 95 22 52.13 0.1060 778.9
0 95 21 81.08 0.0803 339.0
0 95 36 182.53 0.0504 537.6
0 95 20 133.68 0.0604 54.7
0 95 35 97.67 0.0587 175.6
0 95 25 94.10 0.0619 16.0
0 95 40 93.91 0.0751 374.0
0 95 47 60.06 0.0873 397.0
0 95 20 254.90 0.0567 46.3
0 95 22 206.16 0.0485 16.6
0 95 26 105.49 0.0565 159.1
0 95 37 86.26 0.0616 269.3
0 95 28 273.96 0.0361 363.5
0 95 42 155.69 0.0481 301.0
0 95 40 145.11 0.0414 924.4
0 95 35 64.96 0.0770 514.8
0 95 15 188.91 0.0644 391.4
0 95 23 430.01 0.0508 179.5
0 95 39 59.99 0.1055 780.3
0 95 36 205.08 0.0614 306.0
0 95 18 45.85 0.0825 381.1
0 95 17 48.77 0.1252 350.9
0 95 14 238.08 0.1075 135.7
0 95 17 84.89 0.0416 326.1
0 95 43 84.74 0.0849 280.1
0 95 27 166.57 0.0519 214.9
0 95 33 71.64 0.0616 520.5
0 95 20 65.05 0.0795 133.3
0 95 27 246.14 0.0706 801.2
0 95 28 113.00 0.0528 127.3
0 95 30 155.39 0.0658 265.0
0 95 37 70.67 0.0905 232.9
0 95 41 222.82 0.0535 653.4
0 95 20 1285.14 0.0459 658.2
0 95 26 81.31 0.0402 113.8
0 95 29 64.99 0.0998 844.3
0 95 26 121.48 0.0639 243.6
0 95 44 63.92 0.0848 51.1
0 95 35 63.76 0.1225 475.9
0 95 41 532.62 0.0350 920.8
0 95 34 167.23 0.0436 596.7
0 95 42 120.24 0.0676 895.1
0 95 41 48.31 0.1016 643.0
0 95 19 261.81 0.0946 182.4
0 95 17 105.64 0.0457 598.5
0 95 24 131.57 0.0914 463.9
0 95 21 77.60 0.0815 250.0
0 95 44 112.46 0.0594 228.6
0 95 33 63.87 0.0975 71.5
0 95 22 113.78 0.0320 462.1
0 95 40 197.80 0.0660 283.5
0 95 44 94.61 0.0651 132.4
0 95 46 118.13 0.0698 143.1
0 95 35 181.57 0.0939 922.5
0 95 47 127.87 0.0372 254.5
0 95 36 113.16 0.0503 337.6
0 95 14 59.94 0.1551 240.1
0 95 33 79.94 0.0571 320.5
0 95 39 208.84 0.0465 335.7
0 95 37 52.02 0.0694 538.7
0 95 17 92.49 0.0798 935.5
0 95 26 125.51 0.0770 620.3
0 95 30 101.49 0.0704 67.5
0 95 21 59.90 0.0806 292.4
0 95 32 133.33 0.0516 162.2
0 95 40 102.75 0.0552 59.9
0 95 18 45.28 0.0405 218.0
0 95 39 315.25 0.0314 664.2
0 95 36 1084.82 0.0386 37.1
0 95 19 209.65 0.0296 44.4
0 95 37 82.19 0.0847 75.5
0 95 31 103.86 0.0667 95.6
0 95 22 144.39 0.0415 161.8
0 95 44 78.94 0.0762 174.2
0 95 34 52.23 0.1280 368.9
0 95 14 56.69 0.1302 97.4
0 95 26 489.59 0.0376 339.5
0 95 29 55.77 0.1074 385.5
0 95 29 90.95 0.0769 134.9
0 95 15 350.42 0.0970 26.7
0 95 30 1911.89 0.0479 157.0
0 95 19 644.08 0.0467 9.2
0 95 27 136.95 0.0442 785.5
0 95 16 78.86 0.0427 612.5
0 95 17 134.05 0.0451 316.7
0 95 33 185.96 0.0566 335.6
0 95 16 77.29 0.0260 427.0
0 95 22 48.65 0.1003 827.7
0 95 17 297.83 0.0366 135.3
0 95 19 108.03 0.0650 645.6
0 95 33 125.56 0.0635 211.9
0 95 25 120.09 0.0977 296.1
0 95 23 51.93 0.0844 506.3
0 95 36 198.05 0.0445 880.5
0 95 14 332.70 0.0609 199.0
0 95 19 118.47 0.0416 57.9
0 95 25 147.25 0.0722 40.6
0 95 32 82.76 0.0841 206.9
0 95 34 84.82 0.0582 403.0
0 95 38 45.94 0.1035 248.4
0 95 17 103.71 0.0579 235.0
0 95 17 684.31 0.0336 398.0
0 95 14 328.52 0.0662 205.9
0 95 16 226.39 0.0264 60.6
0 95 19 79.70 0.0503 433.4
0 95 16 47.56 0.0993 226.0
0 95 14 53.30 0.1250 230.2
0 95 30 96.62 0.0751 466.6
0 95 16 63.21 0.0398 447.5
0 95 18 199.81 0.0412 176.9
0 95 22 79.67 0.0559 191.7
0 95 17 90.28 0.0662 189.8
0 95 21 68.98 0.0378 277.6
0 95 20 121.81 0.0957 591.1
0 95 27 78.64 0.0574 852.2
0 95 21 281.40 0.1023 197.2
0 95 13 47.08 0.1434 127.2
0 95 38 213.79 0.0741 326.7
0 96 35 122.22 0.0467 394.8
0 96 20 72.07 0.0871 256.6
0 96 31 99.88 0.0747 415.1
0 96 42 151.73 0.0483 443.0
0 96 30 278.84 0.0432 945.4
0 96 37 66.19 0.0905 170.1
0 96 25 52.11 0.0996 572.3
0 96 26 80.03 0.0896 860.3
0 96 23 48.56 0.1077 852.3
0 96 17 88.15 0.0393 937.5
0 96 28 88.23 0.0679 308.1
0 96 17 222.80 0.0633 926.0
0 96 23 217.79 0.0744 875.3
0 96 34 162.63 0.0682 403.3
0 96 26 173.79 0.0364 421.5
0 96 31 121.32 0.0697 563.6
0 96 46 77.46 0.0740 390.3
0 96 34 67.29 0.0869 903.2
0 96 15 52.63 0.0600 558.4
0 96 21 69.45 0.0477 593.0
0 96 39 104.02 0.0593 356.8
0 96 23 60.95 0.0713 779.0
0 96 22 74.99 0.0917 482.2
0 96 23 82.39 0.0438 240.3
0 96 37 159.48 0.0664 842.7
0 96 17 58.09 0.0335 632.1
0 96 17 87.04 0.0807 913.9
0 96 38 117.85 0.0827 743.7
0 96 32 54.81 0.1015 596.3
0 96 16 60.00 0.0428 891.0
0 96 16 49.15 0.0256 644.0
0 96 17 79.87 0.0373 256.2
0 96 29 62.74 0.0929 291.3
0 96 19 706.99 0.0307 929.6
0 96 22 60.42 0.0445 82.0
0 96 18 291.61 0.0892 548.6
0 96 23 79.50 0.0480 28.9
0 96 25 56.07 0.0548 868.0
0 96 35 113.45 0.0371 133.3
0 96 35 112.28 0.0581 75.3
0 96 33 79.80 0.0731 380.5
0 96 46 183.98 0.0676 752.8
0 96 19 50.95 0.0770 863.1
0 96 30 52.69 0.1040 806.7
0 96 17 45.30 0.0477 864.1
0 96 18 57.02 0.0789 873.4
0 96 14 490.16 0.1004 825.7
0 96 32 194.60 0.0498 55.5
0 96 20 57.52 0.0615 904.1
0 96 23 48.61 0.0878 752.3
0 96 17 210.05 0.0745 29.1
0 96 17 169.59 0.0588 822.1
0 96 25 46.61 0.1219 820.3
0 96 39 238.08 0.0470 902.9
0 96 24 46.19 0.0958 805.3
0 96 39 59.76 0.0989 793.2
0 96 14 106.86 0.0537 13.7
0 96 18 68.64 0.0442 879.8
0 96 16 76.70 0.0285 950.7
0 96 29 191.76 0.0537 609.2
0 96 15 118.18 0.0349 101.1
0 96 27 99.23 0.0419 75.4
0 96 32 139.73 0.0357 804.4
0 96 17 64.62 0.0588 939.6
0 96 25 131.98 0.0446 830.4
0 96 19 120.75 0.0404 42.3
0 96 19 63.53 0.0722 348.3
0 96 16 49.81 0.0586 891.9
0 96 31 47.97 0.1118 912.8
0 96 21 55.99 0.1131 829.3
0 96 28 57.20 0.0709 941.5
0 96 16 95.63 0.0758 574.7
0 96 15 585.89 0.0945 636.9
0 96 32 96.43 0.0750 542.4
0 96 21 117.05 0.0468 107.6
0 96 23 260.72 0.0310 556.9
0 96 44 97.83 0.0652 917.1
0 96 43 79.69 0.0565 807.2
0 96 30 82.44 0.1189 594.9
0 96 27 142.30 0.0985 622.4
0 96 37 84.03 0.0727 494.1
0 96 32 77.06 0.0861 509.6
0 96 25 58.17 0.0769 810.1
0 96 34 76.70 0.0575 497.3
0 96 22 557.62 0.0992 928.8
0 96 20 90.39 0.0402 259.0
0 96 32 120.17 0.0609 165.1
0 96 13 71.79 0.1523 896.3
0 96 16 77.68 0.0529 430.8
0 96 17 153.56 0.1040 602.1
0 96 27 92.36 0.0707 880.6
0 96 27 56.06 0.1048 769.3
0 96 14 222.53 0.0506 747.9
0 96 25 328.35 0.0519 597.0
0 96 35 61.97 0.0845 116.3
0 96 25 81.23 0.0513 57.1
0 96 19 68.53 0.0998 33.9
0 96 29 104.65 0.0628 94.2
0 96 24 92.65 0.0659 868.2
0 96 32 129.09 0.0616 197.9
0 96 41 109.71 0.0695 855.2
0 96 30 153.86 0.0598 910.2
0 96 42 321.39 0.0556 82.1
0 96 32 265.53 0.0356 680.6
0 96 26 134.24 0.0861 254.2
0 96 26 92.87 0.0769 939.5
0 96 22 50.08 0.1302 935.3
0 96 20 50.83 0.0710 68.6
0 96 34 54.80 0.0823 873.7
0 96 18 99.92 0.0960 261.9
0 96 30 50.13 0.1159 899.2
0 96 24 47.33 0.1152 918.0
0 96 20 843.33 0.1159 898.7
0 96 24 69.01 0.0708 869.4
0 96 32 60.32 0.0870 893.0
0 96 29 114.50 0.0694 653.9
0 96 19 52.81 0.0681 103.0
0 96 38 58.48 0.0642 66.6
0 96 20 82.08 0.0931 599.9
0 96 36 126.92 0.0597 363.1
0 96 27 90.62 0.0617 789.1
0 96 20 57.20 0.1076 809.8
0 96 30 60.68 0.0801 318.2
0 96 24 53.80 0.0555 456.4
0 96 34 58.48 0.0830 664.4
0 96 26 63.41 0.1102 897.3
0 96 19 53.20 0.0375 490.8
0 96 15 53.47 0.0393 916.3
0 96 31 115.98 0.0402 753.0
0 96 38 151.95 0.0418 340.3
0 96 29 95.59 0.0715 904.8
0 96 46 103.47 0.0483 809.0
0 96 36 105.33 0.0675 353.4
0 96 39 62.15 0.0749 727.0
0 96 37 96.08 0.0592 920.1
0 96 43 73.36 0.0682 540.4
0 96 29 59.19 0.0781 576.3
0 96 45 45.74 0.1098 846.7
0 96 39 52.67 0.0937 778.7
0 96 22 81.69 0.0769 657.8
0 96 14 54.56 0.1522 591.6
0 96 33 86.65 0.0499 149.2
0 96 19 77.68 0.1035 726.0
0 96 39 148.41 0.0497 161.2
0 96 43 90.88 0.0658 431.5
0 96 31 69.82 0.0848 179.1
0 96 28 51.11 0.1130 833.3
0 96 29 45.09 0.0865 576.7
0 96 40 92.97 0.0907 951.1
0 96 32 96.10 0.1133 849.7
0 96 22 100.80 0.0695 687.7
0 96 32 71.83 0.0896 620.7
0 96 38 139.05 0.0587 480.0
0 96 17 47.01 0.1097 811.0
0 96 32 83.58 0.0654 826.7
0 96 32 605.39 0.0403 142.0
0 96 23 757.94 0.0992 587.5
0 96 35 461.36 0.0554 78.3
0 96 28 94.89 0.1102 636.6
0 96 29 74.57 0.0631 615.3
0 96 28 314.72 0.0472 503.4
0 96 21 62.53 0.1116 531.7
0 96 18 127.53 0.0840 896.8
0 96 29 126.76 0.0315 414.1
0 96 36 100.10 0.0668 930.9
0 96 39 214.25 0.0732 858.2
0 96 23 47.68 0.0658 446.1
0 96 17 46.81 0.1653 17.2
0 96 38 131.95 0.0605 581.3
0 96 18 72.82 0.0355 852.5
0 96 13 110.82 0.1449 376.1
0 96 31 45.82 0.0741 550.8
0 96 32 143.47 0.0573 236.1
0 96 15 73.26 0.0607 598.8
0 96 21 147.83 0.0530 168.7
0 96 38 90.67 0.0650 488.3
0 96 21 95.10 0.0410 903.6
0 96 19 90.75 0.0688 588.2
0 96 38 121.06 0.0531 594.9
0 96 18 98.86 0.0733 599.3
0 96 13 80.61 0.1262 848.6
0 96 40 101.96 0.0614 810.8
0 96 13 62.11 0.1331 821.6
0 96 16 97.86 0.0916 25.6
0 96 19 66.85 0.0418 316.0
0 96 24 68.63 0.0809 30.0
0 96 19 309.90 0.0545 297.8
0 96 14 51.73 0.1384 781.3
0 96 32 47.63 0.0789 579.3
0 96 19 72.20 0.1043 897.0
0 98 35 95.47 0.0726 87.3
0 98 39 152.80 0.0642 691.6
0 98 23 55.83 0.0883 893.3
0 98 33 234.87 0.0713 367.0
0 98 37 76.62 0.0808 468.9
0 98 31 113.99 0.0437 23.7
0 98 23 142.93 0.0727 706.3
0 98 18 49.74 0.0893 891.1
0 98 35 80.70 0.0988 237.5
0 98 38 200.57 0.0875 897.0
0 98 24 198.39 0.0355 565.8
0 98 34 69.05 0.0973 758.3
0 98 29 82.23 0.0735 842.9
0 98 19 115.50 0.0272 394.7
0 98 27 75.93 0.0466 659.4
0 98 29 110.50 0.0881 52.9
0 98 14 74.20 0.1336 937.1
0 98 31 79.23 0.0561 641.7
0 98 21 124.84 0.0350 561.3
0 98 29 58.74 0.1088 343.3
0 98 37 62.24 0.0740 281.0
0 98 31 87.21 0.0780 182.3
0 98 29 309.15 0.0426 919.3
0 98 33 137.95 0.0754 356.3
0 98 29 568.41 0.0501 604.5
0 98 29 51.63 0.1021 595.4
0 98 28 71.53 0.0690 329.8
0 98 21 119.47 0.0974 644.1
0 98 16 471.93 0.0347 607.4
0 98 20 79.26 0.0474 760.3
0 98 27 87.31 0.0307 359.9
0 98 35 171.76 0.0577 902.3
0 98 19 59.96 0.0989 169.1
0 98 15 93.44 0.0459 602.1
0 98 24 161.05 0.0474 695.7
0 98 39 121.44 0.0521 854.9
0 98 19 119.31 0.0693 510.4
0 98 30 112.22 0.0445 108.1
0 98 40 477.55 0.0507 625.5
0 98 26 73.58 0.0569 506.0
0 98 28 446.40 0.0318 508.9
0 98 23 48.86 0.1070 77.8
0 98 27 66.53 0.0541 933.0
0 98 19 57.34 0.0641 787.1
0 98 15 50.59 0.1198 159.3
0 98 31 95.60 0.0646 552.7
0 98 34 211.14 0.0469 492.2
0 98 31 162.42 0.0460 691.1
0 98 34 63.85 0.1026 664.4
0 98 38 58.73 0.0883 526.4
0 98 24 290.00 0.0523 275.5
0 98 14 88.39 0.0753 363.5
0 98 26 517.47 0.0373 801.5
0 98 26 105.35 0.0719 235.5
0 98 23 92.68 0.0299 434.8
0 98 15 47.49 0.0527 937.6
0 98 35 142.65 0.0425 152.9
0 98 32 322.27 0.0595 127.8
0 98 21 95.66 0.0484 262.7
0 98 41 127.74 0.0634 145.0
0 98 38 50.10 0.1151 123.4
0 98 36 61.92 0.0854 879.6
0 98 13 810.74 0.0249 110.9
0 98 18 46.78 0.0732 503.1
0 98 30 350.09 0.0536 136.3
0 98 30 63.33 0.0750 517.9
0 98 29 106.23 0.0508 524.7
0 98 34 277.33 0.0548 669.2
0 98 26 111.36 0.0497 377.4
0 98 39 85.51 0.0661 272.3
0 98 15 65.99 0.1257 503.9
0 98 35 96.63 0.0756 574.0
0 98 22 131.94 0.0638 387.5
0 98 25 89.34 0.0450 383.9
0 98 34 156.68 0.0743 516.0
0 98 26 98.20 0.0634 512.0
0 98 39 318.79 0.0340 83.4
0 98 41 64.15 0.0892 513.2
0 98 17 135.74 0.0341 376.6
0 98 29 111.46 0.0595 618.0
0 98 27 112.90 0.0660 929.5
0 98 13 120.11 0.1206 494.5
0 98 23 96.25 0.0481 156.3
0 98 28 160.41 0.0703 493.0
0 98 18 154.80 0.1051 538.3
0 98 22 133.17 0.0279 309.5
0 98 23 49.36 0.1239 692.5
0 98 18 122.36 0.0429 348.8
0 98 23 109.73 0.1351 655.7
0 98 33 78.28 0.0985 196.7
0 98 40 310.03 0.0564 84.7
0 98 30 95.56 0.0624 565.0
0 98 25 444.41 0.1077 535.3
0 98 15 96.29 0.1067 553.2
0 98 30 67.46 0.0759 550.8
0 98 20 135.61 0.0711 839.6
0 98 43 188.25 0.0484 154.0
0 98 14 158.91 0.1096 134.7
0 98 23 88.04 0.0621 935.8
0 98 32 59.79 0.0604 944.2
0 98 35 115.71 0.0717 641.2
0 98 34 55.70 0.0987 105.1
0 98 20 71.76 0.0837 927.1
0 98 33 63.33 0.1024 500.6
0 98 22 125.88 0.1368 604.9
0 98 30 199.95 0.0570 216.6
0 98 13 315.35 0.1225 581.5
0 98 22 114.69 0.1193 572.8
0 98 19 77.69 0.0717 489.8
0 98 29 97.22 0.0757 701.3
0 98 35 72.26 0.0753 265.8
0 98 42 113.86 0.0380 85.4
0 98 20 121.47 0.0424 888.6
0 98 30 78.53 0.0611 628.7
0 98 20 64.71 0.1139 125.3
0 98 38 78.36 0.0866 556.3
0 98 30 89.18 0.0548 563.0
0 98 16 85.15 0.0954 131.3
0 98 21 95.19 0.0352 856.9
0 98 27 196.00 0.1324 541.5
0 98 33 80.41 0.0711 691.3
0 98 33 187.38 0.0761 542.8
0 98 35 146.23 0.0528 518.5
0 98 32 134.16 0.0467 934.1
0 98 35 134.83 0.0798 139.1
0 98 31 98.83 0.0393 327.4
0 98 32 105.60 0.0571 285.7
0 98 38 193.70 0.0495 172.0
0 98 38 52.51 0.0715 705.3
0 98 21 316.06 0.0882 386.3
0 98 13 63.38 0.0560 463.4
0 98 21 49.54 0.0844 478.8
0 98 27 87.27 0.1053 148.4
0 98 41 61.23 0.0896 151.1
0 98 25 77.37 0.0942 578.1
0 98 33 45.12 0.0580 901.1
0 98 41 124.07 0.0412 234.2
0 98 42 60.39 0.1113 627.6
0 98 18 58.19 0.1507 604.3
0 98 40 173.06 0.0441 631.1
0 98 42 116.52 0.0715 179.8
0 98 30 85.10 0.0517 454.6
0 98 19 60.40 0.0883 99.6
0 98 35 154.76 0.0409 934.8
0 98 30 123.23 0.0527 873.9
0 98 23 76.93 0.0776 568.7
0 98 30 66.15 0.0972 333.9
0 98 25 117.76 0.0472 680.0
0 98 43 137.07 0.0828 436.8
0 98 39 488.23 0.0500 210.2
0 98 41 118.18 0.0840 676.8
0 98 36 97.50 0.0747 682.6
0 98 41 108.97 0.0659 639.6
0 98 24 156.48 0.0495 542.7
0 98 41 99.90 0.0515 186.9
0 98 23 103.42 0.0416 912.3
0 98 39 1681.27 0.0365 159.5
0 98 38 78.22 0.0940 269.1
0 98 32 80.96 0.0558 491.1
0 98 39 130.41 0.0755 223.3
0 98 17 208.64 0.0661 629.9
0 98 36 132.77 0.0743 573.8
0 98 33 78.43 0.0720 510.9
0 98 28 106.20 0.0857 522.3
0 98 35 175.33 0.0862 665.7
0 98 27 164.54 0.0234 776.9
0 98 32 101.86 0.0824 166.5
0 98 19 121.02 0.1207 566.4
0 98 15 49.32 0.1028 34.3
0 98 29 63.35 0.0885 563.5
0 98 17 192.31 0.0463 700.6
0 98 35 134.02 0.0454 404.5
0 98 30 205.52 0.0426 416.6
0 98 41 251.40 0.0503 224.4
0 98 27 235.29 0.0337 316.8
0 98 34 311.20 0.0776 554.3
0 98 37 94.68 0.1100 203.7
0 98 29 195.96 0.0592 887.7
0 98 39 125.87 0.0483 531.3
0 98 17 1030.80 0.0401 92.3
0 98 29 56.85 0.1228 708.7
0 98 26 175.98 0.1002 494.1
0 98 31 208.26 0.0693 914.3
0 98 35 84.90 0.0750 576.6
0 98 25 173.73 0.0436 469.6
0 98 20 71.41 0.0878 921.4
0 98 18 85.02 0.0326 863.9
0 98 26 164.49 0.0591 946.1
0 98 19 142.39 0.0514 929.1
0 98 17 47.52 0.1453 94.5
0 98 39 162.13 0.0588 113.2
0 98 16 150.86 0.1466 532.1
0 98 33 129.96 0.0357 68.2
0 98 14 46.96 0.1218 47.6
0 98 13 140.24 0.1133 417.8
0 98 22 202.26 0.0270 319.4
0 98 13 98.84 0.1067 564.8
0 98 31 63.90 0.1071 67.0
0 98 15 72.46 0.0828 533.2
0 98 18 99.73 0.0561 948.9
0 98 28 79.88 0.1015 464.3
0 98 26 46.47 0.1068 349.3
0 98 25 290.87 0.0460 603.7
0 98 31 69.84 0.0779 880.3
0 98 34 75.70 0.0939 636.0
0 98 18 528.87 0.1040 65.7
0 98 16 46.37 0.0940 524.5
0 98 38 1265.95 0.0530 662.6
0 98 27 90.86 0.0631 295.4
0 98 30 242.95 0.0629 892.5
0 98 28 142.45 0.1160 657.0
0 98 38 58.70 0.1076 430.4
0 98 37 85.35 0.0742 206.0
0 98 23 60.60 0.0550 93.4
0 98 31 274.90 0.0472 460.8
0 98 14 180.05 0.0902 565.0
0 98 35 171.91 0.0615 195.4
0 98 17 83.04 0.0612 929.8
0 98 17 71.97 0.0417 85.8
0 98 28 50.85 0.1138 233.3
0 98 18 54.59 0.0478 98.7
0 98 37 159.80 0.0490 29.0
0 98 31 56.43 0.0986 627.3
0 98 14 57.03 0.1307 657.4
0 98 35 59.60 0.0825 146.5
0 98 17 80.76 0.0675 506.2
0 98 24 109.10 0.0205 563.3
0 98 16 94.49 0.0950 507.9
0 98 27 92.77 0.0823 247.7
0 98 13 70.65 0.0826 736.0
0 98 32 67.22 0.0699 698.1
0 98 29 80.08 0.0826 569.2
0 98 18 47.82 0.1356 729.9
0 98 17 197.17 0.0363 42.3
0 98 30 78.76 0.0389 957.5
0 98 23 106.55 0.0713 452.5
0 98 17 68.84 0.0723 613.5
0 98 32 105.30 0.0536 218.9
1 0 28 112.19 0.0707 96.8
1 0 27 54.71 0.1194 575.6
1 0 44 173.44 0.0732 484.8
1 0 29 83.50 0.1093 512.9
1 0 20 48.55 0.1106 697.0
1 0 36 168.62 0.0723 915.4
1 0 28 86.78 0.0871 591.4
1 0 22 131.43 0.0851 28.0
1 0 30 88.36 0.0958 268.4
1 0 17 128.70 0.0938 360.3
1 0 16 83.25 0.1246 65.0
1 0 17 61.00 0.1050 175.0
1 0 30 62.90 0.1202 695.9
1 0 36 140.62 0.0756 188.5
1 0 31 130.85 0.0676 64.9
1 0 36 143.26 0.0562 585.1
1 0 26 70.14 0.0911 103.4
1 0 39 110.44 0.0743 373.4
1 0 20 108.59 0.0918 952.6
1 0 39 94.79 0.0868 212.5
1 0 19 77.03 0.1090 479.3
1 0 22 82.76 0.0647 365.7
1 0 17 97.07 0.0948 534.6
1 0 19 83.56 0.0820 84.4
1 0 38 114.01 0.0765 386.5
1 0 21 201.19 0.0860 510.3
1 0 27 104.96 0.1070 861.6
1 0 29 66.70 0.1169 726.9
1 0 25 136.49 0.0693 550.8
1 0 25 124.41 0.0705 699.2
1 0 25 1236.24 0.1250 595.6
1 0 43 60.44 0.1230 210.1
1 0 21 51.33 0.1634 34.4
1 0 22 243.41 0.0625 141.7
1 0 22 161.62 0.1059 15.0
1 0 22 63.09 0.1032 828.3
1 0 23 226.40 0.0524 192.8
1 0 21 107.52 0.0871 89.2
1 0 25 359.64 0.0907 243.6
1 0 31 191.64 0.0517 575.4
1 0 32 88.02 0.0747 803.7
1 0 27 168.12 0.0835 912.5
1 0 32 54.87 0.1282 925.3
1 0 31 155.39 0.0841 839.3
1 0 29 204.90 0.0692 650.9
1 0 23 115.95 0.0856 926.5
1 0 20 64.18 0.0733 441.0
1 0 24 88.78 0.0817 36.0
1 0 30 389.10 0.0544 552.3
1 0 37 112.04 0.0596 908.9
1 0 24 65.29 0.1242 416.9
1 0 27 93.71 0.0789 85.8
1 0 34 133.83 0.0538 836.9
1 0 40 75.54 0.0799 676.9
1 0 17 55.15 0.0992 958.4
1 0 42 251.48 0.0649 906.8
1 0 29 65.74 0.1026 372.9
1 0 19 58.46 0.0739 234.4
1 0 25 264.02 0.0739 121.2
1 0 40 104.75 0.0655 162.8
1 0 33 127.00 0.0682 636.7
1 0 25 160.33 0.0458 471.0
1 0 28 89.28 0.0709 91.7
1 0 39 133.13 0.0797 934.4
1 0 35 103.55 0.0750 192.7
1 0 30 367.74 0.0761 870.0
1 0 31 240.49 0.0819 886.5
1 0 38 126.97 0.0739 600.7
1 0 30 128.56 0.0936 72.2
1 0 28 74.18 0.1041 75.2
1 0 41 206.15 0.0697 48.6
1 0 21 58.16 0.0812 317.0
1 0 36 85.88 0.0639 563.0
1 0 38 66.07 0.0938 620.0
1 0 29 187.24 0.0584 814.1
1 0 38 649.61 0.0436 898.7
1 0 18 74.26 0.0897 854.0
1 0 32 55.96 0.1058 824.3
1 0 37 80.59 0.1074 490.3
1 0 22 112.83 0.1179 800.1
1 0 35 112.74 0.0608 148.7
1 0 35 116.52 0.0839 898.0
1 0 13 168.66 0.0593 647.6
1 0 36 53.82 0.1303 957.5
1 0 36 140.53 0.0660 441.9
1 0 41 73.18 0.0863 438.5
1 0 26 54.20 0.0744 789.8
1 0 14 123.30 0.0503 409.7
1 0 37 375.28 0.0974 732.9
1 0 26 195.63 0.0557 427.4
1 0 24 96.12 0.0825 864.5
1 0 39 121.55 0.1159 249.6
1 0 30 403.10 0.0707 825.2
1 0 26 104.92 0.0457 48.4
1 0 16 89.23 0.0447 566.9
1 0 13 124.93 0.1556 963.7
1 0 24 100.85 0.0920 556.5
1 0 23 58.24 0.1045 424.0
1 0 34 118.63 0.0953 736.1
1 0 38 112.80 0.0936 374.2
1 0 28 74.19 0.1250 930.0
1 0 33 91.22 0.1101 735.2
1 0 35 152.45 0.0800 438.6
1 0 34 58.07 0.1182 407.7
1 0 37 87.11 0.0696 678.0
1 0 39 71.86 0.0941 242.4
1 0 25 65.91 0.0978 236.9
1 0 25 59.94 0.1182 270.0
1 0 30 143.51 0.0759 160.4
1 0 34 54.21 0.1223 151.9
1 0 42 77.22 0.1115 94.5
1 0 38 145.01 0.0703 800.7
1 0 19 130.22 0.0747 524.6
1 0 22 45.30 0.1326 537.8
1 0 23 82.14 0.0504 876.1
1 0 32 243.48 0.0732 463.0
1 0 15 405.16 0.1041 68.5
1 0 21 211.84 0.0563 789.3
1 0 24 138.76 0.1185 267.5
1 0 19 333.28 0.0882 274.3
1 0 21 60.19 0.0897 594.4
1 0 40 199.60 0.0781 635.6
1 0 21 183.29 0.0766 502.8
1 0 30 108.18 0.0802 672.8
1 0 36 104.19 0.0895 618.4
1 0 24 79.95 0.0810 948.0
1 0 39 369.75 0.0728 20.7
1 0 33 51.68 0.1261 284.1
1 0 36 170.16 0.0574 148.9
1 0 33 161.07 0.0930 502.9
1 0 43 237.25 0.0730 692.4
1 0 23 161.17 0.0532 402.8
1 0 37 53.84 0.0913 54.5
1 0 30 107.45 0.0980 243.4
1 0 30 59.51 0.1156 837.2
1 0 13 121.42 0.0926 378.3
1 0 34 118.74 0.0979 533.0
1 0 18 86.28 0.1278 56.4
1 0 25 228.58 0.0709 402.7
1 0 35 108.02 0.0680 59.5
1 0 26 185.03 0.0627 387.0
1 0 43 122.47 0.0764 566.2
1 0 28 51.91 0.1133 678.7
1 0 21 46.37 0.1296 94.9
1 0 23 64.31 0.0743 139.8
1 0 16 116.24 0.0778 118.7
1 0 20 69.05 0.0681 529.6
1 0 29 344.27 0.0648 679.1
1 0 19 94.02 0.1131 398.1
1 0 39 91.76 0.0791 586.9
1 0 36 121.66 0.0864 696.7
1 0 33 362.46 0.0708 210.1
1 0 33 70.57 0.0920 533.6
1 0 28 98.23 0.0714 107.1
1 0 31 90.95 0.0466 539.2
1 0 36 58.91 0.1046 789.5
1 0 26 76.96 0.1002 954.3
1 0 20 47.80 0.1228 44.5
1 0 20 107.11 0.0745 183.8
1 0 17 70.03 0.1057 484.3
1 0 19 83.03 0.0830 616.6
1 0 17 126.75 0.0411 785.1
1 0 37 52.91 0.0955 655.4
1 0 37 129.97 0.0865 881.4
1 0 20 291.87 0.0507 283.7
1 0 35 123.94 0.0879 475.0
1 0 39 58.79 0.0827 255.4
1 0 14 98.29 0.0751 245.4
1 0 15 71.95 0.0886 414.7
1 0 34 87.07 0.0818 949.4
1 0 16 75.31 0.0592 429.4
1 0 32 80.26 0.0788 705.7
1 0 22 65.15 0.0865 496.0
1 0 45 72.93 0.0553 800.2
1 0 18 140.20 0.0629 635.8
1 0 18 148.98 0.0727 79.7
1 0 19 89.47 0.0353 470.6
1 0 30 189.13 0.0678 506.2
1 0 25 246.54 0.0429 767.7
1 0 42 165.29 0.0737 668.3
1 0 28 63.12 0.0832 825.8
1 0 40 91.82 0.0732 633.4
1 0 35 140.97 0.0721 462.8
1 0 29 100.41 0.0877 499.6
1 0 44 215.15 0.0697 560.8
1 0 38 101.46 0.0706 147.4
1 0 27 76.04 0.0820 75.0
1 0 31 136.27 0.0598 187.6
1 0 28 135.60 0.0662 549.5
1 0 38 82.13 0.0890 641.6
1 0 30 63.36 0.0820 444.6
1 0 41 87.37 0.1002 844.4
1 0 30 64.39 0.0849 921.1
1 0 41 212.33 0.0737 533.3
1 0 20 55.56 0.0595 31.4
1 0 28 65.88 0.1034 819.8
1 0 36 77.82 0.0954 436.9
1 0 15 71.03 0.0701 758.5
1 0 27 69.07 0.0936 121.3
1 0 26 48.44 0.1299 895.4
1 0 36 124.08 0.0574 386.8
1 0 36 227.24 0.0596 918.4
1 0 15 141.81 0.0818 496.8
1 0 31 102.93 0.0683 450.5
1 0 30 100.62 0.0783 57.2
1 0 39 183.59 0.0599 854.9
1 0 40 58.16 0.0859 779.1
1 0 44 148.97 0.0614 160.7
1 0 41 207.83 0.0725 497.3
1 0 39 159.14 0.0483 655.7
1 0 35 181.25 0.0700 558.5
1 0 34 92.96 0.1101 81.7
1 0 13 69.15 0.0631 402.9
1 0 30 72.67 0.1134 621.3
1 0 41 114.79 0.0743 616.3
1 0 42 171.74 0.0843 131.3
1 0 21 487.65 0.0351 230.4
1 0 25 133.23 0.0441 437.4
1 0 15 48.36 0.0747 826.9
1 0 15 75.60 0.0285 94.6
1 0 44 69.93 0.1164 188.3
1 0 26 125.69 0.0284 607.5
1 0 30 196.80 0.0779 403.8
1 0 30 146.83 0.0825 521.2
1 0 20 119.16 0.0476 856.5
1 0 23 100.33 0.0953 461.8
1 0 16 51.80 0.0496 141.0
1 0 25 98.30 0.0953 924.2
1 0 40 160.35 0.0850 206.4
1 0 28 82.89 0.0864 564.0
1 0 19 149.51 0.0648 934.1
1 0 25 45.77 0.1295 91.2
1 0 22 132.31 0.0624 419.7
1 0 33 123.65 0.0824 403.5
1 0 31 83.15 0.0884 73.7
1 0 38 216.35 0.0788 560.4
1 0 20 124.18 0.0601 257.0
1 0 30 202.52 0.0748 734.3
1 0 23 154.99 0.0788 817.2
1 0 35 46.57 0.1329 848.4
1 0 28 50.10 0.0924 102.6
1 0 18 58.73 0.0783 803.1
1 0 35 52.79 0.1252 403.0
1 0 35 213.19 0.0791 566.3
1 0 21 78.70 0.0606 920.2
1 0 18 102.87 0.0274 530.9
1 0 17 137.02 0.1235 648.9
1 0 28 144.99 0.0592 779.5
1 0 36 148.71 0.0759 927.1
1 0 33 56.17 0.0876 119.2
1 0 30 137.84 0.0767 531.2
1 0 36 150.02 0.0617 421.7
1 0 27 98.86 0.1088 504.7
1 0 26 141.03 0.0540 846.1
1 0 24 340.16 0.0716 963.3
1 0 40 67.98 0.1169 240.5
1 0 25 92.17 0.0786 382.2
1 0 26 110.64 0.0660 919.9
1 0 17 49.89 0.1146 673.0
1 0 37 107.58 0.0580 545.3
1 0 31 77.78 0.0889 704.9
1 0 20 57.49 0.0966 397.6
1 0 38 76.94 0.1003 868.8
1 0 27 107.71 0.0598 814.2
1 0 46 80.23 0.1169 433.3
1 0 32 155.40 0.0855 590.4
1 0 16 81.75 0.1425 891.5
1 0 22 159.13 0.0713 504.2
1 0 25 92.72 0.0721 402.0
1 0 31 60.03 0.1060 716.6
1 0 30 107.31 0.0986 76.3
1 0 34 108.48 0.0812 794.5
1 0 41 57.01 0.1037 530.1
1 0 18 61.02 0.0873 333.6
1 0 13 109.67 0.1244 876.8
1 0 34 209.15 0.0727 898.8
1 0 44 338.42 0.0716 778.4
1 0 33 169.20 0.0671 848.1
1 0 43 225.50 0.0819 561.9
1 0 43 69.46 0.0886 247.2
1 0 18 78.19 0.1200 943.8
1 0 42 261.48 0.0596 230.6
1 0 31 96.96 0.0796 538.0
1 0 21 174.07 0.0618 112.6
1 0 35 76.84 0.0920 230.8
1 0 27 204.45 0.0542 881.5
1 0 28 103.97 0.0778 832.3
1 0 23 52.54 0.0607 614.9
1 0 26 101.60 0.0773 460.1
1 0 32 94.81 0.0710 36.4
1 0 27 68.99 0.0871 43.8
1 0 38 86.61 0.0562 600.9
1 0 41 92.64 0.0993 87.2
1 0 38 291.27 0.0624 194.8
1 0 19 132.25 0.0693 800.4
1 0 31 54.52 0.0944 555.2
1 0 32 49.92 0.0873 695.5
1 0 27 65.84 0.0791 18.9
1 0 27 196.75 0.0554 909.7
1 0 36 145.74 0.0865 939.1
1 0 28 63.95 0.0721 762.8
1 0 17 165.60 0.1193 632.1
1 0 31 127.79 0.0682 562.0
1 0 38 145.98 0.0624 653.4
1 0 33 72.96 0.0843 37.3
1 0 31 82.37 0.0801 100.3
1 0 28 132.30 0.0910 38.8
1 0 36 127.57 0.0608 384.0
1 0 22 103.76 0.0560 571.8
1 0 14 87.32 0.0730 546.9
1 0 25 56.53 0.0840 668.8
1 0 38 72.03 0.0853 940.6
1 0 24 47.98 0.1081 857.6
1 0 38 140.94 0.0789 575.8
1 0 18 155.02 0.0625 484.4
1 0 42 75.46 0.0950 182.1
1 0 17 402.32 0.0174 335.7
1 0 40 47.26 0.1156 90.6
1 0 16 65.44 0.0235 579.8
1 0 19 98.91 0.0422 774.2
1 0 21 102.85 0.1139 787.7
1 0 13 77.40 0.0894 559.9
1 0 17 46.59 0.1008 886.2
1 0 18 392.71 0.0421 425.4
1 0 35 58.59 0.1104 727.0
1 0 32 101.03 0.0977 283.9
1 0 24 92.55 0.1144 797.5
1 0 16 245.42 0.0550 800.3
1 0 41 73.68 0.1076 896.2
1 0 44 72.05 0.1093 475.4
1 0 31 301.44 0.0566 44.3
1 0 21 98.69 0.0975 10.3
1 0 21 103.75 0.1012 528.0
1 0 26 129.37 0.0598 891.4
1 0 27 229.06 0.0427 105.0
1 0 16 246.89 0.0571 48.1
1 0 29 86.93 0.0845 466.3
1 0 24 93.96 0.0944 929.4
1 0 28 101.05 0.0930 878.0
1 0 45 139.48 0.0649 64.8
1 0 36 59.19 0.0968 505.6
1 0 17 88.69 0.0872 466.9
1 0 18 496.53 0.0468 393.4
1 0 25 128.68 0.0860 435.3
1 0 17 95.35 0.1015 820.4
1 0 16 94.01 0.1377 815.7
1 0 24 96.52 0.1009 533.3
1 0 16 63.23 0.0818 904.4
1 0 15 2498.23 0.0397 654.0
1 0 25 52.69 0.1051 848.4
1 0 20 115.27 0.0649 880.2
1 0 20 51.09 0.1102 715.2
1 0 23 88.81 0.0942 181.0
1 0 17 87.55 0.0839 176.4
1 0 29 103.76 0.0894 540.8
1 0 34 178.83 0.0774 662.0
1 0 17 162.78 0.0669 59.0
1 0 17 207.77 0.0387 90.6
1 0 24 97.33 0.0949 441.0
1 0 17 119.34 0.0711 676.0
1 0 15 53.01 0.0745 843.2
1 0 30 57.66 0.1046 254.8
1 0 37 111.96 0.0835 816.2
1 0 14 853.87 0.0983 966.5
1 0 16 48.86 0.0347 913.6
1 0 23 73.05 0.1176 584.6
1 0 26 187.93 0.0490 876.7
1 0 19 231.04 0.0683 503.5
1 0 21 54.53 0.1193 502.6
1 0 20 55.03 0.0508 661.0
1 0 31 208.53 0.0989 250.0
1 0 32 92.46 0.0699 846.4
1 0 34 226.41 0.0808 221.2
1 0 28 73.91 0.0709 255.4
1 0 28 355.82 0.0681 34.0
1 0 18 68.44 0.0445 742.0
1 0 21 79.70 0.0901 167.5
1 0 18 55.46 0.0771 846.1
1 0 18 151.62 0.1292 201.6
1 0 22 123.89 0.0728 823.3
1 0 23 92.86 0.1143 189.1
1 0 19 91.73 0.0818 564.0
1 0 14 69.61 0.0617 406.4
1 0 24 74.46 0.0685 569.5
1 0 14 103.09 0.0849 101.9
1 0 30 110.80 0.0866 112.5
1 0 17 58.11 0.0317 147.0
1 0 21 152.20 0.0522 223.3
1 0 16 77.16 0.0360 80.6
1 0 19 204.00 0.0914 952.5
1 0 17 83.51 0.0941 103.0
1 0 29 170.45 0.0951 777.2
1 0 13 50.99 0.0436 380.5
1 0 17 63.08 0.0955 513.8
1 0 17 72.74 0.0896 114.7
1 0 13 81.64 0.1007 479.5
1 0 17 182.26 0.0396 737.1
1 0 13 347.91 0.0560 7.6
1 0 14 127.83 0.0432 820.0
1 0 16 82.57 0.0356 882.8
1 0 17 320.45 0.0493 767.1
1 0 33 72.20 0.1050 859.6
1 0 31 72.53 0.0865 906.0
1 0 24 94.09 0.1110 116.5
1 0 27 59.68 0.1431 769.4
1 0 19 517.73 0.0648 394.3
1 0 17 52.83 0.0658 473.5
1 0 17 99.65 0.0781 589.3
1 0 39 95.38 0.1076 812.0
1 0 24 53.94 0.0529 404.7
1 0 28 76.05 0.1039 818.7
1 0 29 66.93 0.1258 763.6
1 0 16 408.34 0.0414 775.0
1 0 22 142.28 0.0620 364.0
1 0 33 89.75 0.0854 741.2
1 0 19 293.77 0.0382 819.5
1 0 31 196.90 0.0531 565.4
1 0 37 204.05 0.0499 878.7
1 0 13 543.30 0.1433 687.6
1 0 21 211.82 0.0669 54.5
1 0 22 85.74 0.0960 809.7
1 0 17 133.76 0.0879 863.7
1 0 30 96.01 0.0730 667.5
1 0 18 85.56 0.0450 59.5
1 0 21 89.78 0.0593 329.6
1 0 23 87.38 0.0949 441.7
1 0 17 112.88 0.0689 11.6
1 0 16 245.48 0.0467 152.4
1 0 21 76.75 0.0917 897.1
1 0 14 45.04 0.0634 763.6
1 0 14 62.43 0.1238 694.6
1 0 21 45.49 0.1021 773.4
1 0 16 73.04 0.0377 432.7
1 0 13 132.40 0.1248 539.4
1 0 25 63.19 0.1049 657.8
1 0 16 46.31 0.0614 908.9
1 1 28 180.46 0.0683 99.4
1 1 23 134.70 0.0853 734.8
1 1 32 164.17 0.0814 543.4
1 1 39 93.84 0.1018 375.5
1 1 33 95.52 0.1059 847.0
1 1 24 74.40 0.0597 123.4
1 1 18 55.26 0.1245 173.2
1 1 24 196.45 0.0844 610.2
1 1 27 51.02 0.1143 783.2
1 1 33 75.14 0.0872 431.0
1 1 21 417.85 0.0610 648.4
1 1 27 103.69 0.0631 701.2
1 1 34 88.49 0.0777 593.7
1 1 22 74.10 0.0971 586.2
1 1 27 86.23 0.1150 509.1
1 1 20 535.19 0.0444 464.3
1 1 18 47.15 0.1105 118.2
1 1 29 214.92 0.0464 600.0
1 1 30 161.84 0.0830 93.7
1 1 14 74.13 0.0794 204.7
1 1 17 52.78 0.0751 599.3
1 1 36 59.71 0.0795 787.0
1 1 35 177.23 0.0730 139.6
1 1 37 75.33 0.0589 2.6
1 1 26 125.32 0.0757 467.5
1 1 34 95.57 0.0628 801.5
1 1 38 51.02 0.1028 42.1
1 1 14 127.07 0.0927 180.4
1 1 32 187.01 0.1073 552.3
1 1 18 1083.08 0.0281 44.2
1 1 16 840.32 0.1225 201.9
1 1 23 248.68 0.0661 460.9
1 1 36 98.39 0.0865 86.1
1 1 31 68.41 0.0848 198.4
1 1 36 78.56 0.0649 765.2
1 1 36 63.04 0.1122 369.7
1 1 43 81.71 0.0748 563.5
1 1 32 136.10 0.0800 320.0
1 1 25 60.05 0.1317 83.3
1 1 28 58.79 0.1044 550.0
1 1 32 112.15 0.0759 923.9
1 1 29 52.18 0.1268 869.9
1 1 25 46.33 0.1005 389.4
1 1 41 399.54 0.0824 729.7
1 1 31 169.57 0.0804 780.0
1 1 27 54.49 0.0933 539.4
1 1 28 407.94 0.0592 218.7
1 1 32 61.02 0.1121 180.5
1 1 40 91.12 0.0768 281.6
1 1 44 87.06 0.0854 213.3
1 1 35 76.90 0.0934 39.5
1 1 42 104.72 0.0953 746.3
1 1 31 87.57 0.0818 304.8
1 1 39 224.54 0.0753 825.3
1 1 41 74.88 0.1035 901.0
1 1 31 114.23 0.0711 283.7
1 1 22 207.69 0.0602 403.5
1 1 23 48.26 0.1047 757.9
1 1 21 1077.34 0.0916 426.4
1 1 36 76.15 0.0864 354.3
1 1 27 123.12 0.0752 793.3
1 1 25 96.90 0.0775 756.7
1 1 15 180.87 0.0356 441.1
1 1 23 62.07 0.0742 196.8
1 1 32 51.33 0.1056 25.9
1 1 19 63.97 0.0730 710.7
1 1 26 134.38 0.1048 42.2
1 1 16 152.46 0.0695 951.2
1 1 19 115.60 0.0997 86.0
1 1 35 82.00 0.0859 401.9
1 1 18 60.21 0.0527 422.4
1 1 35 451.62 0.0699 375.6
1 1 32 199.12 0.0538 565.3
1 1 32 133.32 0.0688 807.5
1 1 34 112.55 0.1121 710.0
1 1 38 67.99 0.0779 899.7
1 1 21 132.05 0.1333 734.1
1 1 22 73.18 0.0900 559.4
1 1 39 247.24 0.0590 560.0
1 1 25 139.37 0.0747 883.5
1 1 32 111.51 0.0931 810.0
1 1 30 335.86 0.1050 731.0
1 1 35 98.34 0.0750 685.4
1 1 27 69.18 0.0937 873.8
1 1 24 46.64 0.1166 273.3
1 1 13 51.30 0.1206 299.7
1 1 45 187.43 0.0604 892.6
1 1 29 73.54 0.0979 690.5
1 1 38 84.39 0.0795 574.1
1 1 37 175.18 0.0661 385.5
1 1 33 52.54 0.1021 806.1
1 1 39 50.27 0.1311 493.8
1 1 19 46.42 0.0972 356.2
1 1 39 161.01 0.0607 873.9
1 1 42 87.85 0.1073 185.7
1 1 21 52.20 0.0979 786.4
1 1 37 100.63 0.0728 769.3
1 1 25 50.40 0.1185 519.8
1 1 37 140.80 0.0753 782.0
1 1 31 67.13 0.1165 758.4
1 1 35 79.54 0.1049 45.3
1 1 37 158.27 0.0704 754.8
1 1 37 56.69 0.1088 295.3
1 1 38 341.78 0.0597 74.4
1 1 33 260.48 0.0988 227.5
1 1 34 77.05 0.1269 70.8
1 1 40 440.21 0.0597 56.3
1 1 16 105.03 0.0803 942.0
1 1 21 131.44 0.0633 944.4
1 1 35 140.02 0.0665 101.4
1 1 37 138.43 0.0701 530.4
1 1 28 92.90 0.0883 819.7
1 1 39 46.91 0.1142 728.4
1 1 35 143.67 0.0959 801.2
1 1 34 165.58 0.0702 429.5
1 1 19 56.38 0.1187 90.3
1 1 30 81.74 0.1044 409.1
1 1 43 90.83 0.0848 334.9
1 1 31 110.80 0.0860 62.6
1 1 21 70.12 0.1027 143.2
1 1 37 137.95 0.0730 785.7
1 1 41 51.99 0.0860 460.1
1 1 32 60.40 0.1009 720.8
1 1 17 114.63 0.0761 731.4
1 1 18 184.20 0.0542 68.8
1 1 35 139.65 0.0891 503.7
1 1 26 115.37 0.0619 778.8
1 1 36 309.47 0.0750 356.3
1 1 36 112.06 0.0789 689.1
1 1 38 172.12 0.0792 76.2
1 1 28 285.77 0.0651 224.0
1 1 40 79.74 0.1019 260.6
1 1 35 103.08 0.0870 812.4
1 1 40 132.40 0.0766 961.9
1 1 32 173.50 0.0583 658.6
1 1 42 78.97 0.0802 551.5
1 1 18 46.75 0.0822 60.0
1 1 33 125.07 0.0891 481.2
1 1 26 309.85 0.0532 613.4
1 1 23 100.79 0.0851 714.2
1 1 44 233.29 0.0674 872.9
1 1 29 87.36 0.0818 87.5
1 1 38 180.94 0.0570 57.6
1 1 38 84.41 0.1007 780.9
1 1 29 99.36 0.0579 203.3
1 1 44 63.59 0.1067 216.9
1 1 29 60.45 0.1144 249.0
1 1 16 171.55 0.0375 87.9
1 1 42 114.66 0.0775 785.9
1 1 23 80.14 0.1084 259.0
1 1 38 54.84 0.0834 458.9
1 1 40 75.58 0.0820 232.4
1 1 28 57.44 0.1093 172.3
1 1 19 95.56 0.0857 64.2
1 1 40 166.20 0.0775 822.9
1 1 14 87.33 0.0616 437.2
1 1 47 68.49 0.0823 908.5
1 1 33 47.79 0.1105 53.2
1 1 42 181.70 0.0665 189.3
1 1 30 112.31 0.0665 96.9
1 1 34 55.62 0.0845 829.7
1 1 40 558.93 0.0564 44.0
1 1 36 159.51 0.0615 771.1
1 1 42 153.17 0.0737 577.0
1 1 28 280.95 0.0568 623.5
1 1 29 90.18 0.0662 614.1
1 1 25 134.07 0.0688 487.4
1 1 24 67.33 0.0734 413.4
1 1 17 111.74 0.0430 10.6
1 1 24 104.75 0.0642 54.8
1 1 35 49.93 0.0951 134.2
1 1 36 70.73 0.1048 723.5
1 1 39 251.92 0.0562 669.4
1 1 14 47.69 0.0438 155.2
1 1 16 65.97 0.0944 717.6
1 1 39 71.94 0.1136 911.1
1 1 15 74.26 0.0782 452.0
1 1 21 60.26 0.1080 836.8
1 1 18 55.06 0.0856 716.0
1 1 43 102.79 0.0850 700.6
1 1 39 71.69 0.0921 756.6
1 1 38 52.71 0.1087 262.6
1 1 37 166.00 0.0681 615.4
1 1 41 149.07 0.0581 691.4
1 1 41 86.78 0.0913 534.0
1 1 30 57.11 0.1100 15.2
1 1 33 88.35 0.1102 941.5
1 1 15 80.44 0.1326 645.5
1 1 37 111.32 0.0747 723.6
1 1 25 95.01 0.0663 403.6
1 1 36 98.13 0.0793 418.6
1 1 33 88.10 0.0773 711.6
1 1 36 46.22 0.1282 351.5
1 1 20 136.67 0.0682 15.1
1 1 23 102.11 0.0764 946.6
1 1 33 98.50 0.0674 169.7
1 1 30 92.64 0.0918 697.7
1 1 32 93.68 0.0909 117.1
1 1 31 77.74 0.0907 608.7
1 1 37 174.58 0.0869 824.7
1 1 22 82.53 0.0915 829.4
1 1 37 63.18 0.1061 141.1
1 1 26 199.03 0.0645 739.1
1 1 31 132.94 0.1124 471.4
1 1 36 147.14 0.0782 431.0
1 1 29 93.18 0.1128 222.7
1 1 44 138.78 0.0730 264.8
1 1 37 74.18 0.0813 718.0
1 1 17 161.84 0.0528 531.6
1 1 15 209.46 0.0482 479.7
1 1 24 180.46 0.0696 63.4
1 1 28 60.62 0.0937 692.0
1 1 14 166.74 0.0356 843.2
1 1 36 86.11 0.0865 627.1
1 1 34 107.91 0.0821 773.5
1 1 16 194.61 0.0711 87.2
1 1 17 171.81 0.0823 674.9
1 1 29 49.14 0.1198 820.7
1 1 41 57.78 0.1043 172.3
1 1 42 57.70 0.0911 109.8
1 1 34 79.34 0.0743 49.4
1 1 20 50.10 0.1035 647.5
1 1 31 112.87 0.0807 917.2
1 1 29 122.08 0.0643 587.6
1 1 32 109.90 0.0790 219.8
1 1 31 55.74 0.1107 931.3
1 1 36 240.07 0.0425 544.0
1 1 25 123.54 0.0862 749.9
1 1 13 52.96 0.1229 256.1
1 1 28 48.15 0.0980 426.4
1 1 17 337.78 0.0638 915.0
1 1 29 105.83 0.0835 796.5
1 1 16 47.18 0.1153 215.8
1 1 23 127.39 0.0905 689.3
1 1 25 75.25 0.0907 220.7
1 1 17 133.03 0.0678 85.3
1 1 43 101.09 0.0573 900.8
1 1 27 45.98 0.0682 397.8
1 1 23 106.48 0.0509 728.9
1 1 34 200.19 0.0462 132.4
1 1 30 103.07 0.0667 662.6
1 1 29 107.69 0.0534 653.8
1 1 46 51.81 0.1003 647.0
1 1 19 53.63 0.0806 619.2
1 1 43 108.84 0.0825 141.0
1 1 38 146.57 0.0507 594.3
1 1 35 74.19 0.0630 397.2
1 1 40 350.30 0.0653 749.7
1 1 30 54.60 0.0669 839.7
1 1 41 52.79 0.1223 320.6
1 1 41 67.25 0.1006 708.9
1 1 17 62.56 0.0929 552.1
1 1 19 116.68 0.0696 850.7
1 1 18 53.70 0.1720 746.0
1 1 37 79.95 0.1105 257.7
1 1 30 51.54 0.0958 386.3
1 1 17 324.81 0.1171 517.3
1 1 16 152.25 0.0787 204.0
1 1 35 47.20 0.1403 617.8
1 1 28 143.34 0.0489 106.1
1 1 29 97.61 0.0641 124.8
1 1 27 78.73 0.0695 830.7
1 1 23 54.97 0.1283 39.0
1 1 14 122.12 0.0797 135.2
1 1 32 63.01 0.0897 482.4
1 1 21 79.35 0.0478 454.6
1 1 41 101.08 0.0809 774.1
1 1 28 60.88 0.0878 719.2
1 1 36 275.98 0.0633 248.8
1 1 40 277.99 0.0497 831.2
1 1 16 90.16 0.0485 562.2
1 1 15 119.04 0.0513 962.8
1 1 32 71.65 0.1126 352.4
1 1 15 76.10 0.0700 549.7
1 1 23 51.57 0.0855 217.5
1 1 37 77.93 0.0785 879.0
1 1 17 69.55 0.0445 141.8
1 1 17 146.76 0.0825 38.7
1 1 26 53.20 0.0945 146.9
1 1 20 48.05 0.1292 564.2
1 1 35 61.70 0.0750 787.0
1 1 29 197.84 0.0594 204.1
1 1 21 109.24 0.0680 952.0
1 1 38 57.84 0.0943 867.2
1 1 42 69.73 0.0727 824.4
1 1 28 138.01 0.0555 863.2
1 1 38 135.77 0.1138 94.1
1 1 36 143.80 0.0602 460.5
1 1 18 58.78 0.0938 557.4
1 1 32 112.74 0.0522 660.8
1 1 20 79.72 0.0454 720.1
1 1 19 45.94 0.0721 393.6
1 1 25 322.34 0.0515 32.7
1 1 20 317.50 0.0471 59.5
1 1 34 123.74 0.0617 897.3
1 1 24 51.66 0.1013 120.6
1 1 27 156.88 0.0690 604.6
1 1 44 258.53 0.0643 728.5
1 1 29 215.71 0.0543 168.4
1 1 34 80.58 0.0835 649.8
1 1 14 82.35 0.1617 243.5
1 1 23 132.11 0.0714 940.8
1 1 28 90.13 0.0803 478.6
1 1 22 281.54 0.0716 648.3
1 1 32 230.98 0.0689 799.1
1 1 32 87.85 0.0471 866.4
1 1 36 56.39 0.0924 847.3
1 1 34 51.13 0.1381 493.2
1 1 34 95.05 0.0894 895.7
1 1 33 131.13 0.0760 892.4
1 1 16 45.59 0.1230 105.9
1 1 17 199.74 0.0492 253.1
1 1 20 64.03 0.0419 543.6
1 1 35 137.16 0.0774 674.6
1 1 18 407.92 0.0414 73.7
1 1 24 186.91 0.0441 750.7
1 1 25 152.13 0.0516 51.5
1 1 33 113.08 0.0849 223.0
1 1 36 194.50 0.0482 423.2
1 1 34 46.82 0.1290 204.9
1 1 27 97.45 0.0691 898.2
1 1 26 209.43 0.0456 74.6
1 1 33 51.30 0.1382 666.2
1 1 34 198.91 0.0885 742.8
1 1 24 310.71 0.0528 814.3
1 1 33 102.54 0.1104 902.0
1 1 16 343.78 0.0437 734.3
1 1 13 54.65 0.1165 272.8
1 1 27 53.88 0.0949 466.0
1 1 25 105.29 0.0507 110.5
1 1 27 108.66 0.0676 758.9
1 1 28 137.58 0.0933 818.6
1 1 28 278.10 0.0623 758.3
1 1 17 95.29 0.0839 31.5
1 1 21 122.53 0.0625 729.2
1 1 23 124.96 0.0983 248.8
1 1 23 51.85 0.1097 429.2
1 1 27 47.45 0.1068 630.3
1 1 23 64.64 0.1217 619.0
1 1 16 295.98 0.0928 121.9
1 1 17 103.47 0.0623 219.1
1 1 30 60.50 0.0985 930.3
1 1 29 55.91 0.1151 113.4
1 1 35 156.56 0.0649 290.1
1 1 22 67.53 0.0766 756.6
1 1 36 143.77 0.0665 774.0
1 1 21 123.37 0.1102 486.5
1 1 26 77.12 0.0695 817.9
1 1 30 77.72 0.1081 63.1
1 1 30 65.35 0.1294 785.4
1 1 14 45.21 0.0637 185.2
1 1 18 45.39 0.1120 414.1
1 1 28 49.52 0.1355 139.9
1 1 24 79.54 0.0620 73.0
1 1 28 60.90 0.1071 637.0
1 1 21 81.11 0.0653 803.0
1 1 19 51.30 0.0815 92.5
1 1 17 210.52 0.0863 211.0
1 1 43 104.89 0.0596 294.0
1 1 17 366.33 0.1334 131.9
1 1 33 120.74 0.0687 636.1
1 1 25 190.74 0.0711 114.9
1 1 23 106.14 0.0744 127.9
1 1 18 94.33 0.0383 384.8
1 1 16 50.04 0.0447 32.0
1 1 13 106.75 0.0964 719.1
1 1 18 116.12 0.0946 967.7
1 1 27 49.40 0.0971 38.5
1 1 27 122.48 0.1113 427.4
1 1 24 70.60 0.1251 739.9
1 1 27 62.91 0.1336 252.0
1 1 15 120.50 0.0751 592.0
1 1 18 50.06 0.0799 109.3
1 1 34 78.13 0.0848 745.5
1 1 27 137.96 0.0424 890.8
1 1 24 106.90 0.0711 24.3
1 1 14 85.31 0.0834 357.4
1 1 18 169.71 0.0677 436.4
1 1 31 47.02 0.1096 734.3
1 1 20 80.60 0.0629 573.8
1 1 14 278.22 0.1011 152.5
1 1 18 109.46 0.0623 53.9
1 1 14 69.51 0.0820 12.9
1 1 15 120.88 0.0475 61.5
1 1 16 119.92 0.0551 481.1
1 1 36 184.82 0.0669 600.9
1 1 13 48.66 0.0426 6.0
1 1 17 101.27 0.0512 699.7
1 1 20 203.43 0.0585 937.0
1 1 19 124.30 0.0776 719.3
1 1 16 53.69 0.1527 826.4
1 1 17 95.19 0.0842 53.2
1 1 15 210.59 0.0433 943.0
1 1 24 80.91 0.0598 111.0
1 1 18 100.55 0.1094 208.4
1 1 34 112.79 0.0679 527.0
1 1 17 584.16 0.0351 559.1
1 1 21 47.12 0.0658 165.5
1 1 30 252.80 0.0482 481.5
1 1 21 46.45 0.0895 231.6
1 1 24 86.42 0.0831 936.7
1 1 35 88.41 0.0824 310.4
1 1 20 53.77 0.0900 81.2
1 1 15 48.91 0.0798 899.4
1 1 20 92.69 0.0687 635.0
1 1 32 46.02 0.1208 524.9
1 1 18 46.68 0.1109 797.0
1 1 15 61.43 0.0592 18.2
1 1 42 114.03 0.0965 215.9
1 1 17 211.47 0.0563 11.7
1 1 20 108.48 0.0940 665.3
1 1 32 116.06 0.0806 910.0
1 1 30 113.07 0.0676 490.4
1 1 32 117.07 0.0596 720.3
1 1 28 133.61 0.0822 828.4
1 1 22 66.58 0.0700 78.5
1 1 21 130.15 0.0335 294.8
1 1 20 107.34 0.1033 634.0
1 1 22 1488.39 0.0684 792.4
1 1 27 229.57 0.0634 189.5
1 1 16 63.50 0.0579 446.8
1 2 38 152.41 0.0671 830.6
1 2 41 224.21 0.0715 624.1
1 2 14 185.08 0.1810 621.4
1 2 30 123.31 0.0826 61.6
1 2 40 82.76 0.1155 305.4
1 2 32 60.95 0.1293 472.2
1 2 14 89.03 0.1141 891.0
1 2 26 93.48 0.0778 418.7
1 2 30 149.30 0.0788 680.2
1 2 27 168.63 0.0764 637.3
1 2 13 320.44 0.0771 437.3
1 2 31 122.85 0.0909 479.9
1 2 28 234.77 0.0704 754.6
1 2 37 128.72 0.0781 134.0
1 2 32 118.76 0.0985 483.1
1 2 23 58.41 0.1034 726.0
1 2 22 123.27 0.1280 541.1
1 2 35 252.08 0.0702 364.0
1 2 20 85.45 0.1010 880.8
1 2 32 92.81 0.0891 897.5
1 2 23 174.04 0.0565 954.8
1 2 32 88.10 0.0909 824.7
1 2 36 86.49 0.1173 336.3
1 2 29 150.66 0.0837 580.6
1 2 35 71.67 0.1029 745.0
1 2 41 140.26 0.0735 43.9
1 2 35 61.11 0.0762 164.4
1 2 27 155.77 0.0748 672.2
1 2 30 246.32 0.0462 721.3
1 2 18 217.98 0.0412 811.0
1 2 30 116.14 0.0602 703.3
1 2 25 66.80 0.1260 163.7
1 2 32 117.02 0.0903 864.0
1 2 37 68.95 0.1156 535.7
1 2 40 51.70 0.0933 348.3
1 2 23 61.27 0.1365 198.3
1 2 27 86.56 0.1135 771.5
1 2 39 80.44 0.0974 739.3
1 2 17 129.95 0.0501 920.4
1 2 37 155.58 0.0712 676.0
1 2 32 155.08 0.0400 87.3
1 2 17 98.76 0.0440 81.0
1 2 16 92.63 0.0411 59.8
1 2 27 78.25 0.1170 909.0
1 2 20 89.59 0.0711 958.9
1 2 30 193.64 0.0770 572.5
1 2 28 140.34 0.0645 385.5
1 2 40 74.99 0.0973 180.4
1 2 32 164.69 0.0840 199.8
1 2 38 94.54 0.0818 798.0
1 2 36 211.57 0.0718 329.5
1 2 23 152.61 0.0638 137.4
1 2 24 147.84 0.0527 171.9
1 2 13 57.37 0.1623 198.5
1 2 29 47.06 0.1146 663.6
1 2 24 258.38 0.0711 527.3
1 2 22 102.74 0.0696 24.4
1 2 29 98.28 0.0907 140.5
1 2 28 149.81 0.0825 468.6
1 2 22 77.62 0.1284 552.9
1 2 25 124.68 0.0747 520.5
1 2 18 825.85 0.0955 541.5
1 2 20 100.78 0.0423 476.8
1 2 29 114.90 0.0846 632.3
1 2 16 234.06 0.0747 391.2
1 2 21 55.10 0.1206 574.8
1 2 17 81.88 0.1161 22.0
1 2 21 115.24 0.0639 343.1
1 2 18 75.20 0.0820 160.2
1 2 31 59.93 0.1085 769.1
1 2 43 193.98 0.0777 876.0
1 2 40 252.17 0.0577 703.3
1 2 21 69.89 0.0423 151.0
1 2 19 180.64 0.0310 116.7
1 2 27 171.85 0.0674 514.0
1 2 33 254.59 0.0580 917.5
1 2 25 116.85 0.0801 468.4
1 2 25 50.06 0.0794 371.2
1 2 32 61.31 0.0824 715.2
1 2 26 54.26 0.1261 705.8
1 2 19 45.40 0.0968 453.7
1 2 16 49.91 0.0565 732.3
1 2 23 78.77 0.0959 155.6
1 2 16 437.41 0.0361 683.0
1 2 30 85.53 0.0938 243.6
1 2 19 56.90 0.1060 682.9
1 2 17 266.97 0.1175 484.4
1 2 40 78.70 0.0661 179.5
1 2 32 66.18 0.0976 273.5
1 2 25 99.15 0.0739 43.0
1 2 35 52.64 0.0808 170.6
1 2 15 361.71 0.1363 764.8
1 2 26 118.42 0.0524 151.6
1 2 29 249.91 0.0536 532.1
1 2 20 64.66 0.1248 548.6
1 2 17 298.09 0.0279 104.1
1 2 36 391.28 0.0601 91.2
1 2 30 131.44 0.0736 228.2
1 2 18 58.11 0.1664 427.6
1 2 29 173.45 0.0680 365.9
1 2 24 96.86 0.0863 404.9
1 2 25 200.09 0.0808 170.4
1 2 25 424.65 0.0603 235.9
1 2 28 123.11 0.1067 797.6
1 2 14 47.84 0.0705 203.9
1 2 26 275.71 0.0671 952.7
1 2 26 123.36 0.0925 152.4
1 2 39 157.31 0.0992 700.9
1 2 13 47.39 0.1206 441.0
1 2 23 1917.75 0.0963 350.6
1 2 13 127.55 0.1332 377.2
1 2 17 62.53 0.0885 131.6
1 2 22 119.14 0.0679 728.0
1 2 26 82.53 0.1004 839.3
1 2 30 103.11 0.0912 926.5
1 2 26 87.27 0.0742 677.6
1 2 33 139.91 0.0777 572.8
1 2 37 55.16 0.1246 715.1
1 2 31 150.58 0.0912 613.4
1 2 27 264.06 0.0611 242.4
1 2 31 64.19 0.1347 953.0
1 2 36 176.19 0.0756 576.1
1 2 21 159.65 0.0559 292.4
1 2 32 134.48 0.0647 492.8
1 2 44 278.36 0.0650 401.8
1 2 34 165.74 0.1336 902.7
1 2 37 49.54 0.1057 594.0
1 2 30 75.70 0.1001 908.3
1 2 44 157.76 0.0848 827.5
1 2 39 119.37 0.0606 554.3
1 2 32 129.27 0.0767 943.6
1 2 37 149.24 0.0652 574.5
1 2 41 335.05 0.0493 861.5
1 2 31 55.96 0.0944 510.6
1 2 38 79.30 0.0999 452.4
1 2 36 190.76 0.0624 185.0
1 2 29 63.04 0.0847 911.9
1 2 35 119.07 0.0717 905.1
1 2 13 49.34 0.1061 778.0
1 2 37 83.69 0.0858 633.8
1 2 41 67.92 0.1045 24.4
1 2 20 58.14 0.0818 825.9
1 2 31 46.42 0.1385 566.9
1 2 21 59.99 0.1169 50.3
1 2 42 146.93 0.0689 24.8
1 2 24 47.17 0.0412 578.2
1 2 27 154.08 0.0857 220.7
1 2 25 201.54 0.0841 767.3
1 2 20 99.73 0.0981 184.6
1 2 24 134.36 0.0691 200.5
1 2 39 191.48 0.0715 585.4
1 2 32 259.26 0.0654 469.9
1 2 41 72.68 0.1016 372.6
1 2 19 145.92 0.0570 217.4
1 2 23 193.55 0.0424 859.9
1 2 32 64.60 0.0849 725.0
1 2 28 149.82 0.0527 942.5
1 2 34 113.83 0.1045 244.3
1 2 28 175.18 0.0702 205.0
1 2 19 152.34 0.0728 83.4
1 2 38 62.00 0.0824 203.5
1 2 17 151.65 0.0697 198.6
1 2 38 184.37 0.0983 869.5
1 2 16 50.13 0.0776 953.3
1 2 20 82.36 0.1246 416.6
1 2 17 123.96 0.0852 485.6
1 2 44 348.02 0.0452 105.6
1 2 14 77.98 0.0503 158.0
1 2 13 180.71 0.1339 182.6
1 2 28 46.09 0.1193 201.8
1 2 33 89.88 0.0941 172.0
1 2 43 78.55 0.0771 152.1
1 2 41 467.91 0.0577 207.2
1 2 23 196.68 0.0936 911.5
1 2 38 89.87 0.0891 722.5
1 2 25 92.97 0.0692 107.3
1 2 37 292.23 0.0737 415.2
1 2 41 80.87 0.0733 169.2
1 2 26 61.69 0.1110 900.5
1 2 38 146.43 0.0732 513.7
1 2 39 79.76 0.0726 880.3
1 2 38 78.47 0.0717 359.1
1 2 41 165.25 0.0758 541.7
1 2 39 172.69 0.0756 302.4
1 2 32 79.07 0.0918 431.3
1 2 30 72.81 0.0641 213.4
1 2 41 86.67 0.0871 383.0
1 2 44 185.57 0.0649 864.4
1 2 27 171.13 0.0603 572.1
1 2 32 91.02 0.1062 849.8
1 2 29 79.05 0.1050 945.7
1 2 30 269.27 0.0823 895.5
1 2 27 103.87 0.0624 241.0
1 2 37 115.35 0.0703 599.6
1 2 33 135.14 0.0582 723.6
1 2 26 178.80 0.0775 522.6
1 2 34 256.57 0.0725 655.7
1 2 33 54.88 0.1277 315.7
1 2 42 52.43 0.1292 212.0
1 2 38 129.02 0.0816 444.5
1 2 35 54.17 0.0707 224.5
1 2 27 79.45 0.0608 708.6
1 2 39 88.09 0.0777 373.5
1 2 37 74.32 0.0930 290.5
1 2 14 118.33 0.0652 843.7
1 2 28 62.19 0.1053 508.8
1 2 33 89.53 0.0906 604.2
1 2 37 101.73 0.0756 911.6
1 2 19 60.61 0.1290 171.6
1 2 17 243.90 0.0810 844.1
1 2 35 123.53 0.0663 289.0
1 2 35 137.72 0.0688 454.4
1 2 36 83.67 0.1055 750.1
1 2 44 117.80 0.0827 291.4
1 2 30 93.40 0.0969 891.8
1 2 32 94.62 0.1016 164.6
1 2 13 58.80 0.1466 553.5
1 2 30 410.39 0.0743 917.9
1 2 18 53.98 0.0467 388.9
1 2 34 57.93 0.1141 292.8
1 2 16 49.43 0.1554 597.7
1 2 19 64.17 0.1112 390.5
1 2 36 279.58 0.0695 224.8
1 2 20 106.66 0.0621 940.7
1 2 27 89.67 0.0936 955.5
1 2 29 50.88 0.1029 824.5
1 2 27 58.81 0.1008 520.7
1 2 25 54.90 0.1218 167.1
1 2 22 131.44 0.0724 236.7
1 2 37 72.87 0.1047 792.2
1 2 36 197.34 0.0648 128.4
1 2 28 259.58 0.0515 406.9
1 2 32 163.64 0.0677 848.1
1 2 40 58.46 0.0725 62.6
1 2 36 105.42 0.0726 266.8
1 2 37 453.73 0.0592 554.5
1 2 34 65.14 0.0825 926.4
1 2 35 98.56 0.0747 463.8
1 2 17 51.10 0.1300 936.2
1 2 34 102.43 0.0800 309.1
1 2 20 131.41 0.0852 46.4
1 2 26 87.96 0.0637 558.0
1 2 26 82.30 0.0723 836.0
1 2 35 108.28 0.0659 230.5
1 2 36 179.93 0.0760 145.0
1 2 38 126.16 0.1366 150.0
1 2 24 53.18 0.1001 136.8
1 2 43 229.30 0.0555 513.2
1 2 39 156.63 0.0750 370.0
1 2 25 67.79 0.1282 857.8
1 2 33 168.80 0.0582 638.6
1 2 36 70.07 0.0827 870.2
1 2 21 81.46 0.1088 927.1
1 2 24 69.38 0.1199 568.8
1 2 35 65.55 0.1248 79.5
1 2 36 159.73 0.0605 604.4
1 2 20 183.09 0.0950 262.4
1 2 22 111.69 0.0729 4.7
1 2 21 161.03 0.0593 134.6
1 2 35 82.01 0.0835 655.8
1 2 31 91.50 0.0749 91.1
1 2 42 269.04 0.0860 769.6
1 2 15 97.83 0.0666 859.4
1 2 32 96.63 0.0979 787.3
1 2 41 112.87 0.0699 248.6
1 2 41 92.93 0.0852 555.5
1 2 37 82.25 0.0763 469.3
1 2 41 89.65 0.0783 542.1
1 2 21 188.11 0.0466 411.5
1 2 43 133.31 0.0907 62.7
1 2 13 59.93 0.1000 951.6
1 2 29 47.07 0.0736 343.6
1 2 44 160.75 0.0497 690.6
1 2 38 114.40 0.0707 879.8
1 2 37 179.38 0.0660 182.0
1 2 29 248.04 0.0484 629.8
1 2 15 93.21 0.1080 952.0
1 2 37 62.81 0.1138 157.2
1 2 27 278.64 0.0473 945.6
1 2 28 50.95 0.0860 603.6
1 2 31 239.19 0.0578 569.7
1 2 16 96.04 0.0774 952.6
1 2 35 127.15 0.0627 738.8
1 2 26 78.61 0.1002 249.0
1 2 39 135.29 0.0609 356.6
1 2 24 105.76 0.0714 231.2
1 2 36 127.68 0.0762 727.7
1 2 40 119.33 0.0637 323.2
1 2 41 108.18 0.0928 210.8
1 2 41 62.60 0.1041 55.5
1 2 17 89.89 0.0998 673.0
1 2 16 246.28 0.1110 195.2
1 2 19 66.66 0.0462 61.3
1 2 22 73.92 0.1381 232.8
1 2 21 124.59 0.0421 12.8
1 2 38 92.11 0.0876 726.3
1 2 40 78.19 0.0846 859.5
1 2 30 54.65 0.0889 537.4
1 2 30 129.17 0.0777 883.2
1 2 21 116.43 0.0501 95.4
1 2 19 55.22 0.1204 202.8
1 2 43 97.72 0.0767 793.7
1 2 22 128.97 0.0479 247.6
1 2 18 210.22 0.1465 174.8
1 2 36 65.30 0.0862 219.1
1 2 36 90.33 0.0729 145.6
1 2 21 231.91 0.0461 686.2
1 2 32 183.96 0.0415 102.6
1 2 24 257.91 0.0457 640.3
1 2 19 110.13 0.0580 200.0
1 2 16 48.35 0.0812 625.9
1 2 13 57.90 0.1452 115.1
1 2 19 74.16 0.0618 217.6
1 2 17 96.59 0.1236 108.0
1 2 34 163.65 0.0801 593.3
1 2 35 479.76 0.0855 300.3
1 2 42 56.67 0.0950 300.2
1 2 32 88.33 0.1111 570.5
1 2 35 67.46 0.1097 679.8
1 2 16 168.54 0.0574 817.1
1 2 39 54.50 0.1084 927.0
1 2 35 307.28 0.0595 24.7
1 2 13 342.88 0.0921 612.8
1 2 16 57.98 0.1338 278.5
1 2 17 122.12 0.0712 198.3
1 2 26 153.65 0.0991 556.0
1 2 19 57.29 0.1401 258.5
1 2 29 104.03 0.1054 399.2
1 2 26 245.74 0.0890 197.6
1 2 21 45.59 0.1467 575.9
1 2 18 64.11 0.0918 631.3
1 2 38 75.12 0.0706 33.3
1 2 17 87.37 0.0563 861.4
1 2 14 57.36 0.0754 169.6
1 2 17 124.18 0.0468 702.4
1 2 35 112.07 0.0749 169.5
1 2 16 74.65 0.1213 561.5
1 2 17 145.41 0.0558 949.9
1 2 23 46.81 0.0699 115.8
1 2 29 109.55 0.0698 679.5
1 2 32 144.03 0.0738 177.2
1 2 22 111.63 0.0570 208.8
1 2 15 53.40 0.1170 63.9
1 2 16 212.01 0.0599 573.8
1 2 26 117.17 0.0839 340.9
1 2 29 320.61 0.0792 166.7
1 2 16 81.34 0.0898 396.1
1 2 29 74.98 0.0995 746.4
1 2 32 56.64 0.0985 725.3
1 2 18 99.93 0.0638 306.1
1 2 16 62.88 0.1124 3.4
1 2 31 91.78 0.0851 422.7
1 2 18 144.03 0.0374 416.2
1 2 23 54.45 0.1045 298.2
1 2 19 69.19 0.1085 845.9
1 2 21 86.87 0.0880 199.1
1 2 27 77.78 0.0736 573.8
1 2 33 208.16 0.1022 246.2
1 2 34 122.68 0.0867 542.5
1 2 21 67.43 0.0965 635.7
1 2 40 241.06 0.0590 563.2
1 2 15 123.70 0.1314 958.9
1 2 26 98.15 0.0669 632.1
1 2 33 59.11 0.1175 484.9
1 2 19 132.41 0.0599 883.7
1 2 29 56.60 0.1334 204.1
1 2 28 120.53 0.0692 739.3
1 2 31 112.93 0.0790 415.5
1 2 22 122.07 0.0613 66.0
1 2 38 163.65 0.0593 906.4
1 2 28 151.79 0.0693 113.5
1 2 16 185.40 0.0792 965.3
1 2 20 57.24 0.1061 842.6
1 2 20 233.22 0.0430 202.2
1 2 13 356.60 0.0963 228.3
1 2 13 66.09 0.1229 554.5
1 2 18 93.27 0.0931 940.8
1 2 18 601.68 0.0700 898.7
1 2 32 59.61 0.1153 875.0
1 2 37 82.23 0.0890 242.4
1 2 22 93.70 0.0769 599.0
1 2 19 52.83 0.1237 802.5
1 2 16 47.56 0.1288 387.2
1 2 22 111.52 0.0814 296.6
1 2 36 98.63 0.0666 257.1
1 2 14 204.43 0.1138 838.6
1 2 14 94.84 0.0626 132.8
1 2 30 54.71 0.0898 544.3
1 2 15 302.20 0.0826 839.8
1 2 22 45.78 0.0958 330.9
1 2 16 82.13 0.1251 178.6
1 2 18 131.73 0.0905 379.7
1 2 18 168.42 0.0652 808.1
1 2 14 103.64 0.0800 379.1
1 2 14 65.08 0.1041 353.4
1 2 22 59.92 0.0599 459.0
1 2 41 60.90 0.0961 253.1
1 2 18 65.91 0.1026 895.4
1 2 34 98.33 0.1014 125.7
1 3 43 107.14 0.0770 551.3
1 3 38 289.65 0.0725 883.0
1 3 26 211.80 0.0671 903.8
1 3 28 140.05 0.0543 442.1
1 3 26 129.14 0.0553 481.8
1 3 31 151.98 0.0566 362.7
1 3 27 223.18 0.0697 426.1
1 3 20 61.56 0.1312 525.8
1 3 17 48.82 0.0799 896.2
1 3 34 188.24 0.0576 774.4
1 3 16 66.53 0.0608 468.7
1 3 26 67.06 0.0712 393.6
1 3 32 300.08 0.0786 908.5
1 3 37 69.34 0.0816 937.1
1 3 23 77.54 0.1077 520.0
1 3 27 144.40 0.0571 927.5
1 3 25 82.03 0.1177 8.7
1 3 23 69.78 0.0821 163.1
1 3 16 192.00 0.0882 935.3
1 3 17 76.10 0.0489 104.1
1 3 22 89.94 0.1084 41.8
1 3 33 99.85 0.0562 380.9
1 3 25 136.21 0.0637 929.4
1 3 29 125.02 0.1072 769.4
1 3 26 134.21 0.0452 934.6
1 3 21 177.79 0.0582 451.9
1 3 30 94.38 0.0813 516.0
1 3 15 237.17 0.0425 781.1
1 3 15 470.02 0.0532 724.3
1 3 41 92.91 0.0846 517.6
1 3 25 191.81 0.0540 10.8
1 3 24 112.74 0.0572 401.6
1 3 22 84.33 0.0684 771.1
1 3 17 52.25 0.0502 546.1
1 3 36 133.96 0.0730 529.0
1 3 25 512.87 0.0454 475.0
1 3 16 47.99 0.0549 139.6
1 3 21 102.72 0.0402 648.4
1 3 17 51.13 0.0533 336.8
1 3 26 84.71 0.0706 89.5
1 3 36 108.68 0.0780 458.3
1 3 31 279.29 0.0563 593.2
1 3 30 63.31 0.1018 851.8
1 3 24 117.72 0.0654 139.6
1 3 30 83.47 0.0943 652.2
1 3 26 55.31 0.1057 601.0
1 3 16 61.97 0.0481 482.3
1 3 19 90.97 0.0420 496.4
1 3 19 125.90 0.0667 151.3
1 3 13 391.55 0.0447 157.9
1 3 23 744.24 0.0517 514.7
1 3 15 52.38 0.0736 105.6
1 3 34 303.04 0.0430 497.4
1 3 43 280.34 0.0562 727.5
1 3 40 247.04 0.0661 595.0
1 3 21 59.77 0.1098 919.4
1 3 28 75.00 0.1021 532.4
1 3 28 169.05 0.0723 488.3
1 3 41 146.80 0.0602 466.6
1 3 20 142.65 0.0259 884.5
1 3 14 82.85 0.0544 40.7
1 3 18 121.25 0.0618 950.4
1 3 13 59.79 0.0643 627.7
1 3 16 113.49 0.0649 488.2
1 3 35 87.93 0.0844 649.0
1 3 34 91.24 0.0857 902.0
1 3 17 303.72 0.0899 22.6
1 3 25 90.31 0.0959 395.0
1 3 19 83.30 0.1163 561.3
1 3 21 68.26 0.0447 879.7
1 3 17 73.37 0.0797 899.9
1 3 26 49.92 0.0894 484.6
1 3 22 48.81 0.0645 48.1
1 3 29 49.24 0.1334 226.0
1 3 29 51.10 0.0554 85.4
1 3 31 97.51 0.1059 749.2
1 3 18 62.31 0.1253 605.9
1 3 34 162.83 0.0596 864.9
1 3 37 79.19 0.0831 528.0
1 3 27 137.70 0.0612 627.7
1 3 35 116.34 0.0590 854.5
1 3 22 261.89 0.0513 646.8
1 3 36 111.25 0.0875 555.3
1 3 15 54.72 0.0385 526.8
1 3 36 178.78 0.0729 794.7
1 3 16 85.72 0.0914 834.1
1 3 23 48.24 0.0923 317.0
1 3 25 93.20 0.0679 612.9
1 3 15 124.77 0.0634 909.0
1 3 39 220.20 0.0636 563.1
1 3 24 70.76 0.1578 570.6
1 3 36 77.15 0.1031 449.0
1 3 28 56.51 0.1024 623.4
1 3 15 70.59 0.1003 846.6
1 3 33 56.03 0.1156 621.3
1 3 31 236.69 0.0617 701.3
1 3 16 1145.36 0.0410 884.2
1 3 21 129.22 0.1230 735.4
1 3 33 373.09 0.0703 373.8
1 3 35 115.71 0.1037 624.3
1 3 27 74.84 0.0909 379.6
1 3 40 157.58 0.0585 926.2
1 3 18 53.55 0.0443 772.5
1 3 14 107.10 0.0817 783.5
1 3 17 405.09 0.0566 928.6
1 3 25 247.40 0.0602 532.0
1 3 19 48.89 0.1141 450.5
1 3 35 86.18 0.0992 827.6
1 3 14 49.84 0.1035 668.8
1 3 17 69.11 0.0993 106.5
1 3 34 66.23 0.0515 280.0
1 3 27 117.59 0.0873 893.2
1 3 17 80.21 0.1024 34.7
1 3 27 64.50 0.0982 495.3
1 3 29 45.63 0.1526 637.5
1 3 36 116.63 0.0811 558.1
1 3 15 89.07 0.1547 37.7
1 3 13 52.98 0.1114 37.3
1 3 36 61.78 0.1045 529.2
1 3 17 115.33 0.0667 503.4
1 3 16 266.69 0.0591 624.8
1 3 29 177.67 0.0562 823.2
1 3 39 113.23 0.0702 614.8
1 3 15 142.46 0.0448 476.0
1 3 28 70.24 0.0611 362.5
1 3 23 75.08 0.1458 813.4
1 3 39 128.73 0.0649 512.5
1 3 17 106.64 0.0436 45.5
1 3 27 53.81 0.0833 43.4
1 3 38 63.14 0.1234 648.0
1 3 45 58.00 0.0817 636.0
1 3 43 58.43 0.1006 493.7
1 3 30 226.68 0.0855 533.5
1 3 40 271.51 0.0533 546.5
1 3 16 164.70 0.0546 511.4
1 3 30 51.55 0.1131 947.7
1 3 35 78.02 0.0987 37.6
1 3 17 103.67 0.0727 28.5
1 3 42 247.35 0.0702 687.8
1 3 41 119.81 0.0700 637.0
1 3 33 56.14 0.1228 917.5
1 3 30 160.60 0.0453 631.7
1 3 32 92.06 0.0831 172.7
1 3 41 163.74 0.0829 508.5
1 3 37 112.87 0.0593 755.3
1 3 30 63.63 0.1100 531.2
1 3 31 73.98 0.1242 524.5
1 3 32 116.19 0.0701 780.4
1 3 21 256.95 0.0789 358.9
1 3 22 101.12 0.0638 925.0
1 3 22 133.32 0.0449 933.5
1 3 15 85.50 0.0935 28.2
1 3 39 92.87 0.0845 582.6
1 3 15 150.39 0.0709 869.3
1 3 17 139.53 0.1626 470.8
1 3 13 88.44 0.1258 456.6
1 3 37 242.55 0.0641 543.7
1 3 23 162.56 0.0764 792.2
1 3 34 107.07 0.0554 412.3
1 3 17 84.54 0.0469 321.9
1 3 23 84.43 0.0719 748.7
1 3 13 74.18 0.0472 815.2
1 3 39 118.54 0.0720 581.5
1 3 34 75.86 0.0994 609.6
1 3 17 111.71 0.0580 374.6
1 3 20 53.96 0.0660 599.7
1 3 13 54.09 0.0422 614.7
1 3 19 45.07 0.0979 538.0
1 3 38 81.18 0.0988 906.3
1 3 40 89.90 0.0989 607.0
1 3 18 91.04 0.0395 878.8
1 3 25 142.50 0.0624 794.0
1 3 29 61.48 0.0967 654.1
1 3 23 50.83 0.0647 938.6
1 3 33 59.98 0.0759 525.4
1 3 42 127.45 0.0706 712.7
1 3 24 196.62 0.0509 751.0
1 3 27 296.75 0.0630 584.4
1 3 42 105.64 0.0755 482.1
1 3 32 49.02 0.0843 501.2
1 3 36 189.78 0.0746 14.7
1 3 27 80.83 0.1438 223.7
1 3 43 178.41 0.0576 802.3
1 3 39 179.32 0.0710 885.4
1 3 28 95.12 0.0905 57.1
1 3 27 82.29 0.0673 563.3
1 3 20 55.61 0.0821 18.0
1 3 32 74.95 0.0964 501.3
1 3 15 115.91 0.1447 43.6
1 3 38 198.39 0.0559 914.4
1 3 40 250.38 0.0945 40.9
1 3 37 91.90 0.0842 46.6
1 3 43 89.92 0.0875 878.5
1 3 23 135.48 0.0616 11.0
1 3 38 113.62 0.0729 410.6
1 3 29 89.74 0.0445 75.0
1 3 43 121.11 0.0726 421.1
1 3 32 120.21 0.0803 463.7
1 3 31 181.72 0.0501 754.4
1 3 34 150.05 0.0573 482.2
1 3 20 167.32 0.0943 345.3
1 3 27 68.73 0.1341 483.5
1 3 13 86.22 0.0615 809.7
1 3 32 65.46 0.0763 930.8
1 3 26 53.78 0.0751 926.3
1 3 31 131.45 0.0800 165.4
1 3 18 129.24 0.1295 368.9
1 3 44 120.91 0.0683 85.7
1 3 33 226.82 0.0569 534.8
1 3 16 140.08 0.0865 532.0
1 3 29 90.72 0.0983 456.2
1 3 26 76.63 0.1096 526.0
1 3 22 69.77 0.1288 29.8
1 3 24 206.72 0.0624 637.4
1 3 34 82.93 0.0941 142.5
1 3 13 73.70 0.0485 83.6
1 3 13 441.27 0.0421 649.0
1 3 38 72.79 0.0952 786.3
1 3 43 412.49 0.1114 592.6
1 3 30 53.76 0.1233 487.8
1 3 20 54.16 0.1044 506.9
1 3 17 245.94 0.1046 443.7
1 3 17 139.04 0.0415 721.5
1 3 15 122.33 0.0581 409.5
1 3 17 83.56 0.0864 647.4
1 3 14 47.60 0.1515 489.0
1 3 17 63.63 0.0843 884.9
1 3 13 52.57 0.1558 470.8
1 3 38 62.16 0.0772 536.3
1 4 42 143.99 0.0834 486.6
1 4 31 80.31 0.1021 400.1
1 4 38 225.73 0.0771 909.5
1 4 16 87.77 0.0964 761.7
1 4 36 108.16 0.1121 339.5
1 4 13 71.97 0.0821 929.7
1 4 18 137.32 0.0667 255.2
1 4 15 46.73 0.1185 737.5
1 4 25 79.38 0.0746 729.0
1 4 19 102.27 0.0734 26.1
1 4 28 220.04 0.0807 21.6
1 4 30 128.09 0.0699 844.1
1 4 25 48.84 0.1028 328.2
1 4 19 88.00 0.1022 764.0
1 4 30 125.78 0.0881 268.7
1 4 34 205.42 0.0771 340.6
1 4 31 58.12 0.1344 881.5
1 4 32 89.62 0.0764 240.3
1 4 29 157.95 0.0882 192.6
1 4 19 54.94 0.0629 619.3
1 4 24 97.49 0.0810 876.4
1 4 18 141.15 0.0616 900.7
1 4 26 178.20 0.0955 939.2
1 4 22 271.09 0.1028 881.2
1 4 30 131.91 0.0791 484.3
1 4 29 161.85 0.0685 100.2
1 4 15 98.51 0.0800 290.5
1 4 30 270.49 0.0622 267.4
1 4 17 73.44 0.1263 81.0
1 4 18 113.27 0.0511 259.3
1 4 18 51.79 0.0988 131.4
1 4 23 89.01 0.0707 350.8
1 4 28 100.49 0.1184 854.1
1 4 33 91.99 0.1257 813.6
1 4 30 178.20 0.0752 164.9
1 4 31 384.93 0.0850 191.0
1 4 16 72.15 0.0522 593.5
1 4 19 109.65 0.0488 955.1
1 4 32 189.07 0.0559 54.3
1 4 35 143.92 0.0793 500.3
1 4 23 133.48 0.0634 193.3
1 4 15 51.20 0.0683 801.8
1 4 30 434.65 0.0456 197.8
1 4 31 220.03 0.0615 501.2
1 4 25 146.46 0.0719 873.8
1 4 33 68.36 0.1117 299.0
1 4 25 128.71 0.0666 815.7
1 4 15 51.01 0.0904 783.0
1 4 21 88.74 0.0610 313.5
1 4 23 52.52 0.1126 350.8
1 4 40 154.82 0.0885 185.1
1 4 24 163.29 0.0461 44.0
1 4 26 71.39 0.0913 307.5
1 4 25 46.27 0.0695 541.8
1 4 22 152.60 0.1003 702.1
1 4 31 123.37 0.0809 901.4
1 4 20 143.37 0.1103 397.0
1 4 35 73.38 0.0873 774.8
1 4 26 85.62 0.0852 310.4
1 4 16 129.39 0.0830 848.4
1 4 19 81.05 0.0482 123.0
1 4 17 96.80 0.0723 305.1
1 4 14 781.65 0.1213 209.9
1 4 27 116.90 0.0544 908.0
1 4 20 388.52 0.1138 197.8
1 4 14 47.06 0.1157 214.5
1 4 34 235.25 0.0686 264.3
1 4 26 48.29 0.1264 372.9
1 4 26 78.55 0.0806 933.5
1 4 31 52.16 0.1158 107.0
1 4 34 139.91 0.1037 327.4
1 4 22 109.49 0.0807 59.4
1 4 23 114.09 0.0764 103.5
1 4 17 93.66 0.1477 204.9
1 4 16 64.03 0.1280 79.1
1 4 14 63.56 0.0988 67.0
1 4 23 99.92 0.0611 525.0
1 4 17 121.66 0.0709 59.1
1 4 30 110.33 0.0628 67.9
1 4 13 634.50 0.1467 129.0
1 4 16 159.31 0.0250 13.9
1 4 17 65.48 0.0622 959.3
1 4 28 135.56 0.0675 8.4
1 4 42 511.13 0.0624 411.4
1 4 25 59.37 0.0818 946.0
1 4 15 47.71 0.1036 197.7
1 4 37 91.20 0.0853 631.4
1 4 28 96.36 0.1077 138.4
1 4 23 54.41 0.1079 78.4
1 4 40 122.53 0.0717 529.7
1 4 35 57.09 0.1197 190.6
1 4 18 45.29 0.0730 211.6
1 4 21 171.69 0.0439 783.2
1 4 25 98.77 0.0472 736.5
1 4 36 127.49 0.0866 152.4
1 4 24 207.26 0.0540 270.4
1 4 18 101.44 0.0448 894.3
1 4 29 51.16 0.1347 303.8
1 4 40 103.92 0.0574 427.4
1 4 32 77.03 0.0934 199.6
1 4 26 120.93 0.0811 772.8
1 4 34 49.32 0.0994 877.7
1 4 27 47.67 0.1232 341.0
1 4 18 258.74 0.0591 727.8
1 4 36 128.73 0.0823 99.8
1 4 40 85.94 0.0829 323.1
1 4 32 74.67 0.1144 557.9
1 4 21 114.68 0.0881 226.5
1 4 39 102.12 0.1056 527.2
1 4 38 113.99 0.0788 460.5
1 4 15 108.28 0.0538 236.9
1 4 32 57.39 0.1124 646.9
1 4 19 88.15 0.0846 80.0
1 4 35 171.81 0.0699 194.1
1 4 28 126.15 0.0684 102.4
1 4 30 151.14 0.1214 519.5
1 4 21 65.20 0.0533 31.9
1 4 32 94.16 0.0714 266.0
1 4 33 231.69 0.1036 49.4
1 4 23 50.13 0.0702 191.8
1 4 42 83.82 0.0796 72.8
1 4 28 139.63 0.0565 197.6
1 4 14 51.40 0.1322 152.5
1 4 31 84.25 0.0839 145.2
1 4 18 46.58 0.1512 339.2
1 4 19 48.41 0.1149 188.7
1 4 24 112.72 0.0508 379.7
1 4 16 356.14 0.0596 14.1
1 4 38 66.28 0.0967 150.9
1 4 32 62.25 0.1384 939.9
1 4 16 59.89 0.1170 413.8
1 4 18 326.67 0.0540 155.1
1 4 19 108.78 0.0430 624.7
1 4 32 110.64 0.0982 455.0
1 4 17 53.27 0.1395 321.0
1 4 41 261.05 0.0406 77.4
1 4 39 113.01 0.0783 232.5
1 4 31 124.05 0.0773 460.8
1 4 32 83.58 0.1027 304.7
1 4 36 186.96 0.0788 185.1
1 4 33 104.38 0.0639 73.0
1 4 34 134.69 0.0519 619.4
1 4 25 58.63 0.0915 900.4
1 4 43 128.06 0.0615 257.1
1 4 44 150.57 0.0655 150.0
1 4 44 127.87 0.0702 299.9
1 4 38 123.86 0.0653 417.1
1 4 30 73.40 0.0886 402.9
1 4 23 86.95 0.0542 797.4
1 4 30 177.20 0.0858 238.2
1 4 32 69.19 0.1187 621.2
1 4 41 82.90 0.0833 192.7
1 4 33 75.32 0.0855 80.4
1 4 37 90.62 0.0660 87.1
1 4 17 50.79 0.1498 929.3
1 4 44 61.21 0.1086 920.4
1 4 42 125.92 0.0671 350.1
1 4 34 50.47 0.0985 691.4
1 4 41 51.44 0.1144 467.6
1 4 36 293.71 0.0704 70.3
1 4 28 304.38 0.0600 100.0
1 4 34 142.21 0.0430 474.3
1 4 36 135.84 0.0728 322.4
1 4 15 381.39 0.1439 320.3
1 4 15 670.70 0.1489 27.4
1 4 13 136.14 0.0965 320.1
1 4 19 73.56 0.0780 0.0
1 4 15 193.16 0.1794 320.7
1 4 40 134.83 0.0691 58.5
1 4 19 420.30 0.0642 156.4
1 4 20 178.53 0.0653 165.2
1 4 14 107.33 0.1584 326.4
1 4 41 124.94 0.0740 200.4
1 4 42 160.81 0.0761 180.0
1 4 39 113.71 0.0850 15.0
1 4 41 178.97 0.0760 230.5
1 4 40 54.10 0.0925 230.6
1 4 35 75.48 0.0898 467.6
1 4 40 63.74 0.1072 518.9
1 4 42 98.25 0.0879 343.2
1 4 29 123.68 0.0774 239.6
1 4 39 110.77 0.0738 342.0
1 4 19 720.88 0.1299 202.8
1 4 41 117.26 0.0863 22.6
1 4 36 52.77 0.1289 59.4
1 4 34 163.40 0.0705 820.0
1 4 18 489.55 0.1159 201.8
1 4 19 74.26 0.0833 635.6
1 4 18 118.20 0.0790 907.6
1 4 24 143.38 0.0921 476.7
1 4 37 86.69 0.1069 136.1
1 4 28 70.94 0.0907 906.0
1 4 20 1237.75 0.0670 272.2
1 4 36 131.46 0.0756 817.3
1 4 21 57.42 0.1116 196.1
1 4 34 64.47 0.1318 160.8
1 4 25 47.77 0.1432 941.6
1 4 32 94.84 0.0871 482.2
1 4 41 158.66 0.0717 785.8
1 4 37 88.17 0.0862 218.5
1 4 35 74.07 0.0912 225.0
1 4 26 112.43 0.1159 862.4
1 4 17 61.28 0.0672 24.6
1 4 42 62.65 0.1095 904.7
1 4 15 64.56 0.1438 190.5
1 4 25 184.45 0.0914 952.4
1 4 31 112.26 0.0922 71.5
1 4 25 62.13 0.1100 86.0
1 4 34 111.21 0.0682 906.8
1 4 33 143.15 0.0635 116.0
1 4 31 149.96 0.0908 871.3
1 4 37 69.56 0.1086 183.6
1 4 25 73.51 0.0972 62.5
1 4 33 85.85 0.0764 922.0
1 4 19 151.03 0.0692 194.9
1 4 37 112.84 0.0806 831.4
1 4 35 53.50 0.1149 312.9
1 4 34 117.21 0.0748 29.8
1 4 33 95.93 0.0964 360.1
1 4 20 118.26 0.0407 779.1
1 4 28 268.62 0.0901 142.1
1 4 17 203.52 0.0502 86.0
1 4 24 281.09 0.0599 168.0
1 4 44 83.55 0.0729 87.5
1 4 36 113.32 0.0899 398.1
1 4 32 130.16 0.0731 93.8
1 4 18 181.40 0.0993 932.4
1 4 35 103.30 0.0705 686.6
1 4 40 259.89 0.0614 660.2
1 4 15 188.79 0.0416 919.7
1 4 36 80.97 0.0820 366.3
1 4 26 67.86 0.0597 65.1
1 4 20 108.02 0.1053 880.0
1 4 42 79.30 0.0984 298.4
1 4 14 242.72 0.0362 11.7
1 4 37 48.30 0.1259 927.2
1 4 15 78.52 0.0874 227.6
1 4 36 72.65 0.0962 496.3
1 4 16 135.30 0.0474 448.7
1 4 21 294.34 0.0630 885.1
1 4 18 99.86 0.0841 734.5
1 4 27 127.31 0.0778 506.0
1 4 21 169.50 0.0583 948.0
1 4 25 209.55 0.0956 29.0
1 4 43 131.76 0.0732 71.4
1 4 35 152.51 0.0706 225.5
1 4 25 71.22 0.0656 482.8
1 4 40 68.80 0.0848 293.6
1 4 22 199.13 0.0394 82.2
1 4 33 108.23 0.0752 643.8
1 4 21 104.14 0.0518 186.1
1 4 33 91.84 0.0841 688.6
1 4 25 46.04 0.1182 719.3
1 4 34 112.38 0.0744 903.8
1 4 30 53.42 0.1026 314.5
1 4 44 56.32 0.1297 616.0
1 4 42 71.30 0.1246 313.0
1 4 20 57.14 0.0770 179.2
1 4 29 142.36 0.0830 384.1
1 4 40 160.54 0.0772 155.2
1 4 30 97.15 0.0905 448.7
1 4 39 119.36 0.0790 594.0
1 4 32 212.73 0.0661 219.3
1 4 29 107.13 0.0583 67.2
1 4 30 68.18 0.1397 491.5
1 4 18 65.17 0.0916 246.3
1 4 35 110.26 0.0672 43.6
1 4 24 86.91 0.1136 376.1
1 4 23 52.78 0.1256 123.7
1 4 26 66.45 0.1046 278.2
1 4 16 135.21 0.0566 814.1
1 4 31 200.42 0.0691 306.1
1 4 41 212.69 0.0833 299.9
1 4 20 80.37 0.0982 304.2
1 4 30 119.67 0.0702 164.6
1 4 17 91.17 0.0909 134.9
1 4 28 75.29 0.0810 197.1
1 4 36 91.06 0.0807 905.2
1 4 21 150.61 0.0798 375.1
1 4 15 97.75 0.0680 4.6
1 4 28 184.94 0.0622 243.4
1 4 13 63.99 0.1445 870.4
1 4 27 86.55 0.0712 492.8
1 4 16 74.68 0.0529 597.3
1 4 22 91.90 0.0608 632.7
1 4 16 55.89 0.0442 443.8
1 4 23 765.36 0.1056 186.3
1 4 16 387.42 0.1227 337.8
1 4 29 73.81 0.1016 86.9
1 4 15 69.05 0.0662 368.7
1 4 23 93.00 0.0570 720.4
1 4 17 356.87 0.1578 219.3
1 4 25 61.58 0.1263 88.4
1 4 14 46.31 0.1621 306.0
1 4 24 157.36 0.0500 106.2
1 4 18 46.04 0.1415 698.1
1 4 30 122.26 0.0655 202.2
1 4 33 98.26 0.0689 117.6
1 4 16 54.67 0.1404 199.0
1 4 13 235.48 0.1649 89.6
1 4 17 73.03 0.0637 24.5
1 4 26 123.32 0.0655 96.9
1 4 16 63.90 0.0429 100.8
1 4 23 66.53 0.1123 358.0
1 4 16 137.66 0.0626 844.9
1 4 15 51.08 0.1404 353.5
1 4 15 49.09 0.0733 129.2
1 4 17 48.30 0.1301 161.9
1 4 19 55.19 0.1308 182.8
1 4 23 71.41 0.1189 773.5
1 4 14 87.57 0.1473 321.0
1 4 29 81.73 0.0877 716.2
1 4 18 47.44 0.1383 324.2
1 4 16 73.94 0.0532 477.0
1 4 30 69.67 0.0932 394.8
1 4 24 45.81 0.1285 208.2
1 4 18 61.72 0.1071 38.1
1 4 27 74.00 0.0805 29.3
1 4 18 51.26 0.1256 152.7
1 4 14 139.26 0.1337 430.0
1 4 25 133.41 0.0549 44.2
1 4 18 131.64 0.0460 464.9
1 4 35 58.66 0.1322 392.9
1 4 13 46.23 0.1267 310.5
1 4 30 48.78 0.0902 52.6
1 4 19 114.52 0.0903 287.5
1 4 18 56.22 0.1570 337.1
1 4 30 45.21 0.1296 419.6
1 4 18 146.67 0.0560 908.7
1 4 20 120.10 0.1029 92.3
1 4 18 58.13 0.0955 865.0
1 4 32 69.79 0.0972 145.6
1 4 16 55.90 0.0936 341.8
1 4 40 47.22 0.1296 215.7
1 4 19 46.15 0.1192 36.2
1 4 37 137.48 0.1051 657.5
1 4 42 122.20 0.0603 521.5
1 4 26 119.75 0.0626 264.4
1 4 25 51.67 0.0772 200.2
1 4 21 50.21 0.1199 91.2
1 4 35 46.39 0.1186 321.9
1 4 13 93.97 0.0674 815.7
1 4 14 65.40 0.0676 454.8
1 5 33 173.39 0.0733 634.4
1 5 35 85.49 0.0858 818.9
1 5 40 389.29 0.0654 288.9
1 5 32 133.23 0.0894 854.8
1 5 26 88.24 0.0876 285.0
1 5 17 108.84 0.1223 207.9
1 5 29 96.41 0.0979 236.7
1 5 23 336.40 0.0621 143.0
1 5 30 94.87 0.0996 643.2
1 5 21 105.70 0.0585 922.5
1 5 41 212.92 0.0681 595.5
1 5 30 55.23 0.1040 228.2
1 5 19 91.59 0.0959 256.0
1 5 37 234.24 0.0694 346.2
1 5 19 62.84 0.0889 316.3
1 5 16 61.98 0.1282 458.4
1 5 34 118.53 0.0990 944.5
1 5 31 64.66 0.1341 274.4
1 5 38 283.76 0.0784 567.2
1 5 27 121.67 0.0823 612.1
1 5 41 117.29 0.0786 936.6
1 5 27 118.71 0.0649 283.3
1 5 28 71.93 0.0773 297.0
1 5 29 112.98 0.0898 887.8
1 5 29 65.30 0.1237 213.0
1 5 40 61.03 0.0650 366.7
1 5 36 141.01 0.0730 106.5
1 5 41 58.81 0.1030 663.2
1 5 42 86.09 0.1070 420.2
1 5 28 244.39 0.0486 231.9
1 5 23 125.61 0.0570 306.8
1 5 21 194.92 0.0854 958.0
1 5 32 351.77 0.0495 456.5
1 5 19 54.06 0.0750 885.2
1 5 36 218.55 0.0502 800.3
1 5 21 46.98 0.0928 805.9
1 5 28 87.91 0.0890 910.0
1 5 20 58.32 0.0984 576.5
1 5 26 58.59 0.1131 426.0
1 5 35 228.19 0.0530 154.3
1 5 37 98.92 0.0664 341.9
1 5 28 140.08 0.1049 315.0
1 5 17 52.44 0.0451 71.0
1 5 28 63.78 0.0939 622.4
1 5 27 96.57 0.0947 272.6
1 5 37 94.16 0.0968 319.0
1 5 29 59.17 0.0957 594.7
1 5 26 58.83 0.1347 207.9
1 5 33 188.18 0.0647 424.4
1 5 27 49.03 0.0915 861.9
1 5 29 97.74 0.0739 312.1
1 5 23 74.38 0.0736 558.3
1 5 15 91.16 0.0773 177.4
1 5 34 75.41 0.0872 749.7
1 5 24 84.70 0.0615 876.6
1 5 22 96.80 0.1213 351.3
1 5 20 493.62 0.0949 176.3
1 5 18 290.11 0.0666 572.1
1 5 31 153.01 0.0887 433.9
1 5 24 167.12 0.0708 944.1
1 5 33 132.72 0.0914 597.7
1 5 26 51.45 0.1075 904.2
1 5 27 151.98 0.0365 293.7
1 5 42 326.03 0.0489 613.7
1 5 35 208.88 0.0726 937.5
1 5 17 53.54 0.0646 858.3
1 5 41 533.45 0.0465 403.3
1 5 16 598.39 0.0636 965.4
1 5 15 477.36 0.1190 275.6
1 5 37 95.10 0.0766 509.0
1 5 30 162.06 0.0546 238.3
1 5 41 120.05 0.0823 699.0
1 5 41 74.35 0.0771 625.4
1 5 33 72.66 0.0918 154.9
1 5 32 215.40 0.0895 626.3
1 5 30 132.40 0.0789 576.4
1 5 29 120.20 0.0734 376.7
1 5 28 176.63 0.0631 612.7
1 5 29 158.83 0.0620 575.9
1 5 25 72.31 0.0970 562.2
1 5 19 89.75 0.0817 23.3
1 5 15 114.69 0.0858 37.5
1 5 30 92.17 0.0845 398.1
1 5 36 106.71 0.0710 367.4
1 5 23 70.48 0.1182 279.4
1 5 36 211.21 0.0550 201.7
1 5 17 117.79 0.0866 259.4
1 5 36 66.02 0.1089 712.5
1 5 15 79.78 0.1527 41.0
1 5 40 99.85 0.0806 357.1
1 5 29 421.22 0.0386 587.4
1 5 35 203.51 0.0786 399.6
1 5 32 128.60 0.0611 122.7
1 5 27 179.38 0.0655 170.6
1 5 17 78.03 0.1246 390.4
1 5 31 118.12 0.0863 334.7
1 5 17 46.92 0.1487 270.6
1 5 33 273.54 0.0841 278.0
1 5 41 197.91 0.0801 776.6
1 5 31 194.69 0.0806 952.5
1 5 33 109.64 0.0873 728.3
1 5 37 147.52 0.0888 289.0
1 5 40 137.06 0.0794 865.0
1 5 40 177.57 0.0692 360.0
1 5 38 124.89 0.0773 220.4
1 5 20 63.18 0.0673 430.7
1 5 37 186.08 0.0613 257.5
1 5 36 196.75 0.0559 230.4
1 5 20 76.16 0.0609 183.6
1 5 32 72.81 0.0970 411.5
1 5 33 50.28 0.1224 192.1
1 5 38 81.73 0.1044 315.9
1 5 14 64.67 0.1136 956.8
1 5 42 95.49 0.0861 800.5
1 5 28 232.97 0.0967 82.9
1 5 32 206.79 0.0773 590.4
1 5 29 68.46 0.0898 57.1
1 5 39 49.86 0.1281 179.3
1 5 32 76.31 0.1060 304.3
1 5 32 263.29 0.1033 328.5
1 5 30 178.24 0.0813 208.1
1 5 27 91.16 0.0883 848.0
1 5 25 68.76 0.1005 406.4
1 5 36 74.95 0.0962 338.1
1 5 24 80.09 0.1081 256.0
1 5 16 354.51 0.0877 616.0
1 5 15 79.55 0.0923 947.8
1 5 22 93.08 0.0970 287.0
1 5 23 87.20 0.0930 416.1
1 5 15 125.59 0.0776 141.1
1 5 16 122.73 0.0476 461.5
1 5 19 131.09 0.0573 559.2
1 5 22 111.95 0.0567 265.2
1 5 17 891.14 0.0801 472.7
1 5 17 395.57 0.0327 472.3
1 5 28 121.37 0.0652 81.9
1 5 18 96.95 0.0636 468.1
1 5 17 95.31 0.0425 438.9
1 5 32 45.73 0.1288 312.1
1 5 37 286.99 0.0660 568.0
1 5 33 50.01 0.0855 589.9
1 5 31 52.89 0.1010 895.4
1 5 30 56.71 0.1257 765.1
1 5 43 223.70 0.0466 811.1
1 5 37 59.48 0.0943 208.7
1 5 19 72.04 0.1285 118.4
1 5 36 98.01 0.0724 107.3
1 5 17 46.68 0.1045 341.0
1 5 13 52.07 0.1509 294.6
1 5 16 153.95 0.0812 283.0
1 5 27 239.46 0.0757 714.4
1 5 33 133.83 0.0630 330.5
1 5 38 194.89 0.0710 663.6
1 5 40 83.36 0.0604 435.4
1 5 35 428.48 0.0465 245.4
1 5 32 140.15 0.0432 899.2
1 5 39 95.78 0.0645 424.6
1 5 41 72.90 0.0930 397.4
1 5 38 68.58 0.0893 116.7
1 5 18 123.36 0.0506 780.6
1 5 17 218.04 0.0835 609.8
1 5 32 95.97 0.0685 934.3
1 5 37 54.10 0.1107 309.1
1 5 34 79.85 0.0851 837.4
1 5 20 45.96 0.0867 213.9
1 5 40 74.36 0.0918 347.7
1 5 29 57.50 0.0985 517.6
1 5 23 154.31 0.0699 449.7
1 5 37 177.53 0.0600 533.4
1 5 40 61.95 0.0770 939.4
1 5 21 87.79 0.0922 543.6
1 5 18 119.43 0.0523 420.6
1 5 22 311.49 0.0632 220.5
1 5 27 57.90 0.1032 399.2
1 5 32 122.30 0.0841 160.6
1 5 32 173.28 0.0737 392.7
1 5 17 277.94 0.0555 293.6
1 5 37 108.74 0.0761 284.0
1 5 17 88.60 0.0406 769.7
1 5 19 131.63 0.0672 535.9
1 5 39 88.63 0.0834 380.6
1 5 33 48.15 0.1263 135.9
1 5 29 83.34 0.0996 410.3
1 5 31 81.67 0.0577 846.8
1 5 38 92.30 0.0750 758.1
1 5 25 49.81 0.1553 702.4
1 5 19 126.16 0.0600 423.6
1 5 29 112.07 0.0691 237.7
1 5 31 123.62 0.0827 378.7
1 5 44 153.75 0.0869 326.7
1 5 43 141.17 0.0586 249.2
1 5 41 111.76 0.0858 593.8
1 5 31 83.06 0.0901 396.9
1 5 32 76.76 0.0784 583.1
1 5 26 122.37 0.0551 879.5
1 5 35 61.59 0.0986 176.5
1 5 22 264.54 0.0589 325.7
1 5 26 86.17 0.1004 548.6
1 5 30 68.94 0.1211 925.8
1 5 16 76.91 0.0681 339.4
1 5 41 111.77 0.0738 544.4
1 5 38 186.58 0.0720 655.5
1 5 21 103.07 0.0548 929.6
1 5 35 101.62 0.0646 676.5
1 5 36 57.53 0.1221 318.2
1 5 35 52.77 0.0972 177.4
1 5 36 275.98 0.0995 295.6
1 5 43 165.68 0.0682 141.8
1 5 28 85.22 0.0677 79.2
1 5 29 132.33 0.0632 221.0
1 5 36 99.15 0.0794 908.4
1 5 25 61.67 0.0862 529.2
1 5 41 88.70 0.0909 310.6
1 5 30 163.65 0.0844 639.3
1 5 40 205.92 0.0594 811.2
1 5 21 137.91 0.0935 772.5
1 5 20 143.71 0.0686 289.3
1 5 37 54.99 0.1073 333.4
1 5 37 70.05 0.0998 539.2
1 5 32 58.19 0.1200 359.9
1 5 30 118.80 0.0975 637.2
1 5 31 177.77 0.0552 324.7
1 5 20 138.25 0.0662 736.2
1 5 26 62.72 0.0818 79.9
1 5 30 134.57 0.0605 299.6
1 5 36 118.15 0.0667 240.4
1 5 31 114.47 0.0728 429.0
1 5 34 121.19 0.0644 369.7
1 5 40 181.78 0.0619 228.1
1 5 37 538.90 0.0434 588.1
1 5 40 47.32 0.1104 630.3
1 5 15 96.81 0.1284 283.4
1 5 28 115.05 0.0928 276.1
1 5 41 88.22 0.0921 655.1
1 5 26 143.26 0.0764 579.9
1 5 19 52.06 0.1327 621.6
1 5 18 206.05 0.0378 86.0
1 5 40 69.17 0.0856 649.1
1 5 37 69.13 0.0955 204.6
1 5 30 83.90 0.0602 416.0
1 5 29 115.64 0.0584 517.5
1 5 17 277.79 0.0956 235.3
1 5 14 58.92 0.1330 242.3
1 5 13 76.00 0.1653 385.0
1 5 36 229.97 0.0530 298.8
1 5 14 106.17 0.0604 239.1
1 5 35 210.94 0.0803 593.0
1 5 33 145.30 0.0605 367.1
1 5 36 137.88 0.0643 523.7
1 5 40 184.17 0.0517 533.4
1 5 24 46.44 0.1188 299.0
1 5 37 116.72 0.0678 324.1
1 5 41 89.92 0.0840 185.3
1 5 19 108.17 0.0296 832.4
1 5 22 87.90 0.0635 226.4
1 5 26 55.72 0.1300 852.5
1 5 18 106.01 0.0663 925.8
1 5 32 220.46 0.0527 118.0
1 5 33 219.01 0.0483 242.8
1 5 28 152.08 0.0807 589.3
1 5 29 295.08 0.0913 585.7
1 5 33 162.87 0.0689 397.6
1 5 42 92.55 0.0624 311.4
1 5 32 543.59 0.0544 697.3
1 5 29 257.87 0.0896 555.7
1 5 31 125.52 0.0668 653.5
1 5 28 140.88 0.0846 242.1
1 5 39 86.95 0.0667 713.7
1 5 26 59.23 0.0944 135.1
1 5 42 311.64 0.0596 446.6
1 5 23 47.94 0.1047 360.1
1 5 22 81.51 0.0855 423.1
1 5 26 52.18 0.0905 335.6
1 5 16 239.07 0.0703 105.1
1 5 22 132.56 0.0528 835.8
1 5 34 91.84 0.0701 334.4
1 5 37 99.91 0.0697 312.2
1 5 34 48.34 0.1271 226.6
1 5 37 93.30 0.0714 126.7
1 5 33 177.07 0.0777 650.1
1 5 36 93.79 0.0686 653.5
1 5 33 87.81 0.1074 790.9
1 5 40 74.11 0.0766 280.1
1 5 13 72.04 0.1411 219.8
1 5 31 71.11 0.0953 413.7
1 5 14 257.78 0.0343 331.1
1 5 39 149.60 0.0591 122.2
1 5 41 58.90 0.0938 192.7
1 5 35 137.87 0.0658 310.6
1 5 42 63.29 0.1139 145.4
1 5 30 146.75 0.1036 24.2
1 5 15 182.67 0.0793 171.6
1 5 35 183.25 0.0689 847.4
1 5 23 115.67 0.0766 923.1
1 5 37 312.94 0.0670 452.3
1 5 28 183.76 0.0589 135.5
1 5 22 50.50 0.0868 855.0
1 5 37 75.28 0.0752 443.5
1 5 13 127.46 0.0956 691.5
1 5 25 94.95 0.1150 599.5
1 5 35 141.65 0.0965 658.5
1 5 32 61.00 0.1162 361.6
1 5 29 209.79 0.0830 579.0
1 5 16 90.46 0.0825 493.9
1 5 22 103.10 0.0786 134.9
1 5 24 119.42 0.1018 437.9
1 5 27 87.54 0.1201 628.0
1 5 24 115.07 0.1291 389.1
1 5 32 264.53 0.0620 431.0
1 5 28 140.92 0.0824 339.2
1 5 23 121.57 0.0880 734.8
1 5 29 45.46 0.0922 331.8
1 5 17 46.71 0.0884 457.8
1 5 36 142.07 0.0804 369.5
1 5 30 87.63 0.1231 309.1
1 5 32 85.20 0.0933 849.9
1 5 17 136.91 0.0571 398.9
1 5 16 68.08 0.0461 565.7
1 5 20 56.97 0.0626 237.9
1 5 21 121.42 0.1045 445.6
1 5 19 107.88 0.1161 391.4
1 5 20 92.33 0.0762 891.9
1 5 14 138.96 0.1154 211.1
1 5 15 76.77 0.1246 859.5
1 5 25 56.63 0.1188 341.9
1 5 28 77.67 0.1077 753.0
1 5 23 105.80 0.0793 285.5
1 5 27 86.55 0.0848 638.9
1 5 21 60.52 0.1257 936.9
1 5 17 58.37 0.0953 233.6
1 5 17 63.88 0.0357 415.0
1 5 42 89.36 0.0963 228.3
1 5 24 64.53 0.0703 273.9
1 5 26 214.22 0.0729 191.1
1 5 24 174.29 0.0743 657.9
1 5 16 54.06 0.1554 40.8
1 5 18 53.54 0.1231 329.9
1 5 18 108.08 0.1239 380.1
1 5 15 315.28 0.0501 568.0
1 5 19 148.87 0.0597 393.1
1 5 16 46.23 0.1544 338.0
1 5 13 74.66 0.0231 432.2
1 5 18 96.18 0.1570 381.5
1 5 25 112.52 0.1107 800.7
1 5 17 271.09 0.0921 591.8
1 5 19 150.04 0.0632 532.6
1 5 16 104.83 0.0611 169.2
1 5 21 107.64 0.0989 880.4
1 5 25 45.95 0.1054 359.5
1 5 19 67.41 0.1006 773.7
1 5 20 74.77 0.1077 292.9
1 5 24 96.97 0.0852 481.5
1 5 36 66.85 0.1151 231.7
1 5 13 122.20 0.0871 651.2
1 5 13 97.00 0.1001 408.0
1 5 22 187.79 0.0766 800.1
1 5 20 84.63 0.0487 609.2
1 5 30 52.94 0.1303 349.0
1 5 14 57.97 0.0615 923.2
1 5 29 101.10 0.1135 204.4
1 5 13 275.66 0.0582 693.6
1 5 23 90.85 0.0651 70.3
1 5 30 48.48 0.0867 674.1
1 5 21 80.27 0.1173 287.0
1 5 16 52.87 0.0785 857.8
1 5 17 179.38 0.0641 571.9
1 5 23 62.28 0.0744 202.5
1 5 28 51.61 0.0894 149.6
1 5 15 93.22 0.0308 410.2
1 5 18 88.72 0.0515 843.5
1 5 13 48.47 0.1067 657.0
1 5 26 213.41 0.0766 188.4
1 5 32 155.38 0.0636 285.9
1 5 16 180.46 0.0381 853.5
1 5 26 158.49 0.0602 133.6
1 5 17 106.89 0.0815 191.3
1 5 27 77.22 0.0821 197.7
1 5 25 69.69 0.0947 109.5
1 5 23 127.36 0.0504 840.7
1 5 26 88.77 0.0925 741.0
1 5 19 109.51 0.0950 47.7
1 5 17 203.51 0.0525 457.5
1 5 17 72.44 0.0781 193.6
1 5 19 120.44 0.0576 893.7
1 5 17 201.29 0.0389 214.1
1 5 22 137.56 0.0750 59.3
1 5 14 291.54 0.0668 533.6
1 5 16 373.08 0.0655 632.3
1 6 17 93.16 0.0494 520.2
1 6 19 548.01 0.1163 835.8
1 6 24 48.82 0.1622 798.3
1 6 25 191.12 0.0538 79.2
1 6 27 105.63 0.0653 145.6
1 6 34 141.26 0.0675 487.5
1 6 39 178.26 0.0754 832.4
1 6 25 109.04 0.1012 664.5
1 6 42 200.97 0.0685 892.3
1 6 30 98.68 0.1114 94.0
1 6 24 93.64 0.0587 32.8
1 6 19 230.43 0.1076 777.0
1 6 39 366.22 0.0580 887.5
1 6 25 184.85 0.0722 42.4
1 6 21 138.04 0.0911 530.5
1 6 16 109.99 0.0525 834.9
1 6 25 85.95 0.0656 741.7
1 6 38 733.92 0.0788 838.3
1 6 28 54.42 0.1090 905.8
1 6 28 88.24 0.1035 131.7
1 6 17 249.76 0.0490 31.1
1 6 17 202.56 0.0630 585.6
1 6 26 69.16 0.1196 778.9
1 6 26 68.46 0.0978 862.8
1 6 24 104.99 0.0798 746.8
1 6 24 64.71 0.1239 38.7
1 6 36 76.12 0.1175 207.8
1 6 33 360.69 0.0692 99.5
1 6 30 93.89 0.1256 134.2
1 6 30 84.24 0.0909 99.6
1 6 30 168.57 0.0594 193.8
1 6 19 64.94 0.0916 139.7
1 6 16 88.53 0.0283 51.7
1 6 13 158.46 0.0370 855.1
1 6 39 92.14 0.0864 577.1
1 6 31 118.79 0.0926 916.9
1 6 18 119.72 0.0562 848.3
1 6 24 97.77 0.0913 358.0
1 6 24 88.27 0.0571 194.1
1 6 25 89.90 0.0741 500.8
1 6 23 48.72 0.0517 319.3
1 6 26 84.81 0.1378 89.2
1 6 27 93.72 0.0914 70.8
1 6 24 83.71 0.0710 739.5
1 6 13 199.53 0.1506 728.0
1 6 30 128.75 0.1149 276.5
1 6 13 45.55 0.1342 365.5
1 6 22 81.11 0.0594 424.8
1 6 22 143.90 0.1039 866.6
1 6 17 103.36 0.0320 335.6
1 6 29 91.73 0.0846 842.9
1 6 17 256.14 0.0269 244.5
1 6 33 218.71 0.0596 512.8
1 6 34 53.21 0.1016 183.0
1 6 28 55.88 0.1159 141.0
1 6 41 85.94 0.0792 898.6
1 6 13 71.26 0.0827 119.9
1 6 29 166.49 0.0593 41.5
1 6 19 101.22 0.0938 847.9
1 6 16 738.07 0.1429 359.5
1 6 26 124.57 0.0733 180.3
1 6 29 153.39 0.0737 121.3
1 6 25 107.76 0.0602 43.5
1 6 24 94.23 0.0985 193.5
1 6 35 54.07 0.0869 689.0
1 6 32 119.95 0.0794 526.9
1 6 26 50.76 0.1146 509.1
1 6 28 146.42 0.0884 182.5
1 6 32 78.55 0.0973 587.0
1 6 27 95.18 0.0424 489.0
1 6 30 73.12 0.0828 606.7
1 6 16 77.61 0.1358 51.6
1 6 35 69.23 0.0925 843.0
1 6 20 162.21 0.1206 66.0
1 6 23 206.61 0.0660 747.0
1 6 22 234.79 0.0701 840.0
1 6 32 69.95 0.0492 189.3
1 6 28 123.85 0.1061 107.0
1 6 29 84.10 0.1304 20.3
1 6 18 95.26 0.0428 739.4
1 6 40 155.46 0.0654 135.6
1 6 31 232.05 0.1279 618.2
1 6 15 569.50 0.1099 26.2
1 6 17 62.00 0.0701 769.0
1 6 23 127.34 0.1254 64.1
1 6 43 289.61 0.0661 219.4
1 6 33 65.06 0.1143 472.6
1 6 33 119.69 0.0698 516.0
1 6 21 64.56 0.1122 721.0
1 6 33 145.12 0.0644 493.8
1 6 21 82.69 0.0819 307.1
1 6 29 49.45 0.1119 952.8
1 6 14 99.17 0.0974 100.8
1 6 30 67.07 0.0828 24.3
1 6 39 61.99 0.0968 117.3
1 6 35 55.07 0.1110 424.6
1 6 33 54.85 0.1369 845.8
1 6 28 172.40 0.0895 837.2
1 6 38 80.05 0.0992 282.5
1 6 32 139.48 0.0570 542.1
1 6 41 108.84 0.0859 88.3
1 6 24 45.41 0.1123 804.9
1 6 25 68.85 0.1217 917.5
1 6 18 61.79 0.0820 89.1
1 6 36 81.13 0.0803 691.4
1 6 20 144.41 0.0438 600.7
1 6 23 261.05 0.0665 105.0
1 6 29 170.03 0.0874 190.8
1 6 16 63.52 0.0475 287.5
1 6 32 201.03 0.0613 797.1
1 6 35 94.02 0.0815 722.8
1 6 38 59.64 0.0905 943.6
1 6 18 103.14 0.0789 548.3
1 6 14 70.45 0.1048 332.0
1 6 26 46.34 0.1247 919.6
1 6 34 53.06 0.1211 277.3
1 6 23 67.32 0.1207 750.7
1 6 24 187.42 0.0703 744.9
1 6 27 106.27 0.0958 255.0
1 6 38 213.29 0.0967 866.9
1 6 32 197.43 0.0845 827.1
1 6 20 66.91 0.1108 313.4
1 6 38 112.31 0.1053 95.2
1 6 26 75.68 0.1090 708.3
1 6 31 78.16 0.1150 126.8
1 6 23 52.02 0.0818 70.8
1 6 25 355.16 0.0738 11.7
1 6 36 273.47 0.0700 905.1
1 6 27 147.24 0.0739 619.5
1 6 40 92.48 0.1015 927.0
1 6 32 97.02 0.0934 809.6
1 6 38 125.09 0.0711 862.6
1 6 16 91.50 0.0730 207.7
1 6 26 47.15 0.1364 756.2
1 6 18 537.69 0.0522 305.9
1 6 20 79.46 0.1160 575.0
1 6 37 83.90 0.1048 151.2
1 6 36 105.89 0.0801 90.3
1 6 32 169.17 0.0873 370.9
1 6 37 83.96 0.1089 796.0
1 6 34 78.75 0.0745 595.4
1 6 26 134.27 0.0779 89.2
1 6 31 203.76 0.0826 819.1
1 6 14 71.76 0.0887 147.9
1 6 13 72.93 0.1420 113.8
1 6 38 70.46 0.0958 162.2
1 6 19 133.68 0.0680 761.3
1 6 36 90.09 0.0870 173.4
1 6 35 58.87 0.1170 765.7
1 6 18 65.80 0.0593 531.1
1 6 38 109.82 0.0717 631.8
1 6 29 86.81 0.0898 837.7
1 6 40 71.30 0.0960 153.8
1 6 41 52.21 0.1020 145.4
1 6 20 67.03 0.0813 195.2
1 6 26 185.43 0.0563 62.9
1 6 21 70.75 0.0747 456.4
1 6 30 181.61 0.0713 153.0
1 6 21 262.30 0.0904 750.0
1 6 19 233.08 0.0606 374.0
1 6 38 135.84 0.0663 605.3
1 6 22 205.72 0.0638 731.4
1 6 39 131.09 0.1102 609.0
1 6 40 142.10 0.0592 107.0
1 6 32 48.08 0.1302 886.5
1 6 21 119.59 0.0706 438.5
1 6 38 141.87 0.0771 814.7
1 6 36 185.00 0.0620 797.8
1 6 35 122.12 0.1027 559.8
1 6 41 114.34 0.0958 614.9
1 6 16 121.20 0.0520 23.9
1 6 14 581.54 0.1026 151.9
1 6 37 224.25 0.0754 396.0
1 6 41 365.27 0.0656 774.6
1 6 33 172.02 0.0623 96.4
1 6 40 123.21 0.0527 763.0
1 6 30 162.42 0.0806 79.2
1 6 25 186.54 0.0545 49.1
1 6 22 141.95 0.0702 950.0
1 6 38 91.34 0.0862 435.7
1 6 35 137.35 0.1006 46.4
1 6 37 92.28 0.0944 833.8
1 6 31 58.41 0.0741 306.0
1 6 32 148.22 0.0967 185.1
1 6 40 156.60 0.0629 490.1
1 6 34 237.52 0.0777 200.4
1 6 23 52.82 0.0878 634.4
1 6 14 65.71 0.1331 809.3
1 6 14 50.11 0.0501 509.0
1 6 44 153.91 0.0815 912.0
1 6 28 61.25 0.0961 201.4
1 6 42 162.75 0.0664 863.4
1 6 39 70.12 0.0897 192.0
1 6 21 85.41 0.0989 126.0
1 6 24 95.73 0.0790 750.2
1 6 34 95.33 0.0580 208.4
1 6 15 79.27 0.0836 161.9
1 6 16 47.38 0.1007 842.9
1 6 42 64.93 0.0950 127.6
1 6 33 137.42 0.0749 176.7
1 6 38 78.92 0.0757 210.7
1 6 14 83.69 0.1547 747.1
1 6 14 47.95 0.1292 775.4
1 6 39 207.77 0.0637 630.4
1 6 34 76.82 0.0920 166.4
1 6 39 211.03 0.0627 834.6
1 6 37 167.13 0.0780 324.0
1 6 15 1129.61 0.0756 42.3
1 6 22 210.84 0.0526 47.8
1 6 38 421.71 0.0574 899.4
1 6 24 84.60 0.0895 948.3
1 6 13 61.93 0.1422 36.8
1 6 32 112.78 0.0641 896.5
1 6 18 67.72 0.0888 786.8
1 6 39 128.03 0.0738 932.6
1 6 37 226.58 0.0692 616.8
1 6 21 136.65 0.0900 691.3
1 6 21 62.54 0.0857 144.5
1 6 30 94.17 0.0628 836.5
1 6 41 359.67 0.0647 205.1
1 6 24 128.57 0.0489 480.6
1 6 41 112.07 0.0717 181.3
1 6 28 93.99 0.0670 800.0
1 6 28 126.43 0.0565 661.4
1 6 28 120.32 0.0837 707.8
1 6 17 60.05 0.0906 748.8
1 6 36 103.87 0.0724 375.0
1 6 38 139.67 0.0786 559.7
1 6 20 75.67 0.0632 528.0
1 6 29 60.08 0.0658 909.6
1 6 32 96.13 0.0862 379.1
1 6 36 206.42 0.0817 861.3
1 6 34 57.23 0.1098 883.2
1 6 37 54.65 0.1145 403.8
1 6 33 164.77 0.0775 322.5
1 6 24 84.23 0.0748 750.3
1 6 26 106.48 0.0640 709.0
1 6 34 328.87 0.0657 174.5
1 6 34 72.81 0.1139 450.2
1 6 41 94.08 0.1284 830.3
1 6 14 97.83 0.0617 958.9
1 6 41 107.09 0.0745 658.0
1 6 27 132.52 0.0860 879.7
1 6 34 698.75 0.0864 211.4
1 6 44 146.49 0.0746 152.2
1 6 28 87.64 0.1173 822.2
1 6 40 80.68 0.0997 473.3
1 6 34 127.47 0.0961 498.5
1 6 31 85.84 0.0856 108.9
1 6 31 124.33 0.0604 534.6
1 6 25 98.54 0.0809 806.2
1 6 36 105.13 0.0754 231.4
1 6 36 199.95 0.0591 194.0
1 6 17 217.56 0.0386 841.0
1 6 36 164.98 0.0774 60.8
1 6 35 70.51 0.1145 865.5
1 6 13 203.48 0.0909 646.3
1 6 38 136.58 0.0799 850.2
1 6 37 63.10 0.1015 589.5
1 6 30 116.30 0.0563 895.7
1 6 34 110.09 0.0741 816.8
1 6 24 79.87 0.0866 807.1
1 6 39 110.33 0.0653 737.2
1 6 37 111.65 0.0891 60.4
1 6 38 172.62 0.0520 245.4
1 6 37 171.58 0.0744 750.6
1 6 35 199.02 0.0914 80.7
1 6 27 55.99 0.1323 735.6
1 6 14 143.72 0.0395 476.5
1 6 36 163.99 0.0786 827.2
1 6 34 128.81 0.0651 151.0
1 6 28 186.12 0.0651 48.6
1 6 39 55.36 0.1177 870.3
1 6 36 87.30 0.0864 678.4
1 6 39 150.82 0.0947 898.0
1 6 40 87.63 0.1021 866.6
1 6 40 46.15 0.1214 202.6
1 6 28 117.09 0.0722 815.3
1 6 37 71.91 0.0799 902.4
1 6 31 120.48 0.0569 836.6
1 6 35 65.41 0.0877 899.3
1 6 43 84.88 0.1070 834.5
1 6 33 64.27 0.1044 175.3
1 6 27 107.56 0.0823 891.0
1 6 38 162.08 0.0785 169.7
1 6 27 60.58 0.1069 34.3
1 6 29 92.52 0.1127 176.7
1 6 35 205.86 0.0667 198.4
1 6 34 70.54 0.0783 62.3
1 6 35 195.04 0.0937 796.5
1 6 20 63.71 0.1121 179.1
1 6 41 124.38 0.0580 50.5
1 6 29 74.30 0.0839 809.5
1 6 21 52.41 0.0871 67.8
1 6 25 49.06 0.0996 126.5
1 6 31 122.07 0.0828 167.6
1 6 14 66.50 0.0817 878.4
1 6 36 84.57 0.1110 433.9
1 6 21 51.26 0.1253 838.8
1 6 22 67.87 0.0419 473.1
1 6 36 65.88 0.0946 200.3
1 6 42 227.34 0.0639 443.8
1 6 43 134.15 0.0634 831.6
1 6 36 241.29 0.0584 153.6
1 6 36 153.03 0.0600 276.3
1 6 30 46.70 0.1436 769.3
1 6 22 60.34 0.0516 761.4
1 6 32 123.20 0.0776 783.0
1 6 32 222.82 0.0991 866.9
1 6 37 72.17 0.0905 825.4
1 6 37 94.65 0.0909 803.0
1 6 38 152.36 0.0815 86.4
1 6 24 100.07 0.0622 27.9
1 6 34 183.95 0.0500 776.7
1 6 32 251.42 0.0477 56.0
1 6 31 100.87 0.0789 241.8
1 6 37 140.13 0.0711 510.5
1 6 27 121.12 0.0783 649.7
1 6 28 56.77 0.1130 84.7
1 6 42 75.50 0.0737 227.5
1 6 30 207.22 0.0553 774.1
1 6 40 145.06 0.0578 198.0
1 6 35 58.40 0.1152 755.4
1 6 41 84.45 0.0707 883.2
1 6 39 126.22 0.0682 681.2
1 6 17 60.19 0.0628 691.3
1 6 38 59.44 0.0882 101.3
1 6 20 65.98 0.0740 123.2
1 6 39 104.34 0.1042 855.6
1 6 14 94.82 0.0613 6.3
1 6 29 130.56 0.1147 735.8
1 6 33 161.18 0.0626 457.9
1 6 36 63.79 0.0938 765.5
1 6 36 96.75 0.0852 777.8
1 6 39 158.21 0.0694 179.4
1 6 30 118.32 0.0717 151.3
1 6 30 100.62 0.1440 797.4
1 6 25 74.99 0.1370 872.3
1 6 19 273.12 0.1253 657.3
1 6 27 60.95 0.1032 694.2
1 6 19 111.60 0.0578 85.0
1 6 19 171.14 0.0901 808.5
1 6 35 75.66 0.0921 846.4
1 6 32 96.70 0.0561 795.4
1 6 24 67.94 0.0596 705.7
1 6 32 50.48 0.0804 188.0
1 6 22 136.46 0.0700 892.6
1 6 25 74.46 0.0907 160.6
1 6 28 320.35 0.0711 798.1
1 6 23 48.91 0.0880 619.5
1 6 29 242.33 0.0544 354.5
1 6 35 247.29 0.0605 622.5
1 6 43 139.13 0.0668 934.7
1 6 19 61.20 0.0722 44.8
1 6 43 183.93 0.0790 110.0
1 6 29 122.85 0.0863 612.3
1 6 17 94.46 0.1266 606.2
1 6 27 77.01 0.0869 782.2
1 6 15 67.48 0.0618 44.5
1 6 16 49.98 0.0626 330.2
1 6 22 264.19 0.0700 853.0
1 6 36 133.13 0.0748 277.4
1 6 36 115.60 0.0654 126.7
1 6 40 48.39 0.1193 626.8
1 6 33 111.95 0.0719 814.5
1 6 37 107.77 0.1106 105.7
1 6 44 109.34 0.0847 222.4
1 6 38 69.59 0.0856 337.6
1 6 37 85.69 0.0810 913.4
1 6 40 92.27 0.0806 741.5
1 6 20 114.97 0.1078 49.7
1 6 23 156.99 0.0819 578.4
1 6 20 268.75 0.0439 61.6
1 6 29 45.29 0.0771 124.6
1 6 31 126.78 0.0663 732.1
1 6 20 53.40 0.1239 805.2
1 6 23 63.98 0.1084 61.4
1 6 27 70.93 0.1083 494.8
1 6 20 362.51 0.0872 651.2
1 6 29 99.84 0.0912 717.3
1 6 19 92.37 0.1103 472.6
1 6 22 134.87 0.0835 47.0
1 6 30 75.15 0.1280 99.3
1 6 27 92.29 0.1193 283.3
1 6 16 139.80 0.0720 881.7
1 6 26 60.04 0.1455 798.3
1 6 25 248.34 0.0938 883.0
1 6 16 72.74 0.0727 444.1
1 6 14 366.37 0.0474 660.8
1 6 17 58.90 0.0976 773.8
1 6 19 78.57 0.1158 790.1
1 6 17 244.16 0.0608 814.3
1 6 13 90.12 0.1015 135.3
1 6 17 115.82 0.0525 830.0
1 6 17 65.90 0.0737 441.6
1 6 15 88.17 0.0536 5.9
1 6 18 156.35 0.1273 908.8
1 6 28 48.23 0.1031 525.6
1 6 23 55.60 0.0940 904.2
1 6 19 130.05 0.0932 122.9
1 6 16 235.19 0.0476 379.9
1 6 21 45.07 0.0808 830.0
1 6 17 132.30 0.0425 659.8
1 6 37 84.19 0.0759 401.1
1 6 21 67.93 0.0743 732.0
1 6 16 198.00 0.0385 300.5
1 6 28 275.71 0.0783 188.7
1 6 19 94.63 0.0732 587.1
1 6 17 119.15 0.1466 767.0
1 6 24 120.80 0.1015 823.0
1 6 13 395.74 0.1061 719.0
1 6 22 56.76 0.0934 652.3
1 6 27 97.66 0.1078 895.8
1 6 23 62.78 0.1058 891.5
1 6 16 235.88 0.1574 218.3
1 6 23 110.96 0.0937 877.9
1 6 13 83.28 0.0588 602.7
1 6 19 46.87 0.0716 540.6
1 6 26 94.51 0.0537 822.5
1 6 38 71.54 0.1185 126.4
1 6 18 247.80 0.0570 684.8
1 6 17 45.19 0.1026 95.4
1 6 14 62.14 0.0266 143.6
1 6 14 143.21 0.0648 89.8
1 6 23 107.66 0.0815 42.0
1 6 31 156.36 0.0831 847.4
1 6 34 226.23 0.0794 856.7
1 6 16 170.73 0.0688 496.1
1 6 17 361.34 0.0601 62.3
1 6 20 122.94 0.0933 88.5
1 6 39 91.13 0.0740 811.6
1 6 24 76.05 0.0935 654.8
1 6 26 91.12 0.0494 646.5
1 6 28 204.79 0.0665 59.5
1 6 22 55.05 0.0737 150.3
1 6 36 116.87 0.0780 189.0
1 6 36 155.28 0.0947 100.4
1 6 17 51.58 0.1051 941.3
1 6 23 143.37 0.0507 790.8
1 6 13 68.81 0.0730 670.5
1 6 27 123.94 0.0711 35.3
1 6 19 87.94 0.0517 884.4
1 6 22 53.00 0.1146 752.3
1 6 29 115.28 0.0615 479.0
1 6 20 64.58 0.1203 69.5
1 6 15 154.83 0.1478 15.2
1 6 19 207.77 0.0369 834.1
1 6 22 71.82 0.0960 511.3
1 6 14 76.92 0.1081 166.5
1 6 22 50.53 0.1116 200.6
1 6 16 100.74 0.0506 783.2
1 6 28 369.77 0.0572 877.0
1 6 35 183.43 0.0590 870.6
1 6 17 132.90 0.1030 420.0
1 6 35 95.20 0.0983 847.5
1 6 38 51.00 0.1203 788.7
1 6 28 97.26 0.0987 859.1
1 6 28 82.64 0.0787 363.0
1 6 15 63.67 0.1315 889.8
1 6 14 63.84 0.1022 34.7
1 6 27 272.55 0.0573 710.1
1 6 15 58.16 0.0656 442.6
1 6 17 75.13 0.0344 822.0
1 6 26 78.60 0.0953 68.1
1 6 39 91.70 0.0602 740.1
1 6 42 135.94 0.0617 793.8
1 6 27 97.05 0.0484 690.7
1 6 27 78.71 0.0989 164.2
1 6 30 142.67 0.0833 750.0
1 6 15 69.90 0.0795 664.1
1 6 17 80.58 0.0623 705.8
1 6 17 96.12 0.0960 791.0
1 6 19 52.16 0.0747 210.4
1 6 19 164.35 0.0946 813.1
1 6 36 89.16 0.0959 820.7
1 6 20 67.04 0.0629 24.5
1 6 15 55.37 0.0976 513.8
1 6 26 115.31 0.1064 201.4
1 6 16 139.08 0.0822 815.7
1 7 36 106.10 0.1140 800.6
1 7 33 170.28 0.0960 804.6
1 7 16 76.94 0.1122 921.3
1 7 30 59.79 0.1185 328.6
1 7 39 150.98 0.0732 936.4
1 7 29 73.97 0.1079 693.0
1 7 25 123.47 0.0717 432.3
1 7 27 132.65 0.0783 650.8
1 7 20 113.49 0.0660 235.3
1 7 36 160.61 0.0840 128.9
1 7 36 97.85 0.1160 474.7
1 7 22 52.75 0.1033 156.7
1 7 27 352.47 0.0438 71.3
1 7 18 504.62 0.0497 46.6
1 7 20 97.76 0.0892 84.0
1 7 22 52.82 0.0915 698.9
1 7 15 60.45 0.1287 687.2
1 7 32 102.35 0.0844 433.9
1 7 22 90.84 0.1023 696.1
1 7 19 82.96 0.0990 947.0
1 7 28 188.32 0.0461 357.0
1 7 17 364.37 0.0551 823.9
1 7 22 73.46 0.1153 381.2
1 7 33 112.38 0.0951 241.4
1 7 27 141.79 0.0913 728.2
1 7 19 143.59 0.0686 457.3
1 7 31 87.17 0.1048 784.7
1 7 38 201.25 0.0617 513.4
1 7 30 157.64 0.0757 511.6
1 7 21 163.79 0.0867 277.4
1 7 22 138.11 0.0704 393.7
1 7 31 58.51 0.1087 44.2
1 7 19 53.57 0.0938 310.7
1 7 27 160.16 0.0580 873.8
1 7 14 189.84 0.0428 476.8
1 7 36 117.64 0.0829 857.2
1 7 13 145.65 0.0559 895.4
1 7 16 103.50 0.0446 910.1
1 7 26 177.39 0.0599 68.0
1 7 41 70.21 0.0762 460.2
1 7 29 81.44 0.0700 181.8
1 7 15 257.15 0.0429 105.3
1 7 29 75.61 0.0856 760.7
1 7 26 93.35 0.0785 770.4
1 7 14 160.46 0.0811 796.3
1 7 32 220.69 0.0665 749.0
1 7 21 64.57 0.0717 652.2
1 7 19 275.96 0.0832 210.4
1 7 30 173.39 0.0610 247.5
1 7 17 130.10 0.0377 623.7
1 7 21 192.17 0.1064 14.4
1 7 22 71.66 0.0837 782.0
1 7 30 45.05 0.1011 483.7
1 7 19 157.00 0.0538 459.2
1 7 18 119.91 0.0927 272.6
1 7 30 114.03 0.0867 463.0
1 7 29 185.24 0.0817 668.5
1 7 37 117.29 0.0875 810.4
1 7 28 105.04 0.0909 186.1
1 7 25 122.06 0.0673 445.7
1 7 38 99.54 0.0925 948.4
1 7 26 126.04 0.0552 714.8
1 7 23 52.94 0.0959 557.0
1 7 37 157.70 0.0586 645.2
1 7 35 155.96 0.0953 842.4
1 7 39 88.08 0.0756 876.3
1 7 30 59.76 0.0931 730.7
1 7 23 62.70 0.1237 717.1
1 7 13 49.24 0.1158 533.2
1 7 35 55.24 0.1008 532.3
1 7 17 76.11 0.0522 56.7
1 7 39 143.69 0.0660 271.0
1 7 34 264.19 0.0653 391.4
1 7 23 175.84 0.0932 408.7
1 7 21 87.19 0.0735 937.9
1 7 20 87.08 0.1156 86.7
1 7 24 273.72 0.0743 646.9
1 7 38 191.89 0.0746 920.0
1 7 17 51.36 0.1131 147.4
1 7 14 141.73 0.0338 709.4
1 7 29 218.67 0.0524 161.2
1 7 13 108.64 0.0394 243.8
1 7 42 131.35 0.0966 802.8
1 7 40 137.63 0.0816 483.4
1 7 27 48.91 0.0519 72.8
1 7 18 85.33 0.0661 241.7
1 7 14 383.57 0.1214 910.6
1 7 29 83.09 0.0908 740.4
1 7 31 97.36 0.0723 243.6
1 7 28 92.11 0.0817 82.6
1 7 24 54.44 0.1171 66.1
1 7 40 159.09 0.0817 183.1
1 7 18 73.06 0.0598 16.6
1 7 17 109.81 0.0824 722.9
1 7 15 50.41 0.0765 118.4
1 7 20 61.72 0.0717 77.3
1 7 19 77.98 0.0420 674.7
1 7 40 82.49 0.0734 769.6
1 7 29 203.10 0.0672 784.3
1 7 28 150.17 0.0675 564.2
1 7 33 180.14 0.0740 703.9
1 7 20 162.80 0.0683 167.5
1 7 18 132.36 0.0781 406.4
1 7 34 122.64 0.0966 562.3
1 7 24 60.99 0.1032 176.8
1 7 18 67.30 0.1406 48.6
1 7 35 93.81 0.0988 462.2
1 7 31 110.75 0.0667 410.9
1 7 31 79.88 0.0828 638.6
1 7 35 153.51 0.0670 233.0
1 7 29 98.68 0.0555 391.5
1 7 30 150.54 0.0711 77.6
1 7 41 166.04 0.0697 918.9
1 7 37 94.56 0.1077 318.6
1 7 34 69.74 0.1101 671.4
1 7 19 96.28 0.1287 900.2
1 7 34 129.69 0.0711 267.0
1 7 21 313.22 0.0521 916.0
1 7 22 95.35 0.0671 933.7
1 7 36 76.90 0.1060 82.4
1 7 33 85.13 0.1112 417.9
1 7 31 82.82 0.0746 107.0
1 7 16 129.11 0.0665 597.6
1 7 16 565.48 0.0547 65.5
1 7 25 167.92 0.0877 835.6
1 7 30 67.51 0.0809 771.4
1 7 13 46.40 0.0834 584.9
1 7 28 77.01 0.1126 8.1
1 7 32 147.13 0.0582 96.2
1 7 30 220.35 0.0895 377.1
1 7 35 55.45 0.1308 441.0
1 7 25 66.56 0.0845 900.6
1 7 23 1723.96 0.0409 694.0
1 7 31 56.65 0.1017 544.0
1 7 39 72.50 0.0854 245.4
1 7 32 78.87 0.0939 395.5
1 7 16 120.02 0.0686 82.1
1 7 17 486.70 0.0562 820.0
1 7 32 46.71 0.0875 687.2
1 7 25 130.30 0.0603 677.0
1 7 41 284.27 0.0719 738.4
1 7 38 301.53 0.0830 76.3
1 7 33 115.77 0.0978 855.2
1 7 41 45.89 0.1137 615.1
1 7 43 238.02 0.0594 932.8
1 7 26 128.52 0.0601 922.0
1 7 24 98.11 0.0386 194.1
1 7 34 290.36 0.0555 20.6
1 7 18 101.67 0.0579 206.3
1 7 30 136.69 0.0840 832.0
1 7 29 51.48 0.0884 446.1
1 7 17 49.24 0.1186 924.1
1 7 17 116.08 0.0550 793.7
1 7 41 66.14 0.0815 658.8
1 7 30 82.15 0.0876 947.8
1 7 18 55.15 0.1179 267.2
1 7 29 51.08 0.0840 588.4
1 7 24 223.00 0.0702 620.4
1 7 28 100.53 0.0806 40.4
1 7 16 160.42 0.0559 36.7
1 7 40 134.57 0.0870 660.2
1 7 21 87.96 0.1167 940.3
1 7 18 99.66 0.0507 55.4
1 7 39 89.17 0.0565 141.5
1 7 34 119.02 0.0973 446.0
1 7 15 50.85 0.0787 585.8
1 7 15 81.86 0.0721 497.9
1 7 23 75.28 0.0831 582.5
1 7 32 201.27 0.0678 636.3
1 7 17 76.83 0.0717 65.1
1 7 23 493.33 0.0471 919.2
1 7 27 127.36 0.0663 305.4
1 7 16 91.47 0.0575 684.2
1 7 37 66.40 0.0911 214.0
1 7 32 111.14 0.0768 710.7
1 7 34 45.63 0.1096 483.8
1 7 21 116.60 0.0688 927.1
1 7 29 198.48 0.0582 922.8
1 7 22 50.30 0.0729 921.0
1 7 26 74.73 0.0720 578.8
1 7 41 262.59 0.0652 813.6
1 7 21 73.62 0.1194 773.9
1 7 40 78.37 0.0707 371.9
1 7 45 138.90 0.0722 40.5
1 7 38 88.93 0.0736 633.3
1 7 17 381.37 0.0636 61.5
1 7 35 48.30 0.1116 31.2
1 7 19 62.02 0.0764 750.0
1 7 38 354.79 0.0445 816.5
1 7 38 112.38 0.0564 340.6
1 7 28 97.22 0.1048 457.5
1 7 38 71.03 0.1026 745.8
1 7 18 57.67 0.0709 769.7
1 7 18 52.36 0.0539 146.9
1 7 18 185.76 0.0705 749.7
1 7 20 52.66 0.1328 959.1
1 7 25 77.76 0.1123 394.3
1 7 14 60.43 0.1035 762.5
1 7 35 110.48 0.0800 703.6
1 7 40 233.44 0.0701 781.0
1 7 34 105.80 0.0795 571.1
1 7 29 170.80 0.0502 136.0
1 7 41 123.20 0.0774 387.2
1 7 35 115.54 0.0757 889.5
1 7 23 272.08 0.0668 777.4
1 7 24 144.21 0.0872 808.1
1 7 30 140.52 0.0743 772.0
1 7 16 454.40 0.0533 182.8
1 7 20 107.02 0.0430 639.2
1 7 14 88.35 0.1320 435.2
1 7 34 104.06 0.0747 568.2
1 7 28 52.86 0.0839 587.0
1 7 31 138.03 0.0687 688.0
1 7 24 52.07 0.1216 570.0
1 7 30 55.34 0.1197 944.1
1 7 21 296.45 0.0505 622.5
1 7 38 84.92 0.0950 715.0
1 7 17 132.99 0.0345 289.3
1 7 13 124.87 0.0299 799.1
1 7 35 87.20 0.1137 416.4
1 7 37 94.26 0.0778 724.2
1 7 13 126.79 0.0509 681.5
1 7 20 138.64 0.0610 302.7
1 7 16 46.74 0.0514 619.6
1 7 16 59.80 0.0722 111.9
1 7 31 74.69 0.0818 389.9
1 7 31 146.18 0.0663 246.9
1 7 35 85.18 0.0989 479.0
1 7 30 75.58 0.0947 459.0
1 7 22 126.22 0.0702 939.4
1 7 41 177.49 0.0813 160.9
1 7 21 314.66 0.0993 657.9
1 7 36 117.71 0.0830 802.4
1 7 19 49.93 0.0632 170.2
1 7 30 71.85 0.0868 544.4
1 7 19 47.09 0.1591 948.2
1 7 26 152.17 0.1236 686.9
1 7 14 127.95 0.0560 744.3
1 7 30 66.26 0.0658 317.2
1 7 15 267.59 0.1242 478.0
1 7 33 218.76 0.0695 486.9
1 7 14 175.40 0.0563 86.3
1 7 16 443.34 0.0562 911.0
1 7 27 124.42 0.0858 56.5
1 7 21 169.54 0.0586 504.5
1 7 35 195.80 0.0665 235.0
1 7 33 59.12 0.1033 794.5
1 7 39 129.09 0.0714 833.6
1 7 26 95.43 0.1001 871.0
1 7 36 179.79 0.0632 707.0
1 7 16 306.20 0.0391 39.1
1 7 14 128.78 0.0512 705.0
1 7 17 51.05 0.0782 530.5
1 7 29 61.20 0.1056 17.0
1 7 24 172.67 0.0409 747.4
1 7 32 100.71 0.1653 82.7
1 7 43 200.91 0.0599 197.0
1 7 19 140.14 0.0518 550.4
1 7 37 99.15 0.0818 99.6
1 7 32 240.56 0.0711 656.2
1 7 34 80.72 0.0565 78.5
1 7 19 79.47 0.0629 497.0
1 7 45 89.73 0.0588 155.5
1 7 33 83.91 0.0883 667.3
1 7 36 77.67 0.0853 700.7
1 7 20 338.15 0.0663 689.7
1 7 39 231.29 0.0580 694.5
1 7 23 239.99 0.0473 48.3
1 7 32 170.67 0.0591 723.9
1 7 26 104.44 0.0654 326.1
1 7 18 505.19 0.0500 611.2
1 7 33 81.55 0.0850 90.7
1 7 15 47.51 0.0650 679.0
1 7 24 103.27 0.0578 936.6
1 7 16 143.48 0.0793 43.4
1 7 30 276.05 0.0666 59.9
1 7 16 156.60 0.0257 115.1
1 7 35 76.50 0.0811 195.0
1 7 39 233.59 0.0623 427.7
1 7 20 55.64 0.0493 60.0
1 7 39 61.56 0.0631 707.5
1 7 26 117.75 0.0622 856.2
1 7 22 112.31 0.0595 916.0
1 7 26 86.22 0.0725 495.8
1 7 39 163.06 0.0663 214.3
1 7 26 250.70 0.0436 929.9
1 7 36 93.76 0.0767 226.6
1 7 29 132.23 0.0730 744.8
1 7 39 45.61 0.1368 792.9
1 7 21 46.49 0.0847 101.0
1 7 14 68.47 0.0459 94.7
1 7 15 222.18 0.0320 558.5
1 7 30 45.32 0.1167 401.3
1 7 29 120.29 0.0682 308.4
1 7 35 243.57 0.0666 90.8
1 7 34 215.43 0.0627 200.0
1 7 34 181.27 0.0572 61.7
1 7 27 58.82 0.1085 664.8
1 7 35 297.65 0.0797 789.9
1 7 38 72.80 0.1011 399.4
1 7 19 106.65 0.0593 293.3
1 7 28 48.09 0.1219 409.7
1 7 37 85.89 0.0928 577.0
1 7 25 166.67 0.0557 630.3
1 7 16 48.61 0.1401 642.8
1 7 32 95.38 0.0832 441.1
1 7 28 52.53 0.1064 104.9
1 7 29 52.54 0.1012 610.4
1 7 31 119.66 0.1022 490.3
1 7 17 204.47 0.0515 628.5
1 7 24 95.92 0.0490 492.0
1 7 13 199.63 0.0361 155.4
1 7 39 112.87 0.0945 869.2
1 7 29 255.18 0.0700 921.5
1 7 44 187.52 0.0605 765.1
1 7 37 184.14 0.0730 721.8
1 7 25 295.67 0.0856 927.0
1 7 24 105.12 0.0462 651.5
1 7 19 102.69 0.0603 378.1
1 7 15 177.50 0.0542 658.2
1 7 23 46.13 0.1197 472.7
1 7 19 190.04 0.0399 46.6
1 7 14 91.01 0.0408 504.5
1 7 30 72.04 0.1091 262.4
1 7 27 163.55 0.0474 680.9
1 7 15 64.14 0.1015 637.1
1 7 40 240.84 0.0807 914.6
1 7 27 110.70 0.0897 22.1
1 7 15 59.06 0.0719 306.2
1 7 19 83.09 0.0836 98.7
1 7 13 126.00 0.0645 891.6
1 7 27 59.46 0.1059 735.5
1 7 16 160.68 0.0647 611.0
1 7 17 135.32 0.1175 404.6
1 7 15 268.67 0.0467 106.5
1 7 15 73.79 0.0580 803.7
1 7 18 88.66 0.0669 151.2
1 7 21 56.26 0.0996 927.9
1 7 34 115.21 0.0721 256.5
1 7 15 137.86 0.0595 949.7
1 7 24 105.18 0.0769 433.3
1 7 30 100.43 0.0753 712.5
1 7 32 61.85 0.0922 857.8
1 7 15 48.85 0.0719 141.1
1 7 21 89.76 0.1079 660.4
1 7 13 64.66 0.0637 12.5
1 7 21 57.13 0.1166 598.5
1 7 18 61.15 0.0419 687.3
1 7 28 72.31 0.1169 824.4
1 7 15 47.74 0.0768 305.3
1 7 19 109.10 0.0705 645.8
1 7 18 87.11 0.0559 614.9
1 7 16 77.04 0.0833 964.6
1 7 29 56.61 0.1110 177.0
1 7 17 130.57 0.0683 819.1
1 7 15 54.01 0.0475 515.4
1 7 19 49.56 0.1047 776.4
1 7 22 64.36 0.0737 299.6
1 7 16 54.80 0.0674 467.6
1 7 15 97.76 0.0660 794.4
1 7 17 58.95 0.0447 921.5
1 7 15 54.62 0.0950 499.6
1 8 34 104.14 0.0798 399.0
1 8 38 85.62 0.1303 59.3
1 8 32 472.02 0.0704 557.5
1 8 18 130.79 0.0662 639.4
1 8 27 61.07 0.1201 469.2
1 8 37 54.60 0.0691 947.4
1 8 27 101.22 0.0580 244.7
1 8 30 84.27 0.1075 545.7
1 8 36 173.20 0.0789 542.6
1 8 21 70.89 0.1074 691.4
1 8 16 95.69 0.0545 215.2
1 8 29 157.82 0.0716 506.4
1 8 17 212.28 0.0674 173.0
1 8 18 81.35 0.0770 76.0
1 8 32 177.00 0.0927 487.6
1 8 36 70.64 0.1059 916.9
1 8 16 186.28 0.0669 129.4
1 8 26 112.17 0.0877 394.4
1 8 31 100.56 0.1083 261.5
1 8 24 178.61 0.0561 597.5
1 8 20 113.35 0.0590 186.2
1 8 31 86.53 0.1088 538.4
1 8 17 756.09 0.0323 819.8
1 8 26 71.38 0.1457 61.9
1 8 30 188.05 0.0577 533.8
1 8 41 156.19 0.0998 831.0
1 8 37 148.22 0.0908 578.5
1 8 32 288.80 0.0524 177.9
1 8 27 159.30 0.0809 482.0
1 8 34 89.59 0.0760 42.2
1 8 24 61.11 0.1588 938.0
1 8 18 306.56 0.0669 493.3
1 8 17 307.52 0.0492 909.4
1 8 22 137.72 0.0575 894.7
1 8 33 117.95 0.0843 617.5
1 8 25 165.70 0.0859 291.5
1 8 25 74.27 0.1346 679.5
1 8 25 56.55 0.1250 276.8
1 8 22 55.71 0.1124 286.0
1 8 30 224.44 0.0721 355.7
1 8 22 167.32 0.0471 476.9
1 8 27 98.61 0.0928 75.3
1 8 31 178.74 0.0596 173.9
1 8 35 130.62 0.0580 625.4
1 8 13 587.14 0.1442 460.1
1 8 19 86.39 0.0404 78.4
1 8 18 98.07 0.0704 43.0
1 8 22 96.31 0.0827 478.2
1 8 20 138.61 0.0457 42.1
1 8 36 152.01 0.0649 153.9
1 8 41 297.07 0.0823 535.3
1 8 16 111.20 0.0504 183.0
1 8 22 67.89 0.1149 845.0
1 8 24 96.08 0.1120 238.5
1 8 17 140.42 0.0587 589.8
1 8 24 81.68 0.0754 236.3
1 8 17 216.98 0.0787 39.0
1 8 33 220.02 0.0684 904.1
1 8 32 151.39 0.0589 255.0
1 8 30 234.32 0.0691 577.0
1 8 23 74.22 0.0882 841.5
1 8 13 129.17 0.1080 665.5
1 8 31 117.71 0.0919 195.3
1 8 30 120.17 0.0961 246.1
1 8 30 113.69 0.0974 136.4
1 8 13 75.48 0.0330 423.5
1 8 27 152.32 0.0488 126.2
1 8 40 134.90 0.0631 717.4
1 8 43 204.01 0.0590 247.8
1 8 26 1081.61 0.0790 113.2
1 8 31 60.14 0.0927 322.3
1 8 31 353.86 0.0767 653.4
1 8 22 141.52 0.0575 206.3
1 8 18 49.21 0.1187 545.3
1 8 24 106.71 0.0708 938.7
1 8 32 67.28 0.1077 863.2
1 8 32 332.41 0.0813 917.8
1 8 31 119.79 0.0722 63.6
1 8 40 76.85 0.0990 558.4
1 8 20 832.88 0.0862 100.2
1 8 37 147.35 0.0653 239.0
1 8 23 68.98 0.0955 928.2
1 8 21 91.98 0.1049 906.1
1 8 21 71.15 0.0968 657.0
1 8 33 257.45 0.0707 545.7
1 8 30 129.81 0.0731 237.3
1 8 31 66.46 0.0933 173.9
1 8 20 60.77 0.1157 709.3
1 8 18 80.78 0.1498 418.6
1 8 29 58.04 0.1033 259.2
1 8 28 48.09 0.1456 517.7
1 8 29 138.28 0.0744 923.3
1 8 15 132.06 0.0508 250.5
1 8 37 63.75 0.1201 318.4
1 8 30 221.23 0.0528 198.3
1 8 36 86.18 0.0925 237.7
1 8 28 165.70 0.0676 168.3
1 8 31 53.48 0.1229 309.3
1 8 29 157.46 0.0708 408.8
1 8 34 275.18 0.0504 69.0
1 8 41 135.25 0.0732 412.4
1 8 23 173.52 0.0820 255.5
1 8 23 463.25 0.0456 186.0
1 8 17 58.61 0.1429 412.1
1 8 41 126.69 0.0685 333.8
1 8 42 363.46 0.0593 325.0
1 8 31 552.95 0.0676 211.3
1 8 37 150.35 0.0746 546.0
1 8 44 207.26 0.0817 575.2
1 8 22 104.36 0.1238 547.8
1 8 42 90.97 0.0900 238.6
1 8 15 48.14 0.1088 915.5
1 8 40 184.68 0.0944 434.6
1 8 38 112.92 0.0957 453.5
1 8 38 123.27 0.0925 231.7
1 8 33 71.67 0.1075 464.5
1 8 22 77.52 0.0552 899.0
1 8 29 117.70 0.0946 45.2
1 8 39 70.15 0.1023 253.2
1 8 15 158.51 0.0400 272.5
1 8 27 119.28 0.0835 357.6
1 8 37 117.87 0.0851 239.1
1 8 30 163.12 0.0894 900.4
1 8 41 50.82 0.1208 637.7
1 8 31 106.51 0.0627 433.1
1 8 23 281.56 0.0675 93.6
1 8 16 53.78 0.0778 544.8
1 8 38 186.13 0.0810 890.4
1 8 17 62.81 0.0719 137.1
1 8 16 1016.17 0.0692 224.0
1 8 40 48.65 0.1345 599.5
1 8 25 340.67 0.1042 316.3
1 8 26 57.70 0.1146 735.7
1 8 32 62.79 0.0968 272.1
1 8 39 150.66 0.0563 656.5
1 8 37 70.65 0.0778 382.5
1 8 42 161.44 0.0686 839.6
1 8 30 74.83 0.0906 530.0
1 8 38 48.19 0.1089 220.0
1 8 34 58.98 0.0996 742.3
1 8 16 382.87 0.0367 866.1
1 8 19 46.59 0.1211 162.0
1 8 39 257.93 0.0588 422.8
1 8 32 88.24 0.0817 163.9
1 8 36 84.03 0.0893 834.1
1 8 24 53.06 0.0999 329.7
1 8 39 136.07 0.0645 927.3
1 8 34 118.99 0.1177 331.5
1 8 15 114.93 0.0431 324.1
1 8 28 94.35 0.1005 706.3
1 8 20 241.61 0.0594 174.2
1 8 26 58.88 0.0999 157.3
1 8 18 103.37 0.0770 547.8
1 8 40 148.61 0.0704 521.8
1 8 38 164.14 0.0712 467.6
1 8 36 104.82 0.0824 16.6
1 8 40 99.41 0.0890 378.0
1 8 29 71.56 0.0984 295.5
1 8 27 308.96 0.0619 96.6
1 8 22 56.00 0.1275 91.7
1 8 17 58.20 0.0739 364.0
1 8 19 47.22 0.1228 451.0
1 8 37 104.70 0.0814 183.8
1 8 43 107.14 0.1165 641.4
1 8 14 98.47 0.1615 550.6
1 8 20 63.71 0.0886 210.5
1 8 32 104.51 0.0730 632.5
1 8 27 92.57 0.0694 287.2
1 8 39 106.05 0.0657 400.1
1 8 45 209.62 0.0495 544.0
1 8 44 313.65 0.0680 113.5
1 8 41 269.24 0.0604 868.5
1 8 40 81.81 0.1139 476.4
1 8 44 129.77 0.0836 324.1
1 8 37 102.76 0.0777 330.3
1 8 36 157.10 0.0755 192.9
1 8 25 47.11 0.1092 100.7
1 8 30 63.68 0.1184 632.9
1 8 35 78.20 0.0993 157.3
1 8 39 252.94 0.0710 357.2
1 8 29 262.88 0.0793 251.4
1 8 44 96.02 0.1029 322.0
1 8 38 138.14 0.0781 212.5
1 8 40 234.02 0.0769 308.5
1 8 28 129.09 0.0424 928.1
1 8 38 340.80 0.0885 72.0
1 8 40 381.77 0.0553 587.3
1 8 40 207.18 0.0614 496.2
1 8 36 125.69 0.1186 64.2
1 8 41 59.53 0.1235 618.5
1 8 42 285.52 0.0655 182.8
1 8 17 80.26 0.0753 52.6
1 8 36 364.64 0.0603 267.9
1 8 40 131.39 0.0830 336.5
1 8 32 432.44 0.0579 546.3
1 8 33 78.54 0.1080 220.4
1 8 36 206.01 0.0520 199.6
1 8 41 98.96 0.0936 554.9
1 8 38 125.74 0.0668 202.5
1 8 34 385.18 0.0536 252.2
1 8 23 58.17 0.1039 634.0
1 8 32 106.58 0.0918 673.5
1 8 38 116.13 0.0783 575.7
1 8 33 100.36 0.0708 81.1
1 8 20 110.50 0.0628 465.7
1 8 42 127.91 0.0833 599.6
1 8 25 103.30 0.0966 892.7
1 8 23 237.50 0.0549 936.8
1 8 32 72.73 0.1122 871.4
1 8 30 65.64 0.0845 259.6
1 8 25 61.25 0.1221 241.1
1 8 18 276.88 0.0577 65.5
1 8 31 99.15 0.0847 446.1
1 8 31 49.48 0.0761 636.0
1 8 15 328.80 0.0976 372.0
1 8 41 141.02 0.0761 263.8
1 8 35 137.62 0.0545 96.2
1 8 29 89.81 0.0895 933.4
1 8 31 254.41 0.0695 630.3
1 8 34 102.86 0.0823 466.5
1 8 14 286.45 0.0824 189.0
1 8 25 105.87 0.0782 247.5
1 8 29 168.82 0.0667 133.8
1 8 33 232.01 0.0535 404.1
1 8 36 91.31 0.0804 439.6
1 8 17 268.97 0.0639 514.4
1 8 31 56.67 0.1010 274.5
1 8 16 122.45 0.0523 58.8
1 8 33 66.00 0.1086 597.1
1 8 35 74.68 0.1057 378.5
1 8 33 76.64 0.0890 44.4
1 8 30 848.65 0.0426 305.0
1 8 21 80.51 0.0603 308.0
1 8 20 99.48 0.0881 217.6
1 8 39 60.86 0.0944 603.2
1 8 40 201.92 0.0727 651.7
1 8 28 70.63 0.1002 207.0
1 8 23 67.78 0.1485 528.5
1 8 35 151.73 0.0746 930.7
1 8 19 98.92 0.0532 533.6
1 8 42 165.71 0.0823 273.0
1 8 31 127.09 0.0626 487.2
1 8 44 240.29 0.0576 347.2
1 8 41 105.94 0.0945 86.3
1 8 32 60.93 0.0831 587.3
1 8 26 117.36 0.0819 255.7
1 8 36 80.71 0.0974 357.4
1 8 31 53.65 0.0653 562.8
1 8 17 76.33 0.0463 26.7
1 8 33 83.47 0.0919 579.2
1 8 39 526.91 0.0505 119.9
1 8 23 417.83 0.1044 83.2
1 8 36 83.53 0.0649 529.1
1 8 41 127.12 0.0821 610.8
1 8 41 144.95 0.0823 589.4
1 8 14 249.90 0.0222 889.0
1 8 23 209.28 0.0683 23.9
1 8 29 70.53 0.0817 42.0
1 8 36 151.17 0.0614 179.3
1 8 25 49.86 0.1328 212.6
1 8 28 49.23 0.0900 493.5
1 8 41 180.77 0.0596 258.8
1 8 42 172.90 0.0798 664.8
1 8 17 87.99 0.0402 877.8
1 8 29 119.42 0.0562 405.9
1 8 41 70.73 0.0765 763.3
1 8 28 99.86 0.0836 338.4
1 8 26 93.22 0.0573 89.4
1 8 42 167.11 0.1035 613.5
1 8 34 222.98 0.0872 596.3
1 8 31 107.09 0.0602 235.3
1 8 29 145.28 0.0564 752.3
1 8 36 137.76 0.0960 916.0
1 8 37 106.96 0.0642 600.0
1 8 23 65.82 0.0654 172.5
1 8 32 59.85 0.0937 525.8
1 8 32 236.39 0.0555 259.7
1 8 34 194.48 0.0648 200.2
1 8 19 255.28 0.0472 102.9
1 8 28 57.77 0.0810 403.0
1 8 31 46.03 0.0789 110.0
1 8 42 121.27 0.0726 592.3
1 8 36 116.26 0.0650 459.6
1 8 25 55.32 0.1063 416.0
1 8 35 125.52 0.0880 289.2
1 8 22 49.50 0.1256 193.4
1 8 28 52.32 0.0746 91.5
1 8 38 49.62 0.0929 608.7
1 8 37 205.56 0.0699 354.0
1 8 27 192.85 0.0416 314.8
1 8 22 179.73 0.0519 518.1
1 8 20 75.37 0.1435 141.9
1 8 31 87.93 0.0758 646.9
1 8 13 89.42 0.0354 109.0
1 8 38 160.68 0.0580 482.5
1 8 38 87.37 0.0744 189.0
1 8 35 72.75 0.0748 123.2
1 8 27 94.65 0.0705 89.5
1 8 29 77.67 0.1140 113.3
1 8 36 146.68 0.0570 576.4
1 8 39 77.99 0.1272 175.5
1 8 34 126.35 0.0685 67.9
1 8 35 215.95 0.0767 527.1
1 8 20 218.08 0.0537 274.3
1 8 39 72.34 0.0935 291.2
1 8 48 161.64 0.0587 858.6
1 8 20 239.54 0.0547 102.5
1 8 21 81.91 0.0944 341.8
1 8 21 66.84 0.0981 959.7
1 8 22 85.89 0.0830 208.5
1 8 29 105.37 0.1208 533.5
1 8 29 71.30 0.0750 0.1
1 8 42 89.59 0.0854 525.7
1 8 45 86.77 0.1152 214.9
1 8 32 61.24 0.1332 926.5
1 8 21 199.56 0.0396 175.1
1 8 31 170.17 0.0554 273.0
1 8 17 52.59 0.0827 647.1
1 8 22 1251.74 0.0535 515.7
1 8 34 150.17 0.0930 68.9
1 8 23 56.42 0.1256 599.7
1 8 17 45.60 0.0849 165.6
1 8 17 281.39 0.0331 525.7
1 8 30 142.05 0.0961 407.5
1 8 32 110.01 0.0846 431.1
1 8 29 52.24 0.1114 272.3
1 8 30 111.17 0.0685 309.7
1 8 26 69.38 0.0961 308.0
1 8 27 143.02 0.0841 51.8
1 8 25 70.32 0.1110 443.7
1 8 24 125.73 0.0825 299.5
1 8 15 167.79 0.0745 254.6
1 8 17 67.03 0.0541 894.2
1 8 21 236.82 0.0533 109.1
1 8 26 91.28 0.1010 401.8
1 8 20 59.57 0.0820 312.4
1 8 21 49.87 0.0939 270.9
1 8 14 73.78 0.0431 510.1
1 8 17 71.92 0.1011 449.1
1 8 26 48.07 0.1191 857.0
1 8 23 89.14 0.1049 11.9
1 8 13 47.34 0.1098 285.6
1 8 13 47.34 0.1336 79.3
1 8 18 56.29 0.1012 448.8
1 8 13 123.73 0.1207 414.5
1 8 19 157.41 0.0506 761.1
1 8 16 94.90 0.0607 16.6
1 8 18 93.01 0.1233 249.9
1 8 15 141.04 0.0744 919.5
1 8 27 54.00 0.1159 615.7
1 8 28 56.50 0.1046 36.7
1 8 22 59.13 0.0983 412.6
1 8 21 67.37 0.0540 264.4
1 8 30 115.01 0.0449 315.1
1 8 17 77.81 0.0552 94.3
1 8 17 267.11 0.0804 515.4
1 8 31 128.38 0.0749 286.6
1 8 21 184.20 0.0419 543.1
1 8 13 59.49 0.0892 377.8
1 8 22 88.98 0.0644 536.0
1 8 16 113.00 0.0493 851.5
1 8 15 51.86 0.0971 578.4
1 8 19 172.56 0.0552 664.0
1 8 20 45.56 0.0812 903.2
1 8 18 55.76 0.0633 870.6
1 8 13 357.71 0.1036 526.2
1 8 18 196.76 0.1086 545.1
1 8 20 141.42 0.0603 87.9
1 8 19 135.47 0.0550 536.7
1 8 15 91.28 0.0561 191.0
1 8 30 121.24 0.0739 273.9
1 8 18 58.12 0.0830 230.8
1 8 42 105.50 0.1025 203.4
1 8 34 96.66 0.0990 696.0
1 8 33 68.51 0.0784 41.8
1 8 34 108.75 0.1178 326.6
1 8 15 140.16 0.0752 896.3
1 8 18 47.40 0.0573 21.5
1 8 19 89.79 0.1047 290.6
1 8 25 174.62 0.0580 956.4
1 8 22 67.49 0.0676 108.3
1 8 36 59.92 0.1170 219.2
1 8 20 533.15 0.0595 19.9
1 8 16 132.10 0.0450 280.4
1 8 19 167.34 0.0392 175.2
1 8 19 45.26 0.1108 425.4
1 8 17 60.65 0.0562 159.0
1 8 16 689.82 0.0765 572.0
1 9 35 260.11 0.0794 102.0
1 9 30 71.00 0.1126 897.7
1 9 40 108.17 0.0865 37.3
1 9 35 140.87 0.0819 348.9
1 9 27 174.30 0.0779 638.5
1 9 31 129.19 0.0847 903.8
1 9 17 83.77 0.0902 597.2
1 9 16 78.18 0.0687 335.5
1 9 23 158.36 0.1167 108.6
1 9 24 83.52 0.1177 705.0
1 9 28 160.74 0.0782 183.8
1 9 13 321.43 0.1379 755.0
1 9 24 201.67 0.0999 118.8
1 9 26 82.80 0.0804 79.1
1 9 16 179.14 0.1123 587.7
1 9 30 147.15 0.0670 283.5
1 9 32 81.57 0.0910 330.3
1 9 26 97.36 0.0836 314.4
1 9 28 189.94 0.0530 120.3
1 9 24 149.16 0.0620 211.1
1 9 34 101.13 0.1142 108.1
1 9 22 102.65 0.0850 173.6
1 9 24 143.26 0.0718 436.0
1 9 32 59.84 0.1102 470.6
1 9 20 132.81 0.0618 309.1
1 9 20 199.41 0.0629 77.8
1 9 17 406.89 0.0617 120.6
1 9 22 173.59 0.0389 639.5
1 9 34 88.39 0.1190 866.1
1 9 20 106.63 0.1247 151.4
1 9 33 104.63 0.0679 644.4
1 9 38 64.00 0.1197 372.6
1 9 33 229.80 0.0520 313.3
1 9 22 75.60 0.0844 945.9
1 9 17 131.20 0.0644 21.1
1 9 27 71.46 0.0899 51.3
1 9 37 62.99 0.1104 838.0
1 9 19 104.70 0.0707 76.5
1 9 16 69.24 0.1268 916.0
1 9 22 124.68 0.0808 166.9
1 9 36 67.95 0.1041 69.9
1 9 22 681.51 0.0666 553.7
1 9 23 155.13 0.0643 35.0
1 9 21 71.01 0.1431 769.1
1 9 16 134.18 0.0389 184.6
1 9 22 340.03 0.0448 615.1
1 9 33 58.94 0.1282 939.7
1 9 24 78.98 0.0714 489.1
1 9 22 70.36 0.1136 343.9
1 9 30 89.23 0.0800 503.2
1 9 22 291.37 0.0451 185.1
1 9 13 66.99 0.0835 603.5
1 9 23 164.73 0.0487 477.4
1 9 23 50.52 0.1196 842.4
1 9 31 62.49 0.1107 125.7
1 9 25 74.69 0.0844 236.6
1 9 30 201.08 0.0490 57.0
1 9 28 423.63 0.0766 140.0
1 9 25 203.71 0.0745 78.5
1 9 27 139.96 0.0763 273.5
1 9 26 134.68 0.0588 656.1
1 9 24 119.81 0.0666 236.8
1 9 20 156.14 0.0634 581.4
1 9 33 58.02 0.0957 264.9
1 9 15 99.08 0.0670 233.9
1 9 32 63.77 0.0933 575.4
1 9 23 70.15 0.0930 719.0
1 9 35 264.76 0.0439 360.6
1 9 25 59.51 0.0592 196.3
1 9 15 302.02 0.0509 15.4
1 9 24 48.43 0.1060 773.6
1 9 41 188.85 0.0505 464.6
1 9 34 117.08 0.0894 704.0
1 9 25 124.06 0.0712 744.9
1 9 15 64.55 0.1329 655.8
1 9 22 105.23 0.0565 643.2
1 9 19 164.75 0.0283 517.0
1 9 28 107.49 0.0816 98.6
1 9 27 126.79 0.0734 33.5
1 9 20 71.87 0.0705 93.9
1 9 30 114.80 0.0831 104.0
1 9 19 73.28 0.0696 933.8
1 9 20 55.26 0.0671 429.9
1 9 24 55.18 0.0835 96.0
1 9 25 58.63 0.0820 67.5
1 9 15 56.52 0.0991 399.5
1 9 26 129.41 0.1063 671.7
1 9 19 91.77 0.1182 86.8
1 9 29 79.90 0.0807 290.9
1 9 25 175.26 0.0488 43.8
1 9 28 96.43 0.0905 316.8
1 9 22 73.35 0.0780 274.2
1 9 27 120.46 0.0623 181.7
1 9 17 51.65 0.0919 392.9
1 9 15 103.79 0.0458 115.5
1 9 26 80.50 0.0692 615.2
1 9 43 217.31 0.0697 74.5
1 9 37 146.23 0.0768 389.5
1 9 36 103.87 0.0845 399.7
1 9 40 126.14 0.0694 571.7
1 9 37 191.18 0.0442 526.8
1 9 29 87.77 0.0822 228.3
1 9 43 128.15 0.0620 182.1
1 9 39 108.91 0.0785 367.0
1 9 36 70.17 0.1121 610.6
1 9 36 86.60 0.0779 517.2
1 9 35 95.67 0.0811 376.5
1 9 26 84.20 0.0742 471.6
1 9 28 158.40 0.0665 59.7
1 9 22 47.78 0.0841 286.0
1 9 27 58.94 0.0825 395.5
1 9 32 94.12 0.0780 422.8
1 9 23 480.12 0.0479 179.5
1 9 24 59.54 0.0767 357.7
1 9 41 126.24 0.0826 107.9
1 9 38 171.43 0.0809 948.0
1 9 35 148.17 0.0800 670.5
1 9 25 112.40 0.1023 86.9
1 9 30 83.24 0.0813 928.4
1 9 35 138.05 0.1045 494.2
1 9 18 707.97 0.1033 97.1
1 9 38 339.35 0.0739 9.0
1 9 40 153.72 0.0990 638.3
1 9 23 335.92 0.0485 28.0
1 9 45 186.60 0.0612 788.6
1 9 39 102.56 0.0671 474.2
1 9 40 210.26 0.0931 59.7
1 9 44 209.26 0.0653 67.7
1 9 44 166.51 0.0666 773.0
1 9 31 88.57 0.0914 781.0
1 9 28 196.07 0.0846 260.4
1 9 34 264.07 0.0702 280.8
1 9 33 65.43 0.1194 611.2
1 9 39 160.38 0.0890 51.4
1 9 21 58.79 0.0690 600.6
1 9 32 181.87 0.0756 68.4
1 9 32 112.31 0.0693 61.5
1 9 24 96.03 0.1258 768.6
1 9 39 158.12 0.0762 602.5
1 9 39 263.73 0.0760 598.1
1 9 36 135.70 0.0882 864.9
1 9 23 189.77 0.0854 212.5
1 9 38 181.21 0.0637 235.8
1 9 39 163.33 0.0751 113.4
1 9 36 241.18 0.0633 454.3
1 9 32 55.05 0.1021 660.5
1 9 35 110.88 0.0809 738.0
1 9 31 200.57 0.0508 78.8
1 9 19 91.83 0.0658 157.9
1 9 33 260.78 0.0744 34.4
1 9 18 121.23 0.0614 70.4
1 9 41 131.25 0.0881 877.2
1 9 30 133.40 0.0611 472.3
1 9 23 73.52 0.1288 210.4
1 9 38 200.36 0.0794 127.0
1 9 19 148.55 0.0522 892.8
1 9 43 93.28 0.0714 617.3
1 9 17 80.87 0.1129 451.4
1 9 40 111.11 0.0676 70.0
1 9 43 330.38 0.0641 300.0
1 9 41 251.27 0.0772 128.9
1 9 26 81.04 0.0718 637.0
1 9 41 95.82 0.0866 42.7
1 9 41 71.01 0.1097 14.4
1 9 38 112.69 0.0688 676.9
1 9 34 277.80 0.0685 95.4
1 9 37 79.92 0.1228 100.0
1 9 30 50.31 0.1220 663.1
1 9 40 88.88 0.0881 98.6
1 9 39 93.57 0.0620 845.1
1 9 16 81.68 0.1449 453.6
1 9 45 195.00 0.0603 901.4
1 9 14 78.06 0.0817 107.3
1 9 45 80.89 0.0676 203.4
1 9 19 159.01 0.0869 856.8
1 9 39 184.07 0.0758 380.2
1 9 27 45.03 0.0998 249.2
1 9 44 96.39 0.0886 548.9
1 9 26 98.15 0.1027 525.3
1 9 40 199.55 0.0808 296.9
1 9 42 216.95 0.0612 140.6
1 9 31 91.06 0.0852 95.4
1 9 43 98.21 0.0522 485.0
1 9 20 61.49 0.1269 871.2
1 9 16 59.12 0.0673 68.7
1 9 36 52.35 0.1149 489.6
1 9 29 58.71 0.0773 353.3
1 9 35 143.76 0.0726 98.9
1 9 30 137.90 0.0496 495.8
1 9 32 101.47 0.0554 248.9
1 9 32 96.19 0.0696 203.6
1 9 27 76.17 0.0593 367.7
1 9 39 91.44 0.0732 438.8
1 9 24 109.27 0.0678 98.7
1 9 20 85.66 0.0431 47.8
1 9 37 99.03 0.0828 233.8
1 9 39 193.38 0.0637 417.1
1 9 41 112.01 0.0827 418.1
1 9 37 105.44 0.0811 290.5
1 9 35 118.60 0.0768 37.4
1 9 34 72.66 0.1020 41.9
1 9 32 90.06 0.0907 930.2
1 9 38 109.06 0.0861 147.0
1 9 25 68.42 0.0726 34.0
1 9 45 84.92 0.0668 524.0
1 9 33 66.42 0.0906 18.9
1 9 23 48.20 0.1565 781.7
1 9 20 144.62 0.0678 55.9
1 9 20 69.00 0.0743 207.0
1 9 38 60.40 0.0847 14.7
1 9 40 85.86 0.0822 564.2
1 9 16 60.89 0.0736 496.6
1 9 14 81.07 0.0925 139.1
1 9 15 565.84 0.0586 41.5
1 9 35 276.11 0.0555 127.5
1 9 36 103.30 0.0894 592.6
1 9 26 71.96 0.1022 803.6
1 9 38 205.34 0.0646 353.4
1 9 26 98.14 0.0744 86.1
1 9 21 120.38 0.0675 44.6
1 9 41 49.62 0.1293 100.5
1 9 39 215.20 0.0582 609.5
1 9 29 96.61 0.0612 440.3
1 9 18 173.57 0.0620 939.2
1 9 19 157.11 0.0558 564.9
1 9 27 45.98 0.1311 27.4
1 9 28 46.30 0.1167 43.4
1 9 29 48.55 0.0975 280.8
1 9 17 144.19 0.0502 18.4
1 9 21 82.07 0.0666 336.2
1 9 28 70.65 0.0971 815.0
1 9 37 140.53 0.0763 244.5
1 9 37 156.62 0.0637 568.9
1 9 33 363.21 0.0552 97.4
1 9 32 118.46 0.0831 61.0
1 9 43 103.75 0.0950 330.3
1 9 30 73.41 0.1010 641.9
1 9 32 215.93 0.0531 63.1
1 9 27 79.04 0.0678 79.7
1 9 17 74.74 0.0584 187.7
1 9 42 60.27 0.1011 329.3
1 9 37 155.77 0.0779 493.4
1 9 28 74.21 0.0957 491.4
1 9 35 71.05 0.1305 120.4
1 9 17 92.65 0.0487 493.6
1 9 32 67.84 0.1053 867.5
1 9 30 70.44 0.0957 115.5
1 9 16 217.87 0.0435 935.1
1 9 28 101.17 0.0642 442.0
1 9 22 124.83 0.1152 136.7
1 9 33 627.82 0.0630 67.5
1 9 26 403.04 0.0728 41.1
1 9 27 234.39 0.0673 533.7
1 9 29 73.13 0.0992 717.1
1 9 14 72.60 0.1076 102.2
1 9 39 147.29 0.0957 100.9
1 9 42 120.65 0.1099 316.3
1 9 32 147.83 0.0758 469.0
1 9 38 234.84 0.0672 346.4
1 9 21 88.00 0.1164 109.9
1 9 33 96.71 0.0741 708.3
1 9 41 171.23 0.0786 571.6
1 9 37 141.11 0.0759 98.1
1 9 15 96.09 0.0436 546.5
1 9 19 65.36 0.0503 445.1
1 9 32 149.08 0.0683 239.0
1 9 44 104.38 0.0814 392.4
1 9 26 583.95 0.0852 98.0
1 9 20 158.26 0.0699 412.8
1 9 25 54.02 0.0504 468.3
1 9 36 55.50 0.1388 206.8
1 9 24 140.59 0.0585 22.4
1 9 34 58.75 0.1067 80.2
1 9 37 98.99 0.0831 723.8
1 9 31 120.53 0.0859 640.6
1 9 33 334.43 0.0659 285.8
1 9 30 72.94 0.1017 171.2
1 9 15 143.63 0.0688 245.5
1 9 31 196.92 0.0537 465.9
1 9 45 554.19 0.0665 222.2
1 9 36 279.28 0.0576 297.8
1 9 30 62.93 0.1052 258.8
1 9 38 84.65 0.0894 600.1
1 9 34 162.12 0.0671 460.8
1 9 13 176.22 0.1627 597.8
1 9 32 301.60 0.0706 116.9
1 9 27 124.51 0.0735 609.4
1 9 24 124.52 0.0538 324.7
1 9 40 146.58 0.1074 514.9
1 9 31 124.15 0.0706 525.6
1 9 23 93.51 0.1084 288.3
1 9 43 259.15 0.0889 132.5
1 9 31 131.60 0.0695 723.5
1 9 21 99.25 0.1052 198.4
1 9 33 118.18 0.0994 425.8
1 9 26 133.11 0.0579 332.9
1 9 17 76.70 0.0398 296.1
1 9 39 199.58 0.0594 232.6
1 9 45 124.24 0.0682 48.3
1 9 35 61.54 0.0862 95.8
1 9 36 68.75 0.0781 710.5
1 9 42 346.53 0.0698 143.1
1 9 37 89.48 0.0808 750.4
1 9 23 140.20 0.0734 99.1
1 9 28 457.04 0.1081 111.0
1 9 19 69.44 0.0961 256.7
1 9 32 61.44 0.0815 683.8
1 9 20 178.38 0.0725 920.0
1 9 37 82.64 0.1067 186.5
1 9 32 190.15 0.0575 713.6
1 9 38 46.27 0.0787 556.7
1 9 22 70.55 0.0842 335.0
1 9 36 129.24 0.0643 409.1
1 9 36 139.66 0.0830 699.4
1 9 14 288.82 0.0375 57.1
1 9 21 49.49 0.1101 115.0
1 9 40 312.73 0.0445 597.9
1 9 34 100.35 0.0603 476.3
1 9 25 89.42 0.1022 87.0
1 9 32 77.82 0.0870 735.3
1 9 23 60.14 0.1357 61.3
1 9 22 48.37 0.0998 669.7
1 9 24 170.52 0.0612 211.0
1 9 27 120.59 0.0755 807.1
1 9 35 87.07 0.1149 510.0
1 9 39 55.74 0.1132 110.5
1 9 34 85.82 0.0955 224.5
1 9 32 184.55 0.0791 239.3
1 9 37 54.62 0.1339 919.6
1 9 21 69.10 0.0942 468.5
1 9 13 85.49 0.0790 948.1
1 9 44 86.07 0.0859 291.5
1 9 28 130.24 0.0750 385.7
1 9 16 403.17 0.0491 32.9
1 9 21 55.27 0.0575 27.3
1 9 39 132.57 0.0658 227.8
1 9 29 97.79 0.0793 801.9
1 9 25 187.90 0.0587 23.0
1 9 42 48.55 0.0833 419.0
1 9 43 115.24 0.0664 183.7
1 9 32 134.25 0.0891 232.6
1 9 32 211.06 0.0577 719.2
1 9 39 109.83 0.0871 60.5
1 9 23 120.51 0.0790 604.5
1 9 31 185.06 0.0639 344.2
1 9 35 125.12 0.0747 102.6
1 9 39 94.43 0.0959 136.7
1 9 14 197.18 0.0832 315.1
1 9 17 230.64 0.0680 89.8
1 9 35 48.64 0.0926 113.1
1 9 30 72.36 0.0867 116.3
1 9 27 159.00 0.0596 40.8
1 9 29 108.56 0.0579 72.7
1 9 21 104.27 0.0575 281.7
1 9 41 110.15 0.0702 178.6
1 9 34 57.25 0.0977 786.1
1 9 40 77.82 0.0908 83.1
1 9 26 124.79 0.0694 66.5
1 9 33 173.33 0.0829 418.3
1 9 34 104.18 0.0999 614.0
1 9 35 98.06 0.0707 512.7
1 9 40 353.61 0.0622 129.1
1 9 16 89.60 0.0680 41.9
1 9 23 51.86 0.0940 67.3
1 9 30 92.87 0.0901 201.1
1 9 31 100.98 0.0680 792.0
1 9 31 118.15 0.1030 25.1
1 9 21 86.32 0.0674 55.9
1 9 34 47.69 0.1005 199.6
1 9 31 116.66 0.0728 77.0
1 9 27 179.36 0.1067 694.7
1 9 36 373.46 0.0767 326.5
1 9 33 84.86 0.0863 98.1
1 9 29 238.10 0.0526 38.6
1 9 42 91.90 0.0914 610.4
1 9 24 169.72 0.0511 436.4
1 9 24 104.18 0.1176 580.3
1 9 22 127.40 0.0603 200.2
1 9 26 102.32 0.1033 360.9
1 9 35 117.13 0.0903 139.2
1 9 16 111.68 0.0546 623.7
1 9 29 86.17 0.0768 31.6
1 9 16 529.04 0.0387 290.1
1 9 29 340.33 0.0916 139.0
1 9 22 86.33 0.1017 793.5
1 9 16 103.96 0.0372 215.8
1 9 22 51.67 0.1346 227.6
1 9 31 94.76 0.1108 191.7
1 9 19 246.20 0.0734 186.4
1 9 16 78.19 0.0624 383.0
1 9 23 124.58 0.0587 183.1
1 9 18 46.33 0.1164 297.3
1 9 21 76.99 0.0806 563.6
1 9 16 59.23 0.0620 570.3
1 9 13 124.71 0.0457 288.9
1 9 22 102.37 0.0853 293.5
1 9 16 181.72 0.0374 683.5
1 9 26 48.01 0.1289 940.3
1 9 15 335.25 0.0523 12.8
1 9 19 47.22 0.1154 547.3
1 9 26 65.77 0.1010 105.2
1 9 21 55.34 0.0971 934.8
1 9 31 54.58 0.0906 129.6
1 9 13 140.15 0.1633 657.3
1 9 26 74.00 0.1132 879.3
1 9 27 48.40 0.0803 653.9
1 9 39 211.40 0.0573 518.6
1 9 17 649.26 0.0332 309.0
1 9 33 58.69 0.0991 83.0
1 9 21 241.17 0.0585 442.5
1 9 40 73.81 0.0738 236.3
1 9 37 344.86 0.0886 78.3
1 9 36 148.20 0.0830 134.2
1 9 37 121.64 0.0618 843.7
1 9 15 90.67 0.0558 565.0
1 9 21 113.96 0.0741 480.4
1 9 17 807.92 0.0398 64.0
1 9 13 75.03 0.0755 416.4
1 9 20 49.00 0.0618 446.5
1 9 19 109.92 0.0608 675.5
1 9 25 70.96 0.1206 203.8
1 9 15 56.67 0.1524 730.9
1 9 20 79.86 0.0623 570.3
1 9 33 97.37 0.0766 573.3
1 9 22 104.63 0.0694 330.7
1 9 39 107.68 0.0826 269.0
1 9 19 67.16 0.0877 114.8
1 9 25 153.70 0.0721 364.1
1 9 28 66.28 0.1036 147.0
1 9 27 161.08 0.0655 682.0
1 9 30 127.82 0.0756 89.7
1 9 16 79.22 0.0889 301.0
1 9 33 52.74 0.0852 174.3
1 9 22 95.77 0.0587 334.2
1 9 22 77.39 0.0913 180.1
1 9 26 187.28 0.0363 310.4
1 9 18 56.43 0.0536 582.4
1 9 17 235.35 0.0653 932.2
1 9 13 129.15 0.0640 555.9
1 9 15 243.45 0.0332 464.5
1 9 25 144.09 0.0533 656.8
1 9 17 113.57 0.0400 543.8
1 9 14 64.42 0.0682 196.1
1 9 24 185.45 0.0575 625.3
1 9 15 56.46 0.1412 678.7
1 10 31 103.61 0.1055 843.7
1 10 18 90.52 0.0957 892.2
1 10 45 125.81 0.0633 716.7
1 10 32 120.22 0.0698 388.2
1 10 28 192.74 0.0703 729.8
1 10 32 55.46 0.1363 451.4
1 10 24 179.86 0.0362 62.6
1 10 21 184.84 0.1220 774.0
1 10 26 66.40 0.1069 295.4
1 10 31 278.29 0.0715 436.4
1 10 14 70.47 0.0886 415.0
1 10 26 55.34 0.0908 466.4
1 10 15 138.27 0.0650 54.3
1 10 36 87.70 0.0899 875.0
1 10 30 75.04 0.1085 351.9
1 10 19 184.25 0.0767 672.7
1 10 24 75.84 0.0838 327.8
1 10 33 159.39 0.0729 402.8
1 10 20 71.84 0.0917 708.0
1 10 24 228.11 0.0949 745.6
1 10 24 165.23 0.0899 783.1
1 10 14 89.64 0.1239 26.3
1 10 22 142.91 0.0624 48.1
1 10 27 109.60 0.0826 863.0
1 10 16 373.24 0.0440 738.7
1 10 28 174.67 0.0719 817.1
1 10 25 79.53 0.0777 80.6
1 10 34 151.78 0.0668 196.8
1 10 32 118.73 0.0693 57.6
1 10 16 119.26 0.0420 55.4
1 10 24 79.16 0.0604 844.3
1 10 26 79.54 0.0925 831.9
1 10 17 161.03 0.0326 209.0
1 10 41 45.06 0.1220 861.0
1 10 17 91.93 0.0983 54.1
1 10 32 141.33 0.1031 308.2
1 10 29 109.24 0.0803 774.2
1 10 43 64.51 0.0862 397.0
1 10 18 53.15 0.0733 101.7
1 10 15 100.09 0.0933 784.1
1 10 18 123.48 0.0402 594.8
1 10 29 80.10 0.0763 945.2
1 10 30 55.45 0.1167 718.0
1 10 20 116.60 0.0677 267.1
1 10 28 129.30 0.0819 717.8
1 10 18 358.93 0.0978 475.7
1 10 21 89.93 0.0937 386.0
1 10 25 55.15 0.1128 400.9
1 10 18 69.58 0.0433 251.1
1 10 29 113.27 0.0770 50.3
1 10 24 78.24 0.0745 73.9
1 10 42 186.11 0.0616 436.7
1 10 19 119.21 0.0335 398.6
1 10 27 89.48 0.0601 418.1
1 10 25 128.91 0.0579 336.4
1 10 22 155.35 0.1299 276.3
1 10 34 52.02 0.1266 915.1
1 10 13 87.94 0.0622 310.0
1 10 43 108.04 0.0774 797.4
1 10 31 147.05 0.0967 496.3
1 10 14 153.03 0.0855 328.2
1 10 32 118.95 0.0757 836.0
1 10 31 190.63 0.0719 826.4
1 10 43 68.12 0.0952 952.3
1 10 36 73.89 0.1172 828.0
1 10 19 99.20 0.0787 495.6
1 10 23 109.17 0.0884 969.0
1 10 17 97.12 0.0786 247.6
1 10 38 86.42 0.0926 127.4
1 10 32 134.87 0.0704 140.2
1 10 18 77.30 0.0460 121.6
1 10 30 127.58 0.0970 908.0
1 10 30 118.72 0.0615 70.4
1 10 18 132.34 0.0645 92.2
1 10 37 157.83 0.0680 119.9
1 10 29 66.91 0.0827 170.1
1 10 19 113.39 0.0420 156.7
1 10 19 113.41 0.0496 806.1
1 10 20 645.97 0.0536 263.9
1 10 35 115.56 0.0819 640.9
1 10 31 452.13 0.0774 884.9
1 10 37 99.00 0.0961 345.1
1 10 22 232.09 0.1164 358.5
1 10 35 416.74 0.0599 831.3
1 10 28 56.77 0.1252 425.0
1 10 24 65.82 0.0889 289.1
1 10 26 167.68 0.0610 236.8
1 10 17 45.00 0.1515 834.6
1 10 23 47.35 0.1400 370.1
1 10 16 85.75 0.1040 668.1
1 10 39 86.56 0.0802 349.4
1 10 32 52.94 0.1050 834.1
1 10 23 104.72 0.1073 339.6
1 10 21 68.41 0.0855 47.5
1 10 17 215.32 0.0743 142.2
1 10 19 202.67 0.0619 227.0
1 10 15 57.65 0.0747 315.2
1 10 35 85.66 0.0958 742.7
1 10 21 396.56 0.0744 206.5
1 10 13 415.91 0.1008 801.3
1 10 39 98.41 0.0857 785.1
1 10 34 108.79 0.0627 329.1
1 10 42 343.96 0.0627 841.0
1 10 29 124.60 0.0893 674.0
1 10 31 68.18 0.0814 654.3
1 10 36 51.87 0.1061 850.8
1 10 32 100.15 0.0718 348.7
1 10 36 85.27 0.1004 446.2
1 10 37 173.65 0.0768 101.5
1 10 40 147.48 0.0737 743.2
1 10 41 70.55 0.0845 496.4
1 10 31 70.01 0.1036 437.9
1 10 40 103.88 0.0933 667.1
1 10 28 69.79 0.1196 778.4
1 10 21 132.84 0.0519 720.0
1 10 39 189.69 0.0705 795.1
1 10 14 126.00 0.0695 657.8
1 10 32 71.89 0.1117 855.4
1 10 32 113.90 0.0938 341.6
1 10 43 262.08 0.0587 761.5
1 10 34 107.17 0.0829 151.8
1 10 19 50.17 0.1022 705.3
1 10 35 54.76 0.0963 870.7
1 10 36 87.16 0.0846 303.1
1 10 38 187.71 0.0726 797.5
1 10 28 104.38 0.0594 836.5
1 10 34 134.96 0.0613 835.3
1 10 37 66.78 0.1176 859.5
1 10 31 82.53 0.1213 856.6
1 10 32 72.48 0.0792 723.9
1 10 33 50.58 0.0944 766.9
1 10 30 106.38 0.0877 696.4
1 10 16 124.96 0.0672 388.4
1 10 27 57.31 0.1072 323.7
1 10 21 164.76 0.1006 353.0
1 10 23 58.58 0.1154 93.9
1 10 27 130.42 0.0510 679.2
1 10 28 125.96 0.0705 401.5
1 10 38 96.17 0.0695 86.2
1 10 22 127.50 0.1050 309.6
1 10 29 212.28 0.0691 654.2
1 10 31 102.81 0.0856 849.6
1 10 25 59.48 0.0803 230.7
1 10 25 57.55 0.0972 752.3
1 10 30 71.61 0.0872 273.7
1 10 19 77.62 0.1031 788.7
1 10 20 48.84 0.0515 329.6
1 10 37 160.39 0.0615 228.0
1 10 41 103.10 0.0872 356.5
1 10 32 95.47 0.0934 579.4
1 10 19 73.58 0.0854 277.2
1 10 21 56.16 0.0734 72.1
1 10 28 416.74 0.0532 708.2
1 10 20 85.42 0.1025 932.6
1 10 14 63.05 0.0683 165.7
1 10 24 215.96 0.0719 797.0
1 10 20 46.93 0.1149 230.3
1 10 23 473.85 0.0565 711.3
1 10 40 94.95 0.0733 125.2
1 10 29 92.03 0.0613 431.1
1 10 41 188.34 0.0554 529.0
1 10 18 85.72 0.0513 374.6
1 10 18 46.55 0.0558 838.2
1 10 32 118.19 0.0841 807.7
1 10 30 51.13 0.0957 771.6
1 10 25 66.96 0.0847 654.6
1 10 17 370.36 0.0929 770.6
1 10 18 71.87 0.0534 267.9
1 10 27 159.74 0.0597 813.4
1 10 24 77.49 0.0591 387.7
1 10 18 378.07 0.1056 348.3
1 10 27 308.46 0.0546 428.9
1 10 30 87.82 0.0656 803.0
1 10 21 131.53 0.0604 403.2
1 10 43 79.89 0.0861 839.4
1 10 45 94.83 0.0959 772.9
1 10 39 115.70 0.0887 730.0
1 10 36 130.99 0.0846 484.1
1 10 37 54.29 0.1239 386.6
1 10 33 199.31 0.0614 380.0
1 10 26 93.46 0.0539 328.5
1 10 33 76.18 0.1027 399.0
1 10 30 176.63 0.0600 81.9
1 10 40 124.72 0.0966 866.1
1 10 34 165.09 0.0725 195.5
1 10 19 170.43 0.0839 895.4
1 10 37 99.32 0.0794 150.4
1 10 27 120.25 0.0815 857.4
1 10 23 48.04 0.1204 830.1
1 10 24 90.72 0.0851 639.4
1 10 39 234.21 0.0833 864.5
1 10 35 67.07 0.1133 154.3
1 10 35 205.72 0.0644 955.9
1 10 38 138.20 0.0771 699.5
1 10 39 67.49 0.1004 493.3
1 10 36 123.81 0.1005 715.5
1 10 38 80.42 0.0945 895.2
1 10 20 142.26 0.0724 959.4
1 10 25 51.07 0.0609 689.5
1 10 22 135.50 0.0751 839.4
1 10 36 159.46 0.0752 668.5
1 10 18 216.20 0.0577 690.5
1 10 16 151.54 0.0944 907.3
1 10 34 47.97 0.1204 426.0
1 10 34 182.44 0.0856 778.2
1 10 22 141.95 0.1175 759.7
1 10 25 719.21 0.1030 799.6
1 10 35 218.07 0.0963 114.0
1 10 37 237.95 0.0700 413.3
1 10 24 158.99 0.0974 402.9
1 10 34 77.00 0.0953 608.0
1 10 27 83.23 0.1010 275.0
1 10 32 73.24 0.0993 146.0
1 10 34 233.81 0.0509 739.9
1 10 26 76.41 0.0521 562.5
1 10 37 122.58 0.0782 99.3
1 10 38 242.37 0.0450 405.7
1 10 40 259.25 0.0733 484.6
1 10 35 76.96 0.1170 853.8
1 10 26 52.21 0.1142 797.0
1 10 25 179.86 0.0568 52.4
1 10 36 173.89 0.0765 229.0
1 10 39 213.65 0.0611 743.6
1 10 42 183.20 0.0665 874.8
1 10 36 119.80 0.0785 863.0
1 10 17 158.83 0.0671 735.4
1 10 16 128.49 0.0514 799.9
1 10 27 98.87 0.0928 586.9
1 10 21 108.98 0.0810 613.6
1 10 25 84.87 0.0731 556.2
1 10 38 100.57 0.0633 823.6
1 10 28 78.43 0.0799 726.7
1 10 32 252.87 0.0625 81.0
1 10 21 279.07 0.0923 694.2
1 10 41 129.49 0.0874 449.1
1 10 16 111.94 0.0963 715.5
1 10 36 149.56 0.1128 729.5
1 10 36 616.29 0.1104 662.5
1 10 19 166.63 0.0490 76.3
1 10 40 61.67 0.1264 782.5
1 10 19 145.33 0.0619 747.5
1 10 38 95.11 0.0665 133.2
1 10 38 358.87 0.0513 802.0
1 10 38 48.50 0.1106 418.5
1 10 37 106.40 0.1117 207.3
1 10 39 291.62 0.0619 444.2
1 10 31 81.36 0.0905 75.8
1 10 29 137.11 0.0566 337.5
1 10 44 131.48 0.0604 838.3
1 10 21 125.73 0.0655 329.0
1 10 38 219.12 0.0625 835.7
1 10 36 298.21 0.0494 378.9
1 10 21 125.37 0.0980 88.6
1 10 18 99.72 0.0521 75.6
1 10 26 50.96 0.1020 723.9
1 10 45 105.51 0.0897 457.4
1 10 39 106.29 0.0884 177.3
1 10 39 97.88 0.0881 480.9
1 10 45 126.03 0.0785 790.7
1 10 20 101.16 0.0882 935.4
1 10 26 71.66 0.0827 856.1
1 10 41 101.82 0.0726 591.6
1 10 25 122.76 0.0410 60.2
1 10 30 60.22 0.0930 45.0
1 10 41 111.39 0.0707 884.3
1 10 15 133.76 0.0517 209.7
1 10 16 74.97 0.0356 945.6
1 10 22 84.50 0.0878 189.1
1 10 32 103.31 0.0624 809.0
1 10 38 122.94 0.0726 164.6
1 10 23 164.71 0.1330 14.8
1 10 29 65.50 0.0954 364.1
1 10 24 92.21 0.1033 496.1
1 10 42 286.00 0.0543 722.9
1 10 24 66.73 0.0851 870.2
1 10 30 50.45 0.0859 173.5
1 10 30 114.72 0.0632 51.7
1 10 35 119.00 0.0480 334.9
1 10 31 85.20 0.0854 464.5
1 10 14 86.45 0.0584 883.3
1 10 31 144.80 0.0676 798.2
1 10 30 130.04 0.0594 60.8
1 10 22 49.28 0.0655 79.1
1 10 34 64.16 0.0939 855.7
1 10 24 83.81 0.0599 751.7
1 10 21 119.10 0.0458 347.4
1 10 22 78.75 0.0471 810.6
1 10 18 46.40 0.0421 393.4
1 10 22 60.56 0.0604 649.2
1 10 16 128.15 0.0920 749.2
1 10 27 361.48 0.0419 375.5
1 10 34 48.94 0.1117 318.3
1 10 34 162.41 0.0737 395.2
1 10 24 161.48 0.0503 790.9
1 10 29 72.60 0.1040 797.2
1 10 28 49.62 0.1018 696.1
1 10 36 114.47 0.0789 809.1
1 10 15 123.44 0.0406 373.6
1 10 17 214.46 0.0306 29.7
1 10 23 101.26 0.1147 793.8
1 10 25 214.96 0.0584 698.0
1 10 20 104.00 0.0353 305.1
1 10 34 276.61 0.0604 844.4
1 10 13 55.10 0.1170 712.8
1 10 20 59.87 0.0495 867.3
1 10 15 309.34 0.0752 749.2
1 10 25 95.74 0.0958 895.4
1 10 32 282.44 0.0766 680.0
1 10 16 78.83 0.1062 395.0
1 10 20 54.61 0.1785 653.0
1 10 27 160.01 0.0480 229.9
1 10 36 115.98 0.0912 736.7
1 10 28 60.56 0.1064 354.3
1 10 33 48.65 0.1232 951.6
1 10 17 53.23 0.0946 359.0
1 10 38 189.42 0.0695 102.1
1 10 14 89.19 0.0894 668.4
1 10 31 85.42 0.0825 709.5
1 10 32 225.93 0.0996 514.0
1 10 17 73.09 0.1332 465.5
1 10 29 71.76 0.1073 113.3
1 10 30 112.73 0.0914 171.6
1 10 36 106.63 0.0969 765.3
1 10 34 113.89 0.1083 410.6
1 10 36 161.33 0.0953 413.3
1 10 27 47.90 0.1183 396.6
1 10 30 60.59 0.1464 417.0
1 10 17 58.54 0.1423 739.5
1 10 35 119.17 0.0927 763.9
1 10 25 84.08 0.0837 615.6
1 10 13 66.65 0.0754 580.5
1 10 36 76.09 0.1096 770.1
1 10 30 64.99 0.1097 749.4
1 10 17 56.22 0.1177 957.0
1 10 19 114.84 0.0673 643.3
1 10 30 109.91 0.0872 822.0
1 10 17 61.81 0.0736 624.6
1 10 34 61.23 0.0990 737.0
1 10 21 64.47 0.0815 687.3
1 10 17 58.07 0.1244 930.4
1 10 15 144.26 0.0824 658.1
1 10 17 75.66 0.0604 70.0
1 10 25 151.23 0.0690 156.5
1 10 14 137.71 0.1011 361.6
1 10 40 138.43 0.0531 178.4
1 10 23 51.29 0.1064 907.7
1 10 31 161.72 0.1307 790.7
1 10 22 184.13 0.0713 832.2
1 10 18 135.28 0.0620 239.0
1 10 28 46.37 0.1158 256.0
1 10 30 77.27 0.0749 852.8
1 10 30 61.18 0.0918 234.9
1 10 20 113.17 0.1086 706.9
1 10 39 68.88 0.1091 608.2
1 10 18 56.13 0.0603 258.3
1 10 15 55.62 0.1583 637.5
1 10 39 86.61 0.0803 847.6
1 10 18 176.10 0.0545 537.5
1 10 19 106.19 0.0573 99.8
1 10 42 120.71 0.0616 438.3
1 10 32 103.18 0.0695 801.2
1 10 25 112.44 0.0778 42.2
1 10 29 230.33 0.0932 801.9
1 10 18 57.84 0.0617 349.3
1 10 19 104.70 0.0585 54.8
1 10 16 57.05 0.1183 870.7
1 10 20 55.26 0.0663 154.9
1 10 14 88.53 0.0907 18.2
1 10 14 68.07 0.1207 522.8
1 10 13 72.42 0.0596 830.9
1 10 20 97.24 0.1360 664.5
1 10 18 245.96 0.0277 675.8
1 10 39 137.00 0.0747 642.0
1 10 20 72.28 0.0889 673.1
1 10 24 79.68 0.0721 657.3
1 10 34 65.60 0.1315 132.0
1 10 32 197.88 0.0607 750.5
1 10 19 87.66 0.0810 140.1
1 10 24 77.15 0.0739 807.9
1 10 27 162.38 0.0562 712.9
1 10 18 280.72 0.0528 935.9
1 10 20 102.29 0.0569 691.6
1 10 17 107.63 0.0463 668.8
1 10 30 136.40 0.0727 762.1
1 10 17 496.40 0.0492 337.2
1 10 20 172.90 0.0500 757.8
1 10 19 45.22 0.0893 524.3
1 10 30 66.41 0.1123 821.3
1 10 16 105.63 0.0491 284.1
1 10 14 535.80 0.0243 816.9
1 10 17 183.65 0.0411 534.4
1 10 36 53.65 0.0892 809.6
1 10 29 146.43 0.0534 696.8
1 10 36 230.03 0.0874 726.5
1 10 26 113.31 0.0971 898.9
1 10 20 64.49 0.0516 810.8
1 10 30 59.25 0.0960 739.8
1 10 35 86.88 0.1012 481.0
1 11 38 95.00 0.0657 301.6
1 11 25 185.55 0.0853 945.3
1 11 27 244.03 0.0668 867.0
1 11 26 97.57 0.0679 422.4
1 11 28 106.84 0.0864 570.2
1 11 30 71.37 0.1016 336.3
1 11 31 49.98 0.1181 460.4
1 11 26 142.58 0.0956 99.5
1 11 20 52.90 0.1442 553.9
1 11 25 219.39 0.0660 681.5
1 11 23 191.68 0.0887 142.4
1 11 23 107.72 0.0935 595.0
1 11 18 81.40 0.1349 944.0
1 11 14 203.29 0.0355 868.7
1 11 26 140.11 0.0673 923.3
1 11 13 52.11 0.0685 878.2
1 11 32 93.43 0.1210 493.4
1 11 27 119.70 0.0889 495.3
1 11 29 179.42 0.0614 423.4
1 11 29 63.83 0.0832 805.6
1 11 17 165.17 0.0781 654.9
1 11 19 579.25 0.0460 939.5
1 11 25 54.54 0.0945 543.0
1 11 13 45.43 0.0704 567.0
1 11 19 188.37 0.0666 490.2
1 11 42 79.04 0.0696 404.2
1 11 22 697.66 0.1167 629.5
1 11 20 360.47 0.0674 300.6
1 11 41 139.00 0.0452 540.9
1 11 27 71.85 0.0743 887.2
1 11 28 129.04 0.0830 682.5
1 11 46 112.56 0.0678 457.8
1 11 22 99.66 0.0673 859.1
1 11 18 65.36 0.0972 902.0
1 11 30 206.60 0.0579 367.8
1 11 22 53.81 0.0892 626.3
1 11 26 142.47 0.0926 869.5
1 11 24 97.47 0.0676 686.0
1 11 31 63.10 0.0898 568.0
1 11 30 119.29 0.0866 404.7
1 11 28 187.43 0.0619 627.0
1 11 29 172.84 0.0653 472.0
1 11 28 93.31 0.0745 116.2
1 11 22 393.48 0.0998 612.0
1 11 29 111.48 0.0747 623.6
1 11 28 226.74 0.0500 890.3
1 11 26 178.85 0.0739 935.6
1 11 17 93.51 0.0859 955.3
1 11 21 74.12 0.0877 945.9
1 11 15 104.25 0.1057 654.1
1 11 19 83.07 0.0629 26.0
1 11 25 210.51 0.0671 646.7
1 11 17 230.76 0.0535 949.4
1 11 24 86.73 0.0994 938.0
1 11 20 107.56 0.0731 21.1
1 11 16 84.13 0.0421 658.4
1 11 28 82.86 0.1089 194.3
1 11 30 111.40 0.0725 140.9
1 11 14 173.35 0.0631 954.3
1 11 17 106.03 0.0531 387.3
1 11 17 52.39 0.0651 200.7
1 11 28 56.86 0.0982 586.5
1 11 15 73.63 0.0521 928.2
1 11 25 139.06 0.0770 877.0
1 11 39 460.35 0.0548 469.4
1 11 37 106.51 0.0660 377.5
1 11 34 263.88 0.0724 581.6
1 11 21 64.50 0.0695 424.0
1 11 37 166.71 0.0766 745.5
1 11 32 136.01 0.0556 919.7
1 11 41 286.51 0.0724 516.3
1 11 26 45.11 0.1034 447.8
1 11 41 173.92 0.0757 63.8
1 11 42 187.87 0.0708 568.2
1 11 29 110.02 0.0844 937.6
1 11 37 118.87 0.0813 622.4
1 11 38 173.28 0.0582 363.5
1 11 29 129.66 0.0850 703.4
1 11 37 115.04 0.0787 834.5
1 11 40 216.80 0.0581 469.6
1 11 40 179.61 0.0578 663.0
1 11 16 81.08 0.0979 361.2
1 11 17 124.62 0.0457 809.1
1 11 14 98.43 0.1000 446.7
1 11 22 83.57 0.1289 229.9
1 11 16 649.13 0.0236 414.3
1 11 31 88.57 0.1099 659.9
1 11 37 80.66 0.0979 923.1
1 11 22 52.92 0.0667 541.3
1 11 25 58.17 0.0679 931.0
1 11 34 84.59 0.1114 442.2
1 11 27 58.44 0.1343 540.5
1 11 30 141.17 0.0954 597.4
1 11 33 113.66 0.0557 877.5
1 11 16 177.68 0.0717 93.9
1 11 23 362.04 0.0964 418.3
1 11 32 384.19 0.0550 911.3
1 11 39 96.62 0.1067 587.8
1 11 31 173.36 0.0673 67.4
1 11 33 158.85 0.0664 660.3
1 11 17 65.04 0.0624 421.3
1 11 29 89.60 0.0884 227.7
1 11 21 68.48 0.1011 230.9
1 11 24 135.64 0.0888 951.3
1 11 35 90.26 0.0864 505.2
1 11 35 230.81 0.0554 483.7
1 11 32 266.29 0.0728 935.5
1 11 35 47.31 0.1149 608.0
1 11 15 150.15 0.0790 183.4
1 11 23 72.55 0.1171 527.9
1 11 16 54.52 0.1372 950.5
1 11 29 72.52 0.0764 521.3
1 11 24 61.42 0.1336 509.7
1 11 27 110.27 0.1029 897.5
1 11 26 64.79 0.1072 507.0
1 11 30 85.68 0.0992 466.1
1 11 29 157.19 0.0957 461.8
1 11 14 97.14 0.0671 560.0
1 11 13 66.22 0.0711 6.2
1 11 17 77.41 0.0943 474.9
1 11 30 78.47 0.0962 514.9
1 11 33 61.99 0.0652 892.1
1 11 35 115.45 0.0619 494.5
1 11 16 104.75 0.1040 843.4
1 11 37 114.52 0.0932 908.6
1 11 32 48.41 0.0994 314.3
1 11 33 101.58 0.0790 925.7
1 11 18 72.34 0.0513 230.7
1 11 21 62.47 0.0792 105.9
1 11 26 45.10 0.1200 919.2
1 11 43 93.72 0.0653 392.3
1 11 18 65.12 0.1381 65.3
1 11 16 58.54 0.1087 910.5
1 11 18 117.99 0.0815 5.2
1 11 36 60.62 0.1025 619.0
1 11 35 153.29 0.0604 624.6
1 11 26 140.74 0.0634 63.7
1 11 19 134.11 0.0600 546.0
1 11 16 85.00 0.0806 20.8
1 11 28 57.78 0.1064 548.1
1 11 42 116.03 0.0737 268.6
1 11 40 152.60 0.0603 186.9
1 11 41 52.67 0.1232 391.9
1 11 13 441.97 0.0367 893.3
1 11 28 68.03 0.0556 278.7
1 11 25 53.36 0.0661 246.0
1 11 25 111.36 0.0776 946.4
1 11 30 131.44 0.0594 941.2
1 11 25 100.69 0.0592 402.8
1 11 18 59.69 0.0777 286.4
1 11 28 49.13 0.0703 333.1
1 11 17 329.18 0.0630 853.3
1 11 16 77.97 0.0735 916.9
1 11 13 97.90 0.0343 871.1
1 11 45 77.96 0.1062 863.6
1 11 43 61.18 0.0827 554.0
1 11 36 65.02 0.0957 931.5
1 11 24 74.20 0.0505 477.0
1 11 28 71.29 0.0633 43.4
1 11 31 64.68 0.1098 594.8
1 11 27 147.30 0.0469 938.7
1 11 21 60.54 0.0937 218.9
1 11 13 71.44 0.0562 178.1
1 11 43 78.18 0.0893 576.3
1 11 15 80.24 0.0449 618.1
1 11 35 141.27 0.0596 884.7
1 11 18 90.70 0.0778 63.9
1 11 31 118.54 0.0951 879.6
1 11 34 65.20 0.0952 916.0
1 11 21 55.15 0.1215 944.6
1 11 33 94.53 0.0846 347.6
1 11 16 53.16 0.0629 912.7
1 11 15 161.58 0.0835 867.7
1 11 14 53.26 0.0810 203.6
1 11 16 65.19 0.1406 410.4
1 11 36 81.48 0.0787 27.8
1 11 25 109.93 0.1029 891.6
1 11 45 138.41 0.0631 577.0
1 11 32 51.18 0.1120 836.8
1 11 20 76.68 0.0882 499.6
1 11 32 49.86 0.0951 256.8
1 11 23 57.22 0.1020 857.1
1 11 19 210.91 0.0330 256.3
1 11 45 169.53 0.0766 947.3
1 11 30 55.80 0.1390 857.5
1 11 30 187.01 0.0575 927.8
1 11 30 83.78 0.0758 888.6
1 11 30 54.46 0.1092 867.9
1 11 35 156.57 0.0554 830.0
1 11 15 53.65 0.1077 473.4
1 11 13 160.54 0.1116 501.1
1 11 22 171.57 0.0666 238.2
1 11 35 126.03 0.0624 472.6
1 11 39 127.93 0.0711 913.6
1 11 38 78.53 0.0917 639.0
1 11 26 136.35 0.0561 702.4
1 11 18 174.52 0.0659 491.7
1 11 18 148.08 0.0679 784.9
1 11 18 94.21 0.0436 511.3
1 11 33 54.02 0.1220 856.2
1 11 23 139.91 0.0472 914.3
1 11 14 49.26 0.1251 8.3
1 11 17 48.17 0.1152 308.0
1 11 42 92.23 0.0867 792.8
1 11 38 161.04 0.0794 900.1
1 11 41 95.92 0.1077 898.3
1 11 39 89.02 0.0652 487.9
1 11 25 71.77 0.1047 931.4
1 11 23 182.55 0.0441 875.5
1 11 28 104.29 0.0753 325.8
1 11 29 77.70 0.0948 907.9
1 11 13 434.83 0.0353 4.7
1 11 24 92.62 0.0591 224.6
1 11 21 97.55 0.0694 948.9
1 11 27 93.28 0.1061 914.1
1 11 16 67.30 0.1199 966.6
1 11 18 101.68 0.0616 902.7
1 11 19 297.05 0.0507 900.6
1 11 29 96.37 0.0660 350.9
1 11 41 167.64 0.0728 474.4
1 11 32 107.74 0.0646 105.8
1 11 28 90.74 0.0384 503.0
1 11 29 53.85 0.0813 226.3
1 11 42 121.34 0.0701 588.0
1 11 31 80.19 0.0720 725.2
1 11 14 120.91 0.0909 394.3
1 11 32 246.70 0.0676 916.1
1 11 39 143.47 0.0632 480.3
1 11 44 191.93 0.0521 891.4
1 11 31 97.26 0.0781 218.4
1 11 42 73.24 0.0858 392.6
1 11 31 171.79 0.0634 279.5
1 11 39 124.20 0.0729 205.5
1 11 31 105.72 0.0597 925.1
1 11 29 136.96 0.0790 940.5
1 11 29 229.64 0.1138 934.3
1 11 23 117.89 0.1033 506.2
1 11 32 52.07 0.0781 556.9
1 11 16 506.05 0.0909 888.3
1 11 17 197.41 0.0480 141.1
1 11 17 111.66 0.1206 859.5
1 11 31 92.07 0.0775 517.5
1 11 46 92.62 0.0858 654.5
1 11 36 82.38 0.0717 840.7
1 11 26 276.92 0.0508 898.6
1 11 41 169.09 0.0578 182.2
1 11 26 88.32 0.0502 442.2
1 11 32 264.68 0.0699 576.5
1 11 46 85.65 0.0762 330.2
1 11 24 122.00 0.0817 668.6
1 11 40 133.41 0.0722 518.3
1 11 26 98.75 0.0483 888.7
1 11 23 231.83 0.0548 198.0
1 11 42 300.61 0.0720 564.5
1 11 31 193.00 0.0910 937.0
1 11 16 105.49 0.0593 126.4
1 11 27 100.74 0.0532 241.2
1 11 35 163.32 0.0671 957.1
1 11 18 200.81 0.0380 60.0
1 11 30 252.54 0.0487 549.8
1 11 21 109.40 0.0617 276.7
1 11 31 74.27 0.0743 482.1
1 11 44 64.32 0.0721 547.5
1 11 17 470.57 0.0468 889.9
1 11 19 49.26 0.0502 347.9
1 11 21 126.13 0.0506 890.9
1 11 21 54.62 0.1088 329.5
1 11 28 73.14 0.0562 325.9
1 11 24 424.26 0.0608 953.0
1 11 18 69.11 0.0582 867.7
1 11 19 55.46 0.1189 309.2
1 11 14 193.33 0.0344 234.2
1 11 33 187.02 0.0738 11.2
1 11 15 72.80 0.0694 362.8
1 11 21 134.70 0.0962 465.0
1 11 32 45.18 0.1195 530.4
1 11 31 73.47 0.0726 913.6
1 11 29 66.32 0.1095 113.4
1 11 14 91.39 0.0711 231.3
1 11 19 58.39 0.0802 376.0
1 11 16 60.65 0.0699 888.0
1 11 19 54.42 0.0579 852.6
1 11 13 50.95 0.0624 954.6
1 11 17 131.23 0.0366 290.7
1 11 30 83.33 0.0957 505.4
1 11 14 121.55 0.0567 873.8
1 11 15 84.07 0.0601 546.3
1 11 14 47.72 0.0624 849.7
1 11 13 137.44 0.1099 691.8
1 11 26 96.95 0.1168 481.0
1 11 20 572.30 0.0581 873.7
1 11 30 84.61 0.0683 305.6
1 11 18 59.99 0.0821 240.1
1 11 16 433.25 0.0327 272.2
1 11 36 75.78 0.1262 381.1
1 11 17 93.54 0.1270 950.3
1 11 24 56.71 0.1534 480.0
1 11 18 129.43 0.0605 943.7
1 11 22 90.54 0.1264 281.4
1 11 23 110.11 0.1033 966.4
1 11 14 151.19 0.0763 907.0
1 11 16 127.09 0.0918 951.5
1 11 25 77.96 0.0926 568.7
1 11 13 143.07 0.0468 111.3
1 11 18 51.07 0.0884 570.7
1 11 14 49.63 0.1313 832.5
1 11 28 114.62 0.0579 605.6
1 11 17 323.54 0.0588 372.1
1 11 13 462.09 0.0462 399.6
1 11 13 46.40 0.0885 351.0
1 11 13 45.26 0.1489 392.1
1 11 16 98.97 0.0684 868.6
1 11 16 63.91 0.0816 528.1
1 11 16 118.43 0.0535 827.4
1 11 13 55.65 0.1132 609.5
1 11 16 54.39 0.0398 579.1
1 11 17 46.46 0.0970 421.7
1 11 14 66.63 0.1405 628.3
1 11 15 88.00 0.0826 241.6
1 11 16 201.12 0.0542 538.2
1 11 16 86.02 0.0689 795.2
1 11 13 235.91 0.0539 665.8
1 11 18 52.85 0.0733 76.0
1 11 17 106.33 0.0632 919.6
1 11 13 48.12 0.0585 910.9
1 11 28 65.37 0.0808 470.1
1 11 27 45.85 0.1123 43.1
1 11 15 58.62 0.1247 896.3
1 11 21 66.90 0.0569 299.9
1 11 18 48.25 0.1081 309.8
1 11 14 150.24 0.0735 471.4
1 12 32 166.19 0.0768 441.1
1 12 30 121.14 0.0850 397.2
1 12 15 148.51 0.0438 424.8
1 12 19 172.24 0.1006 605.0
1 12 30 144.25 0.0988 224.6
1 12 39 103.45 0.0702 116.3
1 12 15 99.88 0.0985 763.0
1 12 24 93.15 0.1187 542.5
1 12 40 89.20 0.0832 453.9
1 12 15 52.32 0.0985 921.7
1 12 24 57.86 0.1106 565.0
1 12 35 129.37 0.0911 434.1
1 12 32 207.25 0.0566 929.5
1 12 22 85.45 0.0677 798.4
1 12 21 81.32 0.0470 205.6
1 12 24 57.99 0.0956 281.9
1 12 29 121.22 0.0831 621.9
1 12 26 340.63 0.0830 905.0
1 12 28 78.98 0.1155 444.4
1 12 31 115.46 0.1010 709.5
1 12 34 89.06 0.0637 418.3
1 12 21 89.08 0.0750 690.1
1 12 29 55.22 0.1058 517.5
1 12 22 90.75 0.0821 774.7
1 12 17 120.69 0.0406 199.7
1 12 42 69.06 0.0846 710.0
1 12 26 198.37 0.0535 582.0
1 12 20 83.13 0.0896 362.2
1 12 25 159.23 0.0578 933.9
1 12 29 73.89 0.1197 118.0
1 12 25 146.83 0.0660 122.5
1 12 35 130.09 0.0675 446.1
1 12 37 112.20 0.0995 235.3
1 12 35 57.67 0.0853 907.8
1 12 37 87.18 0.0774 447.5
1 12 23 50.55 0.0903 298.2
1 12 27 125.25 0.0606 38.4
1 12 40 181.26 0.0494 51.8
1 12 37 76.55 0.0851 432.2
1 12 16 87.13 0.0920 936.9
1 12 32 232.97 0.0530 774.4
1 12 27 120.71 0.0744 143.8
1 12 14 120.71 0.0523 53.0
1 12 19 57.93 0.0606 268.0
1 12 36 109.41 0.0733 554.1
1 12 28 144.98 0.1050 243.0
1 12 27 62.52 0.0864 275.9
1 12 25 136.11 0.0550 545.2
1 12 25 216.98 0.0768 343.3
1 12 39 56.92 0.1148 700.2
1 12 32 113.31 0.0934 17.0
1 12 32 150.75 0.0998 413.0
1 12 22 47.67 0.0893 404.3
1 12 22 83.79 0.1188 353.2
1 12 30 83.93 0.0989 128.0
1 12 20 105.99 0.1294 892.9
1 12 28 152.28 0.0647 637.9
1 12 29 61.57 0.0977 383.1
1 12 20 136.95 0.0621 502.9
1 12 34 135.45 0.0588 501.3
1 12 34 411.39 0.0587 585.6
1 12 15 132.08 0.1656 241.1
1 12 29 177.34 0.0637 529.6
1 12 36 119.53 0.0499 525.6
1 12 22 127.36 0.1048 78.2
1 12 25 76.21 0.1245 116.5
1 12 29 155.70 0.0738 482.1
1 12 36 172.74 0.0603 348.3
1 12 20 52.04 0.1275 530.7
1 12 14 113.84 0.1406 127.5
1 12 23 232.47 0.0744 861.8
1 12 28 51.91 0.1037 331.1
1 12 30 55.03 0.1097 266.1
1 12 31 65.26 0.0963 363.4
1 12 29 114.16 0.0678 574.8
1 12 13 49.30 0.1108 130.6
1 12 27 118.46 0.1065 318.8
1 12 39 66.58 0.1050 513.3
1 12 21 72.48 0.1115 132.4
1 12 38 92.95 0.0644 43.1
1 12 15 46.57 0.1220 830.6
1 12 18 61.58 0.0789 723.2
1 12 37 127.16 0.0730 876.1
1 12 15 82.12 0.0343 962.3
1 12 37 83.62 0.1047 593.2
1 12 29 92.78 0.0891 402.0
1 12 18 126.90 0.0868 483.5
1 12 30 139.83 0.0737 267.2
1 12 37 57.65 0.1140 176.6
1 12 35 92.23 0.0722 606.2
1 12 24 244.29 0.0911 474.9
1 12 16 129.41 0.0552 506.1
1 12 20 88.71 0.0552 252.9
1 12 22 49.35 0.1397 843.1
1 12 17 120.69 0.0708 400.6
1 12 41 117.31 0.0854 879.1
1 12 33 66.13 0.1263 892.6
1 12 38 64.10 0.1005 156.0
1 12 33 54.16 0.1021 853.9
1 12 38 132.18 0.0731 194.2
1 12 39 162.66 0.0819 456.9
1 12 18 55.04 0.0735 880.0
1 12 23 97.93 0.1066 258.7
1 12 14 62.09 0.1026 235.5
1 12 35 45.85 0.0915 43.9
1 12 22 150.56 0.0627 952.4
1 12 22 62.03 0.0945 435.9
1 12 20 64.89 0.1186 861.3
1 12 32 184.21 0.0681 304.9
1 12 37 99.46 0.0838 375.5
1 12 22 55.71 0.0495 363.8
1 12 31 100.11 0.0698 555.6
1 12 13 75.86 0.0448 338.1
1 12 29 151.21 0.0617 111.0
1 12 19 106.81 0.0892 567.4
1 12 41 45.82 0.0763 331.2
1 12 27 75.54 0.1237 49.1
1 12 36 198.58 0.0596 221.6
1 12 23 50.81 0.0836 615.1
1 12 26 79.74 0.1005 68.4
1 12 20 134.05 0.0662 913.0
1 12 27 141.89 0.1017 523.4
1 12 16 95.94 0.0812 904.0
1 12 40 87.54 0.0777 253.1
1 12 42 107.88 0.0816 246.4
1 12 42 122.76 0.0723 663.2
1 12 37 114.08 0.0708 943.2
1 12 26 49.92 0.0952 757.0
1 12 41 45.41 0.1248 326.2
1 12 33 45.09 0.1240 815.8
1 12 45 276.99 0.0580 556.0
1 12 37 71.70 0.0902 738.9
1 12 20 79.77 0.0507 864.1
1 12 22 47.06 0.0543 608.9
1 12 20 61.53 0.0811 15.3
1 12 16 54.42 0.1609 698.5
1 12 19 118.56 0.0380 907.5
1 12 42 275.20 0.0546 285.1
1 12 36 403.80 0.0487 602.8
1 12 35 67.37 0.0657 790.3
1 12 37 104.12 0.0650 182.8
1 12 17 127.30 0.0332 953.2
1 12 27 47.37 0.1323 571.0
1 12 27 83.64 0.0618 726.1
1 12 39 130.73 0.0625 302.8
1 12 21 123.99 0.0752 588.7
1 12 38 133.73 0.0737 480.5
1 12 26 181.27 0.0611 276.6
1 12 23 87.61 0.0442 463.8
1 12 30 86.75 0.0739 524.4
1 12 26 165.56 0.0693 445.5
1 12 19 125.41 0.0571 48.4
1 12 33 53.07 0.0956 64.7
1 12 29 96.08 0.0937 378.5
1 12 32 59.15 0.1013 742.5
1 12 23 94.69 0.0668 870.1
1 12 24 79.58 0.0815 9.6
1 12 30 68.05 0.0872 26.1
1 12 42 152.53 0.0748 229.9
1 12 39 98.73 0.0727 350.6
1 12 37 111.89 0.0795 175.9
1 12 40 203.33 0.0664 288.0
1 12 29 130.91 0.0675 410.7
1 12 29 177.31 0.0463 530.8
1 12 26 212.56 0.0579 858.1
1 12 35 79.67 0.1099 208.1
1 12 21 246.99 0.0953 940.5
1 12 41 75.82 0.1027 708.1
1 12 22 57.12 0.1225 401.3
1 12 36 136.28 0.0898 808.3
1 12 39 110.70 0.0818 498.4
1 12 30 468.86 0.0572 438.1
1 12 39 102.31 0.0783 299.9
1 12 33 73.26 0.0942 424.6
1 12 32 81.09 0.0896 715.5
1 12 29 87.86 0.0783 538.7
1 12 40 58.48 0.0920 235.0
1 12 19 143.74 0.0760 953.7
1 12 39 75.93 0.0805 91.1
1 12 25 91.43 0.0538 307.4
1 12 36 179.89 0.0737 481.0
1 12 28 49.48 0.1341 216.2
1 12 34 100.55 0.0622 319.4
1 12 24 89.08 0.0750 699.9
1 12 22 85.30 0.0850 762.8
1 12 31 207.17 0.0638 757.1
1 12 39 111.82 0.0892 849.6
1 12 39 78.58 0.1042 859.9
1 12 29 149.20 0.0714 489.0
1 12 39 121.43 0.0889 122.0
1 12 18 82.27 0.0784 822.0
1 12 19 70.85 0.0702 929.6
1 12 21 92.07 0.1115 431.9
1 12 44 100.91 0.0724 766.1
1 12 37 99.10 0.0854 527.5
1 12 19 96.12 0.0746 851.9
1 12 31 86.12 0.0965 574.5
1 12 33 106.68 0.0869 393.6
1 12 42 115.16 0.1223 266.5
1 12 33 82.56 0.1200 27.0
1 12 35 78.37 0.1144 476.0
1 12 36 110.61 0.0783 90.8
1 12 31 84.82 0.1201 357.7
1 12 36 132.20 0.0630 660.9
1 12 18 67.35 0.0443 847.8
1 12 31 241.27 0.0461 584.0
1 12 35 77.67 0.0918 939.6
1 12 19 107.91 0.0396 694.3
1 12 38 86.29 0.1044 432.0
1 12 34 84.01 0.0762 599.2
1 12 22 211.96 0.0431 900.2
1 12 25 189.62 0.0629 871.5
1 12 35 233.86 0.0620 463.5
1 12 18 410.15 0.0437 846.7
1 12 17 174.00 0.0569 355.7
1 12 27 74.90 0.0745 31.3
1 12 29 57.15 0.0805 213.3
1 12 16 78.14 0.1093 288.1
1 12 28 215.64 0.0796 60.7
1 12 31 162.89 0.0739 629.3
1 12 24 48.83 0.1335 335.4
1 12 20 87.82 0.0493 765.4
1 12 22 52.43 0.1284 592.3
1 12 24 615.42 0.1008 338.3
1 12 37 135.71 0.0755 872.5
1 12 37 129.83 0.0559 858.3
1 12 28 193.60 0.0606 440.9
1 12 44 201.53 0.0710 285.1
1 12 24 88.59 0.0860 346.8
1 12 16 70.95 0.0911 674.5
1 12 35 90.45 0.0682 74.8
1 12 42 126.59 0.0677 892.0
1 12 39 251.80 0.0495 247.9
1 12 18 51.61 0.0761 803.9
1 12 31 128.66 0.0744 939.1
1 12 39 123.13 0.0734 610.6
1 12 26 197.93 0.0815 32.5
1 12 40 135.77 0.0722 137.6
1 12 20 212.27 0.0734 631.8
1 12 33 85.07 0.0689 511.0
1 12 17 80.28 0.0629 872.6
1 12 32 104.69 0.0549 495.9
1 12 16 49.29 0.0972 889.9
1 12 34 166.16 0.0542 367.4
1 12 32 248.76 0.0634 446.1
1 12 37 95.91 0.0921 580.5
1 12 38 179.37 0.0655 317.9
1 12 37 211.28 0.0665 196.2
1 12 43 107.14 0.0687 293.6
1 12 15 92.69 0.0918 250.6
1 12 40 152.53 0.0627 224.7
1 12 19 114.60 0.0758 11.9
1 12 27 56.69 0.1006 868.7
1 12 32 198.61 0.0600 935.3
1 12 17 77.34 0.0442 331.1
1 12 22 225.74 0.0563 275.0
1 12 39 55.22 0.1028 219.3
1 12 43 60.83 0.0763 425.7
1 12 24 61.83 0.0935 22.3
1 12 19 159.03 0.0558 944.4
1 12 35 89.59 0.0690 342.1
1 12 34 106.21 0.0767 479.9
1 12 30 63.89 0.1065 291.0
1 12 31 191.12 0.0621 752.3
1 12 32 118.13 0.0754 130.9
1 12 32 131.70 0.0974 808.8
1 12 36 65.43 0.1048 77.0
1 12 32 94.95 0.1012 619.5
1 12 25 140.97 0.0753 438.5
1 12 39 88.02 0.0717 811.0
1 12 38 75.70 0.0727 789.1
1 12 13 121.42 0.1627 385.3
1 12 24 280.77 0.0409 200.6
1 12 33 186.94 0.0769 159.6
1 12 31 74.77 0.1201 620.7
1 12 24 63.25 0.0716 785.9
1 12 42 158.71 0.0605 535.5
1 12 32 128.82 0.0926 127.9
1 12 29 255.73 0.0774 487.7
1 12 16 50.17 0.0455 87.7
1 12 32 233.03 0.0854 332.3
1 12 28 152.97 0.0910 566.0
1 12 21 68.75 0.1174 564.7
1 12 13 156.37 0.1421 292.6
1 12 26 121.31 0.0563 614.7
1 12 35 105.47 0.0994 431.8
1 12 26 310.35 0.0764 756.0
1 12 18 150.94 0.0622 194.1
1 12 20 259.52 0.0437 403.7
1 12 22 226.84 0.0852 171.7
1 12 28 50.64 0.0907 724.0
1 12 13 58.75 0.1415 916.9
1 12 25 89.83 0.0989 138.3
1 12 13 120.74 0.0695 313.9
1 12 25 96.99 0.0740 309.5
1 12 16 75.55 0.0635 541.2
1 12 25 48.01 0.1237 86.1
1 12 13 109.03 0.0329 48.5
1 12 25 117.42 0.0937 243.3
1 12 30 322.49 0.0598 562.2
1 12 41 208.81 0.0699 293.0
1 12 26 60.60 0.1101 345.0
1 12 29 88.25 0.0776 89.5
1 12 26 95.89 0.0747 431.6
1 12 27 83.32 0.1252 528.9
1 12 15 77.61 0.0906 897.3
1 12 15 46.37 0.0897 763.7
1 12 30 77.00 0.1228 279.5
1 12 15 54.91 0.0915 329.7
1 12 23 99.47 0.0493 313.5
1 12 21 537.24 0.0818 854.3
1 12 35 99.16 0.0640 525.3
1 12 17 101.16 0.0489 778.6
1 12 16 59.55 0.1263 32.1
1 12 28 168.94 0.0710 449.5
1 12 16 141.85 0.0917 54.7
1 12 15 170.69 0.0506 250.7
1 12 18 77.76 0.1233 926.7
1 12 17 386.71 0.0599 531.6
1 12 16 428.34 0.0677 413.1
1 12 19 50.80 0.0910 337.0
1 12 19 60.28 0.1181 940.6
1 12 23 56.16 0.0903 759.4
1 12 28 97.77 0.0750 435.2
1 12 17 111.67 0.0776 50.2
1 12 19 45.04 0.0746 507.6
1 12 18 168.36 0.0437 660.5
1 12 20 59.18 0.0636 623.2
1 12 14 149.81 0.1391 386.4
1 12 21 45.49 0.1211 760.7
1 12 13 48.14 0.0687 345.6
1 12 18 151.51 0.0438 630.6
1 12 14 73.61 0.0974 408.9
1 12 13 93.57 0.1342 357.9
1 12 16 88.42 0.0478 19.8
1 12 23 175.72 0.0808 855.5
1 12 15 72.84 0.0938 587.9
1 13 22 76.56 0.1185 801.0
1 13 39 632.45 0.0541 730.4
1 13 37 58.25 0.0823 721.7
1 13 30 81.24 0.0972 484.9
1 13 30 122.77 0.1087 124.0
1 13 17 107.63 0.1210 177.1
1 13 29 110.14 0.1027 759.5
1 13 21 49.08 0.0833 835.6
1 13 24 72.12 0.0563 649.9
1 13 22 107.98 0.0936 436.8
1 13 27 174.74 0.0709 392.9
1 13 36 63.46 0.1205 127.4
1 13 30 79.23 0.1033 113.6
1 13 42 129.25 0.0714 892.3
1 13 41 113.52 0.0792 61.6
1 13 38 124.56 0.0604 357.4
1 13 34 100.46 0.0679 884.7
1 13 29 103.08 0.0886 647.2
1 13 29 182.62 0.0644 864.0
1 13 29 63.80 0.0831 656.6
1 13 28 173.62 0.0688 560.6
1 13 24 111.28 0.0734 845.4
1 13 14 463.97 0.0407 596.9
1 13 34 151.39 0.0761 86.0
1 13 15 62.19 0.1193 826.3
1 13 29 83.64 0.1026 951.4
1 13 29 57.79 0.1406 176.9
1 13 28 90.81 0.0803 47.9
1 13 25 119.58 0.0818 175.6
1 13 18 366.61 0.0478 66.9
1 13 25 187.23 0.0598 215.4
1 13 35 68.69 0.0786 280.2
1 13 30 112.36 0.0825 942.4
1 13 30 179.76 0.0466 42.2
1 13 26 132.80 0.0934 750.9
1 13 20 211.29 0.0758 439.0
1 13 13 58.55 0.0680 302.7
1 13 24 52.30 0.1414 904.9
1 13 20 157.87 0.0494 22.9
1 13 15 117.63 0.0415 133.6
1 13 43 54.51 0.0764 892.7
1 13 25 150.64 0.0405 293.2
1 13 36 73.64 0.0851 798.6
1 13 30 94.72 0.0583 564.0
1 13 26 117.96 0.0755 414.5
1 13 37 87.26 0.0939 59.4
1 13 31 119.37 0.0954 767.5
1 13 19 108.56 0.0711 134.8
1 13 21 139.50 0.0996 545.9
1 13 42 171.58 0.0576 436.6
1 13 32 250.44 0.0998 724.8
1 13 33 67.39 0.1068 209.6
1 13 27 182.31 0.0527 673.1
1 13 27 158.07 0.0873 415.0
1 13 27 171.74 0.0689 754.6
1 13 20 84.79 0.1537 514.6
1 13 25 219.37 0.0739 164.8
1 13 37 77.05 0.0930 855.9
1 13 30 132.72 0.0585 774.9
1 13 35 76.17 0.0707 97.3
1 13 28 122.57 0.1291 526.7
1 13 29 96.60 0.0775 361.5
1 13 15 63.96 0.1148 605.2
1 13 18 45.04 0.1278 626.1
1 13 31 113.32 0.0763 47.0
1 13 34 67.70 0.0886 692.0
1 13 27 73.68 0.1235 598.6
1 13 23 94.85 0.0492 867.0
1 13 23 118.44 0.0497 77.0
1 13 27 197.40 0.0881 795.3
1 13 20 45.96 0.1103 710.9
1 13 28 123.31 0.0789 855.3
1 13 18 81.03 0.1449 676.0
1 13 26 144.16 0.0854 80.8
1 13 32 153.03 0.0665 100.9
1 13 21 126.89 0.0931 247.7
1 13 39 77.75 0.0962 397.6
1 13 20 154.20 0.0771 691.4
1 13 38 133.11 0.0648 614.3
1 13 27 197.65 0.0675 292.6
1 13 17 53.77 0.1453 610.2
1 13 18 53.11 0.1145 816.0
1 13 24 291.07 0.0267 125.1
1 13 25 49.98 0.1314 154.7
1 13 37 214.14 0.0756 684.4
1 13 34 692.80 0.0517 453.0
1 13 27 112.96 0.0712 748.1
1 13 13 62.75 0.1334 388.8
1 13 18 370.41 0.0587 356.1
1 13 21 85.08 0.0766 417.1
1 13 21 73.28 0.1310 806.6
1 13 24 210.75 0.1029 634.5
1 13 42 139.85 0.0588 683.2
1 13 35 123.92 0.0934 843.0
1 13 37 101.75 0.0677 409.6
1 13 36 49.43 0.1329 539.8
1 13 13 63.52 0.1390 195.8
1 13 33 70.75 0.1043 113.6
1 13 34 62.55 0.0874 715.6
1 13 22 154.44 0.0822 935.8
1 13 27 79.22 0.0894 714.9
1 13 33 68.63 0.0743 406.3
1 13 38 117.92 0.0837 516.0
1 13 39 107.14 0.0875 523.1
1 13 40 168.03 0.0883 737.4
1 13 42 100.04 0.0820 177.5
1 13 27 220.27 0.0794 538.8
1 13 34 314.70 0.0583 294.7
1 13 36 180.48 0.0945 167.3
1 13 32 87.15 0.1051 402.3
1 13 25 85.03 0.0973 296.1
1 13 32 92.27 0.1178 238.1
1 13 37 127.59 0.0720 672.6
1 13 39 111.31 0.0856 768.1
1 13 14 99.45 0.0326 536.2
1 13 32 112.75 0.0827 766.8
1 13 22 49.89 0.0820 318.3
1 13 39 64.28 0.0940 719.7
1 13 21 97.06 0.0703 546.9
1 13 13 62.23 0.0387 478.9
1 13 15 161.52 0.0288 243.1
1 13 31 159.50 0.0591 256.9
1 13 41 91.75 0.0894 855.1
1 13 21 271.82 0.0841 94.9
1 13 40 112.34 0.0781 773.2
1 13 28 78.68 0.0969 627.9
1 13 15 127.91 0.1141 676.5
1 13 15 229.64 0.0884 46.5
1 13 16 115.04 0.0658 941.0
1 13 35 156.75 0.0636 593.3
1 13 20 104.50 0.0739 521.8
1 13 37 55.70 0.1202 832.5
1 13 20 73.68 0.0651 657.2
1 13 34 79.67 0.1004 65.6
1 13 23 102.43 0.1512 757.2
1 13 23 72.80 0.0469 42.0
1 13 22 80.64 0.1225 42.2
1 13 44 228.03 0.0556 717.1
1 13 36 111.65 0.0745 742.6
1 13 21 66.01 0.0706 657.9
1 13 36 85.45 0.0829 760.0
1 13 24 118.32 0.0723 718.3
1 13 14 438.62 0.1692 740.0
1 13 32 85.10 0.0786 469.9
1 13 19 47.16 0.0828 355.7
1 13 25 72.78 0.0877 548.3
1 13 17 177.38 0.0676 732.8
1 13 27 107.29 0.0487 403.2
1 13 43 99.82 0.0741 153.8
1 13 41 97.33 0.0868 767.8
1 13 39 80.56 0.0835 532.8
1 13 33 65.29 0.1177 760.6
1 13 19 129.88 0.0584 646.7
1 13 28 120.52 0.0748 938.8
1 13 33 48.34 0.1334 756.8
1 13 26 106.77 0.0565 71.2
1 13 24 59.62 0.0844 776.1
1 13 42 442.15 0.0668 429.5
1 13 39 239.58 0.0750 212.1
1 13 34 63.52 0.0912 802.8
1 13 38 112.91 0.0765 720.1
1 13 34 126.73 0.0721 770.7
1 13 27 75.56 0.1299 0.5
1 13 35 147.33 0.0466 126.2
1 13 25 103.77 0.0530 725.9
1 13 44 170.07 0.0772 799.3
1 13 40 437.91 0.0533 929.7
1 13 17 161.63 0.0405 946.5
1 13 23 126.03 0.0727 705.6
1 13 13 46.72 0.1644 736.8
1 13 37 104.88 0.0966 176.0
1 13 27 92.83 0.0728 510.1
1 13 42 61.00 0.1166 728.8
1 13 33 171.78 0.0810 673.8
1 13 42 117.54 0.0823 524.3
1 13 30 46.04 0.1036 126.3
1 13 41 52.96 0.1246 432.3
1 13 40 79.57 0.0954 840.5
1 13 22 144.86 0.0371 497.3
1 13 26 155.91 0.0743 633.4
1 13 31 69.02 0.0988 137.4
1 13 38 81.21 0.0901 604.6
1 13 20 490.32 0.0398 82.3
1 13 18 48.47 0.1440 404.4
1 13 34 77.07 0.0795 444.9
1 13 22 119.60 0.0458 71.6
1 13 25 126.13 0.0891 624.1
1 13 25 155.09 0.0506 873.5
1 13 36 142.59 0.0790 705.0
1 13 43 95.61 0.1318 587.2
1 13 33 52.44 0.1177 775.5
1 13 20 85.63 0.0935 382.3
1 13 32 135.43 0.0730 771.3
1 13 45 184.72 0.0619 914.6
1 13 36 94.84 0.0965 664.5
1 13 34 139.30 0.0568 161.7
1 13 34 103.42 0.0888 232.6
1 13 33 57.54 0.1148 318.0
1 13 19 74.42 0.1103 420.9
1 13 18 84.16 0.0306 671.2
1 13 32 53.73 0.1251 707.2
1 13 35 77.04 0.0821 707.0
1 13 15 117.23 0.0600 803.8
1 13 33 71.81 0.0937 718.3
1 13 13 76.11 0.0806 400.6
1 13 38 85.55 0.0777 288.9
1 13 31 205.06 0.0505 624.4
1 13 24 133.65 0.0923 801.0
1 13 32 47.78 0.1292 404.2
1 13 39 69.21 0.0955 560.0
1 13 22 102.46 0.0791 765.9
1 13 28 77.95 0.0787 313.6
1 13 36 73.40 0.0996 332.9
1 13 13 68.56 0.1150 542.4
1 13 31 193.13 0.0629 297.1
1 13 38 89.16 0.0683 756.9
1 13 33 74.73 0.0945 929.5
1 13 21 83.23 0.1112 610.4
1 13 17 93.75 0.1152 675.8
1 13 32 58.55 0.1027 661.4
1 13 34 382.61 0.0703 633.2
1 13 27 95.84 0.0924 593.0
1 13 39 58.43 0.0740 282.4
1 13 37 145.62 0.0718 97.7
1 13 36 103.91 0.0918 67.3
1 13 36 171.59 0.0615 365.8
1 13 30 143.84 0.0918 120.3
1 13 38 119.91 0.0877 772.2
1 13 32 130.95 0.0803 813.9
1 13 26 243.01 0.0774 418.2
1 13 22 74.37 0.0581 594.7
1 13 38 148.02 0.0617 763.5
1 13 34 108.37 0.0896 576.6
1 13 43 141.36 0.0582 734.2
1 13 38 176.74 0.0953 158.4
1 13 38 66.97 0.0859 69.5
1 13 40 268.39 0.0485 790.9
1 13 35 140.94 0.0630 552.9
1 13 36 176.67 0.0554 576.9
1 13 39 63.17 0.1134 824.4
1 13 40 97.25 0.0803 135.8
1 13 38 81.75 0.1028 463.7
1 13 17 186.59 0.0505 495.4
1 13 15 58.56 0.1161 97.3
1 13 39 80.56 0.0784 825.3
1 13 26 69.82 0.0798 27.4
1 13 41 45.04 0.1360 906.5
1 13 34 67.30 0.1076 303.5
1 13 14 90.09 0.0526 281.4
1 13 39 81.15 0.0777 94.5
1 13 21 228.96 0.0527 767.6
1 13 15 66.81 0.1337 284.8
1 13 27 116.76 0.0779 92.0
1 13 36 386.80 0.0657 781.5
1 13 22 148.78 0.0838 711.4
1 13 16 321.47 0.1626 591.8
1 13 34 159.75 0.0897 573.2
1 13 21 202.08 0.1194 635.5
1 13 33 47.24 0.1468 141.7
1 13 18 184.17 0.0341 329.9
1 13 15 73.34 0.0620 697.9
1 13 33 185.45 0.0718 685.7
1 13 20 86.72 0.0656 68.5
1 13 29 53.84 0.0948 852.8
1 13 36 220.76 0.0697 945.5
1 13 34 63.57 0.1142 98.0
1 13 26 105.58 0.0752 20.2
1 13 24 192.52 0.0527 275.0
1 13 22 73.14 0.0857 636.1
1 13 36 69.29 0.1077 773.4
1 13 30 72.90 0.0716 649.9
1 13 35 158.24 0.0571 724.9
1 13 37 160.78 0.0786 810.6
1 13 32 63.19 0.0970 519.0
1 13 30 49.24 0.0745 170.4
1 13 32 287.55 0.0592 760.6
1 13 15 63.27 0.1549 920.1
1 13 42 91.49 0.0956 790.9
1 13 26 46.63 0.0996 944.0
1 13 35 48.31 0.1128 253.1
1 13 28 226.23 0.0568 272.4
1 13 39 73.95 0.0970 405.6
1 13 14 62.23 0.0890 846.2
1 13 36 164.78 0.0772 763.8
1 13 13 598.72 0.1315 962.5
1 13 29 93.25 0.0525 250.7
1 13 25 49.08 0.1298 592.5
1 13 19 203.97 0.0595 58.9
1 13 29 68.12 0.0709 97.2
1 13 41 45.63 0.1425 174.5
1 13 20 104.45 0.0549 647.4
1 13 31 62.97 0.1234 933.6
1 13 31 66.30 0.1053 748.4
1 13 40 70.29 0.1008 843.6
1 13 26 178.25 0.0502 184.0
1 13 33 107.38 0.0599 945.5
1 13 28 53.85 0.1288 766.1
1 13 25 192.53 0.0727 801.3
1 13 34 92.68 0.0938 370.4
1 13 31 90.97 0.0785 827.9
1 13 27 202.37 0.0714 924.7
1 13 25 237.49 0.0542 687.1
1 13 29 55.88 0.1165 813.7
1 13 38 121.74 0.0711 801.3
1 13 37 180.71 0.0713 490.7
1 13 32 203.52 0.0866 201.4
1 13 16 179.40 0.1113 632.4
1 13 26 256.28 0.0551 771.9
1 13 23 178.30 0.0624 837.3
1 13 29 82.53 0.0543 129.7
1 13 19 136.79 0.0529 906.3
1 13 19 70.05 0.0376 416.9
1 13 23 62.54 0.1149 756.0
1 13 16 141.43 0.0552 710.2
1 13 13 81.00 0.1154 557.4
1 13 24 229.94 0.0816 427.4
1 13 28 67.91 0.0923 356.6
1 13 26 124.76 0.0788 167.2
1 13 15 63.69 0.1351 562.7
1 13 29 271.17 0.0549 667.5
1 13 32 95.03 0.0924 948.2
1 13 26 86.89 0.0988 804.5
1 13 21 126.52 0.0666 111.4
1 13 25 94.50 0.0849 334.5
1 13 18 126.52 0.0480 276.6
1 13 28 91.79 0.0963 183.7
1 13 28 51.05 0.1050 164.6
1 13 34 127.66 0.0862 254.0
1 13 25 114.63 0.0699 373.8
1 13 24 133.56 0.0718 930.6
1 13 16 119.17 0.0386 873.1
1 13 27 53.77 0.1276 784.0
1 13 16 69.88 0.0517 86.1
1 13 14 194.86 0.0520 217.8
1 13 19 136.27 0.0781 392.3
1 13 14 53.74 0.0417 306.4
1 13 13 68.38 0.0744 936.2
1 13 21 135.74 0.0679 146.8
1 13 24 202.26 0.0679 489.2
1 13 24 202.57 0.0329 124.6
1 13 22 115.20 0.1326 818.8
1 13 18 48.51 0.0940 167.9
1 13 22 138.62 0.0687 245.3
1 13 13 84.96 0.0608 769.6
1 13 29 50.53 0.0895 788.8
1 13 37 117.64 0.0950 791.4
1 13 15 153.32 0.0868 806.9
1 13 28 119.48 0.0826 739.8
1 13 25 45.92 0.1312 86.4
1 13 36 138.93 0.0824 707.5
1 13 31 128.09 0.0834 192.0
1 13 32 91.10 0.0796 680.2
1 13 13 45.30 0.1286 893.1
1 13 25 446.65 0.0562 289.4
1 13 15 283.70 0.0651 410.6
1 13 18 66.10 0.0391 73.2
1 13 16 66.52 0.1580 955.0
1 13 14 362.69 0.0674 657.6
1 13 16 101.01 0.0827 650.7
1 13 35 81.80 0.0884 801.3
1 13 18 126.47 0.0886 873.8
1 13 24 106.00 0.0731 858.6
1 13 30 245.85 0.0538 646.7
1 13 29 189.04 0.0807 552.5
1 13 13 155.38 0.1430 779.7
1 13 17 989.78 0.0657 957.2
1 13 16 79.23 0.0880 391.0
1 13 34 73.82 0.1113 211.2
1 13 14 228.69 0.0322 443.7
1 13 28 122.08 0.0865 700.0
1 13 40 83.10 0.0727 337.0
1 13 24 150.42 0.0475 447.0
1 13 23 95.25 0.0765 10.9
1 13 33 68.71 0.0957 736.6
1 13 17 64.21 0.1231 307.5
1 13 20 140.55 0.0508 663.5
1 13 39 143.24 0.0661 740.2
1 13 13 51.10 0.0968 690.1
1 13 27 55.37 0.1007 712.6
1 13 22 197.46 0.0506 43.3
1 13 36 227.87 0.0892 132.0
1 13 23 199.70 0.0536 651.8
1 13 14 131.84 0.1326 827.2
1 13 23 234.25 0.0590 632.7
1 13 13 702.11 0.0847 428.2
1 13 16 99.87 0.1264 375.1
1 13 18 50.33 0.1483 765.4
1 13 22 62.72 0.0814 164.3
1 13 38 355.55 0.0670 831.9
1 13 31 55.36 0.1051 365.5
1 13 30 120.84 0.0583 463.8
1 13 41 137.99 0.0606 220.5
1 13 25 120.05 0.0624 123.6
1 13 14 75.35 0.1125 558.0
1 13 32 106.20 0.0570 719.1
1 13 27 51.26 0.0844 464.6
1 13 18 82.56 0.0905 911.5
1 13 15 102.40 0.0473 702.0
1 13 19 133.29 0.0561 690.3
1 13 33 54.13 0.1134 117.3
1 13 17 195.43 0.0490 814.8
1 13 14 53.16 0.0586 447.6
1 13 15 257.26 0.1125 867.9
1 13 14 81.99 0.1180 812.5
1 13 22 112.25 0.1039 553.0
1 13 22 62.74 0.1196 538.7
1 13 19 85.54 0.0433 233.2
1 13 22 200.47 0.0703 784.6
1 14 39 188.41 0.0603 653.6
1 14 15 101.11 0.0677 176.3
1 14 36 64.29 0.0689 219.2
1 14 40 112.37 0.0655 725.6
1 14 16 49.05 0.0686 39.0
1 14 22 73.22 0.1305 721.3
1 14 17 147.74 0.0568 41.7
1 14 16 77.43 0.0494 502.7
1 14 16 153.87 0.1095 142.0
1 14 15 71.38 0.0550 713.6
1 14 38 119.95 0.0645 681.5
1 14 19 67.47 0.1054 813.7
1 14 17 51.07 0.1391 220.3
1 14 15 108.66 0.0632 568.3
1 14 21 81.94 0.0751 474.9
1 14 18 96.62 0.1002 729.9
1 14 37 177.00 0.0698 921.0
1 14 15 55.96 0.1404 575.6
1 14 24 53.30 0.1038 176.5
1 14 30 83.53 0.1315 720.6
1 14 23 103.16 0.0665 466.2
1 14 29 101.91 0.0603 20.8
1 14 15 128.66 0.0510 215.1
1 14 28 104.55 0.0776 170.0
1 14 20 334.85 0.0777 561.4
1 14 23 67.95 0.0857 608.9
1 14 18 45.70 0.1298 815.1
1 14 20 45.75 0.1352 682.2
1 14 30 98.26 0.0734 892.9
1 14 24 99.01 0.0500 312.4
1 14 22 102.46 0.0871 593.2
1 14 26 75.61 0.0706 701.0
1 14 36 87.46 0.0986 548.8
1 14 30 91.91 0.0912 711.6
1 14 37 156.01 0.0606 742.6
1 14 17 93.15 0.1360 64.4
1 14 24 131.26 0.0715 224.5
1 14 41 131.30 0.0711 587.0
1 14 18 77.27 0.1097 246.9
1 14 28 84.00 0.0656 839.8
1 14 34 132.11 0.0838 852.6
1 14 25 134.81 0.0684 139.5
1 14 40 128.52 0.0665 891.0
1 14 38 188.05 0.0629 252.6
1 14 37 106.69 0.0762 140.2
1 14 46 133.71 0.0831 185.5
1 14 16 104.77 0.0541 701.3
1 14 17 1491.67 0.0864 719.1
1 14 22 56.57 0.0982 311.5
1 14 35 62.16 0.1100 713.4
1 14 31 82.48 0.0756 751.1
1 14 27 48.30 0.0580 768.0
1 14 30 184.52 0.0719 261.7
1 14 19 63.97 0.0696 332.1
1 14 31 246.15 0.0607 404.5
1 14 25 45.71 0.1268 939.2
1 14 29 59.38 0.1035 269.3
1 14 42 235.31 0.0677 710.3
1 14 38 108.42 0.0832 735.6
1 14 35 232.92 0.0551 883.3
1 14 34 49.07 0.1005 252.4
1 14 24 51.13 0.1318 224.4
1 14 23 114.73 0.0578 700.4
1 14 30 47.99 0.0939 261.0
1 14 21 46.22 0.0604 20.2
1 14 14 189.43 0.0789 194.9
1 14 30 98.16 0.0767 90.7
1 14 32 52.97 0.0989 247.5
1 14 16 167.57 0.0725 188.5
1 14 26 134.06 0.0839 918.8
1 14 19 45.73 0.1487 932.5
1 14 31 105.29 0.1132 774.8
1 14 35 222.76 0.0586 250.0
1 14 19 204.03 0.0629 92.6
1 14 32 391.36 0.0707 245.2
1 14 23 101.17 0.0619 180.2
1 14 29 122.55 0.0601 760.9
1 14 17 96.21 0.0955 647.0
1 14 30 111.52 0.0763 623.9
1 14 33 163.61 0.0906 348.5
1 14 27 112.05 0.0705 136.2
1 14 31 62.51 0.1266 727.7
1 14 35 117.39 0.0702 913.6
1 14 23 92.21 0.0787 798.3
1 14 23 108.70 0.0888 266.6
1 14 39 147.51 0.0684 623.4
1 14 23 86.81 0.0732 493.4
1 14 33 84.31 0.1129 699.8
1 14 24 57.59 0.0948 346.3
1 14 21 50.03 0.1541 565.5
1 14 29 158.99 0.0533 828.1
1 14 27 89.59 0.1055 163.0
1 14 15 119.38 0.1409 621.3
1 14 29 235.79 0.0819 615.4
1 14 37 78.33 0.1173 258.6
1 14 24 118.00 0.1053 237.6
1 14 25 45.07 0.1032 814.3
1 14 23 60.55 0.0690 860.2
1 14 36 148.97 0.0741 249.7
1 14 46 114.69 0.0946 721.6
1 14 27 68.19 0.1276 846.6
1 14 37 68.45 0.1079 760.8
1 14 39 63.24 0.1163 227.6
1 14 24 72.52 0.1365 709.4
1 14 13 425.46 0.0717 646.7
1 14 25 45.91 0.1434 825.0
1 14 35 214.86 0.0687 638.4
1 14 35 130.43 0.0746 172.0
1 14 29 118.38 0.0980 152.2
1 14 31 83.50 0.1065 814.9
1 14 42 384.68 0.0426 282.2
1 14 26 46.76 0.1217 609.4
1 14 24 58.93 0.1074 251.0
1 14 36 185.13 0.0706 189.2
1 14 39 94.09 0.0836 763.9
1 14 36 93.91 0.0732 213.0
1 14 34 119.08 0.0790 720.9
1 14 44 118.48 0.0583 826.3
1 14 28 126.04 0.0525 66.5
1 14 42 192.34 0.0568 527.2
1 14 27 53.75 0.1433 246.2
1 14 41 87.55 0.0787 685.5
1 14 23 191.10 0.0481 578.6
1 14 27 86.77 0.0765 532.0
1 14 39 186.96 0.0605 631.7
1 14 41 62.83 0.0902 105.7
1 14 41 308.83 0.0656 688.2
1 14 40 117.74 0.0543 766.1
1 14 22 268.20 0.0566 270.0
1 14 18 170.47 0.0981 619.3
1 14 16 154.49 0.0489 383.7
1 14 34 48.80 0.0967 633.1
1 14 18 107.93 0.0691 719.3
1 14 43 151.98 0.0749 767.5
1 14 19 45.28 0.0616 257.5
1 14 44 65.32 0.0848 787.9
1 14 20 80.18 0.0920 5.8
1 14 40 340.36 0.0731 895.2
1 14 42 95.01 0.0714 614.2
1 14 28 127.73 0.1012 915.4
1 14 13 218.51 0.0401 194.9
1 14 34 79.79 0.1036 678.1
1 14 38 133.92 0.0812 758.7
1 14 16 178.04 0.0452 39.3
1 14 42 101.38 0.1036 674.0
1 14 42 99.39 0.0764 814.0
1 14 41 708.19 0.0463 613.8
1 14 21 60.65 0.1318 697.7
1 14 42 86.08 0.0947 714.8
1 14 31 183.70 0.0684 701.5
1 14 39 221.36 0.0748 546.5
1 14 38 276.61 0.0747 686.6
1 14 36 58.09 0.1158 605.2
1 14 36 183.01 0.0499 688.3
1 14 14 102.25 0.0381 47.5
1 14 24 99.90 0.0766 754.6
1 14 20 116.67 0.0874 746.5
1 14 38 96.22 0.0949 781.6
1 14 16 66.39 0.0610 653.7
1 14 34 87.19 0.0914 590.6
1 14 30 72.14 0.0735 689.6
1 14 20 207.67 0.0748 96.6
1 14 37 72.54 0.1218 175.1
1 14 41 55.65 0.1247 945.7
1 14 34 316.78 0.0587 694.5
1 14 35 184.97 0.0711 625.0
1 14 33 91.35 0.1045 636.6
1 14 19 48.71 0.1752 536.3
1 14 29 78.50 0.0673 185.5
1 14 31 76.34 0.0854 256.7
1 14 24 95.65 0.0792 55.5
1 14 40 124.22 0.0750 297.1
1 14 24 228.12 0.0513 911.5
1 14 44 90.25 0.0761 294.6
1 14 37 61.96 0.1072 761.9
1 14 40 67.57 0.1241 201.2
1 14 43 137.43 0.0704 196.5
1 14 38 129.30 0.0880 281.3
1 14 27 128.56 0.0687 896.4
1 14 14 104.12 0.0968 33.2
1 14 35 81.37 0.0967 169.9
1 14 34 59.33 0.1249 613.4
1 14 26 233.50 0.0601 57.6
1 14 21 69.18 0.1128 634.0
1 14 39 209.86 0.0459 138.6
1 14 38 88.19 0.0953 662.2
1 14 29 108.10 0.0613 652.3
1 14 17 61.45 0.1174 958.0
1 14 24 115.58 0.0664 259.8
1 14 34 97.53 0.0805 742.4
1 14 34 57.72 0.1122 670.8
1 14 35 134.22 0.0705 133.1
1 14 36 129.05 0.0651 778.4
1 14 34 96.96 0.0944 698.8
1 14 37 126.10 0.0602 282.6
1 14 33 99.41 0.1114 927.3
1 14 20 70.73 0.0921 784.9
1 14 39 80.62 0.1114 384.4
1 14 29 57.16 0.0992 536.1
1 14 22 182.57 0.0660 746.7
1 14 31 77.95 0.0726 598.5
1 14 34 107.33 0.0568 751.8
1 14 35 124.15 0.0608 854.5
1 14 38 159.11 0.0664 125.8
1 14 27 105.02 0.0471 363.0
1 14 38 268.41 0.0693 279.3
1 14 20 45.04 0.0762 223.3
1 14 37 61.83 0.1079 186.8
1 14 31 118.96 0.0890 299.6
1 14 17 95.71 0.0587 264.5
1 14 15 61.21 0.1160 614.9
1 14 31 118.40 0.0935 894.9
1 14 36 158.14 0.0624 396.8
1 14 44 68.01 0.0899 639.4
1 14 37 191.14 0.0701 761.3
1 14 23 269.44 0.1198 212.3
1 14 29 84.99 0.0827 627.6
1 14 39 57.57 0.1149 753.3
1 14 15 159.07 0.0835 200.3
1 14 26 149.60 0.0630 848.5
1 14 28 160.61 0.0705 170.0
1 14 31 147.27 0.0604 775.1
1 14 34 47.04 0.1094 800.4
1 14 35 158.59 0.0730 754.6
1 14 38 80.85 0.0919 647.0
1 14 46 203.95 0.0451 696.8
1 14 21 120.12 0.0706 273.3
1 14 27 80.15 0.0775 555.4
1 14 22 69.98 0.1293 153.9
1 14 37 61.93 0.0957 666.0
1 14 37 165.86 0.0668 597.0
1 14 28 124.28 0.0722 609.4
1 14 42 114.64 0.0624 846.5
1 14 38 454.38 0.0623 561.9
1 14 27 154.82 0.0730 701.0
1 14 29 156.92 0.0673 937.4
1 14 20 346.81 0.1009 472.6
1 14 38 68.38 0.0748 702.8
1 14 17 365.53 0.1383 421.8
1 14 37 59.62 0.0922 729.3
1 14 33 112.19 0.0767 763.4
1 14 43 108.59 0.0801 742.5
1 14 35 70.26 0.1138 209.0
1 14 37 121.26 0.0918 695.6
1 14 43 243.19 0.0734 614.4
1 14 39 200.37 0.0715 697.6
1 14 27 55.38 0.1134 740.7
1 14 32 181.99 0.0704 280.9
1 14 33 166.48 0.0541 863.7
1 14 24 68.79 0.1073 782.7
1 14 28 79.54 0.0869 601.9
1 14 28 191.89 0.0671 541.0
1 14 37 230.40 0.0551 793.4
1 14 21 110.22 0.0377 203.9
1 14 19 81.91 0.0955 652.7
1 14 20 77.10 0.1170 359.8
1 14 38 106.33 0.0910 717.5
1 14 17 65.80 0.1408 601.6
1 14 26 50.01 0.1119 622.6
1 14 29 54.13 0.0847 230.2
1 14 25 145.63 0.0623 143.4
1 14 16 73.19 0.1277 611.8
1 14 17 195.45 0.0746 661.7
1 14 16 178.66 0.1287 351.5
1 14 15 52.61 0.1067 719.2
1 14 45 73.32 0.0837 187.2
1 14 18 98.03 0.1369 700.0
1 14 17 77.03 0.1183 864.4
1 14 22 274.94 0.0371 110.5
1 14 28 98.99 0.0986 805.5
1 14 31 230.67 0.0885 200.0
1 14 30 187.90 0.0681 748.8
1 14 19 90.20 0.0693 671.9
1 14 18 58.84 0.0507 546.2
1 14 16 201.63 0.0478 212.2
1 14 25 90.90 0.0677 8.0
1 14 16 102.72 0.0541 31.3
1 14 15 84.39 0.1580 552.9
1 14 35 86.57 0.0817 282.2
1 14 33 97.58 0.0881 676.4
1 14 21 91.57 0.0655 569.0
1 14 24 101.75 0.0974 614.1
1 14 26 318.49 0.0702 713.7
1 14 17 67.16 0.0801 583.6
1 14 13 578.37 0.0577 674.4
1 14 26 140.67 0.0876 639.7
1 14 18 49.76 0.0852 129.5
1 14 31 54.03 0.1093 640.3
1 14 28 173.37 0.0939 226.4
1 14 24 170.79 0.0784 608.5
1 14 35 83.96 0.1068 676.9
1 14 15 51.01 0.0370 57.7
1 14 15 198.63 0.0559 149.7
1 14 13 53.39 0.1049 324.5
1 14 14 214.72 0.0448 543.8
1 14 34 48.56 0.1088 810.0
1 14 13 669.31 0.0974 651.7
1 14 29 163.23 0.0972 329.4
1 14 17 47.21 0.0836 675.0
1 14 13 94.94 0.0759 583.3
1 14 30 149.10 0.0536 663.2
1 14 22 81.64 0.0964 174.8
1 14 14 82.33 0.1453 317.4
1 14 38 72.15 0.0767 621.8
1 14 19 49.50 0.0851 658.6
1 14 38 254.91 0.0510 54.9
1 14 25 53.63 0.1203 247.2
1 14 20 66.03 0.0840 771.6
1 14 18 261.73 0.0379 587.5
1 14 24 71.09 0.0853 824.0
1 14 21 77.31 0.0804 883.3
1 14 21 45.24 0.1153 586.7
1 14 17 351.47 0.0902 86.3
1 14 32 112.81 0.0935 644.2
1 14 26 60.84 0.1142 922.7
1 14 13 665.98 0.0272 743.3
1 14 17 87.07 0.0396 765.8
1 14 17 46.55 0.0625 702.6
1 14 28 333.37 0.0576 151.7
1 14 16 45.32 0.1066 792.7
1 14 17 77.15 0.0795 364.5
1 14 36 170.19 0.0575 782.8
1 14 31 93.07 0.0616 766.2
1 14 23 93.67 0.0786 525.5
1 14 16 55.48 0.0928 220.7
1 14 29 45.19 0.1021 223.2
1 14 28 67.36 0.0976 410.3
1 14 13 323.57 0.0430 749.9
1 14 30 102.99 0.0993 760.6
1 15 30 247.94 0.0710 362.8
1 15 23 138.18 0.0803 469.9
1 15 27 114.95 0.0931 562.2
1 15 29 115.32 0.0725 207.0
1 15 27 78.91 0.0841 344.5
1 15 33 97.23 0.1068 572.4
1 15 27 171.08 0.0877 4.5
1 15 43 129.99 0.0636 476.5
1 15 40 88.00 0.1036 257.6
1 15 22 45.72 0.1237 471.3
1 15 29 210.76 0.0801 559.3
1 15 29 189.06 0.0644 732.4
1 15 31 64.43 0.0998 157.9
1 15 33 55.58 0.0935 480.0
1 15 26 56.69 0.1219 944.5
1 15 30 359.83 0.0381 706.9
1 15 25 255.21 0.0484 309.1
1 15 36 384.33 0.0644 418.9
1 15 26 141.64 0.0919 638.5
1 15 37 56.75 0.0766 70.3
1 15 28 262.21 0.0620 368.6
1 15 23 198.92 0.0674 632.6
1 15 19 360.19 0.1490 887.0
1 15 31 106.14 0.0663 46.3
1 15 29 157.53 0.0887 853.8
1 15 25 235.76 0.0568 518.1
1 15 16 137.90 0.0856 518.5
1 15 29 175.05 0.0835 716.4
1 15 17 79.45 0.1037 468.9
1 15 23 181.44 0.0478 695.4
1 15 13 165.04 0.0795 238.6
1 15 20 149.67 0.0449 779.6
1 15 25 74.06 0.0873 657.9
1 15 34 235.00 0.0511 601.6
1 15 40 174.41 0.0710 162.5
1 15 18 47.50 0.1310 546.5
1 15 35 45.73 0.1251 28.8
1 15 23 190.15 0.0506 538.4
1 15 34 103.87 0.0823 823.0
1 15 30 141.40 0.1275 596.7
1 15 20 136.58 0.0450 236.8
1 15 28 263.92 0.0621 490.6
1 15 30 145.19 0.0670 250.1
1 15 40 63.73 0.0899 707.8
1 15 19 309.12 0.0369 492.1
1 15 30 105.92 0.0987 471.0
1 15 32 99.28 0.0745 240.9
1 15 37 79.51 0.1392 510.6
1 15 35 147.50 0.0542 482.2
1 15 29 210.93 0.0560 362.0
1 15 35 289.15 0.0682 455.1
1 15 32 193.70 0.0635 45.7
1 15 28 121.05 0.0495 940.3
1 15 17 48.85 0.0799 846.7
1 15 28 90.86 0.0853 222.3
1 15 35 109.47 0.0922 645.9
1 15 25 75.47 0.0828 305.9
1 15 31 95.14 0.0991 492.2
1 15 33 161.38 0.0643 376.0
1 15 22 49.80 0.0803 549.3
1 15 32 192.96 0.0626 398.5
1 15 31 202.05 0.0637 725.0
1 15 30 98.87 0.0621 946.4
1 15 21 194.71 0.0885 553.7
1 15 20 186.32 0.0792 597.0
1 15 21 126.56 0.0702 3.0
1 15 23 399.52 0.0800 285.2
1 15 28 120.39 0.0512 193.7
1 15 40 135.14 0.0722 234.0
1 15 39 181.68 0.0972 727.8
1 15 28 90.07 0.0566 576.9
1 15 33 281.65 0.0848 456.5
1 15 43 310.85 0.0540 73.7
1 15 34 101.33 0.0677 740.5
1 15 29 65.76 0.1172 284.6
1 15 29 96.80 0.0608 310.5
1 15 16 232.37 0.0604 68.4
1 15 29 102.80 0.0508 24.8
1 15 45 199.61 0.0748 658.3
1 15 33 89.62 0.0710 346.5
1 15 21 82.56 0.0892 313.9
1 15 33 82.18 0.0698 332.1
1 15 33 55.29 0.1306 654.5
1 15 39 111.59 0.0801 563.2
1 15 15 289.45 0.0465 828.5
1 15 42 165.80 0.0732 687.0
1 15 43 57.81 0.1047 252.0
1 15 19 73.01 0.0699 952.4
1 15 26 58.95 0.1024 889.8
1 15 29 147.72 0.0548 943.7
1 15 24 99.03 0.0658 315.5
1 15 31 68.28 0.0849 930.8
1 15 15 129.58 0.0392 198.8
1 15 30 220.28 0.0571 602.3
1 15 39 120.74 0.0630 630.1
1 15 17 47.05 0.0787 67.4
1 15 19 108.38 0.0675 917.5
1 15 15 58.72 0.1490 214.8
1 15 33 131.38 0.0553 362.9
1 15 29 53.68 0.0998 68.3
1 15 20 182.35 0.0594 250.4
1 15 31 151.89 0.0871 920.8
1 15 25 66.12 0.0651 707.3
1 15 36 99.36 0.1021 834.2
1 15 33 114.88 0.0722 306.4
1 15 18 90.29 0.0393 364.4
1 15 18 416.00 0.0868 322.7
1 15 22 257.84 0.0452 566.9
1 15 33 56.31 0.0998 582.5
1 15 29 120.79 0.0807 483.8
1 15 13 221.19 0.0712 57.4
1 15 22 111.41 0.0800 216.5
1 15 27 163.01 0.0462 330.5
1 15 34 57.11 0.1139 785.5
1 15 20 178.14 0.0617 319.6
1 15 26 862.53 0.0949 298.9
1 15 29 195.06 0.0801 944.9
1 15 32 229.27 0.1002 518.0
1 15 17 154.28 0.0387 829.6
1 15 14 51.77 0.0514 153.2
1 15 21 282.39 0.0588 456.6
1 15 14 184.98 0.0526 143.5
1 15 30 73.19 0.0898 723.7
1 15 16 63.26 0.0743 459.0
1 15 29 79.21 0.0898 439.6
1 15 29 105.42 0.0749 40.7
1 15 36 131.61 0.0760 148.9
1 15 26 176.65 0.0728 950.1
1 15 35 104.33 0.0977 950.5
1 15 20 107.67 0.1007 609.8
1 15 18 70.71 0.1227 26.0
1 15 39 146.20 0.0896 693.5
1 15 36 152.10 0.0947 621.1
1 15 28 97.30 0.0570 889.3
1 15 27 79.93 0.0869 930.4
1 15 35 172.44 0.0791 514.2
1 15 27 92.26 0.0890 69.7
1 15 38 111.73 0.1038 23.4
1 15 28 237.44 0.0619 221.6
1 15 33 83.38 0.0810 260.7
1 15 36 228.27 0.0683 175.3
1 15 30 206.61 0.0825 446.4
1 15 25 110.92 0.0691 464.1
1 15 27 86.02 0.1156 566.5
1 15 15 67.77 0.0959 154.6
1 15 38 164.22 0.0705 176.0
1 15 20 51.18 0.1408 947.5
1 15 38 174.54 0.0882 41.2
1 15 38 64.65 0.0988 210.3
1 15 33 48.86 0.1297 910.5
1 15 31 82.46 0.0900 573.1
1 15 35 325.72 0.0717 438.6
1 15 25 51.31 0.1032 518.7
1 15 36 217.18 0.0656 238.6
1 15 13 134.87 0.1208 510.2
1 15 15 197.43 0.1145 143.7
1 15 28 65.06 0.0957 26.3
1 15 27 65.13 0.0940 493.1
1 15 28 82.05 0.0855 765.2
1 15 35 156.69 0.0821 883.7
1 15 26 47.43 0.1383 621.6
1 15 33 56.17 0.1044 192.9
1 15 24 48.36 0.1214 11.0
1 15 33 117.43 0.0794 488.4
1 15 30 93.95 0.1014 857.5
1 15 35 216.67 0.0983 516.0
1 15 34 142.04 0.0862 687.6
1 15 16 56.72 0.1096 718.4
1 15 17 46.19 0.0698 508.6
1 15 25 123.49 0.0877 370.0
1 15 32 118.10 0.0666 33.8
1 15 44 116.79 0.0757 576.8
1 15 41 62.04 0.1155 669.5
1 15 29 161.93 0.0647 338.5
1 15 25 217.43 0.0494 360.6
1 15 17 83.62 0.1199 553.9
1 15 17 56.69 0.0446 447.9
1 15 22 131.41 0.0620 583.4
1 15 33 82.43 0.0954 558.5
1 15 24 149.63 0.0426 195.2
1 15 19 288.61 0.1250 549.8
1 15 29 119.62 0.0703 631.2
1 15 13 54.30 0.0740 495.0
1 15 15 147.55 0.0738 165.2
1 15 46 85.78 0.0691 600.5
1 15 40 140.93 0.0717 717.4
1 15 13 195.76 0.0712 716.6
1 15 26 159.53 0.1042 536.7
1 15 27 244.46 0.0777 20.4
1 15 34 219.96 0.0504 546.2
1 15 40 163.35 0.0588 623.6
1 15 20 126.24 0.0866 427.0
1 15 31 68.08 0.1163 141.7
1 15 23 102.12 0.0897 88.6
1 15 22 82.44 0.0472 775.9
1 15 14 437.67 0.1560 716.2
1 15 19 51.68 0.1054 789.8
1 15 25 138.02 0.0595 416.6
1 15 23 50.32 0.0822 9.2
1 15 21 131.16 0.1392 421.1
1 15 21 48.48 0.1004 8.2
1 15 34 59.81 0.1172 37.5
1 15 31 141.44 0.1121 707.4
1 15 39 146.34 0.0905 675.4
1 15 22 45.14 0.1350 718.0
1 15 21 139.77 0.0914 700.1
1 15 26 123.54 0.1004 819.0
1 15 19 124.87 0.0669 98.5
1 15 36 297.20 0.0716 379.0
1 15 18 66.20 0.0959 836.0
1 15 30 107.59 0.0878 50.0
1 15 33 162.84 0.0707 695.9
1 15 39 119.39 0.0863 365.3
1 15 34 138.28 0.0845 597.6
1 15 34 50.24 0.0791 630.8
1 15 37 87.30 0.0901 286.8
1 15 18 74.34 0.0885 846.4
1 15 37 156.17 0.0775 452.0
1 15 29 72.67 0.0732 721.9
1 15 38 117.03 0.0847 631.3
1 15 20 253.73 0.0587 51.2
1 15 22 169.72 0.0631 9.8
1 15 37 74.11 0.0781 344.8
1 15 42 71.97 0.1087 699.6
1 15 37 102.90 0.0897 392.9
1 15 39 63.63 0.1271 440.7
1 15 41 56.04 0.0667 677.2
1 15 25 64.94 0.0600 266.0
1 15 35 175.21 0.0677 617.5
1 15 17 51.77 0.0579 962.1
1 15 43 76.97 0.1109 45.7
1 15 37 77.24 0.0967 440.2
1 15 29 58.66 0.1087 352.9
1 15 38 199.93 0.0726 463.3
1 15 43 176.55 0.0646 521.2
1 15 38 80.13 0.0952 679.7
1 15 37 108.15 0.0698 754.6
1 15 22 53.47 0.1292 430.6
1 15 36 112.05 0.0773 535.0
1 15 39 100.98 0.0882 637.0
1 15 41 141.26 0.0816 908.7
1 15 28 47.69 0.1203 802.7
1 15 24 125.37 0.0697 948.0
1 15 20 455.42 0.0753 401.1
1 15 16 61.51 0.1351 541.9
1 15 18 396.38 0.0376 337.2
1 15 25 59.04 0.0948 351.3
1 15 38 109.14 0.0812 450.2
1 15 19 110.37 0.0883 251.1
1 15 29 787.53 0.0960 659.8
1 15 35 146.91 0.0895 488.4
1 15 21 46.93 0.0898 384.3
1 15 25 476.00 0.1521 631.3
1 15 14 153.61 0.1583 328.5
1 15 24 101.55 0.0853 43.5
1 15 13 89.04 0.1615 505.1
1 15 18 201.39 0.0514 426.7
1 15 34 84.72 0.0868 803.0
1 15 31 128.25 0.0524 97.7
1 15 17 131.13 0.1261 639.0
1 15 15 616.74 0.1155 381.2
1 15 39 95.83 0.0597 563.0
1 15 39 251.10 0.0778 472.3
1 15 19 47.49 0.1189 688.9
1 15 26 46.61 0.0608 172.0
1 15 36 106.79 0.0607 869.5
1 15 45 133.66 0.0670 447.0
1 15 23 124.46 0.0557 908.5
1 15 15 108.75 0.0610 333.3
1 15 33 69.30 0.0822 595.9
1 15 20 72.33 0.0709 13.1
1 15 40 128.08 0.0603 659.4
1 15 33 116.70 0.0955 308.1
1 15 37 112.01 0.0834 780.1
1 15 34 79.57 0.0836 524.4
1 15 26 100.31 0.0717 369.4
1 15 19 801.52 0.0992 364.7
1 15 38 244.49 0.0654 340.5
1 15 28 51.29 0.1224 639.6
1 15 26 174.86 0.0595 640.1
1 15 34 151.95 0.0755 476.2
1 15 33 100.50 0.0690 487.4
1 15 37 83.02 0.0672 647.1
1 15 26 82.55 0.0772 582.5
1 15 38 278.36 0.0608 108.1
1 15 40 108.76 0.0837 909.0
1 15 21 88.20 0.1252 460.4
1 15 35 116.33 0.0599 454.7
1 15 15 67.68 0.1541 518.4
1 15 34 64.83 0.1166 461.4
1 15 29 108.54 0.1120 452.1
1 15 14 412.78 0.1267 538.0
1 15 19 66.05 0.1136 613.8
1 15 28 631.16 0.0944 535.1
1 15 22 190.85 0.0419 770.4
1 15 15 60.92 0.1215 572.0
1 15 28 57.82 0.0984 12.6
1 15 22 48.13 0.0728 397.6
1 15 19 71.87 0.1410 448.5
1 15 19 60.64 0.1312 442.8
1 15 23 60.01 0.0513 527.8
1 15 14 49.89 0.0733 909.1
1 15 13 192.71 0.0613 394.4
1 15 20 114.10 0.0555 938.6
1 15 30 58.22 0.1121 381.9
1 15 17 56.74 0.0665 857.8
1 15 32 85.81 0.0979 21.0
1 15 17 63.36 0.0884 49.5
1 15 25 90.93 0.1002 580.2
1 15 17 64.63 0.0692 370.9
1 15 15 375.41 0.0417 74.8
1 15 18 181.62 0.0845 92.9
1 15 22 135.94 0.0635 937.5
1 15 22 98.55 0.0746 809.3
1 15 21 155.79 0.0433 121.3
1 15 18 81.25 0.0413 662.0
1 15 20 46.96 0.1144 416.1
1 15 18 232.10 0.0564 292.5
1 15 17 293.97 0.0298 497.9
1 15 19 51.02 0.0970 774.5
1 15 16 282.30 0.0333 437.1
1 15 17 95.04 0.1454 631.4
1 15 16 47.44 0.1378 861.0
1 15 15 575.32 0.0591 176.7
1 15 20 58.28 0.1247 431.1
1 15 19 69.64 0.0753 592.0
1 15 18 167.25 0.0820 341.6
1 15 25 241.52 0.0753 528.2
1 15 24 49.58 0.0966 928.1
1 15 14 220.63 0.0535 834.7
1 15 14 129.56 0.1213 713.0
1 15 21 163.94 0.0840 467.5
1 15 20 63.38 0.0977 707.0
1 15 21 49.16 0.1194 411.0
1 15 16 88.15 0.0627 334.7
1 15 14 64.16 0.1001 434.6
1 15 22 90.66 0.0596 709.5
1 15 20 92.17 0.0787 295.6
1 15 19 325.97 0.0748 37.2
1 15 28 57.59 0.0796 279.4
1 15 26 546.97 0.0454 179.2
1 15 19 75.97 0.0832 553.9
1 15 22 74.42 0.0645 851.0
1 15 25 93.09 0.1109 358.6
1 15 24 145.21 0.0696 456.5
1 15 33 49.42 0.0860 636.3
1 15 14 57.18 0.0625 438.8
1 15 24 109.29 0.0689 747.3
1 15 29 52.42 0.0774 939.8
1 15 24 115.50 0.0887 466.4
1 15 30 95.80 0.1018 214.2
1 16 30 108.94 0.1134 306.3
1 16 26 57.22 0.1010 514.9
1 16 36 116.48 0.0875 101.6
1 16 20 84.21 0.1216 183.6
1 16 20 90.63 0.0905 85.2
1 16 23 178.29 0.0709 275.3
1 16 31 52.29 0.1005 395.4
1 16 25 93.97 0.0835 121.3
1 16 27 188.53 0.0790 836.4
1 16 25 69.42 0.1130 119.0
1 16 19 121.00 0.0770 254.3
1 16 24 163.03 0.0670 373.4
1 16 28 78.90 0.0662 396.8
1 16 30 76.85 0.1235 808.1
1 16 22 57.32 0.0956 568.0
1 16 44 162.01 0.0812 798.3
1 16 31 82.05 0.0942 67.8
1 16 26 421.31 0.0371 680.4
1 16 29 229.37 0.0581 796.1
1 16 34 123.00 0.0828 818.6
1 16 31 143.63 0.0597 728.9
1 16 15 91.34 0.0866 136.7
1 16 36 82.39 0.0866 385.2
1 16 18 81.83 0.1329 553.5
1 16 18 97.72 0.0798 29.4
1 16 31 136.30 0.0692 546.3
1 16 28 346.40 0.0759 473.7
1 16 25 100.38 0.0976 621.4
1 16 32 150.92 0.0836 72.6
1 16 30 186.26 0.0590 233.7
1 16 26 75.54 0.0524 732.1
1 16 30 95.30 0.0979 279.2
1 16 23 221.78 0.0430 81.7
1 16 35 249.83 0.0453 415.5
1 16 21 102.24 0.0778 428.5
1 16 35 95.93 0.0881 80.9
1 16 21 128.76 0.0560 501.7
1 16 17 62.11 0.1107 453.9
1 16 33 88.36 0.0952 735.4
1 16 23 67.62 0.0814 444.5
1 16 26 97.81 0.1143 790.7
1 16 27 60.50 0.0875 498.0
1 16 28 228.85 0.0844 454.8
1 16 31 119.16 0.0645 204.7
1 16 27 261.79 0.1010 160.0
1 16 15 53.66 0.0775 96.1
1 16 28 64.62 0.0959 155.5
1 16 34 58.85 0.1297 141.9
1 16 27 106.58 0.0740 86.7
1 16 31 97.65 0.0879 752.5
1 16 42 147.30 0.0604 96.0
1 16 37 52.44 0.1091 835.3
1 16 20 150.72 0.0875 43.8
1 16 37 193.56 0.1012 335.4
1 16 34 586.58 0.0500 139.2
1 16 26 100.79 0.0627 306.4
1 16 41 163.17 0.0730 535.8
1 16 18 54.97 0.1020 437.8
1 16 24 144.59 0.0524 844.7
1 16 24 50.89 0.1163 329.5
1 16 20 95.65 0.0908 350.8
1 16 32 100.45 0.1132 303.9
1 16 25 53.45 0.0931 758.5
1 16 38 154.35 0.0639 350.0
1 16 36 160.63 0.0717 123.3
1 16 31 197.28 0.0522 111.2
1 16 32 60.47 0.0958 48.0
1 16 29 68.71 0.0851 358.0
1 16 38 47.73 0.0706 513.6
1 16 21 934.46 0.0705 69.5
1 16 35 118.26 0.0638 700.9
1 16 18 117.22 0.0422 352.5
1 16 26 59.33 0.0612 411.5
1 16 35 60.07 0.0936 120.8
1 16 19 205.25 0.0490 132.2
1 16 24 47.78 0.1026 111.1
1 16 32 186.35 0.0432 688.7
1 16 37 201.53 0.0644 143.2
1 16 23 68.99 0.0746 389.9
1 16 31 70.55 0.0919 524.9
1 16 32 175.02 0.0706 53.1
1 16 28 102.32 0.0865 147.5
1 16 27 93.88 0.1010 522.7
1 16 43 174.51 0.0629 94.1
1 16 36 210.50 0.0620 416.4
1 16 18 131.47 0.0771 947.3
1 16 31 59.66 0.0811 122.0
1 16 35 61.94 0.1036 839.6
1 16 26 58.86 0.0812 93.6
1 16 27 82.07 0.1195 152.4
1 16 34 100.58 0.0771 409.3
1 16 25 71.21 0.0933 142.2
1 16 33 78.97 0.0924 819.0
1 16 19 267.92 0.0860 66.6
1 16 34 99.88 0.1011 144.7
1 16 25 66.09 0.1424 19.6
1 16 27 126.80 0.0545 372.1
1 16 16 86.50 0.0902 680.9
1 16 24 47.49 0.1172 93.7
1 16 36 109.18 0.0826 718.0
1 16 17 86.44 0.0430 417.5
1 16 34 280.04 0.0579 188.4
1 16 37 332.68 0.0475 587.4
1 16 24 144.76 0.0846 917.0
1 16 28 113.03 0.0660 766.1
1 16 30 115.47 0.1053 77.0
1 16 13 406.16 0.1478 329.6
1 16 24 49.26 0.0685 446.8
1 16 16 154.79 0.0478 69.9
1 16 38 75.32 0.0859 575.8
1 16 13 50.26 0.1175 325.0
1 16 22 266.15 0.0486 687.4
1 16 14 100.74 0.0333 288.1
1 16 20 45.33 0.1008 700.3
1 16 27 70.19 0.1089 312.4
1 16 26 87.09 0.0690 312.4
1 16 39 127.81 0.0979 451.8
1 16 15 89.20 0.0923 455.7
1 16 34 244.08 0.0631 493.6
1 16 27 119.78 0.0651 352.7
1 16 37 152.17 0.0764 491.1
1 16 29 51.02 0.1176 193.5
1 16 32 194.03 0.0702 533.8
1 16 42 187.52 0.0821 294.3
1 16 38 69.31 0.0707 818.3
1 16 43 68.08 0.1255 353.0
1 16 30 97.85 0.1045 637.9
1 16 31 221.53 0.0527 541.0
1 16 20 169.97 0.0850 240.4
1 16 31 171.58 0.0907 383.1
1 16 27 54.02 0.0924 86.0
1 16 31 119.73 0.0937 88.0
1 16 18 78.25 0.1222 387.8
1 16 20 82.43 0.0846 682.1
1 16 33 213.64 0.0855 615.4
1 16 34 199.35 0.0823 535.4
1 16 33 83.84 0.0668 93.8
1 16 37 112.67 0.0858 413.9
1 16 30 48.07 0.1008 429.6
1 16 20 66.45 0.0985 315.3
1 16 28 78.24 0.0938 210.1
1 16 22 72.57 0.0481 685.8
1 16 36 205.81 0.0628 406.4
1 16 39 115.88 0.0988 292.3
1 16 28 70.13 0.0690 956.0
1 16 28 100.11 0.0465 204.2
1 16 39 297.29 0.0592 247.7
1 16 32 87.10 0.0909 368.3
1 16 21 72.62 0.0841 356.8
1 16 16 66.49 0.0760 341.6
1 16 35 63.28 0.1228 432.2
1 16 31 137.61 0.0789 353.0
1 16 15 113.99 0.0420 72.4
1 16 38 68.35 0.0980 593.5
1 16 38 269.31 0.0768 220.1
1 16 24 67.14 0.1326 423.4
1 16 27 107.50 0.0551 690.2
1 16 27 77.06 0.1047 195.0
1 16 17 103.31 0.0779 257.0
1 16 28 260.71 0.0740 586.3
1 16 17 50.30 0.1223 18.3
1 16 17 60.11 0.1089 309.0
1 16 36 64.56 0.0962 15.7
1 16 41 681.97 0.0584 560.3
1 16 42 215.24 0.0631 64.8
1 16 45 188.86 0.0666 97.2
1 16 30 103.26 0.0593 218.7
1 16 36 122.55 0.0705 453.9
1 16 37 106.69 0.0758 71.7
1 16 41 110.54 0.0795 811.3
1 16 41 138.87 0.0658 791.4
1 16 22 230.91 0.0644 196.3
1 16 40 131.91 0.0807 560.2
1 16 19 185.60 0.0587 34.4
1 16 39 130.37 0.0637 278.7
1 16 15 54.23 0.0482 661.6
1 16 19 124.19 0.0522 8.5
1 16 16 93.52 0.0672 267.0
1 16 44 61.28 0.0899 827.7
1 16 40 60.13 0.0962 369.8
1 16 36 75.65 0.1084 796.6
1 16 30 100.63 0.0754 77.1
1 16 15 79.98 0.0589 41.8
1 16 29 98.39 0.0704 41.9
1 16 31 48.00 0.1186 842.8
1 16 26 99.41 0.0503 386.0
1 16 27 221.82 0.0818 458.2
1 16 24 166.71 0.0729 889.2
1 16 32 160.52 0.0880 190.7
1 16 21 93.48 0.0515 279.9
1 16 16 113.44 0.0494 341.5
1 16 28 152.33 0.0692 213.0
1 16 34 76.49 0.1013 299.7
1 16 22 124.65 0.0640 137.8
1 16 30 98.99 0.0689 815.0
1 16 41 87.68 0.1004 247.3
1 16 14 123.87 0.0449 257.6
1 16 15 426.30 0.0561 45.6
1 16 36 162.93 0.0871 825.1
1 16 40 143.44 0.0772 411.1
1 16 38 165.32 0.0768 380.8
1 16 43 190.98 0.0481 0.8
1 16 34 219.51 0.0577 309.8
1 16 35 98.73 0.0899 560.0
1 16 18 102.62 0.0792 103.6
1 16 16 111.24 0.0641 303.4
1 16 35 75.43 0.0775 531.4
1 16 27 159.73 0.0729 49.1
1 16 21 261.54 0.0487 29.9
1 16 31 85.42 0.0947 212.3
1 16 20 66.98 0.0822 372.7
1 16 45 154.89 0.0736 348.5
1 16 41 110.96 0.0713 141.2
1 16 45 86.33 0.0725 706.5
1 16 38 118.36 0.0741 819.3
1 16 39 112.79 0.0729 259.4
1 16 39 54.56 0.1064 118.3
1 16 20 56.58 0.1270 549.7
1 16 18 102.31 0.0781 47.1
1 16 24 315.62 0.0340 26.1
1 16 41 92.72 0.0965 311.3
1 16 17 262.50 0.0401 66.5
1 16 22 208.82 0.0491 671.6
1 16 36 59.32 0.0919 795.0
1 16 34 120.17 0.0837 7.0
1 16 20 55.72 0.0732 442.4
1 16 29 111.92 0.0655 263.4
1 16 26 96.96 0.0484 426.7
1 16 23 140.95 0.0654 169.7
1 16 17 112.12 0.1033 526.0
1 16 25 118.20 0.0780 61.3
1 16 17 90.22 0.0553 669.9
1 16 25 213.84 0.0493 418.5
1 16 31 122.10 0.0726 281.4
1 16 38 152.48 0.0684 295.6
1 16 39 126.49 0.0946 155.0
1 16 32 68.00 0.0775 430.8
1 16 36 57.42 0.0891 909.1
1 16 31 69.90 0.1083 643.1
1 16 30 110.46 0.0799 359.6
1 16 18 100.84 0.0877 21.9
1 16 35 90.69 0.1073 10.0
1 16 18 46.06 0.1300 225.5
1 16 38 126.15 0.0663 496.1
1 16 18 154.69 0.0479 658.4
1 16 37 70.68 0.0805 247.2
1 16 37 91.14 0.0879 216.5
1 16 37 77.27 0.0912 833.9
1 16 40 198.43 0.0576 488.9
1 16 31 233.00 0.0596 118.1
1 16 35 280.43 0.0759 571.2
1 16 35 58.44 0.1000 845.1
1 16 28 83.71 0.0883 78.6
1 16 15 122.12 0.0927 433.0
1 16 39 205.45 0.0781 100.0
1 16 23 102.68 0.0586 759.5
1 16 31 95.62 0.0924 731.5
1 16 32 140.39 0.0730 42.2
1 16 36 139.99 0.0821 220.3
1 16 33 132.28 0.0763 330.2
1 16 28 88.81 0.0988 43.8
1 16 21 89.99 0.0660 437.9
1 16 31 255.12 0.0692 484.7
1 16 24 235.74 0.0739 141.1
1 16 23 74.67 0.1033 304.0
1 16 29 69.84 0.1040 171.3
1 16 29 116.68 0.0863 215.7
1 16 27 46.26 0.1370 116.5
1 16 35 106.01 0.0741 357.5
1 16 30 54.36 0.1006 245.3
1 16 30 114.31 0.0637 100.5
1 16 15 53.10 0.0486 21.3
1 16 35 139.16 0.0879 32.6
1 16 24 146.03 0.1049 290.1
1 16 17 228.37 0.0954 386.2
1 16 20 325.86 0.0547 664.5
1 16 29 130.27 0.0571 748.5
1 16 18 87.87 0.0691 62.2
1 16 27 68.64 0.1033 24.9
1 16 41 144.76 0.0742 446.9
1 16 35 74.32 0.1137 135.9
1 16 41 81.22 0.1007 861.1
1 16 37 179.67 0.0674 842.2
1 16 31 70.96 0.0881 570.0
1 16 18 75.84 0.1019 121.8
1 16 38 107.63 0.0764 63.6
1 16 21 190.44 0.0472 364.4
1 16 36 200.12 0.0756 342.6
1 16 24 536.60 0.0679 310.7
1 16 17 76.42 0.1023 211.6
1 16 29 49.59 0.1124 477.7
1 16 41 319.47 0.0597 735.5
1 16 37 98.44 0.0830 246.6
1 16 30 85.47 0.0683 286.5
1 16 38 97.02 0.0769 51.8
1 16 39 118.49 0.0911 450.4
1 16 28 60.56 0.0830 343.4
1 16 33 74.83 0.1003 177.8
1 16 18 138.79 0.0396 336.6
1 16 15 89.34 0.0319 391.1
1 16 26 76.78 0.0807 934.8
1 16 43 133.33 0.0807 428.8
1 16 26 76.39 0.0847 713.4
1 16 19 100.76 0.0642 408.2
1 16 34 75.86 0.0955 487.9
1 16 32 88.72 0.0661 403.7
1 16 13 120.74 0.0721 217.0
1 16 16 87.23 0.1309 150.8
1 16 33 136.74 0.0806 571.9
1 16 22 98.37 0.0684 817.4
1 16 19 398.49 0.0409 581.5
1 16 31 57.47 0.1026 171.4
1 16 16 51.80 0.1093 181.7
1 16 30 71.52 0.0854 370.4
1 16 33 135.92 0.0662 170.6
1 16 34 113.88 0.0574 271.6
1 16 16 248.32 0.0615 963.9
1 16 30 105.76 0.0653 247.8
1 16 27 51.75 0.0830 118.8
1 16 26 167.54 0.0642 412.6
1 16 23 45.33 0.0617 57.2
1 16 20 46.47 0.0399 179.1
1 16 33 59.05 0.1068 65.4
1 16 16 241.80 0.0535 96.5
1 16 26 117.31 0.0678 635.3
1 16 25 105.05 0.0767 694.6
1 16 35 59.49 0.0906 674.7
1 16 32 131.72 0.0697 47.2
1 16 19 72.73 0.0802 330.8
1 16 45 91.55 0.0742 289.7
1 16 13 138.37 0.0588 336.9
1 16 24 233.75 0.0539 61.0
1 16 30 69.84 0.0594 548.2
1 16 32 128.27 0.0508 704.7
1 16 43 116.70 0.0602 431.0
1 16 34 58.72 0.1088 162.5
1 16 13 83.84 0.1062 651.6
1 16 41 92.14 0.1148 776.5
1 16 39 91.80 0.0952 71.7
1 16 41 99.90 0.0673 812.4
1 16 21 248.57 0.0402 879.2
1 16 13 270.38 0.0517 638.1
1 16 33 218.18 0.0632 163.2
1 16 26 48.89 0.1210 432.7
1 16 13 85.57 0.0833 371.1
1 16 38 58.86 0.0718 234.2
1 16 25 81.12 0.0713 153.0
1 16 29 71.48 0.1071 11.0
1 16 23 160.69 0.0709 510.2
1 16 20 80.73 0.0678 425.4
1 16 18 367.66 0.1221 821.9
1 16 36 74.19 0.1054 260.7
1 16 27 236.84 0.0706 78.9
1 16 38 69.38 0.0913 191.4
1 16 29 218.38 0.0561 480.2
1 16 32 70.20 0.1243 692.0
1 16 34 296.16 0.0382 838.5
1 16 36 51.05 0.1243 475.4
1 16 15 57.93 0.0607 74.7
1 16 33 47.75 0.1137 697.1
1 16 19 102.36 0.0873 371.1
1 16 14 128.53 0.0307 712.5
1 16 20 106.23 0.0690 91.0
1 16 24 211.52 0.0777 530.2
1 16 21 69.58 0.0636 918.4
1 16 32 89.30 0.1069 162.3
1 16 30 97.19 0.0688 431.3
1 16 17 347.55 0.1014 281.0
1 16 30 232.20 0.0444 510.8
1 16 35 111.58 0.0797 62.3
1 16 35 291.76 0.0654 478.6
1 16 31 73.28 0.1021 760.2
1 16 29 78.52 0.0825 682.7
1 16 35 109.57 0.0717 90.5
1 16 26 98.48 0.0767 921.2
1 16 28 76.14 0.0973 271.8
1 16 32 62.63 0.0884 434.3
1 16 18 147.77 0.0614 412.2
1 16 15 77.36 0.0465 634.5
1 16 27 93.71 0.1127 706.2
1 16 21 123.43 0.1098 56.7
1 16 27 388.92 0.0830 353.0
1 16 33 84.56 0.0985 479.7
1 16 17 57.71 0.0584 578.4
1 16 14 49.21 0.1181 731.0
1 16 30 98.79 0.0855 596.6
1 16 27 45.48 0.1388 854.2
1 16 37 209.21 0.0767 498.7
1 16 19 86.34 0.1106 193.5
1 16 24 89.09 0.0613 414.5
1 16 13 305.88 0.0696 241.8
1 16 34 79.63 0.0908 54.2
1 16 15 60.59 0.0527 77.2
1 16 26 142.67 0.1069 774.3
1 16 28 106.92 0.0814 471.4
1 16 14 125.48 0.1774 42.6
1 16 19 69.48 0.1315 160.9
1 16 21 936.19 0.0523 408.3
1 16 15 200.50 0.0621 242.1
1 16 13 85.78 0.1425 414.5
1 16 14 133.18 0.0760 32.4
1 16 15 78.66 0.0824 383.5
1 16 16 105.71 0.0540 736.9
1 16 17 62.83 0.0470 87.6
1 16 14 49.33 0.1015 77.9
1 16 14 170.78 0.0292 182.3
1 16 33 163.00 0.0868 10.3
1 16 16 84.07 0.0413 49.2
1 16 14 85.59 0.0914 495.4
1 16 16 61.68 0.1406 102.8
1 16 14 370.54 0.0361 431.2
1 16 17 47.22 0.1144 933.3
1 16 19 73.23 0.0626 431.0
1 16 17 233.72 0.0336 654.7
1 16 18 170.80 0.0694 172.6
1 16 15 84.03 0.0898 88.4
1 16 16 51.22 0.0876 138.6
1 16 21 56.55 0.1022 300.9
1 16 14 165.40 0.1232 271.7
1 16 14 51.84 0.0780 668.0
1 16 19 68.72 0.0701 744.1
1 16 18 48.43 0.1169 735.0
1 16 18 77.46 0.0640 379.7
1 16 20 53.74 0.1477 327.1
1 16 25 245.94 0.0594 688.8
1 16 21 108.14 0.0911 145.2
1 16 20 189.20 0.0437 666.4
1 16 15 186.41 0.0521 893.4
1 16 34 128.04 0.0779 115.6
1 16 15 111.61 0.1042 39.0
1 16 22 53.56 0.1027 288.1
1 16 33 289.66 0.0724 537.5
1 16 18 48.78 0.1149 811.0
1 16 32 106.28 0.0874 110.0
1 16 32 428.95 0.0803 482.5
1 16 17 49.20 0.1043 96.1
1 16 20 91.23 0.0705 176.0
1 16 27 153.17 0.0515 318.5
1 16 20 81.97 0.0693 749.4
1 16 19 116.39 0.0792 675.3
1 16 17 105.81 0.0257 29.8
1 16 16 136.26 0.0434 640.6
1 16 17 45.46 0.0549 294.1
1 16 13 51.09 0.0458 208.1
1 16 21 49.52 0.0883 58.8
1 16 25 67.94 0.0711 930.1
1 16 15 53.73 0.0520 652.9
1 16 31 164.44 0.0566 83.1
1 16 14 78.43 0.0414 728.5
1 16 17 140.78 0.0546 517.5
1 16 17 261.86 0.0449 657.9
1 16 14 413.39 0.1366 356.6
1 17 13 126.32 0.0754 487.8
1 17 26 86.04 0.1047 505.0
1 17 26 89.72 0.0965 523.4
1 17 13 585.30 0.0800 665.9
1 17 20 63.40 0.1421 592.4
1 17 29 83.57 0.0926 355.6
1 17 38 147.35 0.0913 559.7
1 17 22 125.84 0.0765 737.9
1 17 40 152.77 0.0720 236.2
1 17 25 103.27 0.0972 640.4
1 17 18 171.88 0.0535 570.8
1 17 23 148.58 0.0744 39.8
1 17 19 69.12 0.1042 600.7
1 17 23 67.63 0.0974 636.9
1 17 27 76.18 0.0962 364.0
1 17 27 88.94 0.1040 374.6
1 17 15 230.11 0.1332 791.2
1 17 17 67.21 0.1326 387.4
1 17 15 96.01 0.0767 357.0
1 17 31 115.13 0.0616 573.3
1 17 29 121.45 0.0790 956.0
1 17 38 84.58 0.0978 455.9
1 17 26 60.30 0.0979 166.0
1 17 30 107.40 0.0818 855.9
1 17 20 429.62 0.0349 563.0
1 17 29 125.26 0.0905 181.0
1 17 35 56.09 0.0802 766.6
1 17 29 104.94 0.1052 443.8
1 17 32 156.77 0.0509 713.1
1 17 24 54.02 0.1530 311.9
1 17 17 56.72 0.0664 649.3
1 17 32 273.89 0.0604 168.8
1 17 30 66.92 0.0726 145.7
1 17 21 745.30 0.1362 524.3
1 17 38 50.68 0.0873 466.1
1 17 17 59.61 0.0543 269.1
1 17 24 63.27 0.1280 148.8
1 17 22 175.78 0.0739 318.4
1 17 28 121.89 0.0700 672.4
1 17 35 179.09 0.0928 418.0
1 17 29 65.19 0.1192 611.7
1 17 27 175.80 0.0954 836.3
1 17 29 89.54 0.1053 719.0
1 17 41 49.46 0.1225 420.3
1 17 21 114.66 0.0747 131.7
1 17 39 89.52 0.0745 827.1
1 17 28 196.62 0.0981 685.5
1 17 33 90.11 0.0708 116.0
1 17 20 55.28 0.1180 420.0
1 17 28 287.82 0.0475 901.7
1 17 13 60.28 0.1291 620.4
1 17 36 86.09 0.1071 432.3
1 17 34 147.83 0.0490 232.9
1 17 36 85.98 0.1068 310.2
1 17 28 135.05 0.1005 831.4
1 17 20 73.45 0.1182 938.5
1 17 14 136.39 0.1068 661.6
1 17 33 99.90 0.1045 649.4
1 17 39 116.60 0.0727 64.7
1 17 17 778.48 0.0653 622.6
1 17 41 158.84 0.0897 739.7
1 17 21 67.09 0.0654 574.0
1 17 42 260.06 0.0828 861.9
1 17 24 480.69 0.0802 266.2
1 17 26 89.28 0.0953 696.5
1 17 31 69.00 0.0827 906.7
1 17 34 99.75 0.0694 372.4
1 17 33 122.45 0.0763 847.3
1 17 15 46.67 0.0585 776.8
1 17 17 52.73 0.1058 636.1
1 17 42 74.46 0.0947 805.6
1 17 37 68.34 0.1101 700.3
1 17 21 61.45 0.1191 709.8
1 17 22 63.50 0.0786 284.8
1 17 26 72.13 0.0565 514.0
1 17 39 59.59 0.1141 881.6
1 17 25 144.55 0.0833 628.0
1 17 20 832.32 0.0765 232.0
1 17 19 64.68 0.1235 657.0
1 17 36 214.23 0.0782 750.7
1 17 34 254.54 0.0647 693.3
1 17 31 135.24 0.0617 315.4
1 17 36 125.47 0.0953 700.9
1 17 35 80.63 0.1201 618.5
1 17 15 82.21 0.0881 723.4
1 17 23 82.44 0.0526 758.2
1 17 27 86.81 0.0754 186.0
1 17 24 88.69 0.0631 772.4
1 17 15 181.28 0.1558 947.5
1 17 44 164.10 0.0679 745.1
1 17 19 114.47 0.0919 16.9
1 17 42 167.50 0.0717 907.0
1 17 25 180.47 0.0770 731.1
1 17 35 261.82 0.0743 691.3
1 17 33 103.31 0.0905 269.6
1 17 43 164.87 0.0680 132.3
1 17 22 46.07 0.1423 210.2
1 17 39 119.20 0.0796 779.0
1 17 19 105.15 0.0583 813.0
1 17 40 248.41 0.0587 659.1
1 17 23 66.87 0.1337 103.2
1 17 18 53.08 0.1070 858.4
1 17 15 113.79 0.0310 884.6
1 17 13 102.06 0.0500 256.5
1 17 30 154.55 0.0799 248.3
1 17 30 291.45 0.1010 903.6
1 17 32 139.38 0.0473 573.5
1 17 28 79.31 0.0784 279.8
1 17 15 65.19 0.0881 610.2
1 17 16 93.72 0.0394 72.5
1 17 31 73.52 0.1077 698.9
1 17 37 158.40 0.0725 284.3
1 17 38 102.85 0.0719 687.5
1 17 24 47.12 0.1081 703.5
1 17 30 201.83 0.0802 251.5
1 17 44 187.06 0.0893 755.5
1 17 37 64.97 0.0981 751.3
1 17 27 54.40 0.0942 157.1
1 17 18 64.35 0.0586 849.5
1 17 14 51.61 0.1433 604.0
1 17 18 321.11 0.0723 809.9
1 17 18 61.03 0.1183 464.6
1 17 30 57.16 0.0916 772.8
1 17 28 77.25 0.0780 362.3
1 17 35 57.04 0.0660 277.2
1 17 17 56.68 0.0970 419.0
1 17 19 52.07 0.1036 701.5
1 17 36 147.02 0.0912 578.5
1 17 17 228.62 0.0590 751.7
1 17 35 81.43 0.0870 311.7
1 17 40 133.54 0.0865 561.8
1 17 33 85.38 0.0412 393.1
1 17 36 103.02 0.0646 476.5
1 17 42 153.48 0.0741 417.0
1 17 26 211.87 0.0593 569.7
1 17 40 51.66 0.0963 144.4
1 17 40 77.36 0.0993 856.5
1 17 30 65.69 0.0725 617.1
1 17 44 78.15 0.1092 445.3
1 17 40 149.93 0.0688 35.1
1 17 31 80.22 0.0645 426.1
1 17 35 117.02 0.0729 659.5
1 17 41 47.15 0.1176 431.5
1 17 30 103.34 0.0854 32.1
1 17 42 405.81 0.0635 706.0
1 17 38 110.98 0.0833 725.7
1 17 43 299.04 0.0682 546.1
1 17 37 161.00 0.0660 580.4
1 17 14 280.20 0.0377 624.2
1 17 31 105.89 0.0881 298.9
1 17 39 102.87 0.0762 631.6
1 17 37 120.69 0.0817 773.4
1 17 21 179.19 0.0482 670.9
1 17 20 63.43 0.0765 162.2
1 17 21 210.83 0.0576 22.3
1 17 20 172.11 0.0872 446.5
1 17 33 150.60 0.0481 69.6
1 17 23 155.17 0.0641 131.6
1 17 32 119.85 0.0482 567.2
1 17 19 88.34 0.0977 403.1
1 17 24 110.57 0.0701 550.4
1 17 16 199.17 0.0596 940.7
1 17 34 296.53 0.0680 838.1
1 17 34 102.75 0.1019 573.0
1 17 18 66.20 0.0792 744.2
1 17 20 54.08 0.0456 677.6
1 17 19 58.95 0.0797 804.3
1 17 34 72.73 0.1169 419.8
1 17 34 132.42 0.0933 699.8
1 17 37 60.03 0.1320 680.3
1 17 39 192.88 0.0793 68.4
1 17 13 135.74 0.1768 264.4
1 17 38 169.19 0.0705 701.4
1 17 42 124.59 0.0779 419.9
1 17 39 157.05 0.0772 723.5
1 17 39 202.91 0.0580 737.5
1 17 19 54.10 0.1047 254.5
1 17 21 151.40 0.0610 29.0
1 17 14 130.52 0.0382 686.3
1 17 36 364.90 0.0764 355.1
1 17 43 156.88 0.0870 500.4
1 17 28 50.56 0.1210 718.9
1 17 31 103.52 0.0840 859.3
1 17 24 46.23 0.1429 394.2
1 17 35 141.96 0.0826 918.6
1 17 39 85.77 0.0946 766.2
1 17 21 56.96 0.1320 775.4
1 17 19 72.46 0.1396 333.7
1 17 19 122.60 0.0639 553.9
1 17 31 144.96 0.0749 546.2
1 17 21 89.17 0.0530 144.3
1 17 38 59.54 0.0878 36.2
1 17 16 67.75 0.1096 940.1
1 17 33 66.96 0.1301 924.3
1 17 34 79.02 0.1245 691.8
1 17 24 95.34 0.1412 250.6
1 17 19 86.49 0.1331 59.2
1 17 39 352.13 0.0651 739.0
1 17 23 162.04 0.0583 548.7
1 17 24 114.90 0.0494 784.3
1 17 25 95.09 0.0935 287.0
1 17 17 499.53 0.0904 942.9
1 17 25 145.81 0.0761 857.2
1 17 19 109.63 0.0561 911.6
1 17 23 49.61 0.0868 815.0
1 17 36 105.94 0.0585 282.5
1 17 36 210.48 0.0798 868.9
1 17 30 50.24 0.1081 832.9
1 17 41 130.18 0.0681 711.2
1 17 40 221.26 0.0461 162.8
1 17 22 141.30 0.0644 686.5
1 17 23 73.64 0.0502 594.9
1 17 31 82.59 0.0804 407.0
1 17 41 248.44 0.0646 401.9
1 17 45 161.91 0.0716 738.4
1 17 44 103.24 0.0564 646.7
1 17 31 129.04 0.0973 845.4
1 17 34 139.40 0.0546 282.3
1 17 17 90.98 0.0523 27.8
1 17 25 46.92 0.1371 756.1
1 17 39 278.06 0.0494 813.8
1 17 24 64.67 0.0624 635.2
1 17 41 146.51 0.0670 703.8
1 17 38 109.25 0.0730 659.7
1 17 31 47.18 0.1124 376.0
1 17 40 155.13 0.0659 651.1
1 17 40 102.18 0.0595 96.0
1 17 34 63.87 0.0854 657.5
1 17 40 163.91 0.0699 82.2
1 17 13 66.76 0.1284 691.7
1 17 20 249.05 0.0516 268.2
1 17 17 119.92 0.0836 10.7
1 17 27 142.01 0.0672 779.5
1 17 38 119.54 0.0668 755.4
1 17 21 136.25 0.1017 406.1
1 17 31 67.12 0.1123 804.6
1 17 23 126.68 0.0423 447.1
1 17 20 55.43 0.1237 701.0
1 17 32 100.22 0.0768 519.0
1 17 36 61.92 0.1149 364.6
1 17 14 134.26 0.0461 546.7
1 17 35 142.50 0.0925 428.7
1 17 29 62.82 0.0788 674.0
1 17 29 58.35 0.1046 722.0
1 17 34 96.65 0.1056 698.5
1 17 27 88.99 0.1328 155.4
1 17 32 81.89 0.1161 89.6
1 17 33 124.51 0.0824 944.1
1 17 28 79.19 0.1092 836.9
1 17 20 52.81 0.1271 755.5
1 17 29 49.91 0.1199 819.7
1 17 19 130.65 0.0610 98.9
1 17 28 293.41 0.0617 553.0
1 17 36 168.36 0.0537 922.0
1 17 28 86.57 0.1081 620.0
1 17 29 162.77 0.0553 192.0
1 17 21 192.39 0.0690 90.4
1 17 30 163.46 0.0772 331.5
1 17 16 54.49 0.1328 952.6
1 17 22 73.01 0.1051 578.5
1 17 24 259.74 0.0633 704.1
1 17 23 63.53 0.0977 231.9
1 17 21 47.16 0.0995 658.4
1 17 24 48.05 0.1335 380.8
1 17 14 454.01 0.0346 230.4
1 17 20 130.86 0.0863 522.2
1 17 17 74.71 0.0670 487.3
1 17 22 95.10 0.0868 946.7
1 17 16 80.34 0.0702 365.9
1 17 26 97.64 0.0693 415.7
1 17 23 77.23 0.0811 582.3
1 17 23 59.23 0.0912 595.1
1 17 27 51.73 0.1280 854.4
1 17 18 101.35 0.0410 610.7
1 17 13 352.75 0.1038 697.1
1 17 18 115.05 0.0774 490.9
1 17 19 65.40 0.0755 639.7
1 17 27 114.15 0.0865 676.3
1 17 30 112.01 0.0789 411.2
1 17 20 107.02 0.0501 257.8
1 17 21 62.40 0.0691 580.2
1 17 18 121.05 0.0687 359.1
1 17 20 68.68 0.0812 900.8
1 17 13 116.22 0.0291 236.7
1 17 18 49.94 0.0572 102.9
1 17 15 45.71 0.1437 495.3
1 17 27 284.35 0.0691 711.2
1 17 32 92.29 0.1095 593.5
1 17 27 48.48 0.1725 683.0
1 17 25 156.99 0.0779 662.4
1 17 16 1087.61 0.0458 943.1
1 17 15 96.44 0.0763 350.0
1 17 41 126.01 0.0794 654.7
1 17 18 106.02 0.0500 602.5
1 17 22 104.73 0.0610 41.1
1 17 17 115.51 0.0546 800.3
1 17 17 68.00 0.1112 344.1
1 17 13 89.56 0.1425 661.9
1 17 19 143.36 0.1062 723.5
1 17 22 51.59 0.0775 299.9
1 17 13 141.18 0.1028 547.6
1 17 16 164.48 0.1022 282.3
1 17 23 45.35 0.0788 635.2
1 17 35 155.08 0.1018 751.0
1 17 14 108.13 0.0866 229.2
1 17 34 137.42 0.0668 616.0
1 17 26 69.59 0.0990 709.0
1 17 25 67.56 0.0679 456.5
1 17 31 189.61 0.0762 383.0
1 17 40 149.03 0.0514 188.0
1 17 34 120.24 0.0612 720.4
1 17 28 124.51 0.0544 318.2
1 17 28 128.59 0.0725 54.0
1 17 30 95.48 0.0507 787.1
1 17 14 381.68 0.1408 810.3
1 18 15 50.80 0.0729 44.7
1 18 41 280.23 0.0790 121.6
1 18 29 95.70 0.1417 377.2
1 18 29 141.07 0.0754 393.8
1 18 30 92.64 0.0936 38.0
1 18 26 81.01 0.0839 132.8
1 18 29 138.36 0.1094 570.4
1 18 13 52.18 0.1419 927.4
1 18 41 245.75 0.1238 862.7
1 18 13 314.70 0.0725 148.5
1 18 13 64.12 0.0889 916.0
1 18 31 508.44 0.0582 255.4
1 18 13 203.70 0.1121 468.5
1 18 34 58.02 0.1221 460.6
1 18 26 60.92 0.1104 937.8
1 18 34 63.88 0.1117 458.4
1 18 28 64.15 0.0750 848.0
1 18 25 149.79 0.0851 55.0
1 18 19 77.12 0.0878 876.8
1 18 20 68.74 0.0846 416.8
1 18 30 201.86 0.0654 679.7
1 18 14 70.70 0.1513 927.6
1 18 25 94.20 0.0648 629.8
1 18 21 571.70 0.0726 552.8
1 18 38 88.30 0.1059 760.6
1 18 20 205.34 0.0555 338.3
1 18 30 76.50 0.0667 944.0
1 18 33 152.54 0.0881 43.4
1 18 17 333.09 0.0677 803.7
1 18 34 132.12 0.0671 295.5
1 18 29 114.16 0.0817 933.4
1 18 21 305.12 0.0459 380.5
1 18 17 69.16 0.1029 956.2
1 18 31 96.32 0.0550 431.5
1 18 39 118.63 0.0989 99.9
1 18 43 82.94 0.0727 312.8
1 18 31 125.31 0.0617 548.8
1 18 16 46.70 0.1366 772.9
1 18 38 56.50 0.1052 298.0
1 18 16 94.03 0.0711 945.4
1 18 29 68.80 0.0793 816.6
1 18 27 231.55 0.0771 773.0
1 18 38 305.48 0.0569 564.0
1 18 14 368.98 0.0365 476.6
1 18 36 76.02 0.0862 163.7
1 18 21 47.52 0.0969 354.0
1 18 26 69.68 0.0896 153.0
1 18 29 75.59 0.0852 129.7
1 18 30 82.70 0.0782 747.5
1 18 31 118.48 0.0757 145.8
1 18 27 58.28 0.0846 70.5
1 18 33 140.42 0.0746 197.0
1 18 17 76.10 0.1199 877.0
1 18 26 134.93 0.0830 785.6
1 18 20 68.08 0.1270 941.2
1 18 29 59.82 0.0938 807.0
1 18 38 113.23 0.0946 282.0
1 18 18 123.52 0.0476 427.5
1 18 14 221.32 0.0518 395.0
1 18 40 142.76 0.0755 317.8
1 18 16 67.00 0.0498 39.1
1 18 26 76.48 0.0775 536.3
1 18 30 65.87 0.1046 688.6
1 18 28 135.05 0.1144 879.7
1 18 32 69.07 0.1030 684.4
1 18 38 83.29 0.0938 229.5
1 18 27 50.76 0.0935 820.8
1 18 31 122.52 0.0696 203.6
1 18 22 129.17 0.0558 227.9
1 18 35 94.46 0.0802 350.5
1 18 15 62.87 0.1235 959.3
1 18 13 154.18 0.0768 12.7
1 18 13 89.74 0.0576 787.6
1 18 33 82.46 0.0696 110.8
1 18 41 620.31 0.0434 279.4
1 18 32 161.08 0.0717 235.5
1 18 43 70.01 0.1148 779.9
1 18 37 84.53 0.0635 539.5
1 18 27 125.83 0.0867 393.6
1 18 39 158.99 0.0677 915.1
1 18 28 97.11 0.0834 99.2
1 18 21 73.85 0.0826 934.5
1 18 44 71.46 0.0782 505.3
1 18 19 303.24 0.1265 835.7
1 18 29 166.90 0.0786 56.4
1 18 36 59.01 0.0886 38.3
1 18 34 153.21 0.0793 111.6
1 18 33 74.72 0.0803 802.7
1 18 20 212.75 0.0696 948.1
1 18 31 77.87 0.0957 444.4
1 18 32 72.92 0.1073 348.8
1 18 20 139.76 0.0595 25.4
1 18 20 79.30 0.0796 364.7
1 18 25 85.46 0.0655 28.3
1 18 14 46.76 0.1072 929.2
1 18 17 51.96 0.0537 948.3
1 18 24 172.02 0.0698 30.3
1 18 25 120.40 0.0835 35.8
1 18 20 76.34 0.0975 604.3
1 18 32 161.02 0.0713 448.0
1 18 29 184.57 0.0738 823.8
1 18 36 188.48 0.0653 73.6
1 18 31 108.44 0.1161 140.1
1 18 29 45.30 0.1348 311.7
1 18 23 113.65 0.0594 28.9
1 18 38 204.50 0.0674 646.0
1 18 17 45.20 0.0533 900.0
1 18 46 101.22 0.0693 84.0
1 18 35 144.74 0.0728 899.7
1 18 38 122.56 0.0882 428.2
1 18 15 62.84 0.0769 510.0
1 18 32 137.45 0.0838 352.9
1 18 15 554.42 0.0524 869.7
1 18 29 112.90 0.0801 325.3
1 18 28 149.38 0.0877 95.0
1 18 32 117.31 0.0895 369.2
1 18 36 94.82 0.0799 806.5
1 18 34 104.58 0.0732 704.4
1 18 23 193.10 0.0613 955.5
1 18 23 93.35 0.0700 621.7
1 18 21 214.57 0.0561 895.3
1 18 27 66.71 0.0819 887.4
1 18 24 85.07 0.0799 49.9
1 18 35 288.04 0.0878 83.6
1 18 41 102.97 0.0943 266.0
1 18 33 56.87 0.1322 278.3
1 18 32 45.34 0.0974 347.5
1 18 30 104.13 0.0871 350.5
1 18 31 245.94 0.0777 789.2
1 18 27 66.71 0.1357 893.3
1 18 28 79.07 0.1220 934.0
1 18 36 76.29 0.1021 894.5
1 18 13 84.58 0.0271 521.1
1 18 22 188.86 0.0757 131.5
1 18 38 79.81 0.0790 484.2
1 18 25 54.61 0.1243 121.1
1 18 40 104.42 0.0918 835.1
1 18 36 96.84 0.0891 969.0
1 18 38 146.71 0.0732 542.9
1 18 31 145.32 0.0708 38.0
1 18 30 50.82 0.1319 410.0
1 18 28 649.11 0.0548 67.0
1 18 28 47.09 0.1009 58.5
1 18 20 96.57 0.0570 30.3
1 18 34 145.88 0.0885 906.5
1 18 40 133.49 0.0756 150.5
1 18 20 132.90 0.0488 28.2
1 18 29 49.37 0.1170 882.4
1 18 40 119.80 0.0675 499.7
1 18 40 148.30 0.0722 603.8
1 18 30 179.07 0.0533 932.1
1 18 38 77.15 0.1023 177.3
1 18 32 102.70 0.0789 368.5
1 18 14 81.08 0.0509 29.7
1 18 23 117.15 0.0474 170.5
1 18 38 111.39 0.0857 150.1
1 18 22 55.60 0.0931 385.4
1 18 44 72.88 0.0838 763.4
1 18 16 58.01 0.1441 26.8
1 18 35 59.07 0.1149 824.9
1 18 37 61.46 0.0969 889.9
1 18 15 105.70 0.0501 645.5
1 18 42 81.86 0.1217 116.2
1 18 23 48.36 0.1492 347.4
1 18 45 162.31 0.0633 753.6
1 18 31 49.93 0.1008 75.1
1 18 25 59.05 0.0947 56.8
1 18 26 130.28 0.0783 656.2
1 18 39 102.73 0.0624 461.2
1 18 28 56.41 0.1131 240.6
1 18 35 66.68 0.0822 40.2
1 18 19 138.50 0.0760 35.8
1 18 19 162.77 0.0796 758.0
1 18 38 46.98 0.1088 526.4
1 18 20 95.08 0.0737 688.9
1 18 30 252.10 0.0639 258.0
1 18 18 96.70 0.0746 875.2
1 18 44 213.35 0.0719 868.0
1 18 37 62.00 0.0874 675.5
1 18 33 204.45 0.0734 924.9
1 18 40 343.24 0.0611 629.4
1 18 16 550.04 0.1196 764.3
1 18 28 82.19 0.0931 899.0
1 18 42 107.67 0.0702 938.6
1 18 23 96.89 0.1294 390.4
1 18 17 113.21 0.0459 759.2
1 18 22 195.98 0.0919 204.0
1 18 32 52.61 0.1301 719.6
1 18 24 151.51 0.0963 59.6
1 18 38 97.07 0.0883 756.1
1 18 16 54.48 0.0773 802.0
1 18 16 64.88 0.0535 172.7
1 18 18 189.17 0.1110 56.7
1 18 27 94.80 0.0953 924.8
1 18 14 55.61 0.1035 742.0
1 18 38 276.07 0.0459 245.4
1 18 28 128.83 0.0578 633.6
1 18 36 111.45 0.0719 259.4
1 18 30 70.67 0.0709 30.4
1 18 41 51.67 0.0964 479.7
1 18 24 53.86 0.0840 716.9
1 18 19 88.71 0.0933 73.8
1 18 24 118.45 0.0452 108.5
1 18 18 62.01 0.1442 955.9
1 18 22 123.99 0.0507 95.5
1 18 24 64.73 0.1118 856.3
1 18 34 187.18 0.0575 204.5
1 18 38 139.37 0.0753 273.5
1 18 32 50.27 0.1214 844.4
1 18 15 53.85 0.0803 122.3
1 18 15 45.85 0.1239 81.5
1 18 36 92.41 0.0614 734.0
1 18 28 60.67 0.0987 409.8
1 18 26 93.91 0.0857 505.3
1 18 20 102.89 0.0628 701.7
1 18 13 45.51 0.1348 115.5
1 18 25 89.94 0.0889 807.4
1 18 40 167.86 0.0732 191.8
1 18 34 76.21 0.1040 766.7
1 18 34 74.78 0.1178 187.5
1 18 13 64.15 0.1207 246.9
1 18 13 52.97 0.1337 814.5
1 18 40 143.09 0.0781 867.0
1 18 35 122.87 0.0610 190.7
1 18 16 262.89 0.1006 514.7
1 18 17 822.67 0.0689 549.9
1 18 38 242.78 0.0427 158.4
1 18 39 140.04 0.0733 805.1
1 18 23 94.78 0.1311 300.7
1 18 33 87.30 0.1042 356.7
1 18 16 313.05 0.0387 829.5
1 18 31 140.17 0.0698 508.0
1 18 37 85.49 0.1035 81.1
1 18 35 101.28 0.0661 143.3
1 18 20 119.05 0.1076 821.7
1 18 36 116.54 0.0727 597.7
1 18 29 80.51 0.1037 422.5
1 18 22 56.90 0.0645 459.7
1 18 38 89.83 0.0843 312.5
1 18 16 220.33 0.0649 24.4
1 18 38 59.66 0.1056 141.2
1 18 39 350.60 0.0467 881.3
1 18 32 94.55 0.0646 637.5
1 18 40 55.31 0.1125 718.5
1 18 38 93.78 0.1209 395.5
1 18 21 52.32 0.0684 490.3
1 18 35 121.11 0.0729 883.3
1 18 24 52.44 0.1073 262.9
1 18 16 63.72 0.1079 945.2
1 18 13 192.24 0.0586 170.1
1 18 40 180.49 0.0729 74.5
1 18 22 807.00 0.1223 502.7
1 18 40 85.21 0.0934 134.8
1 18 33 110.41 0.1035 357.2
1 18 33 193.43 0.0937 295.0
1 18 15 350.42 0.0501 694.1
1 18 28 114.20 0.0712 170.1
1 18 33 81.49 0.0706 731.1
1 18 37 124.61 0.0714 216.7
1 18 33 358.77 0.1315 200.2
1 18 40 185.63 0.0938 599.3
1 18 26 111.00 0.0738 908.5
1 18 16 86.84 0.0490 42.8
1 18 30 106.25 0.0850 917.0
1 18 30 119.42 0.0862 953.5
1 18 22 107.74 0.0684 843.4
1 18 24 98.23 0.0901 802.5
1 18 17 463.76 0.0983 689.9
1 18 38 82.98 0.0739 582.1
1 18 13 97.53 0.0392 14.0
1 18 15 130.24 0.1623 171.2
1 18 29 45.79 0.0838 555.1
1 18 24 255.82 0.0362 172.5
1 18 17 45.96 0.1170 806.0
1 18 17 135.78 0.0635 167.7
1 18 31 79.36 0.0801 822.6
1 18 24 60.56 0.0865 465.0
1 18 19 128.92 0.0546 432.9
1 18 22 58.94 0.0781 186.7
1 18 31 106.06 0.0681 45.2
1 18 43 240.70 0.0674 293.4
1 18 29 90.61 0.0891 253.5
1 18 24 205.40 0.0367 34.5
1 18 36 138.36 0.0814 910.4
1 18 23 67.96 0.0975 362.4
1 18 24 106.33 0.0916 49.2
1 18 25 47.16 0.1148 850.8
1 18 26 122.58 0.0651 719.5
1 18 31 88.77 0.0754 41.8
1 18 21 55.21 0.1680 735.4
1 18 27 46.25 0.0987 143.3
1 18 35 173.69 0.0541 474.6
1 18 15 122.10 0.0605 333.8
1 18 16 229.02 0.0468 17.6
1 18 16 188.18 0.0524 770.7
1 18 34 95.67 0.0846 108.7
1 18 29 118.18 0.1021 621.5
1 18 22 45.09 0.1040 543.8
1 18 34 106.78 0.0807 903.5
1 18 25 240.40 0.0902 389.0
1 18 26 136.77 0.0890 626.2
1 18 21 46.33 0.0498 355.7
1 18 35 74.07 0.0720 837.9
1 18 16 220.20 0.0262 690.6
1 18 28 269.02 0.1223 830.9
1 18 26 46.51 0.1036 141.9
1 18 27 145.69 0.0415 837.1
1 18 18 45.55 0.0470 232.5
1 18 30 154.16 0.0834 678.3
1 18 38 61.26 0.0977 89.1
1 18 15 66.52 0.1262 832.1
1 18 23 131.66 0.0835 58.5
1 18 32 143.08 0.0718 448.5
1 18 44 289.37 0.0768 119.5
1 18 33 189.89 0.0659 127.3
1 18 29 201.33 0.0836 81.4
1 18 37 90.79 0.0926 877.3
1 18 15 93.19 0.0893 313.4
1 18 19 265.73 0.0587 768.9
1 18 22 89.92 0.0691 673.7
1 18 28 113.01 0.0739 442.0
1 18 14 53.90 0.0776 946.6
1 18 14 563.38 0.0791 621.2
1 18 20 85.63 0.1057 790.4
1 18 16 487.06 0.0385 18.6
1 18 16 101.15 0.1064 814.5
1 18 16 53.54 0.0895 773.8
1 18 32 390.40 0.0442 600.0
1 18 26 111.05 0.0474 30.6
1 18 17 57.89 0.0820 299.7
1 18 18 93.13 0.0423 31.5
1 18 15 115.32 0.1354 886.5
1 18 19 58.36 0.1141 945.3
1 18 13 60.25 0.1255 201.4
1 18 21 140.78 0.0454 500.1
1 18 17 108.49 0.0511 931.9
1 18 21 86.24 0.0671 855.9
1 18 19 51.63 0.0497 831.8
1 18 19 169.97 0.0999 853.4
1 18 15 116.85 0.0673 359.4
1 18 25 147.18 0.0619 265.8
1 18 18 55.30 0.1110 23.4
1 18 18 92.97 0.0440 768.9
1 18 15 53.51 0.0554 407.0
1 18 22 156.90 0.0511 779.3
1 18 24 242.19 0.1786 24.2
1 18 18 61.79 0.0912 823.3
1 18 21 152.07 0.0384 855.5
1 18 16 91.06 0.0502 876.7
1 18 20 48.12 0.0831 802.7
1 18 31 138.98 0.0826 284.5
1 18 29 60.52 0.0657 125.1
1 18 16 47.20 0.1223 337.6
1 18 21 117.79 0.0558 77.7
1 18 25 101.17 0.0812 337.5
1 18 37 187.65 0.0900 655.3
1 18 15 53.14 0.1646 958.7
1 18 21 71.44 0.0727 485.9
1 18 26 111.04 0.1081 822.9
1 18 36 93.10 0.0960 253.0
1 18 18 80.84 0.0499 192.7
1 18 18 143.07 0.0479 884.9
1 18 21 104.55 0.0451 233.9
1 18 16 175.24 0.0455 882.4
1 18 21 192.86 0.0505 164.8
1 18 16 56.69 0.0756 51.2
1 18 13 113.16 0.0898 808.3
1 18 22 159.45 0.0452 40.0
1 18 19 68.08 0.1086 356.0
1 18 38 567.35 0.0945 831.5
1 18 15 82.76 0.1034 729.7
1 18 21 131.10 0.0796 20.8
1 18 16 81.33 0.0716 30.2
1 18 21 48.15 0.0981 622.9
1 18 26 241.42 0.0503 925.9
1 18 38 119.27 0.0646 466.9
1 18 14 130.78 0.0436 70.3
1 18 29 123.15 0.1091 21.8
1 18 16 50.49 0.0519 531.2
1 18 13 393.01 0.0573 281.3
1 18 22 148.91 0.0429 465.8
1 18 16 80.24 0.0767 672.6
1 18 24 58.09 0.1611 185.4
1 18 15 198.18 0.1462 818.7
1 19 41 90.16 0.1098 72.8
1 19 36 118.45 0.0951 879.8
1 19 25 123.41 0.0616 16.5
1 19 20 119.74 0.0766 39.2
1 19 18 118.15 0.1327 24.1
1 19 18 83.61 0.0877 598.0
1 19 23 162.24 0.0643 695.5
1 19 18 75.27 0.1180 885.0
1 19 24 102.35 0.0952 949.0
1 19 22 48.10 0.1428 869.1
1 19 25 59.01 0.0603 432.5
1 19 22 116.22 0.1138 889.2
1 19 13 285.33 0.0634 375.5
1 19 36 294.71 0.0532 636.2
1 19 30 117.00 0.0890 671.0
1 19 27 61.03 0.0997 271.0
1 19 27 70.09 0.0817 241.0
1 19 34 236.16 0.0659 42.5
1 19 22 59.36 0.0944 452.5
1 19 20 130.84 0.0769 136.8
1 19 21 204.82 0.0684 866.0
1 19 39 105.50 0.0792 862.6
1 19 22 169.64 0.0628 902.0
1 19 27 59.39 0.1117 744.8
1 19 30 132.47 0.0779 672.2
1 19 37 90.73 0.0730 738.5
1 19 41 121.66 0.0766 500.0
1 19 31 185.55 0.0625 906.7
1 19 27 115.29 0.0810 735.5
1 19 17 277.18 0.0519 739.4
1 19 23 192.71 0.0634 49.2
1 19 13 92.48 0.0499 718.7
1 19 29 154.10 0.0760 687.6
1 19 14 67.05 0.0655 652.3
1 19 24 161.89 0.0581 50.9
1 19 29 137.40 0.0456 610.1
1 19 14 664.58 0.0936 583.4
1 19 28 62.88 0.0845 543.0
1 19 34 60.54 0.1162 564.4
1 19 21 244.02 0.0726 244.3
1 19 32 49.01 0.1338 540.0
1 19 23 362.51 0.0917 921.3
1 19 27 129.65 0.0722 690.5
1 19 18 397.03 0.0179 949.5
1 19 30 123.24 0.0684 727.9
1 19 26 82.63 0.0932 516.3
1 19 23 219.00 0.0599 63.0
1 19 30 97.87 0.0708 303.3
1 19 24 600.90 0.0493 661.9
1 19 34 149.22 0.0631 736.0
1 19 25 92.12 0.0592 32.0
1 19 32 146.24 0.0763 490.0
1 19 36 48.30 0.0824 391.9
1 19 28 125.27 0.0502 508.2
1 19 19 282.66 0.0827 881.6
1 19 16 76.75 0.0477 880.8
1 19 24 57.06 0.0576 426.1
1 19 21 142.00 0.0716 259.7
1 19 16 110.99 0.1629 29.1
1 19 25 115.31 0.0642 832.5
1 19 26 299.15 0.0825 767.5
1 19 14 111.82 0.1512 619.7
1 19 34 148.56 0.0773 803.1
1 19 35 137.77 0.0800 532.9
1 19 16 122.43 0.1338 631.0
1 19 19 469.96 0.0958 624.1
1 19 20 51.52 0.0789 606.9
1 19 19 320.81 0.0707 72.1
1 19 19 300.73 0.0619 28.9
1 19 37 91.30 0.0938 625.6
1 19 29 101.69 0.0890 499.1
1 19 22 153.80 0.0604 537.6
1 19 37 57.43 0.1098 827.2
1 19 33 101.50 0.1050 708.0
1 19 34 117.12 0.1208 687.7
1 19 31 110.30 0.0885 554.5
1 19 28 121.42 0.0932 657.5
1 19 30 217.79 0.0891 591.7
1 19 20 121.64 0.0776 57.8
1 19 30 91.84 0.0681 634.8
1 19 36 78.40 0.0881 799.5
1 19 22 295.32 0.0443 639.9
1 19 23 72.22 0.0856 451.0
1 19 31 90.16 0.0830 660.3
1 19 15 87.71 0.0926 637.9
1 19 20 281.27 0.0454 657.0
1 19 28 127.93 0.1077 54.1
1 19 38 54.79 0.1188 958.9
1 19 33 49.74 0.1204 616.5
1 19 16 443.83 0.0354 915.7
1 19 43 188.36 0.0699 681.4
1 19 23 74.92 0.1231 898.4
1 19 42 337.12 0.0838 470.0
1 19 39 99.10 0.1077 578.5
1 19 33 137.41 0.1101 190.0
1 19 30 140.58 0.0694 765.7
1 19 35 88.46 0.0858 529.5
1 19 30 96.39 0.0965 957.0
1 19 26 109.87 0.0941 702.8
1 19 17 98.80 0.0650 190.3
1 19 44 107.81 0.0703 527.3
1 19 30 54.20 0.1123 477.5
1 19 39 130.65 0.0885 757.2
1 19 31 165.81 0.0707 707.2
1 19 27 197.88 0.0911 453.0
1 19 37 105.36 0.0693 692.7
1 19 45 67.09 0.0566 194.0
1 19 40 108.38 0.0785 741.6
1 19 37 57.02 0.1169 843.1
1 19 19 89.98 0.0700 155.6
1 19 25 367.83 0.0574 469.7
1 19 35 132.12 0.1006 47.3
1 19 31 101.28 0.1045 825.4
1 19 39 142.38 0.0754 462.0
1 19 13 85.82 0.0449 10.8
1 19 34 214.96 0.0655 616.4
1 19 33 116.58 0.0768 709.3
1 19 28 98.81 0.0964 883.7
1 19 40 105.83 0.0809 393.4
1 19 24 237.54 0.0727 921.4
1 19 22 116.12 0.0747 604.1
1 19 34 206.36 0.0562 820.7
1 19 37 99.47 0.0597 932.1
1 19 15 70.03 0.0621 932.5
1 19 34 70.18 0.0787 662.5
1 19 32 162.13 0.0505 817.6
1 19 20 114.40 0.0377 730.4
1 19 22 69.60 0.0573 745.1
1 19 17 140.13 0.0476 621.8
1 19 20 254.69 0.0558 948.4
1 19 26 74.68 0.1324 76.1
1 19 38 160.37 0.0653 449.6
1 19 21 147.75 0.0432 654.9
1 19 36 47.51 0.1305 639.4
1 19 13 65.14 0.1332 597.9
1 19 21 166.14 0.0493 62.1
1 19 43 74.26 0.0809 498.0
1 19 39 63.45 0.0778 210.7
1 19 15 50.64 0.1070 715.0
1 19 17 122.32 0.0561 590.0
1 19 15 81.35 0.1100 663.6
1 19 31 66.09 0.1093 732.6
1 19 29 60.95 0.1002 105.8
1 19 15 660.84 0.0706 804.6
1 19 18 47.76 0.0778 442.3
1 19 41 320.99 0.0758 762.5
1 19 30 72.74 0.0917 466.9
1 19 39 148.38 0.0833 635.7
1 19 14 45.80 0.1071 243.5
1 19 33 120.52 0.0910 607.1
1 19 17 148.18 0.0543 772.0
1 19 23 63.96 0.0628 803.6
1 19 44 63.13 0.0979 56.3
1 19 38 62.64 0.1138 334.8
1 19 39 108.52 0.0900 10.7
1 19 34 68.78 0.1136 228.7
1 19 18 60.48 0.1050 756.2
1 19 17 256.05 0.0741 655.4
1 19 42 79.11 0.0896 828.4
1 19 39 173.32 0.0715 744.6
1 19 42 77.80 0.1070 269.6
1 19 34 69.58 0.0704 637.5
1 19 31 84.18 0.0831 717.0
1 19 34 119.56 0.0940 823.5
1 19 37 224.94 0.0690 51.9
1 19 22 61.87 0.1380 802.9
1 19 34 216.44 0.0806 101.6
1 19 35 101.84 0.0894 835.7
1 19 37 130.45 0.0596 662.1
1 19 25 72.22 0.0562 367.8
1 19 32 86.71 0.1058 645.4
1 19 23 66.70 0.1216 780.4
1 19 25 80.84 0.0859 465.5
1 19 36 124.70 0.0779 681.7
1 19 33 356.28 0.0863 818.9
1 19 39 87.23 0.1000 575.5
1 19 32 83.81 0.0710 804.4
1 19 38 60.12 0.1085 785.1
1 19 25 126.48 0.0781 452.7
1 19 43 80.85 0.0749 570.8
1 19 14 62.43 0.0548 641.9
1 19 19 58.15 0.0992 529.1
1 19 18 78.80 0.0936 575.4
1 19 30 66.62 0.1035 482.3
1 19 26 87.59 0.0607 605.2
1 19 15 59.55 0.0968 147.9
1 19 31 50.04 0.1025 719.8
1 19 32 70.88 0.1011 655.3
1 19 18 52.15 0.1235 735.6
1 19 38 79.44 0.0813 805.7
1 19 26 150.23 0.0721 830.3
1 19 18 70.17 0.0971 813.2
1 19 31 61.61 0.1215 764.6
1 19 22 81.73 0.0501 266.2
1 19 21 76.39 0.0916 705.4
1 19 37 70.01 0.1079 635.9
1 19 13 48.83 0.1222 928.2
1 19 40 93.35 0.0745 688.1
1 19 19 95.52 0.1010 814.3
1 19 22 123.53 0.0999 936.2
1 19 18 145.85 0.0426 24.9
1 19 35 122.04 0.0823 716.7
1 19 25 106.83 0.0623 121.3
1 19 30 58.53 0.1368 517.3
1 19 29 47.29 0.1221 775.2
1 19 28 48.67 0.1175 825.4
1 19 23 71.73 0.1102 67.8
1 19 20 47.41 0.0969 629.5
1 19 25 85.09 0.1107 738.2
1 19 17 336.83 0.0615 40.5
1 19 22 797.58 0.1106 819.8
1 19 18 227.03 0.0982 187.0
1 19 13 48.73 0.1367 590.9
1 19 14 391.35 0.0720 722.9
1 19 19 96.52 0.0308 926.9
1 19 44 108.98 0.0797 738.0
1 19 38 164.21 0.0882 735.9
1 19 29 49.05 0.1244 216.4
1 19 39 80.60 0.0921 638.2
1 19 34 114.73 0.0784 947.1
1 19 32 282.79 0.0554 69.0
1 19 35 247.88 0.0519 632.8
1 19 34 92.55 0.0887 796.9
1 19 33 116.67 0.0736 173.6
1 19 38 51.33 0.1321 891.0
1 19 20 76.65 0.1047 937.1
1 19 35 101.54 0.0815 635.6
1 19 14 68.16 0.0971 798.8
1 19 14 45.90 0.0991 7.8
1 19 16 210.13 0.0642 778.8
1 19 15 569.81 0.0486 578.7
1 19 22 77.92 0.1371 655.9
1 19 31 148.32 0.0899 771.7
1 19 33 87.39 0.0720 473.5
1 19 34 146.89 0.0924 464.1
1 19 26 319.99 0.0505 411.7
1 19 15 207.17 0.0471 695.3
1 19 16 259.36 0.0518 421.5
1 19 24 124.92 0.1052 200.5
1 19 29 64.38 0.0909 109.7
1 19 23 66.67 0.0697 910.6
1 19 22 147.06 0.0889 597.6
1 19 27 58.67 0.0935 539.5
1 19 42 97.52 0.1141 407.9
1 19 42 177.41 0.0706 655.0
1 19 25 147.05 0.0756 809.4
1 19 40 142.18 0.0493 735.6
1 19 35 76.63 0.0776 67.7
1 19 33 91.01 0.0909 840.9
1 19 34 58.73 0.0950 812.4
1 19 28 106.38 0.0627 727.0
1 19 41 336.10 0.0583 34.7
1 19 42 125.62 0.0622 742.0
1 19 30 1921.75 0.0633 740.8
1 19 34 107.48 0.0604 538.4
1 19 47 62.94 0.0886 616.4
1 19 43 56.30 0.1177 417.5
1 19 29 46.54 0.0852 912.6
1 19 20 95.92 0.0761 387.2
1 19 27 72.29 0.0740 605.4
1 19 22 210.23 0.0428 260.8
1 19 25 62.73 0.0821 927.7
1 19 18 68.32 0.0475 438.5
1 19 24 61.89 0.1187 719.7
1 19 28 50.76 0.1228 607.5
1 19 43 140.14 0.0676 763.5
1 19 32 264.11 0.0453 706.8
1 19 35 139.55 0.0773 730.0
1 19 23 126.55 0.0581 191.1
1 19 35 90.77 0.1019 754.6
1 19 16 299.53 0.0891 754.8
1 19 29 60.13 0.0641 770.4
1 19 40 109.71 0.0915 609.2
1 19 39 243.12 0.0584 36.4
1 19 21 62.38 0.0786 958.4
1 19 36 49.89 0.1267 158.0
1 19 33 70.44 0.1226 290.6
1 19 37 156.84 0.0610 719.3
1 19 35 74.15 0.0853 612.5
1 19 17 141.50 0.0394 239.4
1 19 30 79.83 0.0821 166.2
1 19 21 66.25 0.0865 651.1
1 19 31 76.07 0.0838 742.0
1 19 23 159.75 0.0640 407.6
1 19 33 159.10 0.0714 734.0
1 19 36 72.52 0.0733 468.4
1 19 28 132.74 0.0595 56.3
1 19 28 77.99 0.0844 371.1
1 19 41 84.08 0.1178 784.4
1 19 43 64.30 0.0798 667.9
1 19 27 81.98 0.0862 817.1
1 19 37 181.77 0.0646 714.0
1 19 16 313.45 0.0434 192.1
1 19 19 52.49 0.1025 953.7
1 19 36 64.34 0.1158 15.9
1 19 29 76.89 0.1280 216.9
1 19 40 199.86 0.0594 505.3
1 19 31 186.61 0.0897 725.4
1 19 26 68.76 0.1111 385.1
1 19 17 131.13 0.0781 952.6
1 19 25 95.35 0.0769 334.1
1 19 13 185.84 0.0544 54.5
1 19 17 196.93 0.1248 833.7
1 19 22 57.70 0.1189 723.0
1 19 35 117.44 0.0670 111.2
1 19 25 99.01 0.0917 576.0
1 19 15 689.32 0.1237 839.0
1 19 20 151.74 0.0646 839.3
1 19 24 66.99 0.1157 231.9
1 19 31 133.37 0.0702 387.8
1 19 17 57.60 0.0558 423.7
1 19 25 166.80 0.0736 783.1
1 19 21 95.05 0.0781 272.9
1 19 30 225.82 0.0797 538.1
1 19 26 67.53 0.1121 196.8
1 19 17 632.85 0.0501 17.5
1 19 14 181.01 0.1445 608.7
1 19 22 45.04 0.1343 799.7
1 19 14 47.54 0.1332 608.4
1 19 17 234.86 0.0463 400.3
1 19 15 82.48 0.0533 590.4
1 19 21 100.94 0.0556 648.0
1 19 17 118.02 0.0760 582.7
1 19 15 205.05 0.0253 558.6
1 19 19 81.34 0.0986 586.0
1 19 15 131.46 0.0370 698.5
1 19 17 72.78 0.0843 958.6
1 19 29 94.57 0.0890 486.7
1 19 28 90.50 0.0890 739.0
1 19 39 45.28 0.1262 163.7
1 19 23 145.42 0.0813 14.7
1 19 30 52.98 0.1051 817.7
1 19 18 66.27 0.0585 83.8
1 19 13 71.37 0.0489 889.9
1 19 32 83.52 0.1034 131.8
1 19 16 101.21 0.0932 910.9
1 19 17 55.25 0.1497 154.1
1 19 17 56.94 0.0654 431.8
1 19 14 49.58 0.0730 196.8
1 19 13 48.77 0.0467 716.0
1 19 22 263.68 0.0531 909.5
1 19 18 82.35 0.0709 786.5
1 19 25 52.30 0.0575 777.2
1 19 31 45.96 0.1136 667.0
1 19 22 49.53 0.0935 730.0
1 19 18 66.65 0.0373 673.2
1 19 16 66.41 0.1013 962.4
1 19 17 109.51 0.0272 613.9
1 19 17 103.08 0.0637 834.3
1 19 24 47.71 0.0760 404.5
1 19 15 48.74 0.1214 266.4
1 19 17 59.54 0.1076 20.2
1 19 15 47.84 0.1403 178.0
1 19 14 56.13 0.0913 220.8
1 19 37 151.79 0.0819 624.8
1 19 27 208.00 0.1074 715.0
1 19 28 85.61 0.1014 676.5
1 19 19 539.25 0.0360 870.2
1 19 27 134.79 0.0739 497.2
1 19 15 51.12 0.0774 16.0
1 19 30 61.87 0.1171 752.4
1 19 36 72.32 0.0892 77.0
1 19 16 100.77 0.0533 51.0
1 19 48 83.15 0.0582 461.9
1 19 19 54.52 0.1005 627.0
1 19 14 110.47 0.0440 459.2
1 19 23 222.66 0.1236 550.0
1 19 16 228.45 0.0532 233.0
1 19 14 45.69 0.0410 680.8
1 19 27 55.48 0.0979 539.4
1 19 26 58.09 0.1248 880.3
1 19 14 57.03 0.0550 939.6
1 20 29 97.81 0.1011 414.4
1 20 25 315.58 0.0595 561.8
1 20 25 76.73 0.1221 739.0
1 20 36 51.39 0.1120 100.7
1 20 29 147.52 0.0705 383.6
1 20 31 126.44 0.1104 100.0
1 20 37 146.27 0.0739 734.6
1 20 29 116.55 0.0905 49.3
1 20 31 64.56 0.1167 301.2
1 20 20 365.94 0.0682 597.0
1 20 23 59.49 0.1371 897.4
1 20 23 51.80 0.1403 647.2
1 20 14 49.06 0.1295 106.0
1 20 34 143.61 0.0595 122.0
1 20 29 83.20 0.0852 790.8
1 20 31 89.27 0.1318 893.2
1 20 26 420.49 0.0735 589.2
1 20 38 99.95 0.0957 794.5
1 20 37 300.04 0.0550 66.8
1 20 17 74.87 0.0668 619.5
1 20 34 84.57 0.1134 37.8
1 20 31 237.32 0.0950 57.7
1 20 20 110.65 0.0428 283.7
1 20 31 282.04 0.0643 634.0
1 20 32 434.31 0.0477 594.1
1 20 19 124.66 0.1019 35.4
1 20 31 67.63 0.0829 736.7
1 20 18 141.05 0.0716 519.6
1 20 26 245.72 0.0633 745.0
1 20 26 126.86 0.0745 503.9
1 20 26 142.08 0.0573 514.8
1 20 33 50.97 0.0969 364.8
1 20 32 64.07 0.0916 367.3
1 20 31 57.05 0.1077 629.6
1 20 22 66.10 0.1181 565.0
1 20 18 126.17 0.0359 738.9
1 20 23 55.78 0.1049 334.5
1 20 35 62.78 0.0972 586.3
1 20 18 76.38 0.1183 40.1
1 20 30 126.04 0.0690 581.4
1 20 24 141.75 0.0483 575.5
1 20 36 122.53 0.0873 892.4
1 20 34 76.07 0.0922 163.0
1 20 39 128.67 0.0652 469.5
1 20 36 79.11 0.0983 44.9
1 20 36 78.73 0.0797 716.1
1 20 33 69.54 0.0655 526.0
1 20 37 91.99 0.0883 658.6
1 20 27 85.81 0.0927 707.1
1 20 31 139.31 0.0715 72.7
1 20 37 235.91 0.0675 310.8
1 20 30 142.31 0.0850 394.2
1 20 33 193.19 0.0570 223.9
1 20 26 135.95 0.0598 216.4
1 20 24 248.75 0.0476 627.4
1 20 35 166.79 0.0567 765.0
1 20 21 212.84 0.0366 693.5
1 20 32 217.78 0.0551 313.3
1 20 28 202.83 0.0654 566.9
1 20 40 271.96 0.0716 83.7
1 20 43 123.67 0.0727 816.1
1 20 28 119.98 0.0766 575.8
1 20 33 83.61 0.1062 839.8
1 20 28 65.18 0.0755 211.0
1 20 36 135.42 0.0747 437.0
1 20 32 290.63 0.0561 576.7
1 20 36 75.23 0.0937 87.7
1 20 41 94.57 0.0854 160.5
1 20 35 245.51 0.0558 369.5
1 20 22 46.99 0.1168 749.5
1 20 40 344.31 0.0555 227.3
1 20 28 50.12 0.0970 455.5
1 20 22 46.51 0.0960 222.7
1 20 18 656.35 0.1191 14.8
1 20 16 118.62 0.0589 713.4
1 20 25 118.71 0.0654 82.9
1 20 37 289.99 0.0640 583.5
1 20 38 204.15 0.0691 238.0
1 20 17 106.21 0.0523 262.2
1 20 25 156.81 0.0708 493.1
1 20 38 66.52 0.1049 54.3
1 20 13 104.36 0.0308 15.1
1 20 18 80.69 0.0392 687.3
1 20 39 147.68 0.0621 849.4
1 20 21 592.14 0.0487 600.6
1 20 25 183.99 0.0633 244.9
1 20 19 46.03 0.0593 422.0
1 20 33 119.00 0.1132 207.6
1 20 30 92.66 0.1050 812.5
1 20 23 76.48 0.0681 536.5
1 20 34 110.16 0.0799 763.7
1 20 30 504.32 0.0363 529.9
1 20 36 64.79 0.0826 388.8
1 20 31 173.74 0.0775 67.3
1 20 20 1065.76 0.1219 714.5
1 20 19 150.93 0.0548 200.3
1 20 20 89.96 0.0935 706.0
1 20 33 76.18 0.1045 741.4
1 20 30 169.94 0.0601 63.2
1 20 36 457.46 0.0856 230.5
1 20 17 156.69 0.0612 706.3
1 20 13 284.40 0.1354 323.4
1 20 40 295.14 0.0679 384.5
1 20 41 102.98 0.0997 190.9
1 20 42 194.76 0.0566 207.4
1 20 36 65.11 0.1245 883.7
1 20 40 51.78 0.1119 657.4
1 20 35 178.80 0.0791 534.6
1 20 30 69.90 0.1426 383.2
1 20 24 73.35 0.0900 627.7
1 20 36 75.12 0.0953 118.2
1 20 35 289.58 0.0832 340.5
1 20 38 177.49 0.0681 584.8
1 20 26 227.81 0.0716 486.0
1 20 19 94.85 0.0827 652.7
1 20 32 82.04 0.1237 63.9
1 20 18 144.51 0.0466 328.3
1 20 24 76.67 0.1092 67.2
1 20 37 148.87 0.0848 621.8
1 20 30 75.31 0.0880 300.0
1 20 41 47.05 0.1137 223.7
1 20 29 225.07 0.0862 917.4
1 20 29 148.58 0.0915 561.3
1 20 38 94.26 0.1054 893.7
1 20 17 195.18 0.0681 355.2
1 20 17 69.75 0.0855 658.0
1 20 34 95.71 0.0938 224.4
1 20 36 55.94 0.0924 836.6
1 20 35 61.42 0.1154 766.6
1 20 18 651.92 0.1289 723.1
1 20 29 54.18 0.1293 837.8
1 20 27 102.83 0.1038 701.0
1 20 14 62.91 0.1071 481.0
1 20 23 63.34 0.0909 23.3
1 20 28 56.58 0.1142 682.2
1 20 18 59.04 0.0536 310.9
1 20 16 48.76 0.0974 52.6
1 20 29 164.71 0.0855 686.0
1 20 13 122.64 0.0187 509.8
1 20 34 125.21 0.0845 488.6
1 20 22 358.92 0.0675 301.0
1 20 32 124.16 0.0880 589.0
1 20 31 89.53 0.1150 266.5
1 20 32 95.76 0.0791 698.0
1 20 24 130.27 0.1117 259.8
1 20 15 60.27 0.0906 736.6
1 20 22 168.13 0.0591 533.5
1 20 28 79.86 0.0723 722.3
1 20 16 98.51 0.0382 604.6
1 20 20 88.50 0.1415 728.2
1 20 28 66.64 0.1048 616.3
1 20 19 86.24 0.0804 662.5
1 20 25 118.39 0.0552 698.0
1 20 37 117.68 0.0636 647.3
1 20 36 116.38 0.0717 782.0
1 20 30 248.07 0.0484 97.0
1 20 41 140.70 0.0716 566.2
1 20 23 133.92 0.0732 952.8
1 20 42 407.42 0.0802 639.6
1 20 43 212.71 0.0518 725.2
1 20 25 146.76 0.0844 690.3
1 20 37 98.53 0.0651 243.3
1 20 46 135.84 0.0531 69.2
1 20 40 83.64 0.0946 101.7
1 20 41 52.93 0.1079 653.8
1 20 37 152.44 0.0651 771.3
1 20 13 66.10 0.1271 302.0
1 20 23 51.11 0.1240 96.7
1 20 26 85.23 0.0520 267.3
1 20 13 60.18 0.1329 719.5
1 20 38 285.90 0.0810 307.8
1 20 30 90.17 0.1011 129.6
1 20 41 77.42 0.0746 302.5
1 20 28 255.20 0.1058 14.4
1 20 26 452.83 0.0585 389.2
1 20 37 118.53 0.0945 107.4
1 20 33 143.32 0.0768 443.0
1 20 14 46.36 0.0725 65.2
1 20 25 65.76 0.0801 72.1
1 20 39 268.95 0.0566 513.6
1 20 31 108.23 0.0669 685.3
1 20 13 512.87 0.0544 384.3
1 20 15 244.62 0.0500 549.3
1 20 29 65.62 0.0721 106.1
1 20 39 358.19 0.0550 381.1
1 20 27 92.83 0.1381 362.1
1 20 35 158.61 0.0558 346.4
1 20 41 100.68 0.1004 77.3
1 20 44 422.59 0.0703 718.1
1 20 38 136.24 0.0825 691.3
1 20 34 64.99 0.0717 873.8
1 20 25 137.06 0.0879 222.7
1 20 35 85.93 0.0948 742.0
1 20 37 147.80 0.0641 183.7
1 20 37 241.92 0.0556 373.3
1 20 25 118.48 0.0515 682.3
1 20 35 66.94 0.0894 883.8
1 20 31 166.32 0.0626 60.0
1 20 38 267.12 0.0681 77.2
1 20 23 100.72 0.0915 765.5
1 20 34 55.97 0.1303 330.0
1 20 38 130.87 0.0711 482.0
1 20 26 310.26 0.0576 265.0
1 20 33 101.62 0.0885 632.8
1 20 39 87.23 0.0984 49.6
1 20 16 157.90 0.0584 127.6
1 20 21 142.56 0.0372 312.2
1 20 28 54.06 0.1167 641.7
1 20 28 169.21 0.0874 891.4
1 20 34 95.98 0.0943 534.5
1 20 21 128.32 0.0515 77.0
1 20 32 149.49 0.0526 445.1
1 20 37 69.64 0.1034 835.6
1 20 25 115.18 0.0922 174.0
1 20 38 67.22 0.0904 185.6
1 20 21 45.07 0.1046 729.5
1 20 32 99.00 0.0942 640.6
1 20 31 67.28 0.0787 228.8
1 20 26 201.01 0.0659 291.0
1 20 17 126.95 0.0568 185.4
1 20 22 65.96 0.0847 496.3
1 20 38 91.52 0.1007 687.1
1 20 39 134.58 0.0687 698.5
1 20 35 133.01 0.0620 435.2
1 20 17 101.54 0.0904 677.9
1 20 35 120.05 0.0683 611.6
1 20 32 56.25 0.1102 887.2
1 20 23 72.88 0.1212 923.5
1 20 28 114.14 0.0639 740.1
1 20 34 135.26 0.0622 92.3
1 20 36 82.87 0.0903 236.5
1 20 37 78.88 0.0975 662.4
1 20 14 122.32 0.0597 261.1
1 20 17 457.65 0.0470 503.7
1 20 32 66.93 0.0730 498.4
1 20 22 106.52 0.0733 20.4
1 20 17 122.15 0.0371 512.6
1 20 17 45.85 0.0801 279.7
1 20 18 65.84 0.0745 580.9
1 20 18 93.73 0.0625 314.4
1 20 39 59.57 0.0771 309.6
1 20 17 104.80 0.0590 565.0
1 20 37 60.40 0.1122 540.1
1 20 16 45.64 0.1672 299.9
1 20 27 64.79 0.1223 497.1
1 20 24 297.19 0.1224 714.6
1 20 35 78.21 0.0994 37.0
1 20 27 135.65 0.0722 577.8
1 20 29 66.75 0.1185 433.4
1 20 36 184.18 0.0639 426.6
1 20 16 110.53 0.0677 802.7
1 20 27 89.54 0.0692 295.4
1 20 32 117.16 0.1251 556.4
1 20 35 157.32 0.0702 313.0
1 20 28 146.79 0.0600 62.4
1 20 38 104.17 0.0731 212.0
1 20 24 49.63 0.0893 382.1
1 20 20 138.96 0.1178 721.1
1 20 35 108.54 0.0705 624.5
1 20 46 220.77 0.0566 738.4
1 20 33 79.75 0.0478 577.8
1 20 30 94.79 0.0504 858.7
1 20 38 300.17 0.0637 253.8
1 20 16 560.28 0.1020 555.0
1 20 23 71.17 0.0523 681.4
1 20 19 244.80 0.1515 552.7
1 20 21 133.61 0.0436 830.9
1 20 14 56.33 0.1647 816.4
1 20 17 52.06 0.0887 830.7
1 20 19 177.05 0.0285 320.1
1 20 39 79.56 0.0901 628.9
1 20 23 211.04 0.0553 466.0
1 20 26 101.16 0.0851 725.4
1 20 35 99.14 0.0856 666.3
1 20 16 105.87 0.1241 75.8
1 20 28 182.13 0.0722 821.0
1 20 37 61.11 0.1105 209.3
1 20 21 48.22 0.1037 382.7
1 20 25 178.80 0.0729 694.5
1 20 26 111.73 0.0812 810.0
1 20 29 112.14 0.0616 383.9
1 20 34 231.35 0.0520 216.5
1 20 13 106.98 0.0212 269.3
1 20 38 109.46 0.0899 809.4
1 20 34 108.97 0.0663 511.6
1 20 33 74.73 0.1388 668.7
1 20 16 108.12 0.0935 265.1
1 20 32 213.73 0.0808 333.1
1 20 32 63.35 0.0771 307.4
1 20 27 95.96 0.1169 669.7
1 20 25 65.34 0.0963 442.5
1 20 25 126.21 0.1135 738.3
1 20 18 339.34 0.0414 850.6
1 20 34 96.73 0.0901 935.3
1 20 30 82.72 0.0880 293.3
1 20 17 115.53 0.0866 34.4
1 20 41 240.54 0.0606 839.7
1 20 26 178.38 0.0619 314.3
1 20 28 79.64 0.0942 397.5
1 20 29 101.88 0.0911 78.3
1 20 15 60.41 0.1419 329.2
1 20 29 113.67 0.0849 189.3
1 20 19 104.83 0.0592 225.3
1 20 17 215.24 0.0684 356.3
1 20 15 254.30 0.0704 942.8
1 20 21 104.43 0.0672 268.4
1 20 18 107.12 0.0891 819.4
1 20 13 155.99 0.0782 153.1
1 20 22 66.05 0.1169 305.3
1 20 15 113.21 0.1178 723.6
1 20 36 252.32 0.0513 790.9
1 20 28 73.59 0.1079 637.5
1 20 18 47.75 0.0988 931.9
1 20 36 147.36 0.0598 695.5
1 20 14 820.12 0.0720 633.0
1 20 13 56.25 0.0635 551.9
1 20 35 116.63 0.0642 717.9
1 20 15 65.13 0.1223 742.9
1 20 33 179.07 0.0763 691.2
1 20 16 171.58 0.0499 254.9
1 20 25 87.16 0.0711 745.8
1 20 27 154.87 0.0450 945.5
1 20 18 263.11 0.0376 525.6
1 20 13 72.69 0.0549 533.5
1 20 14 327.11 0.0332 413.7
1 20 14 48.84 0.1297 521.0
1 20 14 111.11 0.0820 267.5
1 20 13 239.18 0.0640 946.1
1 20 13 277.67 0.0512 918.5
1 20 18 87.05 0.0670 382.7
1 20 26 208.24 0.0391 711.4
1 20 22 47.56 0.0971 385.7
1 20 34 48.07 0.1252 244.4
1 20 16 60.27 0.1168 576.6
1 20 27 170.47 0.0704 335.0
1 20 19 48.82 0.1259 32.0
1 20 17 102.90 0.0534 733.0
1 20 31 110.62 0.0618 110.4
1 20 24 63.59 0.0905 712.2
1 20 13 66.98 0.0716 25.4
1 20 20 110.61 0.0577 148.4
1 20 35 92.74 0.0911 917.2
1 20 42 64.43 0.0924 838.1
1 20 26 68.25 0.1318 486.9
1 20 46 105.79 0.0847 758.3
1 20 26 86.15 0.0933 943.8
1 20 39 83.78 0.0915 97.4
1 20 41 89.32 0.0922 213.7
1 20 26 124.23 0.0683 144.5
1 20 18 84.92 0.0668 52.0
1 20 15 49.76 0.0842 577.2
1 20 13 82.85 0.0436 504.7
1 20 25 45.22 0.1590 756.9
1 20 41 102.47 0.0836 728.3
1 20 16 732.37 0.0703 235.0
1 20 13 214.96 0.1220 55.2
1 20 34 114.25 0.0946 730.3
1 20 23 262.80 0.0567 572.0
1 20 14 64.27 0.0692 444.2
1 20 14 240.41 0.0423 501.5
1 20 22 160.40 0.0705 235.4
1 20 21 57.22 0.0411 3.3
1 20 36 106.73 0.0894 792.9
1 20 21 143.16 0.0508 23.5
1 20 35 150.80 0.0775 909.1
1 20 29 202.58 0.0684 208.5
1 20 19 173.63 0.0430 377.8
1 20 29 51.86 0.1064 672.4
1 20 17 82.65 0.1113 560.3
1 20 24 105.98 0.0686 874.3
1 21 40 217.33 0.0602 614.4
1 21 36 94.21 0.0840 865.5
1 21 43 140.66 0.0714 358.2
1 21 37 340.03 0.0631 184.3
1 21 31 147.94 0.0878 663.6
1 21 26 131.88 0.0671 473.7
1 21 18 297.08 0.0702 407.9
1 21 35 121.79 0.0883 118.0
1 21 26 62.65 0.1666 246.4
1 21 27 72.42 0.0965 426.3
1 21 22 67.87 0.0931 789.0
1 21 27 81.10 0.1183 110.4
1 21 15 72.66 0.0487 388.8
1 21 27 93.23 0.0860 565.8
1 21 29 66.18 0.1465 99.4
1 21 30 451.38 0.0457 145.8
1 21 42 120.37 0.0619 551.2
1 21 15 62.01 0.0443 673.8
1 21 19 105.75 0.0823 57.7
1 21 38 277.31 0.0634 187.5
1 21 23 141.40 0.0569 28.4
1 21 28 88.44 0.1035 357.6
1 21 16 148.24 0.0635 368.6
1 21 20 82.02 0.0800 614.3
1 21 14 280.94 0.0444 325.2
1 21 21 67.40 0.1016 833.9
1 21 28 172.41 0.0744 494.5
1 21 32 139.02 0.0943 474.4
1 21 37 255.55 0.0515 862.0
1 21 29 225.16 0.0721 445.1
1 21 17 66.18 0.1117 410.0
1 21 23 63.39 0.1120 682.0
1 21 39 297.65 0.0663 254.1
1 21 34 211.13 0.0998 54.0
1 21 27 123.62 0.0941 141.8
1 21 30 76.39 0.1145 213.8
1 21 35 61.11 0.0616 764.2
1 21 17 85.50 0.0472 483.2
1 21 21 85.72 0.1380 121.4
1 21 16 150.56 0.0876 69.8
1 21 19 156.41 0.0973 236.2
1 21 30 381.37 0.0616 590.4
1 21 30 90.01 0.0959 236.0
1 21 24 147.86 0.0683 433.8
1 21 27 59.86 0.1141 577.6
1 21 29 174.78 0.0753 414.0
1 21 17 146.85 0.0841 177.0
1 21 41 68.94 0.0780 875.2
1 21 19 122.51 0.1198 469.2
1 21 37 96.37 0.0781 888.3
1 21 25 128.74 0.0657 57.0
1 21 17 87.86 0.0871 165.4
1 21 33 85.35 0.0895 51.6
1 21 34 54.71 0.1197 748.1
1 21 17 217.11 0.0329 38.8
1 21 34 194.66 0.0747 229.9
1 21 29 163.84 0.0704 546.5
1 21 33 157.95 0.0471 809.7
1 21 22 84.71 0.0850 59.0
1 21 31 75.57 0.0541 507.9
1 21 40 136.48 0.0863 774.7
1 21 34 159.37 0.0860 46.0
1 21 35 115.84 0.0932 394.9
1 21 29 120.75 0.0890 130.5
1 21 35 91.05 0.1087 773.3
1 21 26 196.75 0.0876 681.7
1 21 17 95.95 0.0720 244.5
1 21 18 247.69 0.0396 16.7
1 21 26 195.18 0.0812 809.0
1 21 20 255.84 0.0623 240.4
1 21 25 69.47 0.0988 746.2
1 21 26 95.28 0.0691 734.0
1 21 27 118.16 0.0788 211.5
1 21 29 145.90 0.0721 45.6
1 21 34 69.08 0.0512 396.9
1 21 15 66.47 0.1159 893.7
1 21 33 111.92 0.0702 492.7
1 21 19 61.01 0.1008 581.1
1 21 28 118.10 0.0850 639.4
1 21 22 45.70 0.1407 707.3
1 21 25 61.68 0.1038 29.9
1 21 31 58.49 0.1105 141.9
1 21 35 251.52 0.0727 71.8
1 21 29 50.87 0.1126 526.3
1 21 31 115.47 0.0736 545.1
1 21 18 92.76 0.1062 418.0
1 21 24 365.38 0.0542 866.3
1 21 28 46.46 0.0844 235.2
1 21 19 52.20 0.0909 645.7
1 21 34 82.80 0.0940 488.6
1 21 18 82.28 0.0826 215.7
1 21 22 225.63 0.0652 620.2
1 21 31 52.02 0.0804 609.2
1 21 31 254.65 0.0691 592.0
1 21 43 102.68 0.0685 210.7
1 21 37 243.14 0.0577 517.9
1 21 20 366.21 0.0645 589.8
1 21 17 96.60 0.0490 350.8
1 21 40 133.33 0.0946 206.7
1 21 20 67.38 0.1091 136.4
1 21 22 52.56 0.0776 227.0
1 21 23 172.73 0.0576 400.2
1 21 31 200.02 0.0911 83.2
1 21 36 365.65 0.0587 161.3
1 21 25 252.28 0.0546 411.3
1 21 31 86.75 0.0735 632.6
1 21 36 65.04 0.1036 284.2
1 21 18 238.48 0.0349 27.7
1 21 19 184.32 0.0909 897.6
1 21 22 131.19 0.0660 944.7
1 21 13 49.47 0.0634 37.1
1 21 23 128.25 0.0449 89.9
1 21 20 52.81 0.0527 387.2
1 21 35 123.47 0.0685 411.3
1 21 27 60.92 0.1148 832.2
1 21 36 204.48 0.0605 697.5
1 21 38 230.29 0.0647 78.4
1 21 34 71.64 0.0972 179.1
1 21 39 69.79 0.0907 272.3
1 21 22 66.64 0.0440 137.5
1 21 29 307.38 0.0941 481.8
1 21 38 143.30 0.0635 512.1
1 21 15 69.99 0.0413 459.1
1 21 17 45.67 0.1301 231.4
1 21 34 76.37 0.0795 254.4
1 21 33 87.89 0.0806 515.0
1 21 31 245.62 0.0686 445.0
1 21 14 344.31 0.0400 695.6
1 21 18 64.07 0.1292 435.7
1 21 35 49.11 0.1521 223.6
1 21 28 142.41 0.0690 213.5
1 21 42 150.42 0.0704 128.9
1 21 35 130.63 0.1031 210.1
1 21 23 53.86 0.1266 48.5
1 21 33 51.77 0.1203 66.8
1 21 15 50.72 0.1253 394.2
1 21 21 119.02 0.0650 725.4
1 21 31 103.62 0.1212 69.6
1 21 16 136.72 0.0493 180.0
1 21 35 283.06 0.0720 227.5
1 21 37 150.41 0.0726 215.4
1 21 25 88.13 0.0574 476.6
1 21 31 119.71 0.0834 642.1
1 21 17 66.23 0.1121 114.7
1 21 33 146.23 0.0907 872.6
1 21 29 79.24 0.1046 592.3
1 21 28 54.84 0.0805 116.9
1 21 24 193.69 0.0642 87.6
1 21 14 99.04 0.0667 442.5
1 21 38 85.76 0.1007 145.0
1 21 32 120.50 0.0757 269.4
1 21 15 60.64 0.1470 499.0
1 21 29 98.15 0.0813 625.0
1 21 36 115.68 0.0665 803.8
1 21 40 323.18 0.0370 142.8
1 21 35 448.84 0.0424 441.4
1 21 41 82.12 0.1019 826.0
1 21 43 337.75 0.0523 437.0
1 21 41 229.46 0.0578 551.2
1 21 27 107.55 0.0860 506.8
1 21 40 126.45 0.0829 527.0
1 21 38 150.42 0.0679 407.8
1 21 36 93.39 0.0918 219.1
1 21 33 62.55 0.0982 273.7
1 21 43 345.18 0.0604 175.8
1 21 40 55.15 0.1039 180.6
1 21 23 67.79 0.1306 824.0
1 21 33 231.78 0.0501 388.1
1 21 40 108.61 0.0902 852.0
1 21 46 195.99 0.0529 576.9
1 21 35 93.32 0.0785 69.7
1 21 37 94.63 0.1099 66.0
1 21 40 224.72 0.0777 245.0
1 21 27 141.96 0.0640 415.8
1 21 33 145.19 0.0836 185.5
1 21 36 79.64 0.0953 136.0
1 21 16 92.49 0.0635 808.2
1 21 34 59.28 0.0904 748.3
1 21 21 153.37 0.0661 47.5
1 21 17 49.54 0.0649 145.1
1 21 41 328.08 0.0725 498.3
1 21 23 225.62 0.0527 331.1
1 21 46 104.77 0.0571 133.9
1 21 35 52.72 0.1192 498.0
1 21 34 62.05 0.0572 659.6
1 21 20 90.60 0.0685 628.3
1 21 35 226.75 0.0652 545.2
1 21 23 101.75 0.0673 647.7
1 21 14 52.26 0.0573 262.7
1 21 22 53.27 0.1142 705.3
1 21 22 179.37 0.0876 322.6
1 21 13 110.54 0.0350 435.1
1 21 22 53.79 0.1371 788.2
1 21 37 80.28 0.1096 215.6
1 21 41 126.42 0.0589 141.5
1 21 36 71.68 0.1112 449.2
1 21 33 112.35 0.0567 104.4
1 21 35 85.29 0.0934 620.1
1 21 27 134.02 0.0738 481.7
1 21 14 273.19 0.0526 327.0
1 21 16 242.83 0.0514 196.0
1 21 15 131.37 0.0598 940.6
1 21 28 60.07 0.0690 718.2
1 21 40 54.84 0.1029 84.9
1 21 22 47.00 0.1202 628.5
1 21 39 70.03 0.0857 892.3
1 21 16 123.80 0.0367 16.1
1 21 41 98.45 0.0929 136.5
1 21 14 61.70 0.0818 440.3
1 21 18 200.34 0.0984 404.7
1 21 15 97.82 0.0805 707.0
1 21 33 80.46 0.1202 436.1
1 21 34 433.27 0.0683 153.1
1 21 43 113.34 0.0902 66.1
1 21 28 196.88 0.0468 334.4
1 21 37 118.78 0.0724 418.5
1 21 38 172.63 0.0522 469.4
1 21 39 217.86 0.0652 899.7
1 21 36 54.91 0.1106 103.0
1 21 28 386.57 0.0588 833.0
1 21 44 132.01 0.0827 490.1
1 21 42 289.24 0.0531 106.1
1 21 37 126.17 0.0763 91.3
1 21 27 127.60 0.0440 873.1
1 21 22 80.41 0.1066 960.1
1 21 23 80.52 0.1148 231.7
1 21 22 241.57 0.0598 782.8
1 21 23 147.79 0.0648 58.2
1 21 19 130.23 0.0731 451.5
1 21 26 61.60 0.1274 275.0
1 21 42 205.48 0.0701 454.7
1 21 33 64.94 0.0850 869.0
1 21 40 98.28 0.0813 405.9
1 21 14 122.77 0.1323 511.7
1 21 24 140.17 0.0646 189.1
1 21 18 657.04 0.0300 52.1
1 21 14 148.99 0.0956 691.5
1 21 41 113.89 0.0767 646.8
1 21 29 211.92 0.0564 145.5
1 21 21 172.11 0.0441 375.1
1 21 35 115.76 0.0938 14.0
1 21 17 67.02 0.0755 35.5
1 21 28 56.39 0.0891 392.2
1 21 18 133.48 0.0487 418.2
1 21 27 47.51 0.1304 197.9
1 21 35 203.78 0.0815 228.5
1 21 21 224.10 0.0432 91.9
1 21 30 155.52 0.0715 956.7
1 21 16 246.39 0.1053 778.7
1 21 29 71.90 0.0966 893.0
1 21 26 56.51 0.1078 433.9
1 21 22 92.60 0.0548 69.6
1 21 18 312.40 0.0560 746.6
1 21 36 116.62 0.0777 37.7
1 21 23 252.47 0.1228 805.8
1 21 22 196.61 0.0558 368.7
1 21 18 48.35 0.1110 928.2
1 21 23 125.46 0.0827 618.1
1 21 27 69.36 0.0771 97.9
1 21 44 51.26 0.1262 805.3
1 21 28 78.23 0.1224 870.0
1 21 32 85.20 0.0863 194.7
1 21 17 47.48 0.0952 956.9
1 21 34 111.73 0.0816 103.3
1 21 15 86.60 0.0510 748.8
1 21 34 153.93 0.0982 871.3
1 21 13 66.47 0.0721 349.4
1 21 20 68.84 0.0590 16.7
1 21 29 192.65 0.0554 827.6
1 21 20 45.41 0.0784 580.7
1 21 32 132.72 0.0847 549.4
1 21 41 83.98 0.0699 424.6
1 21 29 76.31 0.0977 64.0
1 21 26 55.28 0.0868 236.5
1 21 28 90.38 0.0607 210.0
1 21 16 208.84 0.0783 46.2
1 21 28 117.33 0.1127 465.7
1 21 36 86.61 0.0679 467.0
1 21 14 135.05 0.0739 12.2
1 21 26 64.78 0.0776 388.0
1 21 16 208.77 0.0491 417.1
1 21 17 106.12 0.0541 125.7
1 21 42 164.16 0.0505 169.4
1 21 29 93.05 0.0746 72.3
1 21 14 112.99 0.0807 197.6
1 21 31 75.75 0.0762 495.0
1 21 21 50.50 0.0872 61.5
1 21 41 89.76 0.0963 668.2
1 21 36 133.20 0.0638 123.3
1 21 41 147.66 0.0647 552.2
1 21 26 143.80 0.0536 804.8
1 21 32 137.86 0.0558 900.6
1 21 15 577.13 0.0368 634.4
1 21 19 74.07 0.0554 87.2
1 21 38 75.38 0.0780 33.8
1 21 29 140.91 0.0849 382.5
1 21 17 48.08 0.0920 61.7
1 21 21 97.81 0.0678 825.1
1 21 44 191.00 0.0924 603.6
1 21 41 153.47 0.0645 516.5
1 21 29 87.32 0.0569 159.0
1 21 36 97.43 0.0646 734.3
1 21 23 78.46 0.0580 417.4
1 21 26 106.50 0.0624 147.2
1 21 23 48.63 0.0834 518.1
1 21 17 76.53 0.0344 827.9
1 21 33 254.11 0.0507 205.6
1 21 42 74.45 0.0809 229.5
1 21 36 186.20 0.0559 510.4
1 21 22 51.11 0.0862 889.2
1 21 34 99.84 0.1025 240.0
1 21 31 88.47 0.0937 206.5
1 21 25 49.88 0.1156 267.7
1 21 18 208.42 0.0372 46.9
1 21 24 231.70 0.0746 64.0
1 21 17 47.01 0.1296 669.0
1 21 17 311.02 0.1682 227.3
1 21 17 92.78 0.0381 630.0
1 21 37 110.90 0.0849 439.6
1 21 38 116.96 0.0883 759.9
1 21 34 85.66 0.0816 405.1
1 21 33 229.32 0.0697 685.6
1 21 24 137.64 0.1006 102.8
1 21 13 67.71 0.1203 281.2
1 21 35 64.78 0.1094 745.5
1 21 24 105.23 0.0715 55.4
1 21 36 118.38 0.0807 665.5
1 21 24 147.86 0.0506 88.9
1 21 18 1777.73 0.0634 407.5
1 21 16 71.00 0.0684 675.6
1 21 23 156.34 0.0854 242.7
1 21 29 108.09 0.0700 589.2
1 21 19 233.75 0.0457 434.8
1 21 18 103.01 0.0594 618.3
1 21 25 173.34 0.0556 142.1
1 21 14 129.75 0.0547 641.5
1 21 30 62.78 0.1155 913.6
1 21 17 60.36 0.0695 71.7
1 21 33 77.00 0.1192 278.9
1 21 32 115.32 0.0905 80.0
1 21 31 80.18 0.0901 22.8
1 21 24 79.78 0.1034 782.0
1 21 16 83.79 0.0974 251.3
1 21 19 152.56 0.0765 725.0
1 21 17 48.89 0.1270 549.8
1 21 36 45.83 0.1044 232.8
1 21 32 149.73 0.0840 812.0
1 21 27 101.99 0.0720 59.5
1 21 27 104.44 0.1165 548.7
1 21 14 75.22 0.0587 532.6
1 21 26 95.01 0.0934 835.8
1 21 17 99.21 0.0837 375.5
1 21 17 272.50 0.1320 119.1
1 21 13 45.67 0.1340 121.7
1 21 32 142.45 0.0751 754.2
1 21 16 50.07 0.0782 583.9
1 21 17 67.89 0.0710 510.8
1 21 16 248.26 0.0755 588.0
1 21 16 89.73 0.0381 673.5
1 21 31 89.29 0.0951 204.3
1 21 18 74.09 0.0528 560.9
1 21 18 58.44 0.0448 449.2
1 21 15 140.67 0.0907 648.7
1 21 36 46.59 0.1224 391.5
1 21 13 100.41 0.0737 428.2
1 21 16 55.76 0.0602 593.9
1 21 16 309.03 0.0487 748.6
1 21 14 69.69 0.0404 853.5
1 21 14 115.73 0.0374 391.5
1 21 16 113.80 0.0588 70.4
1 21 13 52.21 0.1406 596.9
1 21 16 251.55 0.0325 608.0
1 21 19 49.33 0.0774 656.4
1 21 37 159.21 0.0562 88.8
1 21 36 50.70 0.1098 448.0
1 21 29 634.69 0.0514 68.4
1 21 16 50.22 0.0819 303.5
1 21 24 71.26 0.1028 76.6
1 21 16 421.11 0.0510 755.5
1 21 26 58.26 0.0819 604.7
1 21 25 57.56 0.1408 213.3
1 21 18 401.11 0.0504 46.4
1 21 14 223.67 0.0666 854.4
1 21 24 48.16 0.0973 590.3
1 21 24 132.83 0.0734 717.9
1 21 28 101.55 0.0584 386.0
1 21 15 543.76 0.0831 838.9
1 21 21 95.30 0.0444 259.2
1 21 18 93.07 0.0737 91.0
1 21 33 133.91 0.0751 493.6
1 21 16 81.56 0.1153 147.0
1 21 20 99.36 0.1447 788.2
1 21 14 87.70 0.0918 454.2
1 22 41 176.06 0.0677 152.2
1 22 39 208.09 0.0676 141.0
1 22 40 151.16 0.0652 505.8
1 22 32 85.46 0.0810 118.2
1 22 20 67.73 0.0890 366.5
1 22 23 64.15 0.0822 223.0
1 22 29 137.35 0.0870 849.4
1 22 22 768.50 0.0444 455.4
1 22 21 229.48 0.0781 409.9
1 22 29 88.78 0.1317 193.5
1 22 23 121.61 0.0548 184.3
1 22 27 127.96 0.0923 142.3
1 22 19 163.31 0.1148 256.8
1 22 37 199.67 0.0620 426.1
1 22 33 146.06 0.0625 78.7
1 22 28 331.80 0.0839 236.5
1 22 30 123.25 0.0866 8.9
1 22 31 140.08 0.0924 233.3
1 22 41 112.68 0.0815 140.9
1 22 19 53.09 0.1330 668.5
1 22 33 489.68 0.0588 372.7
1 22 24 93.52 0.0603 402.3
1 22 27 63.32 0.1302 416.9
1 22 17 121.16 0.0980 801.3
1 22 27 67.92 0.1082 837.5
1 22 22 80.38 0.0809 246.0
1 22 41 113.32 0.0717 144.6
1 22 26 60.66 0.1181 266.0
1 22 35 109.91 0.1168 159.8
1 22 23 111.84 0.0912 435.6
1 22 22 213.74 0.0825 246.8
1 22 25 128.54 0.0410 852.5
1 22 27 191.22 0.0658 172.7
1 22 20 109.90 0.0766 245.5
1 22 21 112.54 0.0924 774.7
1 22 18 118.10 0.0441 323.7
1 22 17 94.14 0.0486 26.8
1 22 17 80.66 0.0898 880.8
1 22 32 307.27 0.0861 132.4
1 22 30 136.20 0.0666 457.8
1 22 40 69.81 0.1022 777.2
1 22 27 105.51 0.0914 174.6
1 22 32 173.69 0.0653 780.4
1 22 20 70.79 0.0807 376.6
1 22 28 48.97 0.1244 906.2
1 22 29 79.40 0.1010 407.4
1 22 29 113.10 0.0707 152.3
1 22 19 71.74 0.0977 958.0
1 22 30 262.46 0.0553 243.5
1 22 31 85.45 0.0692 698.5
1 22 25 74.50 0.0762 902.4
1 22 29 70.30 0.1360 347.5
1 22 32 75.93 0.0756 773.1
1 22 31 76.12 0.0912 369.7
1 22 21 131.14 0.0419 196.8
1 22 30 85.88 0.0979 520.1
1 22 36 85.16 0.0792 594.2
1 22 25 49.19 0.1127 431.0
1 22 29 85.88 0.0955 796.6
1 22 28 97.53 0.1004 123.7
1 22 36 131.05 0.0711 689.7
1 22 25 136.92 0.0429 574.2
1 22 33 116.06 0.1150 148.3
1 22 30 102.77 0.1035 242.7
1 22 15 198.15 0.0471 160.3
1 22 21 45.12 0.1381 283.5
1 22 29 93.88 0.0744 573.6
1 22 24 86.74 0.0753 454.5
1 22 15 320.58 0.1118 471.7
1 22 20 88.64 0.0982 914.9
1 22 25 132.26 0.0507 121.1
1 22 18 81.97 0.0734 849.5
1 22 29 81.56 0.1043 204.9
1 22 34 135.12 0.1040 151.8
1 22 27 162.58 0.0649 349.9
1 22 23 59.43 0.1001 134.2
1 22 15 71.72 0.0398 169.6
1 22 40 69.42 0.1121 468.7
1 22 26 165.61 0.0588 947.7
1 22 30 139.88 0.0723 329.9
1 22 25 1872.98 0.0759 45.8
1 22 38 135.69 0.0795 216.4
1 22 35 128.35 0.0811 129.3
1 22 31 216.50 0.0844 393.0
1 22 26 54.57 0.1013 47.5
1 22 44 165.71 0.1026 99.0
1 22 25 145.86 0.0565 252.6
1 22 34 189.96 0.0780 113.7
1 22 40 200.65 0.0636 284.0
1 22 40 82.85 0.0744 457.1
1 22 34 216.93 0.0591 271.2
1 22 14 415.30 0.1508 483.5
1 22 34 125.15 0.0879 298.6
1 22 25 170.03 0.0855 123.0
1 22 29 48.82 0.0741 87.3
1 22 27 67.22 0.0888 613.7
1 22 39 93.65 0.0557 192.5
1 22 23 66.71 0.0823 488.7
1 22 32 101.78 0.0690 177.7
1 22 37 131.48 0.0627 64.4
1 22 31 134.67 0.0578 145.1
1 22 16 67.86 0.1145 463.6
1 22 15 178.97 0.1229 384.0
1 22 24 132.31 0.0931 763.8
1 22 30 179.83 0.0620 88.1
1 22 34 84.69 0.0849 907.0
1 22 19 95.64 0.1155 530.9
1 22 16 162.05 0.0623 412.1
1 22 25 97.05 0.0814 61.7
1 22 26 289.81 0.0547 89.6
1 22 36 104.64 0.0960 412.4
1 22 28 154.64 0.0591 503.5
1 22 37 103.74 0.0644 543.0
1 22 30 84.64 0.1010 60.7
1 22 27 261.76 0.0458 554.6
1 22 24 73.21 0.0834 680.4
1 22 26 77.60 0.1051 331.8
1 22 27 138.12 0.1005 474.7
1 22 19 219.65 0.0498 865.7
1 22 28 56.67 0.1273 371.5
1 22 17 96.81 0.1142 592.1
1 22 15 70.93 0.0698 230.7
1 22 35 52.29 0.1240 279.1
1 22 16 223.76 0.0379 112.1
1 22 39 358.18 0.0730 204.1
1 22 41 371.86 0.0655 346.7
1 22 35 106.73 0.0562 81.7
1 22 40 87.70 0.0645 925.0
1 22 27 69.44 0.0907 461.6
1 22 22 98.36 0.0834 171.6
1 22 17 50.88 0.1023 590.0
1 22 28 111.80 0.0834 779.5
1 22 24 70.81 0.0907 36.9
1 22 31 70.07 0.0876 798.3
1 22 30 70.89 0.1155 137.9
1 22 18 78.19 0.0980 400.1
1 22 22 117.48 0.0978 819.9
1 22 39 64.23 0.1042 454.0
1 22 37 53.66 0.0855 317.8
1 22 35 66.66 0.0981 193.2
1 22 38 690.52 0.0882 224.2
1 22 36 123.38 0.0739 392.5
1 22 30 131.73 0.0942 286.7
1 22 23 52.06 0.0847 453.6
1 22 21 273.85 0.0676 315.2
1 22 43 64.44 0.0767 591.6
1 22 36 260.82 0.0697 146.1
1 22 16 90.81 0.0754 75.5
1 22 23 225.46 0.0683 101.0
1 22 40 88.19 0.1208 819.0
1 22 35 122.47 0.0639 749.0
1 22 17 119.03 0.0599 642.7
1 22 33 115.18 0.0787 66.4
1 22 36 100.97 0.0710 198.3
1 22 33 179.34 0.0672 488.9
1 22 37 84.74 0.0846 189.0
1 22 28 134.62 0.0803 113.6
1 22 20 549.21 0.0989 478.7
1 22 36 81.85 0.0736 339.8
1 22 19 113.01 0.0917 42.3
1 22 26 157.69 0.0627 64.4
1 22 23 55.87 0.0660 316.4
1 22 38 133.67 0.0535 480.2
1 22 22 158.34 0.0534 60.6
1 22 26 51.60 0.0596 279.8
1 22 18 53.08 0.0852 373.2
1 22 20 50.15 0.1038 502.1
1 22 23 60.50 0.0842 181.4
1 22 41 170.72 0.0702 220.5
1 22 31 88.02 0.0836 201.6
1 22 37 65.55 0.0957 188.1
1 22 41 72.38 0.0953 420.5
1 22 26 166.31 0.0613 580.8
1 22 36 62.49 0.1145 145.7
1 22 34 58.32 0.1025 284.4
1 22 33 49.50 0.1178 551.4
1 22 43 190.27 0.0672 531.3
1 22 28 93.72 0.0623 536.7
1 22 27 334.66 0.0863 123.4
1 22 36 177.44 0.0874 331.3
1 22 42 202.90 0.0662 504.4
1 22 22 442.16 0.0704 105.3
1 22 42 144.11 0.0726 169.3
1 22 33 109.70 0.0922 59.3
1 22 32 109.94 0.0836 860.6
1 22 24 98.96 0.0852 547.8
1 22 39 53.59 0.1182 916.7
1 22 35 144.59 0.0765 110.6
1 22 40 59.33 0.1096 535.3
1 22 34 51.34 0.1028 424.9
1 22 36 111.87 0.0856 108.8
1 22 40 161.15 0.0699 241.2
1 22 33 103.52 0.0776 612.2
1 22 39 160.64 0.0847 211.8
1 22 27 156.59 0.0637 414.9
1 22 32 140.51 0.0673 410.6
1 22 26 57.31 0.1348 94.8
1 22 31 82.84 0.0717 296.6
1 22 36 96.93 0.0979 572.9
1 22 39 53.10 0.1020 286.8
1 22 31 63.16 0.1245 323.2
1 22 30 110.62 0.0701 837.8
1 22 36 46.38 0.1199 113.3
1 22 36 118.54 0.0843 513.2
1 22 28 199.23 0.0757 39.5
1 22 33 131.17 0.0690 181.7
1 22 35 63.74 0.1077 731.2
1 22 28 175.54 0.0564 77.6
1 22 18 254.89 0.0545 335.3
1 22 26 52.55 0.1546 167.6
1 22 34 53.41 0.1372 222.5
1 22 39 151.87 0.0699 509.8
1 22 31 67.95 0.1057 513.0
1 22 31 52.79 0.1090 643.0
1 22 42 110.42 0.0723 500.1
1 22 30 189.97 0.0774 949.7
1 22 36 81.84 0.1005 223.9
1 22 27 92.65 0.0616 344.0
1 22 24 171.47 0.1001 780.2
1 22 37 214.29 0.0535 897.7
1 22 24 82.25 0.0667 396.9
1 22 17 185.80 0.0399 659.3
1 22 33 102.66 0.1023 292.6
1 22 31 72.91 0.0801 194.4
1 22 36 298.22 0.0577 545.8
1 22 35 138.79 0.0831 66.0
1 22 43 48.77 0.1000 274.5
1 22 39 64.86 0.0946 241.9
1 22 35 170.93 0.0535 105.2
1 22 26 63.55 0.1209 224.8
1 22 37 101.74 0.0671 558.9
1 22 39 86.20 0.1044 135.9
1 22 33 168.52 0.0656 505.8
1 22 36 72.81 0.1073 678.9
1 22 40 85.42 0.1149 178.2
1 22 38 89.46 0.0816 439.6
1 22 35 67.28 0.0798 437.5
1 22 41 57.21 0.1137 258.1
1 22 23 160.52 0.0607 845.0
1 22 33 208.06 0.0654 940.4
1 22 32 96.10 0.0831 417.8
1 22 32 73.24 0.1081 851.7
1 22 28 63.24 0.0999 714.8
1 22 43 94.45 0.0774 142.8
1 22 40 113.23 0.0802 500.9
1 22 31 192.10 0.0781 249.7
1 22 33 97.09 0.0631 901.8
1 22 33 84.30 0.0802 564.0
1 22 30 202.50 0.0898 623.3
1 22 36 170.50 0.0701 179.8
1 22 30 74.47 0.0829 156.1
1 22 33 95.37 0.0883 143.7
1 22 28 108.59 0.0667 475.5
1 22 39 112.70 0.1028 212.0
1 22 39 97.61 0.0670 243.4
1 22 39 101.98 0.0838 189.8
1 22 21 149.74 0.0843 474.4
1 22 17 105.98 0.0837 543.9
1 22 31 230.92 0.0811 491.3
1 22 41 82.48 0.0670 853.3
1 22 36 60.77 0.0813 418.2
1 22 40 74.89 0.1077 382.1
1 22 20 127.24 0.0507 69.2
1 22 28 65.49 0.0715 357.3
1 22 24 104.16 0.0490 706.7
1 22 39 45.54 0.1156 590.7
1 22 33 237.38 0.1096 209.8
1 22 20 122.61 0.0945 510.1
1 22 17 67.42 0.0462 702.9
1 22 35 217.63 0.0593 345.9
1 22 32 65.37 0.0842 86.7
1 22 28 174.02 0.0790 539.3
1 22 22 48.21 0.0993 109.0
1 22 40 116.19 0.0909 219.7
1 22 21 118.00 0.0742 639.4
1 22 29 128.66 0.0783 246.1
1 22 16 59.78 0.0739 589.6
1 22 34 71.74 0.0724 345.8
1 22 35 108.03 0.0809 186.0
1 22 21 80.74 0.0574 260.2
1 22 15 307.79 0.0916 183.7
1 22 45 145.50 0.0493 380.8
1 22 43 220.85 0.0638 212.1
1 22 43 321.17 0.0631 271.3
1 22 39 226.62 0.0674 346.3
1 22 36 126.98 0.0963 209.0
1 22 27 390.08 0.0665 357.9
1 22 37 112.32 0.0800 359.5
1 22 37 118.90 0.0846 87.6
1 22 23 52.63 0.0765 92.3
1 22 34 74.38 0.0942 551.0
1 22 17 195.22 0.1272 87.4
1 22 35 114.11 0.0721 237.0
1 22 37 57.12 0.1024 122.3
1 22 38 71.08 0.1161 146.0
1 22 43 137.94 0.0684 271.7
1 22 30 45.53 0.1248 431.0
1 22 31 120.83 0.0645 197.7
1 22 27 109.94 0.0742 446.7
1 22 27 89.34 0.0739 474.8
1 22 37 74.33 0.0836 213.0
1 22 35 120.15 0.0752 516.8
1 22 18 163.45 0.0413 933.1
1 22 19 485.58 0.0953 209.3
1 22 42 89.20 0.0644 535.9
1 22 33 88.72 0.1226 159.3
1 22 36 82.39 0.0626 351.7
1 22 26 63.55 0.1047 212.6
1 22 20 47.50 0.1001 144.6
1 22 31 146.70 0.0832 239.5
1 22 16 362.31 0.0321 50.5
1 22 23 70.04 0.0664 845.0
1 22 13 97.49 0.0426 54.9
1 22 37 104.73 0.0670 952.1
1 22 39 129.33 0.0742 292.3
1 22 37 72.10 0.0873 162.5
1 22 33 162.73 0.0471 152.0
1 22 25 128.32 0.0834 591.4
1 22 36 136.08 0.0637 217.1
1 22 44 52.67 0.1058 548.8
1 22 24 124.35 0.0564 885.2
1 22 34 70.58 0.0625 326.4
1 22 16 344.54 0.0908 103.1
1 22 40 72.64 0.0853 136.0
1 22 33 163.87 0.0661 545.7
1 22 18 61.48 0.0488 83.3
1 22 31 75.41 0.1012 125.9
1 22 37 92.30 0.0893 79.7
1 22 26 172.45 0.0782 812.6
1 22 29 135.80 0.0896 434.2
1 22 36 105.01 0.0684 503.2
1 22 36 55.54 0.1231 439.4
1 22 40 106.11 0.1091 590.6
1 22 38 92.41 0.1037 659.8
1 22 30 236.55 0.0512 236.7
1 22 31 210.90 0.0676 659.6
1 22 13 201.57 0.1454 335.9
1 22 26 255.38 0.0649 319.2
1 22 28 76.55 0.0741 161.5
1 22 24 61.46 0.1091 657.1
1 22 15 318.97 0.0313 729.9
1 22 29 89.30 0.0800 299.2
1 22 17 135.93 0.0716 403.3
1 22 37 210.26 0.1056 139.6
1 22 16 270.36 0.0657 425.8
1 22 16 444.66 0.0605 338.6
1 22 30 92.40 0.1036 107.1
1 22 31 92.29 0.0763 473.1
1 22 16 126.09 0.0789 151.2
1 22 34 144.56 0.1113 206.6
1 22 19 64.44 0.0705 81.8
1 22 24 96.53 0.0654 68.5
1 22 15 140.38 0.0989 155.8
1 22 18 45.60 0.1361 429.0
1 22 14 66.63 0.0724 510.3
1 22 21 134.86 0.0647 502.5
1 22 20 85.17 0.0866 148.8
1 22 21 55.98 0.1267 435.2
1 22 32 58.99 0.1190 264.1
1 22 19 96.06 0.0754 273.1
1 22 18 199.92 0.0904 723.1
1 22 15 226.16 0.1398 77.2
1 22 23 473.32 0.0525 70.2
1 22 20 55.87 0.0982 381.6
1 22 23 50.62 0.1232 409.3
1 22 14 55.32 0.0926 681.9
1 22 19 88.88 0.0402 128.0
1 22 16 206.87 0.0507 361.0
1 22 26 61.07 0.0719 389.3
1 22 38 111.05 0.0730 642.1
1 22 17 212.39 0.0874 221.0
1 22 19 166.16 0.0608 103.5
1 22 19 352.21 0.0852 228.5
1 22 25 76.19 0.0706 532.0
1 22 23 55.56 0.1051 813.5
1 22 14 175.70 0.0552 125.9
1 22 18 154.21 0.0633 223.0
1 22 20 54.30 0.1220 272.6
1 22 43 170.81 0.0687 157.7
1 22 22 80.87 0.0699 276.3
1 22 18 50.76 0.0788 330.9
1 22 29 49.66 0.0948 181.6
1 22 27 46.32 0.1053 232.4
1 22 33 71.80 0.0884 399.3
1 22 32 77.96 0.1059 210.0
1 22 14 201.87 0.0828 151.9
1 22 27 110.90 0.0799 488.3
1 22 17 129.24 0.0413 788.8
1 22 17 88.10 0.1098 941.6
1 22 18 164.20 0.0620 563.9
1 22 28 88.57 0.1045 402.6
1 22 15 87.38 0.0573 319.2
1 22 22 200.60 0.0949 418.6
1 22 28 198.00 0.0655 203.4
1 22 16 357.35 0.0652 241.3
1 22 27 229.76 0.0644 812.1
1 22 15 59.58 0.1016 219.9
1 22 24 271.15 0.0768 502.5
1 22 20 94.34 0.0781 322.2
1 22 16 132.31 0.0831 234.7
1 22 27 119.38 0.0464 673.7
1 22 36 133.74 0.0542 190.0
1 22 42 106.55 0.0813 347.2
1 22 34 84.12 0.0843 431.1
1 22 19 63.41 0.0488 120.7
1 22 18 100.33 0.0704 939.0
1 22 31 48.09 0.1167 774.4
1 22 17 115.10 0.0844 544.5
1 22 15 94.83 0.0664 143.7
1 22 31 63.74 0.1057 167.3
1 22 36 58.92 0.0912 919.0
1 22 13 318.29 0.0962 124.6
1 22 23 61.46 0.1239 926.2
1 22 26 94.68 0.1290 141.6
1 22 17 45.27 0.0698 240.3
1 22 42 90.80 0.0857 174.5
1 22 23 60.45 0.0968 156.9
1 22 20 105.57 0.0699 402.4
1 22 42 121.02 0.0676 38.9
1 22 15 92.64 0.0535 48.6
1 22 18 91.80 0.0780 270.2
1 22 16 84.94 0.0982 57.4
1 22 14 80.03 0.0684 943.9
1 22 35 160.79 0.0804 823.7
1 22 31 70.45 0.1119 414.3
1 22 18 47.54 0.0632 431.2
1 22 23 61.44 0.0841 152.0
1 22 18 52.70 0.0742 67.6
1 22 25 54.60 0.0612 71.2
1 22 14 143.63 0.0856 216.0
1 22 16 434.40 0.0484 323.8
1 22 20 119.48 0.0725 813.7
1 22 22 106.12 0.0516 24.0
1 23 35 104.87 0.0928 640.9
1 23 34 170.61 0.0836 943.4
1 23 38 179.73 0.1126 528.0
1 23 21 69.79 0.0886 952.3
1 23 31 63.98 0.1057 241.7
1 23 42 73.00 0.0886 833.0
1 23 15 122.82 0.1357 99.3
1 23 32 112.02 0.0823 370.8
1 23 14 115.61 0.1475 524.7
1 23 18 58.09 0.1281 363.1
1 23 35 128.76 0.0776 120.7
1 23 19 183.38 0.0585 96.0
1 23 18 119.36 0.0632 143.5
1 23 18 139.81 0.0569 131.0
1 23 19 95.41 0.0702 519.5
1 23 20 112.13 0.0880 81.2
1 23 19 304.55 0.0388 74.7
1 23 28 235.44 0.0784 128.1
1 23 22 52.67 0.1280 673.7
1 23 30 88.27 0.0954 344.7
1 23 27 93.29 0.0867 753.5
1 23 24 56.96 0.1415 675.1
1 23 32 118.98 0.0690 537.5
1 23 28 129.59 0.0847 259.8
1 23 20 149.26 0.0904 698.5
1 23 15 95.86 0.0569 215.7
1 23 23 281.19 0.0647 516.0
1 23 25 115.55 0.1054 187.5
1 23 32 156.38 0.0864 273.9
1 23 19 241.61 0.0260 239.2
1 23 37 101.06 0.0718 180.0
1 23 35 109.48 0.0770 311.6
1 23 24 157.00 0.0820 188.0
1 23 26 138.18 0.0412 177.5
1 23 17 56.76 0.0989 836.7
1 23 16 58.47 0.1413 457.2
1 23 21 58.53 0.1142 107.8
1 23 28 57.69 0.1114 807.8
1 23 29 72.06 0.1159 566.1
1 23 35 105.78 0.0824 495.4
1 23 41 122.54 0.0694 297.0
1 23 19 91.07 0.1020 626.4
1 23 22 369.05 0.0887 519.0
1 23 29 82.42 0.0799 285.3
1 23 39 68.19 0.0979 163.9
1 23 29 80.50 0.0796 303.3
1 23 19 105.85 0.0513 93.7
1 23 33 80.76 0.0863 90.7
1 23 26 108.61 0.0678 222.8
1 23 31 114.66 0.1121 251.7
1 23 33 149.67 0.0790 410.3
1 23 30 137.39 0.0649 527.0
1 23 30 100.16 0.0711 425.5
1 23 23 51.88 0.0696 144.5
1 23 16 117.49 0.1545 122.0
1 23 25 93.12 0.0761 614.4
1 23 13 508.53 0.0858 658.3
1 23 30 76.93 0.0786 180.3
1 23 32 74.95 0.0832 954.6
1 23 13 107.62 0.1132 601.2
1 23 29 48.30 0.1051 496.6
1 23 38 141.54 0.0737 255.7
1 23 31 104.91 0.0750 101.8
1 23 31 191.84 0.0828 474.9
1 23 34 94.45 0.0692 115.4
1 23 40 100.42 0.0911 247.7
1 23 40 60.97 0.1159 441.5
1 23 28 135.92 0.0905 143.6
1 23 36 67.01 0.0896 116.7
1 23 32 143.26 0.0652 884.4
1 23 40 195.68 0.0773 671.1
1 23 30 100.31 0.0774 630.4
1 23 22 142.37 0.0574 626.2
1 23 21 58.04 0.1324 682.0
1 23 38 69.03 0.0711 150.3
1 23 21 67.86 0.1102 730.9
1 23 14 79.28 0.1521 311.9
1 23 32 108.78 0.0845 489.6
1 23 26 66.74 0.1148 722.2
1 23 43 109.32 0.0860 794.5
1 23 38 83.41 0.0853 679.9
1 23 33 91.67 0.1033 165.4
1 23 39 107.41 0.0700 138.8
1 23 26 169.90 0.0630 952.5
1 23 41 156.66 0.0704 480.4
1 23 26 101.23 0.0867 78.7
1 23 18 61.43 0.1471 442.0
1 23 24 94.39 0.1230 646.9
1 23 25 48.47 0.1106 694.0
1 23 20 178.53 0.0621 588.4
1 23 28 85.61 0.1312 309.7
1 23 30 64.13 0.1162 105.9
1 23 31 82.44 0.0866 164.7
1 23 13 189.06 0.0537 29.9
1 23 39 292.86 0.0547 158.4
1 23 32 134.50 0.0619 601.5
1 23 29 197.88 0.0730 125.2
1 23 40 114.40 0.0833 615.6
1 23 29 66.36 0.1149 147.7
1 23 29 75.51 0.1076 105.4
1 23 38 63.71 0.0642 542.3
1 23 16 65.89 0.0723 51.6
1 23 27 77.98 0.0876 247.2
1 23 36 90.67 0.0992 705.4
1 23 37 106.23 0.0802 242.1
1 23 39 151.77 0.0745 662.8
1 23 38 53.38 0.1047 194.5
1 23 33 86.26 0.0729 431.0
1 23 30 129.64 0.1025 221.5
1 23 34 126.90 0.0748 169.5
1 23 19 97.39 0.0896 43.7
1 23 19 52.74 0.1522 167.5
1 23 35 107.95 0.0882 556.7
1 23 26 51.77 0.1033 76.5
1 23 13 127.40 0.0458 360.9
1 23 13 66.08 0.1351 454.1
1 23 39 146.51 0.0574 558.9
1 23 35 130.02 0.0825 429.2
1 23 36 214.05 0.0753 706.0
1 23 36 158.27 0.0724 300.0
1 23 31 216.16 0.0725 752.5
1 23 21 96.68 0.0763 325.4
1 23 17 62.19 0.0870 764.0
1 23 16 54.17 0.0954 313.4
1 23 32 61.97 0.0776 889.8
1 23 30 89.26 0.0880 268.0
1 23 39 162.92 0.0631 134.4
1 23 42 102.66 0.0517 232.7
1 23 41 179.16 0.0597 852.8
1 23 41 98.59 0.0801 405.5
1 23 42 139.50 0.0701 124.5
1 23 41 207.00 0.0690 634.1
1 23 27 87.68 0.0869 152.4
1 23 31 290.09 0.0477 680.3
1 23 35 132.16 0.0662 304.4
1 23 45 192.33 0.0590 661.9
1 23 39 88.73 0.0896 645.8
1 23 44 202.40 0.0427 557.2
1 23 26 155.86 0.0594 547.9
1 23 36 63.62 0.0787 856.6
1 23 30 74.05 0.0886 215.0
1 23 36 80.35 0.0945 66.1
1 23 41 124.24 0.0926 592.0
1 23 38 114.54 0.0691 253.3
1 23 33 113.86 0.0906 790.4
1 23 38 224.00 0.0601 65.8
1 23 33 277.40 0.0553 375.6
1 23 37 86.75 0.0847 125.7
1 23 33 47.81 0.1190 173.8
1 23 18 338.23 0.0754 31.0
1 23 33 50.41 0.1065 608.3
1 23 30 445.14 0.0652 135.9
1 23 42 220.02 0.0636 604.9
1 23 36 48.68 0.0938 883.1
1 23 27 82.46 0.0676 89.3
1 23 35 107.69 0.0806 131.9
1 23 20 83.12 0.0754 698.0
1 23 31 109.35 0.0778 624.4
1 23 31 300.07 0.0715 268.0
1 23 25 62.77 0.1329 119.5
1 23 34 238.03 0.0538 368.9
1 23 35 462.73 0.0727 176.7
1 23 47 118.44 0.0497 861.8
1 23 35 90.81 0.0935 684.8
1 23 31 83.67 0.0953 581.2
1 23 32 279.90 0.0619 727.3
1 23 35 168.67 0.0544 675.9
1 23 29 101.68 0.0845 767.1
1 23 20 84.20 0.0944 649.9
1 23 19 61.60 0.0678 554.8
1 23 31 54.95 0.1077 622.8
1 23 21 59.71 0.1133 184.8
1 23 31 133.78 0.0819 133.4
1 23 41 120.81 0.0671 151.3
1 23 30 53.49 0.1139 167.6
1 23 25 130.83 0.0611 719.6
1 23 15 71.25 0.0381 792.0
1 23 25 101.00 0.0743 491.3
1 23 44 310.71 0.0531 224.6
1 23 21 140.19 0.0445 622.3
1 23 39 179.53 0.0974 893.4
1 23 24 68.52 0.0798 150.0
1 23 36 58.44 0.0958 177.6
1 23 26 52.00 0.0881 202.7
1 23 22 152.62 0.0603 382.7
1 23 22 46.85 0.0790 499.5
1 23 35 85.49 0.0814 646.1
1 23 30 60.96 0.1246 324.8
1 23 28 60.59 0.1227 110.8
1 23 39 115.68 0.1053 165.7
1 23 21 107.20 0.0587 463.8
1 23 24 140.03 0.0676 646.5
1 23 31 95.66 0.0929 63.5
1 23 16 67.86 0.1035 53.8
1 23 21 271.90 0.0581 239.3
1 23 43 91.99 0.0648 910.7
1 23 31 112.74 0.0590 492.9
1 23 24 95.13 0.0692 334.9
1 23 24 82.20 0.0800 227.4
1 23 32 60.06 0.0843 677.9
1 23 40 103.56 0.0914 308.8
1 23 33 131.00 0.0662 220.6
1 23 40 157.75 0.0609 210.8
1 23 33 53.33 0.1173 405.2
1 23 32 48.64 0.0845 931.5
1 23 32 104.94 0.0891 671.3
1 23 37 152.74 0.0723 576.2
1 23 29 321.60 0.0600 170.6
1 23 24 57.23 0.0819 664.9
1 23 39 45.71 0.1228 208.4
1 23 36 71.95 0.0948 490.3
1 23 39 54.09 0.0988 285.4
1 23 29 117.58 0.0761 505.8
1 23 31 157.47 0.0783 530.6
1 23 25 68.81 0.0560 868.4
1 23 18 737.06 0.0505 148.8
1 23 20 64.05 0.0780 528.4
1 23 33 91.75 0.0884 248.5
1 23 30 72.66 0.0827 673.6
1 23 24 46.63 0.0752 514.8
1 23 26 125.16 0.1022 629.6
1 23 41 130.90 0.0654 162.5
1 23 25 50.59 0.1182 190.9
1 23 36 84.03 0.0847 155.0
1 23 31 98.15 0.0781 406.0
1 23 18 272.90 0.0419 442.0
1 23 14 127.95 0.1401 852.0
1 23 29 90.35 0.1111 91.1
1 23 15 581.06 0.0345 439.7
1 23 22 219.28 0.0727 241.2
1 23 37 336.41 0.0605 63.1
1 23 27 84.06 0.1053 658.0
1 23 34 246.01 0.0631 69.9
1 23 38 268.30 0.0729 473.3
1 23 31 61.61 0.0980 627.7
1 23 34 61.03 0.0957 474.2
1 23 27 104.34 0.0708 167.6
1 23 32 146.94 0.0429 184.6
1 23 26 101.06 0.0477 118.8
1 23 33 63.78 0.0664 463.2
1 23 38 90.40 0.1181 587.4
1 23 39 262.92 0.0599 152.5
1 23 25 64.07 0.0883 462.6
1 23 27 63.00 0.1311 722.1
1 23 37 134.02 0.0587 287.0
1 23 31 99.11 0.0939 669.4
1 23 37 110.93 0.0604 191.4
1 23 21 143.79 0.0427 354.4
1 23 19 69.28 0.1062 97.0
1 23 13 62.39 0.0970 770.8
1 23 35 167.62 0.0950 649.5
1 23 29 182.66 0.0500 77.3
1 23 37 182.10 0.0587 224.7
1 23 15 122.36 0.1057 475.2
1 23 29 116.03 0.1190 663.5
1 23 33 103.44 0.0628 101.3
1 23 40 198.30 0.0644 708.5
1 23 27 143.80 0.0768 41.4
1 23 21 120.16 0.0460 526.4
1 23 27 466.99 0.0599 644.8
1 23 34 72.23 0.0885 98.9
1 23 24 112.04 0.0806 217.4
1 23 26 118.48 0.0569 514.7
1 23 32 93.00 0.0826 688.8
1 23 33 82.74 0.1038 192.5
1 23 22 112.21 0.1047 276.2
1 23 17 177.25 0.0432 40.1
1 23 30 118.87 0.0926 246.8
1 23 24 69.83 0.0859 884.0
1 23 28 65.96 0.0887 648.6
1 23 31 77.73 0.0937 517.3
1 23 36 73.67 0.0765 278.1
1 23 13 116.99 0.0744 118.0
1 23 17 71.23 0.0333 327.0
1 23 29 227.03 0.0422 201.7
1 23 23 77.14 0.0630 40.2
1 23 29 64.97 0.0882 143.0
1 23 24 117.97 0.1062 339.0
1 23 26 81.94 0.0726 840.9
1 23 22 280.10 0.0739 337.7
1 23 42 140.51 0.0807 299.3
1 23 31 75.05 0.0696 69.6
1 23 24 90.69 0.0860 308.6
1 23 20 127.23 0.0743 651.0
1 23 27 217.81 0.0695 252.6
1 23 29 73.12 0.1141 96.9
1 23 28 65.24 0.0995 383.7
1 23 31 86.33 0.1299 27.5
1 23 34 116.47 0.1008 63.0
1 23 27 166.73 0.0593 31.5
1 23 24 50.08 0.1164 647.4
1 23 22 56.49 0.1109 319.2
1 23 15 47.80 0.0919 229.9
1 23 21 229.84 0.0894 235.6
1 23 13 96.39 0.0539 817.5
1 23 21 360.94 0.0509 531.9
1 23 16 109.07 0.0692 719.0
1 23 19 110.02 0.0971 374.1
1 23 39 68.85 0.0958 220.7
1 23 34 77.48 0.0989 608.4
1 23 22 53.60 0.1175 626.3
1 23 28 52.10 0.1347 194.6
1 23 41 98.07 0.0706 782.2
1 23 32 172.78 0.0783 221.7
1 23 13 184.76 0.1577 614.7
1 23 16 72.52 0.1325 583.2
1 23 16 615.41 0.1459 606.4
1 23 28 102.27 0.0662 414.5
1 23 34 83.32 0.0938 127.0
1 23 27 79.28 0.1182 709.6
1 23 29 90.93 0.0861 762.4
1 23 33 84.05 0.0859 197.6
1 23 31 71.83 0.0841 919.8
1 23 24 62.68 0.0800 696.7
1 23 29 212.32 0.0488 170.2
1 23 13 56.29 0.1391 249.7
1 23 19 135.07 0.0763 247.8
1 23 15 398.00 0.1120 285.4
1 23 14 85.09 0.1101 416.3
1 23 15 71.60 0.1257 121.6
1 23 21 63.89 0.0773 93.6
1 23 25 144.69 0.0806 679.4
1 23 19 347.19 0.0535 371.9
1 23 35 54.41 0.0684 683.1
1 23 15 433.04 0.0510 487.0
1 23 27 116.24 0.0792 284.2
1 23 15 76.10 0.0631 847.6
1 23 29 65.61 0.1114 669.5
1 23 17 186.28 0.0394 84.1
1 23 26 45.83 0.1231 239.4
1 23 33 46.35 0.1062 736.0
1 23 17 62.68 0.1022 572.8
1 23 21 53.98 0.0952 639.1
1 23 18 48.44 0.0959 641.4
1 23 19 55.34 0.0629 139.7
1 23 25 109.18 0.0834 102.5
1 23 16 71.92 0.0895 486.8
1 23 28 155.93 0.0432 580.8
1 23 18 108.47 0.0433 140.1
1 23 21 74.26 0.1000 98.0
1 23 17 285.59 0.0880 356.3
1 23 13 54.75 0.1383 151.9
1 23 26 94.16 0.1000 608.7
1 23 35 51.35 0.1495 121.0
1 23 16 97.68 0.1234 334.0
1 23 14 618.43 0.0836 262.9
1 23 16 466.18 0.0467 66.2
1 23 16 189.64 0.1049 66.4
1 23 13 104.76 0.0992 483.1
1 23 18 82.22 0.0344 893.7
1 23 17 112.10 0.0507 631.0
1 23 16 103.85 0.0392 31.9
1 23 30 101.67 0.0710 411.5
1 23 21 197.99 0.0815 822.5
1 23 26 81.50 0.0812 935.5
1 23 19 275.76 0.0583 551.6
1 23 32 92.74 0.0715 54.9
1 23 17 91.75 0.0704 128.3
1 23 20 54.71 0.0942 543.5
1 23 28 65.56 0.0658 94.7
1 23 24 47.22 0.1056 48.9
1 23 36 68.16 0.0877 579.8
1 23 31 56.70 0.1031 669.4
1 23 26 64.15 0.0850 526.2
1 23 26 109.80 0.0855 176.3
1 23 18 104.84 0.0455 323.3
1 23 40 71.75 0.0945 53.6
1 23 28 109.19 0.0483 727.6
1 23 15 100.60 0.0615 646.4
1 23 19 109.31 0.0644 829.9
1 23 28 262.96 0.0681 189.9
1 23 16 93.33 0.0550 838.8
1 24 37 148.22 0.0880 129.8
1 24 31 63.42 0.1390 369.0
1 24 20 367.88 0.1022 878.4
1 24 26 122.45 0.0599 699.6
1 24 27 97.19 0.0957 139.2
1 24 13 57.23 0.0624 752.6
1 24 37 108.43 0.1081 36.3
1 24 15 71.94 0.1309 803.4
1 24 30 252.98 0.0591 595.8
1 24 36 122.63 0.0801 235.0
1 24 41 207.07 0.0732 505.5
1 24 29 173.01 0.0914 850.9
1 24 14 82.32 0.1556 851.3
1 24 19 63.35 0.1064 846.5
1 24 19 108.64 0.1059 716.2
1 24 24 72.57 0.0774 223.0
1 24 33 63.56 0.1092 806.4
1 24 32 50.30 0.0618 490.6
1 24 16 198.15 0.0584 416.5
1 24 30 94.70 0.1062 839.5
1 24 42 84.70 0.0948 126.8
1 24 14 85.01 0.0770 743.8
1 24 29 425.08 0.0682 136.1
1 24 23 85.33 0.1012 305.6
1 24 24 122.57 0.0557 670.9
1 24 22 258.92 0.0942 461.9
1 24 38 72.02 0.0862 432.9
1 24 18 273.94 0.0626 813.9
1 24 28 217.70 0.0526 167.1
1 24 28 153.24 0.0457 741.0
1 24 28 66.39 0.1245 594.0
1 24 26 71.33 0.0689 731.5
1 24 17 81.47 0.0528 8.7
1 24 18 241.73 0.0868 962.6
1 24 27 227.72 0.0701 533.0
1 24 29 47.49 0.1077 442.0
1 24 23 172.07 0.0479 316.2
1 24 31 203.86 0.0615 871.9
1 24 28 45.90 0.0754 486.8
1 24 35 133.19 0.0673 141.4
1 24 16 153.84 0.0502 856.9
1 24 23 100.64 0.0483 566.0
1 24 31 67.66 0.1015 901.6
1 24 15 61.45 0.0792 762.6
1 24 14 263.45 0.0598 695.6
1 24 19 359.17 0.0696 155.1
1 24 30 116.81 0.0542 482.2
1 24 21 296.77 0.0713 613.2
1 24 25 46.41 0.1033 110.7
1 24 26 113.89 0.0679 544.3
1 24 31 195.24 0.0664 72.7
1 24 34 87.71 0.0956 757.0
1 24 16 212.48 0.0617 843.7
1 24 19 251.38 0.0471 556.6
1 24 35 64.26 0.0860 473.2
1 24 40 161.86 0.0739 859.0
1 24 36 186.64 0.0627 534.1
1 24 27 53.70 0.0655 140.3
1 24 24 56.40 0.1011 493.5
1 24 32 55.42 0.1163 260.2
1 24 32 66.19 0.0896 943.8
1 24 15 45.91 0.1386 723.6
1 24 40 294.41 0.0699 499.7
1 24 32 80.37 0.0631 586.9
1 24 30 167.91 0.0628 886.0
1 24 32 243.17 0.0639 453.3
1 24 36 81.76 0.0824 413.6
1 24 23 173.89 0.0431 902.4
1 24 32 95.23 0.0914 504.1
1 24 32 92.99 0.0604 504.9
1 24 17 67.48 0.0974 661.2
1 24 27 64.38 0.1172 503.1
1 24 29 63.99 0.0943 940.5
1 24 31 153.25 0.0655 755.6
1 24 40 126.17 0.0733 892.3
1 24 38 177.27 0.0782 622.0
1 24 17 227.26 0.0945 770.5
1 24 29 57.03 0.0862 599.3
1 24 35 127.89 0.0706 935.4
1 24 26 83.59 0.0624 444.3
1 24 15 59.40 0.1033 720.3
1 24 22 94.91 0.1103 289.4
1 24 27 84.58 0.1222 14.7
1 24 23 78.40 0.1148 16.1
1 24 33 210.18 0.0641 530.6
1 24 25 179.67 0.0487 712.9
1 24 43 263.83 0.0638 203.8
1 24 37 187.36 0.0857 912.4
1 24 31 160.01 0.0716 185.4
1 24 32 78.09 0.0981 291.2
1 24 37 189.23 0.0531 211.4
1 24 14 72.84 0.1214 411.6
1 24 32 50.49 0.1445 70.2
1 24 25 88.88 0.1185 795.8
1 24 33 129.48 0.0565 355.4
1 24 43 168.87 0.0716 591.4
1 24 31 97.32 0.0954 284.1
1 24 30 137.06 0.0833 132.8
1 24 30 133.80 0.0834 787.5
1 24 16 63.59 0.0840 340.0
1 24 14 63.44 0.0418 654.5
1 24 23 180.61 0.0632 792.7
1 24 17 107.60 0.1357 38.0
1 24 34 116.21 0.0729 909.0
1 24 18 79.59 0.0778 671.8
1 24 22 100.55 0.0723 348.3
1 24 32 194.95 0.0457 553.5
1 24 15 78.27 0.0610 776.6
1 24 28 68.61 0.1016 718.9
1 24 35 59.07 0.0989 852.9
1 24 36 124.23 0.0587 221.9
1 24 21 91.06 0.1431 374.5
1 24 19 50.17 0.1491 137.5
1 24 18 159.88 0.0813 34.1
1 24 29 146.97 0.0732 323.4
1 24 25 93.07 0.0672 649.7
1 24 33 202.90 0.0535 37.7
1 24 16 52.10 0.0709 44.7
1 24 32 122.76 0.0867 90.1
1 24 25 171.98 0.0681 507.2
1 24 24 112.22 0.0874 677.8
1 24 35 71.28 0.0957 589.1
1 24 39 309.70 0.0647 455.8
1 24 30 147.77 0.0689 180.2
1 24 20 204.42 0.0763 720.8
1 24 35 93.28 0.1008 739.3
1 24 16 83.84 0.0591 741.5
1 24 38 111.15 0.0859 186.4
1 24 31 52.71 0.0993 741.0
1 24 40 231.27 0.0502 928.8
1 24 38 336.04 0.0651 36.4
1 24 26 61.04 0.1144 237.4
1 24 23 75.24 0.0881 832.7
1 24 27 55.63 0.1312 883.7
1 24 17 112.91 0.0756 457.2
1 24 17 62.00 0.1109 191.0
1 24 37 108.80 0.0974 162.3
1 24 36 124.10 0.0569 279.1
1 24 34 78.78 0.1005 740.9
1 24 21 177.12 0.0723 679.8
1 24 38 60.19 0.0898 510.9
1 24 24 119.60 0.0579 476.0
1 24 30 92.38 0.1062 50.1
1 24 40 113.54 0.0796 887.9
1 24 25 125.75 0.0959 396.8
1 24 40 56.17 0.0831 138.9
1 24 17 52.82 0.1289 917.8
1 24 17 53.57 0.1137 698.5
1 24 17 92.22 0.0434 565.9
1 24 34 101.97 0.0438 852.0
1 24 37 100.09 0.0681 329.8
1 24 33 61.18 0.1028 641.3
1 24 35 46.29 0.1132 482.0
1 24 16 251.58 0.0618 46.5
1 24 27 91.53 0.0597 719.2
1 24 20 72.98 0.1001 799.2
1 24 29 97.20 0.0763 547.0
1 24 32 92.65 0.0820 514.7
1 24 44 105.70 0.0877 821.2
1 24 42 157.86 0.0603 740.8
1 24 42 140.61 0.0701 802.9
1 24 32 95.42 0.0806 890.9
1 24 33 507.66 0.0940 731.7
1 24 19 101.08 0.0461 488.6
1 24 40 107.90 0.0878 120.5
1 24 27 70.33 0.0706 299.1
1 24 30 122.86 0.0654 168.1
1 24 31 249.25 0.0552 793.7
1 24 15 453.14 0.0381 22.8
1 24 24 131.77 0.1162 290.0
1 24 17 87.27 0.0486 23.8
1 24 37 216.30 0.0761 803.0
1 24 37 125.35 0.0853 815.2
1 24 41 177.26 0.0524 519.0
1 24 33 101.24 0.0743 573.7
1 24 31 154.58 0.0687 143.4
1 24 31 135.14 0.0599 333.2
1 24 31 134.55 0.1155 624.1
1 24 40 110.47 0.0866 605.0
1 24 35 103.09 0.0563 916.3
1 24 26 201.54 0.0692 679.5
1 24 17 85.58 0.0557 420.5
1 24 22 102.77 0.0779 951.0
1 24 20 293.95 0.0390 280.6
1 24 38 135.71 0.0833 161.6
1 24 28 219.61 0.0680 805.8
1 24 44 222.82 0.0806 854.6
1 24 21 105.86 0.0940 93.7
1 24 43 176.06 0.0629 182.5
1 24 27 359.82 0.0547 710.7
1 24 36 69.94 0.1148 567.6
1 24 37 131.16 0.0595 136.7
1 24 26 45.92 0.1086 742.6
1 24 29 263.24 0.0431 788.9
1 24 19 54.94 0.0820 449.0
1 24 37 47.57 0.1196 836.1
1 24 38 159.69 0.0760 194.5
1 24 35 74.47 0.0915 353.4
1 24 41 130.80 0.0795 241.0
1 24 36 145.96 0.0622 676.6
1 24 39 71.14 0.1136 139.6
1 24 41 177.73 0.0641 931.4
1 24 31 84.90 0.0628 713.5
1 24 41 253.56 0.0539 913.4
1 24 36 62.70 0.1054 691.0
1 24 36 116.41 0.0806 780.8
1 24 16 64.16 0.0613 659.8
1 24 37 150.21 0.0798 308.0
1 24 35 108.86 0.0735 933.9
1 24 21 47.64 0.0802 116.4
1 24 17 86.04 0.1118 251.2
1 24 37 146.25 0.0683 761.6
1 24 33 146.04 0.0818 894.0
1 24 28 84.98 0.0885 574.4
1 24 32 66.88 0.1126 137.7
1 24 13 224.88 0.0573 787.6
1 24 25 477.74 0.0640 93.8
1 24 38 62.40 0.1167 297.8
1 24 26 86.43 0.1157 816.0
1 24 21 101.01 0.0536 399.3
1 24 26 174.47 0.0576 37.2
1 24 35 181.39 0.0764 842.7
1 24 35 109.71 0.1050 595.4
1 24 33 183.19 0.0707 586.4
1 24 29 85.66 0.1151 238.0
1 24 25 92.51 0.0662 784.2
1 24 17 67.96 0.1104 833.0
1 24 35 61.96 0.0946 573.5
1 24 20 63.44 0.0659 48.1
1 24 29 115.73 0.0786 721.2
1 24 40 237.19 0.0633 825.6
1 24 37 289.10 0.0627 623.6
1 24 39 59.18 0.1326 882.3
1 24 33 53.09 0.1181 791.1
1 24 25 120.31 0.0726 685.7
1 24 37 142.77 0.0638 135.1
1 24 33 150.68 0.0821 237.0
1 24 18 153.78 0.0556 922.0
1 24 35 110.18 0.0770 477.1
1 24 33 155.38 0.0796 114.3
1 24 27 223.75 0.0446 610.8
1 24 13 53.97 0.1181 680.9
1 24 31 155.01 0.0588 539.2
1 24 22 221.96 0.0556 56.1
1 24 22 84.62 0.0868 62.9
1 24 13 87.09 0.1559 608.3
1 24 15 53.98 0.1132 674.5
1 24 15 89.94 0.0888 592.0
1 24 16 55.14 0.0622 212.5
1 24 38 234.88 0.0583 370.7
1 24 37 67.12 0.1088 576.5
1 24 34 49.66 0.1255 770.2
1 24 38 204.37 0.0544 836.0
1 24 27 215.89 0.0574 702.5
1 24 36 97.91 0.0727 598.3
1 24 21 53.37 0.0639 602.3
1 24 36 69.56 0.0837 777.3
1 24 21 93.30 0.0619 88.9
1 24 21 77.62 0.0917 282.6
1 24 31 80.11 0.0829 855.0
1 24 34 79.77 0.1155 88.1
1 24 16 63.17 0.0986 651.4
1 24 31 157.64 0.0614 588.2
1 24 31 170.71 0.0663 82.6
1 24 32 155.58 0.0722 725.4
1 24 38 102.73 0.0701 740.5
1 24 28 54.84 0.0469 80.1
1 24 44 55.86 0.0788 790.1
1 24 18 74.03 0.1027 797.9
1 24 16 183.27 0.0765 142.1
1 24 26 112.40 0.0840 507.8
1 24 34 105.36 0.0766 153.3
1 24 31 139.86 0.0753 539.5
1 24 36 148.66 0.0740 900.6
1 24 30 146.73 0.0688 490.5
1 24 15 258.58 0.0216 151.8
1 24 33 73.28 0.0826 683.4
1 24 40 69.19 0.0972 135.5
1 24 28 144.08 0.0606 690.0
1 24 20 262.06 0.0608 68.8
1 24 33 115.08 0.0644 932.7
1 24 26 74.16 0.1224 472.4
1 24 31 50.57 0.1284 886.1
1 24 31 56.04 0.1277 883.9
1 24 15 84.71 0.0713 156.3
1 24 22 81.77 0.0455 85.3
1 24 29 102.00 0.0466 53.8
1 24 13 112.06 0.0567 428.1
1 24 21 128.74 0.0763 156.6
1 24 41 141.15 0.0830 470.2
1 24 35 567.39 0.0557 25.8
1 24 17 127.84 0.0553 814.8
1 24 21 90.15 0.0416 77.3
1 24 40 180.51 0.0665 383.4
1 24 30 110.08 0.0711 820.9
1 24 30 65.45 0.0819 697.2
1 24 31 136.65 0.0462 302.8
1 24 16 48.33 0.0869 791.1
1 24 17 54.86 0.0381 921.3
1 24 28 64.64 0.1263 512.1
1 24 26 131.64 0.1038 701.0
1 24 16 171.72 0.0413 854.5
1 24 29 122.06 0.0497 700.2
1 24 31 226.89 0.0557 110.3
1 24 29 67.57 0.0991 117.5
1 24 14 120.82 0.0949 720.5
1 24 24 73.83 0.0584 755.8
1 24 32 55.73 0.1244 663.3
1 24 17 80.83 0.0644 20.4
1 24 17 95.54 0.0693 663.5
1 24 17 88.02 0.0641 512.3
1 24 29 103.67 0.0719 783.6
1 24 18 86.56 0.0402 566.8
1 24 36 66.51 0.0930 848.8
1 24 38 70.54 0.0825 254.8
1 24 17 93.39 0.0935 399.2
1 24 42 66.66 0.0996 882.3
1 24 25 47.59 0.0983 748.0
1 24 29 53.33 0.1017 895.5
1 24 27 61.53 0.0856 572.5
1 24 25 103.97 0.1134 448.0
1 24 17 556.16 0.0376 656.6
1 24 15 83.91 0.0650 772.4
1 24 18 138.08 0.0319 62.9
1 24 15 243.19 0.0611 964.4
1 24 41 101.10 0.0572 868.8
1 24 41 88.36 0.0896 236.5
1 24 31 112.32 0.0579 694.0
1 24 38 102.75 0.1085 716.8
1 24 38 167.42 0.0813 679.1
1 24 34 109.66 0.0837 60.4
1 24 21 59.30 0.1048 52.3
1 24 23 79.47 0.0564 714.4
1 24 43 109.25 0.0646 688.7
1 24 34 253.49 0.0533 877.6
1 24 22 423.15 0.0335 30.3
1 24 29 360.69 0.0486 906.2
1 24 21 165.33 0.0685 697.7
1 24 36 120.40 0.0662 396.2
1 24 28 48.79 0.1006 489.4
1 24 33 1303.22 0.0650 778.1
1 24 32 65.52 0.1064 787.0
1 24 29 309.95 0.0748 951.3
1 24 13 93.17 0.0721 160.8
1 24 35 192.98 0.0787 799.3
1 24 13 232.99 0.0799 878.7
1 24 30 97.05 0.0716 446.0
1 24 25 93.23 0.0604 407.0
1 24 37 105.28 0.0863 152.4
1 24 15 107.88 0.1050 852.0
1 24 41 85.34 0.0893 725.3
1 24 29 312.24 0.0698 737.2
1 24 14 62.99 0.0664 203.9
1 24 32 127.24 0.1140 205.6
1 24 26 69.15 0.1088 137.8
1 24 32 426.67 0.0611 479.0
1 24 27 63.21 0.1117 175.3
1 24 15 60.01 0.0774 637.0
1 24 31 249.54 0.0656 797.7
1 24 24 67.56 0.1354 44.8
1 24 27 176.00 0.0805 901.4
1 24 18 49.22 0.1428 68.5
1 24 14 51.73 0.1045 32.8
1 24 15 47.38 0.1421 863.2
1 24 20 183.90 0.0783 635.7
1 24 16 55.31 0.1177 784.4
1 24 13 60.13 0.0545 201.9
1 24 16 110.13 0.1436 615.3
1 24 30 94.00 0.1070 831.0
1 24 29 282.59 0.0639 705.0
1 24 37 53.79 0.1101 722.9
1 24 36 184.25 0.0907 745.6
1 24 14 247.32 0.0541 953.8
1 24 35 343.67 0.0551 523.9
1 24 18 49.08 0.0551 706.9
1 24 18 105.58 0.0465 47.3
1 24 26 45.54 0.1387 464.9
1 24 29 77.42 0.0982 556.7
1 24 16 46.57 0.1180 870.1
1 24 27 91.51 0.0707 222.6
1 24 19 53.68 0.1705 255.4
1 24 15 84.92 0.0586 255.8
1 24 13 191.32 0.0569 252.4
1 24 13 113.37 0.0848 947.1
1 24 23 126.36 0.0593 834.9
1 24 13 56.52 0.0664 719.8
1 24 14 73.29 0.0893 24.0
1 24 17 95.71 0.0714 37.0
1 24 17 211.73 0.0520 549.1
1 24 16 47.73 0.1144 705.9
1 24 15 75.02 0.0861 51.0
1 24 16 106.11 0.0885 429.0
1 24 15 47.23 0.0896 195.7
1 24 14 55.49 0.1414 236.5
1 24 16 178.94 0.0586 901.0
1 24 21 101.38 0.0896 429.8
1 24 18 47.80 0.0871 670.2
1 24 16 47.50 0.0351 599.0
1 24 19 67.13 0.0537 61.2
1 24 17 754.33 0.1291 736.8
1 24 17 116.94 0.0430 474.1
1 24 14 239.71 0.0326 821.1
1 24 27 148.97 0.0739 23.6
1 24 14 56.30 0.0660 594.5
1 24 17 215.02 0.0574 490.7
1 25 27 70.02 0.0889 380.2
1 25 24 67.83 0.1322 504.4
1 25 21 92.67 0.0817 499.6
1 25 31 93.13 0.1028 427.5
1 25 33 124.41 0.0936 259.6
1 25 22 121.25 0.0886 284.9
1 25 28 153.74 0.0788 692.0
1 25 24 66.39 0.0864 909.3
1 25 38 117.20 0.0730 412.7
1 25 29 145.36 0.0709 554.0
1 25 19 163.28 0.1270 957.7
1 25 29 50.36 0.1057 864.1
1 25 38 103.41 0.1020 29.5
1 25 36 71.68 0.0831 878.6
1 25 30 51.45 0.1245 666.0
1 25 20 58.75 0.1553 841.1
1 25 14 73.64 0.0754 421.6
1 25 35 277.88 0.0615 367.1
1 25 17 135.77 0.0672 960.0
1 25 30 160.11 0.0617 681.4
1 25 20 106.43 0.0892 320.6
1 25 32 122.34 0.0849 915.7
1 25 25 111.07 0.0566 863.0
1 25 24 81.65 0.1190 729.4
1 25 39 75.39 0.0805 327.4
1 25 41 49.55 0.1240 522.7
1 25 16 218.96 0.0546 251.4
1 25 33 68.44 0.1108 777.4
1 25 18 45.56 0.1235 518.5
1 25 33 46.39 0.1241 401.5
1 25 37 351.35 0.0798 448.9
1 25 28 119.72 0.0804 507.5
1 25 35 84.05 0.0834 234.0
1 25 38 170.93 0.0662 65.6
1 25 41 91.44 0.0804 365.0
1 25 29 117.10 0.0585 302.9
1 25 22 56.12 0.1237 311.7
1 25 18 59.85 0.1120 733.2
1 25 30 119.38 0.0787 53.4
1 25 34 125.51 0.0841 344.0
1 25 24 207.35 0.0581 366.9
1 25 34 61.27 0.0723 360.0
1 25 26 77.29 0.0730 381.3
1 25 17 237.20 0.0638 448.5
1 25 20 225.69 0.0443 486.8
1 25 35 182.44 0.0793 380.2
1 25 29 145.10 0.0642 18.0
1 25 34 114.80 0.0553 294.5
1 25 32 77.79 0.0654 193.3
1 25 26 113.81 0.0705 26.9
1 25 17 176.85 0.0870 658.3
1 25 15 126.07 0.0520 911.9
1 25 29 88.14 0.0739 581.0
1 25 28 90.08 0.0765 910.4
1 25 33 69.04 0.1018 442.0
1 25 41 172.10 0.0709 450.5
1 25 43 115.70 0.0547 637.6
1 25 15 484.13 0.1215 423.7
1 25 22 77.25 0.0838 374.4
1 25 38 129.01 0.1286 343.5
1 25 19 84.84 0.0673 858.2
1 25 18 95.00 0.1175 350.0
1 25 29 128.50 0.0667 927.9
1 25 35 55.80 0.1249 438.8
1 25 16 277.79 0.1033 351.1
1 25 30 117.61 0.0716 75.8
1 25 32 85.04 0.1030 44.3
1 25 33 61.43 0.0777 385.9
1 25 20 144.96 0.0549 347.5
1 25 26 60.35 0.0755 573.2
1 25 33 82.24 0.1147 863.5
1 25 34 470.05 0.0669 450.0
1 25 25 51.45 0.0969 703.0
1 25 29 62.31 0.0926 436.1
1 25 32 64.98 0.1103 366.5
1 25 34 108.73 0.0874 506.5
1 25 40 113.28 0.0948 466.5
1 25 41 48.55 0.1218 949.4
1 25 29 122.81 0.0749 273.0
1 25 40 92.01 0.1112 76.5
1 25 29 101.10 0.0717 547.0
1 25 33 112.13 0.0883 361.2
1 25 40 91.12 0.1125 367.5
1 25 30 130.31 0.0852 362.7
1 25 28 99.02 0.0810 376.9
1 25 16 339.15 0.1236 470.8
1 25 26 127.73 0.0797 898.0
1 25 33 68.33 0.1202 632.3
1 25 18 59.01 0.1076 338.8
1 25 29 104.70 0.0869 32.2
1 25 35 82.25 0.1089 825.6
1 25 15 46.09 0.0598 331.1
1 25 23 132.24 0.0575 611.4
1 25 29 110.80 0.1026 678.5
1 25 43 356.43 0.0622 344.3
1 25 42 104.61 0.0801 619.2
1 25 31 72.36 0.1201 357.1
1 25 17 85.08 0.0970 824.4
1 25 22 62.00 0.0596 703.8
1 25 28 90.43 0.0826 693.6
1 25 14 150.45 0.0823 59.3
1 25 22 61.90 0.0409 705.7
1 25 24 190.89 0.1047 752.8
1 25 13 83.33 0.1091 365.0
1 25 32 58.87 0.1181 500.0
1 25 32 62.75 0.1122 655.7
1 25 25 131.39 0.0573 338.4
1 25 37 167.33 0.0608 500.2
1 25 28 108.87 0.1160 36.7
1 25 37 50.77 0.0985 738.1
1 25 31 93.20 0.1129 843.6
1 25 16 45.41 0.0427 335.1
1 25 30 92.67 0.0832 818.9
1 25 13 153.98 0.0272 498.8
1 25 16 329.53 0.0659 746.8
1 25 15 45.26 0.0840 356.4
1 25 39 91.51 0.0810 633.5
1 25 19 412.47 0.0440 915.6
1 25 39 190.88 0.0663 412.1
1 25 31 109.33 0.0872 451.0
1 25 31 97.21 0.1047 533.6
1 25 16 49.35 0.0990 578.1
1 25 39 160.72 0.0685 838.5
1 25 27 84.31 0.0802 876.1
1 25 19 51.60 0.1338 621.6
1 25 27 64.78 0.1363 61.8
1 25 15 108.99 0.0597 309.0
1 25 15 46.99 0.1480 891.4
1 25 22 49.68 0.1253 692.0
1 25 34 71.43 0.1038 295.9
1 25 41 145.23 0.0777 61.4
1 25 23 61.42 0.1098 869.9
1 25 25 97.16 0.0570 699.3
1 25 20 290.34 0.0709 888.0
1 25 24 80.55 0.0471 692.7
1 25 21 111.80 0.0639 272.4
1 25 21 51.77 0.1255 400.9
1 25 41 154.09 0.0633 324.4
1 25 37 158.02 0.0801 280.0
1 25 14 58.62 0.0755 47.5
1 25 14 96.27 0.0523 497.0
1 25 30 64.77 0.0993 593.4
1 25 35 50.39 0.1431 397.4
1 25 33 138.99 0.0673 484.0
1 25 38 92.43 0.0970 351.7
1 25 37 100.85 0.0515 286.1
1 25 42 141.58 0.0581 933.5
1 25 38 124.95 0.0692 652.2
1 25 26 71.17 0.0908 322.7
1 25 16 91.11 0.1138 755.6
1 25 18 143.32 0.0615 900.9
1 25 34 68.20 0.0889 298.0
1 25 35 63.33 0.0837 796.1
1 25 24 84.77 0.0960 259.5
1 25 42 67.34 0.1050 772.1
1 25 35 95.21 0.0900 345.9
1 25 43 69.95 0.1122 394.7
1 25 18 101.54 0.0745 803.7
1 25 31 68.58 0.0973 348.3
1 25 25 54.94 0.1086 964.5
1 25 41 151.47 0.0735 414.7
1 25 40 106.28 0.0923 489.2
1 25 15 66.29 0.1075 839.4
1 25 41 72.66 0.0711 318.6
1 25 27 132.33 0.0676 581.1
1 25 24 80.35 0.0714 350.4
1 25 21 150.01 0.0642 302.0
1 25 14 90.56 0.1130 493.5
1 25 24 82.46 0.0719 905.3
1 25 24 134.85 0.0817 317.3
1 25 15 81.47 0.0589 855.4
1 25 23 141.20 0.0454 602.9
1 25 14 106.37 0.1161 351.9
1 25 21 70.65 0.1436 470.3
1 25 45 126.08 0.0553 513.3
1 25 14 128.03 0.0652 2.0
1 25 15 45.34 0.1032 516.7
1 25 30 109.54 0.0742 315.7
1 25 37 141.47 0.0621 715.5
1 25 27 58.91 0.1163 433.5
1 25 43 77.54 0.0937 394.7
1 25 30 72.31 0.1127 544.8
1 25 25 69.68 0.0860 932.1
1 25 16 46.55 0.1179 460.6
1 25 18 70.84 0.0494 940.9
1 25 17 154.84 0.0465 329.7
1 25 28 53.00 0.1098 331.0
1 25 31 160.65 0.0482 923.8
1 25 41 259.50 0.0613 41.6
1 25 20 82.16 0.0930 317.6
1 25 27 71.64 0.0748 269.9
1 25 24 87.12 0.0906 666.9
1 25 23 70.28 0.1109 44.9
1 25 19 427.26 0.0413 820.6
1 25 38 150.66 0.0799 630.6
1 25 28 83.72 0.0843 718.4
1 25 40 178.34 0.0665 295.9
1 25 26 63.73 0.1106 340.7
1 25 20 71.73 0.0458 29.1
1 25 31 142.93 0.0640 479.4
1 25 14 302.50 0.0718 240.7
1 25 18 59.70 0.0582 881.7
1 25 22 101.24 0.0915 80.0
1 25 38 167.76 0.0735 30.9
1 25 41 124.65 0.0580 881.0
1 25 40 64.14 0.0923 560.3
1 25 16 91.07 0.0788 11.1
1 25 16 75.77 0.0967 808.2
1 25 28 109.54 0.0696 590.5
1 25 37 265.49 0.0681 385.0
1 25 31 65.31 0.0809 184.7
1 25 42 105.47 0.0802 391.3
1 25 29 184.34 0.0757 259.7
1 25 33 55.03 0.1159 306.4
1 25 14 88.34 0.0526 595.2
1 25 31 98.26 0.0879 490.0
1 25 20 74.34 0.1106 887.7
1 25 24 80.64 0.0998 379.8
1 25 41 61.90 0.1048 827.6
1 25 29 81.77 0.0962 534.9
1 25 26 202.66 0.0526 11.3
1 25 30 100.36 0.0855 361.4
1 25 23 202.46 0.0492 294.1
1 25 27 335.96 0.0698 281.8
1 25 40 69.70 0.0844 431.2
1 25 20 1043.14 0.0736 486.9
1 25 28 175.05 0.0912 662.4
1 25 25 54.64 0.1029 905.9
1 25 24 49.01 0.1237 855.2
1 25 13 179.26 0.1020 559.8
1 25 17 98.60 0.1048 637.9
1 25 14 188.87 0.0529 536.0
1 25 15 94.20 0.0919 943.1
1 25 17 557.51 0.0947 288.4
1 25 32 181.30 0.0688 66.5
1 25 36 62.41 0.0923 419.0
1 25 35 202.12 0.0745 405.5
1 25 30 53.88 0.0622 923.2
1 25 33 243.25 0.0626 707.3
1 25 24 520.97 0.0526 311.9
1 25 37 156.24 0.0772 24.5
1 25 31 118.65 0.0918 392.3
1 25 24 66.33 0.0771 449.7
1 25 13 65.82 0.0719 956.9
1 25 16 151.19 0.0684 48.7
1 25 18 220.86 0.0557 512.8
1 25 17 93.82 0.0607 450.7
1 25 22 137.38 0.0541 523.9
1 25 40 219.27 0.0742 472.5
1 25 31 108.66 0.1056 904.6
1 25 41 118.79 0.0764 756.9
1 25 29 169.55 0.0561 261.3
1 25 24 58.60 0.1246 393.5
1 25 26 183.05 0.0502 279.5
1 25 35 105.19 0.0651 667.2
1 25 22 127.50 0.1053 345.8
1 25 43 110.06 0.0689 407.4
1 25 27 206.04 0.0567 461.9
1 25 34 234.28 0.0599 43.5
1 25 24 153.56 0.0566 482.1
1 25 37 197.79 0.0589 331.0
1 25 41 147.95 0.0646 320.7
1 25 28 45.24 0.1146 774.0
1 25 22 183.12 0.0442 248.7
1 25 23 49.98 0.1254 320.1
1 25 34 59.15 0.0699 422.6
1 25 24 77.83 0.0531 310.4
1 25 28 173.03 0.0481 311.1
1 25 33 133.94 0.0725 355.0
1 25 37 263.96 0.0565 491.3
1 25 30 66.20 0.0777 529.6
1 25 30 623.79 0.0825 592.0
1 25 20 60.44 0.0593 836.0
1 25 21 244.87 0.0352 17.9
1 25 31 126.44 0.0587 333.3
1 25 30 133.07 0.0596 637.3
1 25 24 259.24 0.0721 593.7
1 25 27 85.71 0.0855 404.8
1 25 37 152.28 0.0898 609.4
1 25 16 55.02 0.0835 925.3
1 25 31 58.27 0.1214 902.3
1 25 18 306.01 0.1239 306.3
1 25 20 150.44 0.0641 443.7
1 25 15 61.79 0.0617 493.9
1 25 16 422.39 0.0908 530.8
1 25 16 50.93 0.0467 395.9
1 25 17 200.64 0.0311 882.7
1 25 32 371.09 0.0513 923.3
1 25 34 110.05 0.1009 500.7
1 25 45 87.73 0.1076 662.2
1 25 24 65.90 0.1406 229.0
1 25 16 369.02 0.0552 952.3
1 25 32 62.92 0.1070 20.4
1 25 29 77.50 0.0901 589.2
1 25 33 119.02 0.1150 513.4
1 25 16 73.70 0.0919 948.8
1 25 29 80.93 0.0885 378.1
1 25 37 112.38 0.1088 423.7
1 25 29 82.50 0.0942 531.0
1 25 33 112.73 0.0835 862.9
1 25 32 69.72 0.1340 350.9
1 25 35 68.13 0.1163 257.5
1 25 23 68.34 0.1360 832.0
1 25 20 255.64 0.0545 25.1
1 25 21 70.78 0.1115 17.3
1 25 17 68.05 0.1298 531.7
1 25 21 79.64 0.1250 835.0
1 25 13 67.80 0.0692 533.5
1 25 27 46.76 0.1365 442.5
1 25 32 125.94 0.0901 784.8
1 25 29 69.10 0.1210 912.8
1 25 19 226.13 0.0520 906.2
1 25 29 107.75 0.0829 466.9
1 25 30 111.07 0.0765 350.7
1 25 19 99.58 0.0776 909.2
1 25 21 116.71 0.0953 526.6
1 25 19 63.02 0.1143 838.4
1 25 26 216.31 0.0932 326.0
1 25 20 198.56 0.0446 288.1
1 25 17 124.45 0.0598 743.4
1 25 17 45.65 0.0740 280.0
1 25 22 75.74 0.1455 404.8
1 25 27 110.39 0.0674 455.3
1 25 18 78.02 0.0572 824.5
1 25 25 80.41 0.1135 386.3
1 25 32 103.93 0.0927 377.4
1 25 17 126.94 0.0672 828.7
1 25 16 76.10 0.1143 705.5
1 25 21 161.36 0.0531 399.6
1 25 16 295.18 0.0721 81.0
1 25 17 52.13 0.0406 341.0
1 25 13 49.29 0.0946 815.3
1 25 13 63.55 0.1640 78.0
1 25 14 52.45 0.0838 468.1
1 25 13 93.97 0.0572 318.8
1 25 21 51.08 0.0816 904.9
1 25 15 134.17 0.0677 92.2
1 25 16 116.75 0.0722 19.4
1 25 24 59.05 0.0424 237.9
1 25 16 131.30 0.0437 585.9
1 25 18 546.41 0.0592 86.9
1 25 18 71.97 0.0816 335.6
1 25 17 134.42 0.0401 285.7
1 25 29 71.73 0.1023 445.3
1 25 39 149.02 0.0478 474.8
1 25 30 104.92 0.0749 294.0
1 25 30 54.73 0.1104 663.2
1 25 22 49.12 0.1213 419.6
1 26 23 321.91 0.0718 278.8
1 26 25 87.33 0.0646 125.2
1 26 32 56.22 0.1080 805.7
1 26 21 90.16 0.0969 953.3
1 26 29 136.79 0.0560 699.0
1 26 40 175.28 0.1101 895.9
1 26 20 137.67 0.0536 140.9
1 26 43 111.31 0.0637 686.4
1 26 30 190.97 0.0721 481.1
1 26 14 53.86 0.1280 805.2
1 26 13 69.37 0.0692 146.5
1 26 25 62.26 0.1263 260.5
1 26 29 68.72 0.1250 559.2
1 26 16 106.29 0.1134 750.7
1 26 18 114.73 0.0716 842.1
1 26 15 60.45 0.0717 658.2
1 26 23 53.13 0.1060 344.5
1 26 22 148.87 0.0490 950.6
1 26 20 72.47 0.0859 781.8
1 26 31 119.78 0.1375 869.6
1 26 32 135.84 0.0619 297.2
1 26 21 124.64 0.0981 69.3
1 26 32 152.30 0.0691 923.9
1 26 19 72.57 0.0812 823.2
1 26 25 385.66 0.0500 683.4
1 26 29 140.56 0.0916 921.6
1 26 30 105.31 0.1034 679.5
1 26 21 76.54 0.0904 864.0
1 26 17 118.74 0.0629 148.4
1 26 23 75.46 0.0641 122.3
1 26 30 94.09 0.1025 780.2
1 26 24 115.22 0.0543 354.6
1 26 34 123.18 0.0602 128.5
1 26 27 51.45 0.0724 401.4
1 26 33 249.46 0.0471 719.0
1 26 29 219.20 0.0630 839.9
1 26 31 74.39 0.1204 847.0
1 26 32 173.43 0.0519 314.7
1 26 25 47.05 0.1282 44.3
1 26 23 155.36 0.0758 253.4
1 26 25 281.97 0.0684 226.5
1 26 28 63.28 0.1069 349.5
1 26 14 58.43 0.1149 113.0
1 26 17 186.05 0.0439 433.0
1 26 26 146.22 0.0714 874.2
1 26 31 154.94 0.0770 775.3
1 26 38 93.99 0.0582 702.4
1 26 41 89.81 0.0756 492.7
1 26 40 47.13 0.1155 707.0
1 26 22 169.91 0.0603 254.8
1 26 31 82.52 0.0771 117.0
1 26 19 82.04 0.0782 267.8
1 26 19 63.43 0.1152 640.3
1 26 38 50.86 0.1225 194.6
1 26 28 216.73 0.0506 940.1
1 26 16 323.93 0.0524 942.4
1 26 14 275.84 0.0796 35.1
1 26 33 87.02 0.0761 494.4
1 26 31 187.32 0.1079 606.8
1 26 26 107.93 0.1308 588.2
1 26 35 155.47 0.0880 20.2
1 26 28 183.79 0.0878 280.4
1 26 29 50.49 0.1150 605.6
1 26 28 65.58 0.0667 409.2
1 26 16 72.20 0.1296 652.2
1 26 26 55.92 0.1051 829.4
1 26 21 108.13 0.0492 98.5
1 26 33 75.89 0.0817 920.8
1 26 31 93.03 0.0790 384.6
1 26 23 97.07 0.0756 795.7
1 26 28 87.78 0.0954 99.4
1 26 36 282.32 0.0808 893.5
1 26 31 215.53 0.0999 853.2
1 26 36 207.37 0.0654 841.6
1 26 30 52.78 0.1013 187.8
1 26 25 74.62 0.0544 770.1
1 26 32 49.15 0.1289 924.5
1 26 36 65.15 0.1056 904.6
1 26 34 50.77 0.0737 920.0
1 26 39 93.99 0.0748 902.0
1 26 35 179.69 0.0629 879.0
1 26 24 45.77 0.1017 680.6
1 26 13 69.74 0.1100 925.2
1 26 41 102.39 0.0735 364.3
1 26 39 60.93 0.1284 835.5
1 26 37 118.54 0.0808 787.7
1 26 40 78.02 0.0945 923.0
1 26 17 379.54 0.1274 575.5
1 26 37 93.42 0.0923 506.6
1 26 39 107.03 0.0649 667.9
1 26 20 46.59 0.1472 828.8
1 26 14 45.53 0.0644 480.5
1 26 31 50.92 0.1185 779.4
1 26 37 155.17 0.0815 716.3
1 26 24 122.35 0.1033 154.0
1 26 28 116.76 0.0556 594.6
1 26 20 103.69 0.0867 478.4
1 26 30 122.72 0.0944 919.2
1 26 28 83.26 0.1110 700.7
1 26 37 113.07 0.0610 792.9
1 26 22 72.05 0.0984 830.0
1 26 23 78.31 0.0535 821.7
1 26 38 153.13 0.0658 144.8
1 26 26 171.84 0.0518 184.1
1 26 21 80.16 0.0604 662.6
1 26 23 63.30 0.1217 627.7
1 26 22 95.84 0.1083 235.6
1 26 18 423.69 0.0948 801.0
1 26 16 252.76 0.0663 697.0
1 26 16 88.01 0.0547 166.4
1 26 38 126.02 0.0740 196.2
1 26 17 59.38 0.0440 825.7
1 26 18 112.48 0.0377 674.7
1 26 33 82.35 0.0890 67.7
1 26 18 84.50 0.0397 709.4
1 26 41 200.95 0.0749 65.5
1 26 20 63.95 0.0552 562.8
1 26 28 66.53 0.0738 551.9
1 26 29 61.03 0.1109 258.5
1 26 38 133.03 0.1023 552.3
1 26 30 45.37 0.1337 270.4
1 26 18 85.93 0.0460 435.8
1 26 24 229.53 0.0584 99.2
1 26 34 82.10 0.0996 834.3
1 26 25 45.97 0.1346 793.3
1 26 16 69.99 0.1246 957.5
1 26 27 144.56 0.0584 208.7
1 26 13 96.20 0.1250 241.6
1 26 24 58.79 0.0662 699.1
1 26 27 57.67 0.0994 760.1
1 26 29 180.12 0.0713 342.1
1 26 35 139.45 0.0749 287.6
1 26 17 75.81 0.0498 742.7
1 26 29 69.17 0.1161 653.6
1 26 31 192.89 0.0802 135.3
1 26 34 289.02 0.0704 888.7
1 26 16 71.29 0.0669 516.0
1 26 27 128.68 0.0475 282.8
1 26 31 61.67 0.1111 388.9
1 26 31 93.31 0.0981 809.0
1 26 28 133.61 0.0753 18.4
1 26 15 55.00 0.1231 830.3
1 26 24 49.96 0.0733 914.8
1 26 16 46.71 0.1100 801.9
1 26 27 49.07 0.1645 714.2
1 26 13 471.55 0.1631 195.1
1 26 39 126.68 0.0931 274.6
1 26 30 131.59 0.0619 906.3
1 26 40 159.19 0.0791 816.4
1 26 35 143.70 0.0856 844.2
1 26 40 57.29 0.0669 656.6
1 26 26 653.60 0.0451 489.4
1 26 23 84.87 0.0889 424.6
1 26 38 70.57 0.1030 390.7
1 26 18 145.81 0.0304 250.3
1 26 20 136.97 0.0716 133.3
1 26 40 147.92 0.0587 196.6
1 26 32 62.57 0.0999 755.6
1 26 38 150.62 0.0771 566.4
1 26 43 233.96 0.0626 916.0
1 26 20 89.18 0.0546 751.9
1 26 38 55.66 0.0967 504.9
1 26 15 57.40 0.1329 65.0
1 26 13 48.97 0.1277 411.3
1 26 46 87.24 0.0666 603.6
1 26 35 114.76 0.0606 669.0
1 26 28 126.23 0.0589 543.4
1 26 31 68.18 0.0656 293.2
1 26 23 55.61 0.1255 109.3
1 26 36 307.26 0.0692 896.7
1 26 15 243.52 0.1007 807.3
1 26 21 180.32 0.0486 101.9
1 26 36 59.28 0.1206 558.4
1 26 31 45.85 0.1230 146.1
1 26 25 62.62 0.0828 296.4
1 26 36 186.50 0.0533 343.3
1 26 14 61.44 0.1161 224.1
1 26 22 47.68 0.1078 852.0
1 26 21 149.17 0.0710 916.6
1 26 27 56.41 0.1071 467.2
1 26 21 55.60 0.0811 353.2
1 26 31 61.76 0.0963 18.7
1 26 19 70.30 0.0804 102.1
1 26 14 79.58 0.0735 366.6
1 26 23 160.69 0.0908 344.9
1 26 39 118.30 0.0835 403.2
1 26 20 637.38 0.0595 885.3
1 26 31 112.02 0.0572 126.2
1 26 33 577.17 0.0776 898.7
1 26 29 142.36 0.0639 878.1
1 26 27 54.55 0.1347 929.8
1 26 25 47.86 0.1118 737.3
1 26 40 48.35 0.1237 272.6
1 26 26 137.38 0.0503 686.0
1 26 40 125.41 0.0867 179.2
1 26 28 52.78 0.1107 853.4
1 26 42 145.23 0.0751 514.6
1 26 41 69.93 0.0873 942.9
1 26 13 46.98 0.1441 50.3
1 26 32 124.46 0.0841 943.6
1 26 37 109.45 0.0765 601.1
1 26 33 106.53 0.0791 562.9
1 26 26 109.69 0.0816 172.6
1 26 36 203.74 0.0673 578.4
1 26 34 73.72 0.0768 263.0
1 26 22 63.37 0.1022 51.0
1 26 36 60.39 0.1041 638.7
1 26 38 127.63 0.0661 868.0
1 26 20 152.43 0.0705 936.7
1 26 22 52.80 0.1217 662.6
1 26 40 302.21 0.0592 782.6
1 26 34 45.83 0.1169 736.7
1 26 24 56.35 0.1354 248.5
1 26 33 95.01 0.0848 753.3
1 26 34 159.13 0.0609 717.3
1 26 34 257.72 0.0639 796.1
1 26 22 112.28 0.0935 954.0
1 26 28 46.63 0.1190 173.7
1 26 34 128.37 0.0644 535.7
1 26 31 82.28 0.0813 561.3
1 26 15 53.67 0.1216 93.4
1 26 19 47.03 0.0988 636.1
1 26 42 89.01 0.0902 227.4
1 26 17 58.74 0.0536 764.8
1 26 40 93.63 0.0923 932.6
1 26 38 86.41 0.0827 307.4
1 26 33 231.32 0.0701 921.4
1 26 29 51.89 0.1227 343.2
1 26 28 108.86 0.0696 503.6
1 26 19 88.95 0.0501 93.5
1 26 16 74.74 0.0663 733.9
1 26 15 61.27 0.1308 820.3
1 26 20 50.14 0.1351 909.4
1 26 29 189.56 0.0634 467.6
1 26 37 77.76 0.0815 496.6
1 26 40 64.12 0.1106 540.7
1 26 33 73.34 0.1092 614.0
1 26 34 76.71 0.0850 246.3
1 26 20 118.45 0.0669 40.5
1 26 29 141.90 0.0686 247.0
1 26 13 522.09 0.0388 827.7
1 26 32 74.06 0.0802 269.0
1 26 31 132.13 0.0715 802.2
1 26 42 60.97 0.1120 584.2
1 26 31 69.86 0.1172 941.3
1 26 38 45.07 0.1420 832.3
1 26 42 54.76 0.1155 55.0
1 26 16 105.02 0.0492 20.4
1 26 43 60.07 0.1007 671.9
1 26 36 129.00 0.0562 730.3
1 26 33 62.09 0.0792 645.5
1 26 15 55.10 0.0979 912.5
1 26 31 79.45 0.0931 756.2
1 26 32 180.87 0.0593 76.8
1 26 39 68.02 0.0960 197.9
1 26 29 93.85 0.0778 262.8
1 26 37 120.16 0.0676 186.4
1 26 28 98.68 0.0650 630.1
1 26 36 53.67 0.1161 129.8
1 26 23 68.90 0.0837 171.1
1 26 24 208.55 0.0761 730.0
1 26 18 127.87 0.0274 844.7
1 26 39 101.39 0.0806 601.1
1 26 34 48.20 0.1142 390.7
1 26 36 65.85 0.1090 289.8
1 26 35 107.80 0.0768 212.7
1 26 28 102.68 0.1032 242.4
1 26 15 185.57 0.0981 478.0
1 26 43 140.47 0.0604 323.9
1 26 21 200.57 0.0389 738.1
1 26 17 268.32 0.1178 240.6
1 26 19 60.75 0.0957 201.7
1 26 27 172.13 0.0551 102.0
1 26 38 254.29 0.0524 568.1
1 26 29 194.90 0.0660 945.5
1 26 36 184.64 0.0770 196.4
1 26 39 104.78 0.0898 883.2
1 26 38 163.51 0.0550 338.1
1 26 34 142.79 0.0721 92.0
1 26 28 53.56 0.0578 488.3
1 26 14 460.70 0.1181 355.0
1 26 29 80.21 0.0644 18.5
1 26 28 182.29 0.0594 68.9
1 26 34 91.31 0.0565 140.9
1 26 36 51.64 0.1048 605.5
1 26 14 55.74 0.1192 355.0
1 26 16 50.93 0.1124 215.2
1 26 14 53.95 0.1357 165.5
1 26 13 218.85 0.1317 331.5
1 26 21 312.59 0.0470 339.3
1 26 29 174.72 0.0498 240.0
1 26 15 53.88 0.1728 325.1
1 26 19 205.64 0.0937 337.8
1 26 35 170.85 0.0692 451.4
1 26 41 79.14 0.0700 26.4
1 26 39 83.04 0.0886 669.9
1 26 34 73.61 0.0722 753.5
1 26 42 66.03 0.0806 595.5
1 26 26 64.17 0.1076 745.4
1 26 34 200.93 0.0593 754.5
1 26 28 91.19 0.0718 283.1
1 26 28 52.80 0.1163 201.1
1 26 29 192.51 0.0495 732.3
1 26 30 92.59 0.0779 553.4
1 26 22 58.92 0.1130 743.6
1 26 39 240.26 0.0752 799.8
1 26 36 63.42 0.1482 738.0
1 26 34 769.45 0.0470 520.2
1 26 33 151.72 0.1051 73.2
1 26 33 286.55 0.0610 627.0
1 26 33 112.88 0.0965 592.9
1 26 17 80.61 0.0377 751.7
1 26 21 51.04 0.1059 854.6
1 26 28 104.08 0.0795 204.5
1 26 22 45.79 0.0851 843.4
1 26 17 261.85 0.0836 507.0
1 26 18 49.76 0.1222 804.1
1 26 19 61.96 0.0678 385.5
1 26 15 46.65 0.0733 804.8
1 26 24 99.08 0.1082 520.7
1 26 18 126.13 0.0608 171.9
1 26 27 93.79 0.0530 231.1
1 26 13 127.14 0.0825 641.4
1 26 16 159.87 0.0291 286.0
1 26 14 64.02 0.0716 871.4
1 26 14 56.77 0.1412 337.4
1 26 16 174.85 0.0621 9.4
1 26 21 61.81 0.0714 733.8
1 26 23 112.30 0.0883 865.7
1 26 15 61.88 0.0916 516.4
1 26 15 48.17 0.1073 525.6
1 26 18 120.36 0.0799 870.6
1 26 13 56.01 0.0891 6.9
1 26 21 85.09 0.0604 260.7
1 26 17 66.41 0.0480 944.9
1 26 15 65.45 0.1141 642.2
1 26 14 46.89 0.0996 223.3
1 26 13 451.79 0.1604 861.9
1 26 13 448.80 0.0844 221.6
1 26 15 51.69 0.1399 171.9
1 26 17 72.59 0.0849 878.4
1 26 23 45.81 0.0972 257.4
1 26 13 54.22 0.1584 863.4
1 26 15 150.39 0.0501 104.1
1 26 16 84.85 0.0653 482.9
1 26 19 53.87 0.1532 850.4
1 26 16 46.47 0.1012 91.0
1 26 17 52.67 0.0644 867.6
1 26 14 526.43 0.1225 232.2
1 26 14 80.88 0.1016 662.6
1 26 22 109.77 0.1055 936.9
1 26 21 53.99 0.1062 945.5
1 26 13 160.08 0.0921 835.8
1 26 22 99.16 0.0656 849.6
1 26 18 109.71 0.0661 870.6
1 26 27 154.41 0.0620 298.1
1 26 22 98.67 0.0747 797.4
1 26 20 72.08 0.0531 646.0
1 26 13 84.33 0.1365 341.2
1 26 18 444.72 0.0598 892.8
1 26 22 84.21 0.0810 955.1
1 27 29 324.56 0.0871 463.1
1 27 35 135.16 0.0880 464.0
1 27 39 187.53 0.0606 607.4
1 27 23 55.48 0.1274 13.7
1 27 35 207.17 0.0811 724.3
1 27 21 171.12 0.0858 160.8
1 27 17 89.39 0.0764 528.7
1 27 26 176.71 0.0719 303.0
1 27 33 127.95 0.0708 887.7
1 27 33 69.42 0.1124 553.4
1 27 43 100.43 0.0736 651.1
1 27 24 211.64 0.0657 640.6
1 27 17 72.27 0.0591 581.5
1 27 31 101.64 0.0580 524.1
1 27 27 149.38 0.0576 268.8
1 27 17 176.67 0.0462 476.7
1 27 15 143.42 0.0816 284.0
1 27 25 309.08 0.0550 880.0
1 27 17 74.02 0.1123 170.9
1 27 28 219.81 0.0497 780.5
1 27 43 79.75 0.0596 498.4
1 27 29 60.69 0.1341 766.7
1 27 31 47.60 0.1372 430.5
1 27 37 144.68 0.0828 231.3
1 27 24 84.40 0.0888 480.7
1 27 33 161.74 0.0885 604.8
1 27 25 111.72 0.0859 480.8
1 27 16 112.26 0.1120 957.2
1 27 36 237.26 0.0520 478.7
1 27 25 103.27 0.0757 585.0
1 27 26 79.32 0.1387 287.5
1 27 24 72.13 0.0921 904.1
1 27 26 75.13 0.1022 660.7
1 27 28 83.40 0.0731 672.8
1 27 22 108.42 0.0503 260.9
1 27 17 230.32 0.0497 718.5
1 27 15 101.29 0.0654 396.0
1 27 41 143.89 0.0470 473.9
1 27 37 54.98 0.1097 451.7
1 27 18 455.66 0.0473 856.4
1 27 37 117.32 0.0807 651.5
1 27 22 118.94 0.0978 466.7
1 27 27 170.65 0.0616 903.6
1 27 26 135.86 0.0590 432.0
1 27 27 81.93 0.0788 375.7
1 27 31 106.74 0.0593 567.6
1 27 35 92.78 0.0701 302.3
1 27 26 50.84 0.1043 821.0
1 27 32 61.28 0.0749 411.7
1 27 37 219.20 0.0924 683.3
1 27 33 45.79 0.1080 497.3
1 27 13 468.27 0.1504 605.6
1 27 14 52.26 0.0840 348.5
1 27 22 77.52 0.0912 325.9
1 27 25 49.80 0.1166 639.8
1 27 25 55.36 0.1014 634.6
1 27 18 46.30 0.1317 425.4
1 27 13 99.64 0.0285 336.8
1 27 13 60.93 0.1193 569.6
1 27 27 137.19 0.0842 557.5
1 27 38 141.91 0.0852 45.6
1 27 41 51.66 0.0825 851.4
1 27 29 65.77 0.0997 528.0
1 27 30 76.60 0.0970 548.0
1 27 32 62.49 0.0887 190.3
1 27 40 178.11 0.0605 698.9
1 27 18 266.85 0.0614 485.9
1 27 41 146.43 0.0665 810.8
1 27 32 145.00 0.0641 547.6
1 27 19 178.83 0.1201 653.1
1 27 22 79.01 0.0661 729.8
1 27 36 250.84 0.0969 687.4
1 27 27 72.58 0.0708 330.5
1 27 32 62.51 0.1067 555.5
1 27 34 216.15 0.0623 646.7
1 27 20 99.48 0.0986 403.6
1 27 27 168.15 0.0933 575.2
1 27 25 75.92 0.0655 684.5
1 27 16 275.64 0.1425 442.6
1 27 18 553.52 0.0565 341.0
1 27 30 184.14 0.0597 209.6
1 27 18 91.81 0.1033 387.3
1 27 26 150.63 0.0631 408.8
1 27 32 83.06 0.1087 302.4
1 27 25 75.97 0.0582 541.3
1 27 34 86.19 0.0734 251.7
1 27 16 70.85 0.0496 911.5
1 27 35 222.80 0.0521 745.0
1 27 17 270.65 0.0542 845.9
1 27 36 107.82 0.0637 510.3
1 27 29 103.04 0.0920 879.5
1 27 29 76.52 0.0954 455.5
1 27 42 132.65 0.0771 409.1
1 27 18 68.73 0.1083 631.2
1 27 45 115.84 0.0666 798.9
1 27 39 399.02 0.0911 267.5
1 27 37 108.04 0.0723 441.1
1 27 27 165.27 0.0722 587.9
1 27 38 48.27 0.1169 164.0
1 27 38 52.08 0.1178 752.2
1 27 19 63.96 0.1607 406.5
1 27 39 278.61 0.0815 626.9
1 27 20 137.64 0.1059 742.5
1 27 16 125.02 0.0964 453.4
1 27 42 72.82 0.0895 778.0
1 27 28 49.70 0.1484 532.5
1 27 33 97.86 0.0759 494.9
1 27 39 59.07 0.0975 218.6
1 27 32 51.94 0.1451 315.9
1 27 43 183.59 0.0692 655.6
1 27 32 233.81 0.0466 540.4
1 27 13 100.37 0.1521 273.7
1 27 31 144.26 0.0775 584.6
1 27 38 93.12 0.0834 546.7
1 27 31 79.73 0.1023 882.0
1 27 32 77.84 0.0927 749.4
1 27 36 93.16 0.0740 853.4
1 27 41 59.32 0.1009 563.8
1 27 29 68.16 0.1154 239.1
1 27 21 56.24 0.1156 501.4
1 27 40 50.19 0.1088 36.9
1 27 27 92.95 0.1301 527.2
1 27 17 260.08 0.0551 441.1
1 27 43 125.64 0.0627 512.9
1 27 34 116.00 0.0647 444.2
1 27 23 69.82 0.0521 810.7
1 27 36 171.36 0.0716 474.0
1 27 36 153.95 0.0727 775.6
1 27 29 84.32 0.0720 248.9
1 27 38 99.18 0.0931 767.5
1 27 27 102.00 0.0832 505.0
1 27 14 428.18 0.0850 411.0
1 27 33 147.92 0.0919 790.6
1 27 41 45.27 0.1039 686.4
1 27 18 221.73 0.1579 796.0
1 27 21 47.65 0.0420 498.2
1 27 38 107.37 0.1134 477.4
1 27 24 102.50 0.0638 695.6
1 27 23 152.86 0.0504 308.4
1 27 33 80.82 0.1398 609.3
1 27 20 51.16 0.0825 940.2
1 27 30 196.61 0.0544 879.6
1 27 25 162.45 0.0674 870.2
1 27 36 85.84 0.1028 837.5
1 27 39 85.91 0.0765 628.4
1 27 38 117.37 0.0718 430.0
1 27 18 101.83 0.0686 490.0
1 27 13 71.35 0.1783 575.2
1 27 43 137.17 0.0750 759.5
1 27 14 336.13 0.1094 606.1
1 27 18 98.17 0.0567 860.8
1 27 42 224.33 0.0813 686.8
1 27 41 191.58 0.0802 516.4
1 27 21 51.58 0.1245 860.6
1 27 45 69.67 0.0821 330.3
1 27 35 62.65 0.0968 756.4
1 27 13 103.41 0.0691 604.5
1 27 31 123.00 0.1226 505.4
1 27 21 84.23 0.0743 271.4
1 27 34 102.84 0.0757 623.8
1 27 34 45.05 0.1289 770.0
1 27 26 171.77 0.0858 337.3
1 27 23 66.32 0.0670 168.1
1 27 29 121.24 0.1077 639.0
1 27 14 95.97 0.0791 511.5
1 27 28 127.32 0.0656 491.0
1 27 17 87.76 0.0680 369.0
1 27 27 89.40 0.0804 789.4
1 27 15 78.23 0.0577 513.6
1 27 37 61.53 0.1156 588.6
1 27 30 57.75 0.1222 446.3
1 27 37 147.98 0.0883 590.7
1 27 32 142.38 0.0580 292.6
1 27 40 132.91 0.0922 113.7
1 27 36 191.63 0.0859 708.1
1 27 39 63.57 0.0797 697.1
1 27 37 97.20 0.0669 324.4
1 27 28 89.01 0.0942 646.4
1 27 34 89.66 0.0809 468.6
1 27 16 272.06 0.0571 462.1
1 27 25 133.56 0.0463 414.0
1 27 31 244.95 0.0624 557.7
1 27 26 57.23 0.0863 415.3
1 27 39 77.05 0.0677 559.1
1 27 39 876.29 0.0684 599.9
1 27 35 88.92 0.1091 305.4
1 27 31 95.58 0.1023 554.4
1 27 39 180.61 0.0759 291.2
1 27 19 214.43 0.0672 262.4
1 27 36 55.67 0.1173 76.6
1 27 42 64.81 0.0701 520.1
1 27 21 138.33 0.0418 315.3
1 27 28 77.77 0.1056 317.0
1 27 26 98.64 0.0678 473.7
1 27 31 150.92 0.0583 610.0
1 27 23 183.46 0.0608 855.9
1 27 40 45.05 0.1167 624.7
1 27 25 82.38 0.0614 936.5
1 27 28 136.34 0.0555 410.1
1 27 42 94.27 0.0824 679.8
1 27 38 106.85 0.0855 679.8
1 27 28 98.15 0.0625 486.9
1 27 13 152.41 0.0634 551.3
1 27 39 99.22 0.0871 35.5
1 27 43 91.49 0.0763 595.7
1 27 28 65.10 0.1185 632.6
1 27 26 290.35 0.0730 872.3
1 27 17 172.91 0.0324 553.4
1 27 21 63.62 0.0907 24.4
1 27 16 58.75 0.0546 537.6
1 27 39 124.95 0.0514 349.9
1 27 23 114.29 0.0666 415.3
1 27 30 163.17 0.0636 686.5
1 27 29 92.00 0.0820 491.6
1 27 26 146.50 0.0667 463.4
1 27 37 123.28 0.0804 624.2
1 27 34 80.90 0.0807 922.4
1 27 29 134.18 0.0877 473.6
1 27 43 147.68 0.0770 408.3
1 27 32 141.00 0.0816 317.8
1 27 21 65.42 0.1048 700.2
1 27 31 65.37 0.0475 549.5
1 27 34 109.63 0.0614 407.5
1 27 24 81.63 0.0822 612.3
1 27 32 77.96 0.0702 709.5
1 27 14 59.01 0.1264 537.2
1 27 17 67.03 0.1102 651.2
1 27 15 77.55 0.1291 667.2
1 27 18 87.11 0.0389 740.9
1 27 29 88.34 0.0829 924.4
1 27 21 66.88 0.0651 359.9
1 27 23 51.99 0.0543 106.1
1 27 19 370.11 0.0873 426.7
1 27 26 55.01 0.0969 763.5
1 27 23 114.18 0.1191 515.7
1 27 35 186.92 0.0704 520.6
1 27 36 101.27 0.0823 592.7
1 27 29 87.40 0.0753 619.2
1 27 35 61.62 0.0848 366.5
1 27 21 148.85 0.0474 591.1
1 27 27 94.01 0.0940 681.6
1 27 22 212.85 0.0452 883.9
1 27 34 144.43 0.0620 539.8
1 27 36 143.60 0.0734 535.5
1 27 32 220.90 0.0845 593.8
1 27 29 137.76 0.0686 865.2
1 27 43 484.15 0.0487 662.6
1 27 31 132.96 0.0638 479.1
1 27 21 74.60 0.0747 504.8
1 27 16 60.47 0.0570 495.4
1 27 25 183.30 0.0412 601.8
1 27 21 67.12 0.0814 834.7
1 27 14 192.78 0.0836 719.1
1 27 31 110.94 0.1267 554.7
1 27 27 69.50 0.1306 509.3
1 27 28 115.58 0.0500 605.8
1 27 35 80.26 0.1007 427.7
1 27 37 65.25 0.0861 591.6
1 27 33 53.05 0.0816 780.8
1 27 26 57.27 0.0571 374.8
1 27 27 215.75 0.1291 586.5
1 27 36 91.05 0.0790 551.0
1 27 34 166.94 0.0626 291.7
1 27 38 177.24 0.0629 725.6
1 27 15 161.07 0.1217 613.3
1 27 16 229.57 0.1646 565.0
1 27 33 125.97 0.0899 487.9
1 27 26 135.90 0.0472 469.0
1 27 34 76.53 0.0786 919.1
1 27 21 78.33 0.0654 829.4
1 27 27 58.21 0.0978 87.1
1 27 35 88.61 0.0737 589.3
1 27 22 63.42 0.0783 784.5
1 27 17 398.29 0.0917 584.3
1 27 23 623.33 0.1198 533.8
1 27 31 100.19 0.0965 491.8
1 27 37 89.60 0.1026 603.5
1 27 36 284.37 0.0657 572.2
1 27 23 55.73 0.0907 740.8
1 27 27 148.45 0.0994 830.5
1 27 32 56.20 0.0842 566.5
1 27 38 150.88 0.0905 316.0
1 27 34 47.32 0.0899 482.9
1 27 34 55.73 0.1090 679.6
1 27 26 328.18 0.0490 598.6
1 27 27 81.99 0.0763 904.3
1 27 33 71.58 0.0848 674.6
1 27 40 62.17 0.0883 633.1
1 27 25 96.89 0.0702 228.4
1 27 37 114.01 0.0516 328.7
1 27 16 105.88 0.1241 699.9
1 27 18 89.00 0.1039 344.6
1 27 39 100.68 0.0810 585.3
1 27 22 75.44 0.1125 731.4
1 27 42 90.86 0.0804 456.2
1 27 34 140.40 0.0895 456.8
1 27 31 77.23 0.1205 656.3
1 27 30 65.99 0.1317 937.6
1 27 36 117.74 0.0883 581.3
1 27 30 79.73 0.1029 897.7
1 27 19 129.69 0.0571 378.5
1 27 37 181.02 0.0744 669.1
1 27 31 195.93 0.0647 577.6
1 27 31 76.74 0.0959 340.0
1 27 13 63.10 0.1236 678.1
1 27 23 45.55 0.0891 396.4
1 27 23 138.09 0.0555 414.3
1 27 14 110.46 0.0546 355.0
1 27 15 60.81 0.1250 164.0
1 27 13 90.41 0.0701 278.2
1 27 14 160.80 0.0779 432.0
1 27 23 84.29 0.0684 203.7
1 27 20 50.65 0.0896 536.2
1 27 16 508.06 0.0801 467.4
1 27 38 120.88 0.0736 749.0
1 27 27 208.35 0.0691 947.5
1 27 16 218.47 0.1130 498.9
1 27 13 416.11 0.1762 706.9
1 27 34 59.52 0.0846 684.9
1 27 40 84.65 0.0838 546.4
1 27 39 200.15 0.0583 325.4
1 27 16 79.79 0.0452 846.8
1 27 18 280.86 0.0399 908.3
1 27 25 151.94 0.0870 546.2
1 27 34 136.87 0.0682 671.0
1 27 17 83.34 0.1095 464.3
1 27 38 336.69 0.0515 379.7
1 27 14 106.36 0.1195 603.4
1 27 15 56.06 0.1353 952.4
1 27 38 181.32 0.0887 812.7
1 27 31 231.92 0.0736 414.7
1 27 17 46.52 0.0903 528.4
1 27 33 160.43 0.0644 37.8
1 27 25 160.01 0.1014 511.0
1 27 26 134.82 0.0484 266.7
1 27 22 102.34 0.1114 549.9
1 27 15 109.13 0.0784 684.0
1 27 18 49.34 0.1116 493.7
1 27 17 118.89 0.0803 745.3
1 27 15 123.85 0.0471 314.8
1 27 18 52.87 0.1206 827.0
1 27 29 180.45 0.0673 140.5
1 27 16 189.50 0.0891 889.4
1 27 33 336.26 0.0462 777.6
1 27 24 252.30 0.0506 206.5
1 27 26 80.61 0.0717 466.4
1 27 16 91.53 0.0795 490.1
1 27 21 57.20 0.0878 345.0
1 27 19 903.13 0.0474 737.1
1 27 18 86.54 0.0921 678.6
1 27 41 113.64 0.0627 209.5
1 27 27 308.36 0.0433 878.9
1 27 25 104.63 0.0776 9.7
1 27 22 98.44 0.0887 955.5
1 27 17 72.38 0.0317 452.6
1 28 33 74.89 0.1007 625.0
1 28 39 144.44 0.0764 584.7
1 28 37 188.16 0.0720 174.5
1 28 28 258.70 0.0718 644.4
1 28 32 102.21 0.1162 368.7
1 28 30 46.24 0.1464 347.8
1 28 33 93.70 0.1328 842.2
1 28 31 71.17 0.1204 719.6
1 28 25 213.29 0.0473 639.8
1 28 24 74.29 0.1265 425.5
1 28 29 107.94 0.0892 51.1
1 28 30 237.25 0.0733 659.9
1 28 31 92.24 0.1004 611.1
1 28 19 79.27 0.1332 921.3
1 28 25 81.91 0.0721 104.4
1 28 41 66.19 0.1130 332.4
1 28 24 59.05 0.1152 323.7
1 28 34 61.28 0.1125 309.4
1 28 28 53.16 0.1173 419.8
1 28 17 45.04 0.1075 95.4
1 28 36 191.55 0.0744 727.0
1 28 39 149.59 0.0817 168.8
1 28 41 183.26 0.0766 290.3
1 28 42 160.10 0.0734 639.6
1 28 37 85.80 0.0956 239.5
1 28 30 48.59 0.1014 663.0
1 28 21 82.70 0.0847 954.2
1 28 32 137.57 0.0345 610.4
1 28 29 90.31 0.0889 663.7
1 28 27 102.71 0.0801 263.7
1 28 38 58.62 0.1110 231.4
1 28 17 109.60 0.0851 35.3
1 28 33 94.29 0.0811 873.4
1 28 32 189.25 0.0572 543.1
1 28 28 88.95 0.0707 325.4
1 28 18 78.91 0.0976 608.0
1 28 32 229.59 0.0513 902.1
1 28 33 230.84 0.0689 500.8
1 28 28 96.88 0.0800 292.4
1 28 27 94.28 0.0741 231.8
1 28 24 106.31 0.1162 215.7
1 28 18 161.51 0.0736 80.0
1 28 40 386.88 0.0760 308.7
1 28 33 118.14 0.0714 330.4
1 28 36 115.06 0.0661 634.5
1 28 33 134.54 0.0660 461.3
1 28 24 167.89 0.0775 251.9
1 28 31 56.03 0.0825 685.5
1 28 25 52.02 0.0931 613.6
1 28 13 229.48 0.1254 260.8
1 28 31 47.10 0.1314 409.2
1 28 32 67.53 0.1089 389.4
1 28 30 64.11 0.0877 306.5
1 28 23 214.44 0.0558 284.1
1 28 25 49.85 0.0861 860.3
1 28 43 106.94 0.0838 92.3
1 28 33 74.09 0.1124 260.4
1 28 15 51.59 0.0758 312.0
1 28 28 129.27 0.0572 468.1
1 28 35 178.91 0.0621 174.3
1 28 28 97.56 0.0838 427.5
1 28 20 49.14 0.1236 572.7
1 28 19 167.73 0.0918 286.1
1 28 24 201.32 0.0756 112.2
1 28 26 64.78 0.1142 222.8
1 28 19 45.12 0.1187 27.3
1 28 18 160.50 0.0663 945.1
1 28 42 140.74 0.0747 269.0
1 28 21 97.03 0.0717 919.3
1 28 22 62.76 0.0954 932.3
1 28 31 97.69 0.0753 936.9
1 28 34 114.47 0.0640 262.9
1 28 31 188.19 0.0551 136.1
1 28 40 76.46 0.0783 679.2
1 28 17 192.16 0.0634 792.1
1 28 31 81.06 0.1210 166.7
1 28 18 52.39 0.1455 270.1
1 28 19 139.44 0.0829 27.0
1 28 42 68.88 0.1098 629.6
1 28 35 52.33 0.0657 130.8
1 28 24 111.58 0.0593 357.4
1 28 24 145.95 0.0575 128.9
1 28 25 119.21 0.0765 921.5
1 28 26 52.18 0.1319 472.3
1 28 17 57.68 0.0641 322.7
1 28 41 171.45 0.0654 386.0
1 28 28 208.42 0.0588 133.4
1 28 18 147.33 0.0471 229.5
1 28 14 174.01 0.1129 345.7
1 28 25 51.57 0.0781 148.1
1 28 21 170.88 0.0819 399.8
1 28 33 62.88 0.1285 141.3
1 28 32 102.39 0.0985 325.1
1 28 18 45.42 0.1245 358.7
1 28 23 216.39 0.0737 300.7
1 28 23 130.58 0.0579 15.5
1 28 35 108.14 0.0778 23.7
1 28 24 59.42 0.1153 324.2
1 28 21 163.61 0.0563 509.3
1 28 26 213.60 0.0788 534.1
1 28 27 97.15 0.0909 701.3
1 28 25 57.26 0.0937 830.0
1 28 36 125.17 0.0756 666.7
1 28 31 88.07 0.1156 250.6
1 28 31 83.25 0.1167 450.8
1 28 20 79.41 0.0776 321.0
1 28 16 45.99 0.1528 379.0
1 28 15 46.49 0.1089 112.9
1 28 39 177.93 0.0602 899.6
1 28 30 186.84 0.0966 217.2
1 28 34 143.78 0.0909 595.6
1 28 24 51.60 0.1309 576.4
1 28 33 135.72 0.0707 197.5
1 28 38 189.33 0.0647 292.5
1 28 26 490.11 0.0925 215.4
1 28 38 102.84 0.0852 465.2
1 28 37 174.43 0.0917 957.0
1 28 34 195.36 0.0644 347.9
1 28 32 150.66 0.0757 136.2
1 28 39 75.83 0.1005 697.0
1 28 29 288.52 0.0707 944.6
1 28 32 62.26 0.1182 650.2
1 28 30 61.53 0.1087 228.6
1 28 14 80.32 0.0721 267.0
1 28 38 154.03 0.0642 304.0
1 28 33 122.71 0.0826 201.0
1 28 23 94.97 0.0894 120.9
1 28 39 71.44 0.1079 661.0
1 28 19 289.28 0.0574 120.2
1 28 23 67.31 0.0938 45.1
1 28 21 112.05 0.0864 937.1
1 28 38 124.21 0.1083 247.7
1 28 36 161.66 0.0878 360.9
1 28 42 95.57 0.0810 723.9
1 28 37 95.11 0.0857 179.6
1 28 29 141.40 0.0724 706.0
1 28 17 211.18 0.0437 542.6
1 28 34 156.79 0.0702 560.5
1 28 17 99.19 0.0581 185.2
1 28 41 207.15 0.0663 697.5
1 28 32 264.02 0.0579 616.6
1 28 16 58.46 0.0368 914.5
1 28 39 206.83 0.0705 169.0
1 28 42 195.27 0.0555 288.7
1 28 35 100.91 0.0851 743.3
1 28 39 147.40 0.0692 707.9
1 28 26 147.28 0.0760 820.7
1 28 22 95.22 0.0926 26.7
1 28 41 142.47 0.0660 325.7
1 28 24 88.07 0.0594 312.4
1 28 18 242.88 0.0412 924.8
1 28 29 90.56 0.0762 204.5
1 28 35 64.78 0.0968 153.3
1 28 27 59.14 0.1038 340.1
1 28 28 90.41 0.1004 68.4
1 28 15 85.00 0.0675 939.9
1 28 31 54.24 0.1003 65.5
1 28 19 87.69 0.0660 806.8
1 28 37 197.52 0.0671 271.0
1 28 23 128.63 0.0604 295.1
1 28 25 217.31 0.0631 926.2
1 28 32 185.23 0.0543 127.3
1 28 37 60.77 0.1120 347.6
1 28 19 138.33 0.0599 32.6
1 28 28 45.83 0.1210 263.4
1 28 41 93.64 0.0601 137.3
1 28 42 70.23 0.0802 157.0
1 28 36 60.06 0.1137 281.6
1 28 38 132.14 0.0742 134.6
1 28 39 130.28 0.0649 733.6
1 28 16 59.98 0.0901 406.0
1 28 29 65.64 0.1039 752.3
1 28 17 168.98 0.0359 932.8
1 28 17 110.56 0.0610 929.5
1 28 35 119.56 0.0775 478.0
1 28 32 56.45 0.1166 26.5
1 28 30 49.37 0.1327 134.5
1 28 28 136.99 0.0782 419.7
1 28 25 108.49 0.0704 131.0
1 28 25 58.21 0.0723 334.6
1 28 34 71.36 0.1196 220.0
1 28 34 127.18 0.0739 174.2
1 28 19 303.75 0.0634 14.8
1 28 16 90.25 0.0686 550.1
1 28 24 61.67 0.0702 945.8
1 28 40 178.53 0.0929 152.4
1 28 13 50.34 0.1326 212.9
1 28 14 874.89 0.0826 209.4
1 28 28 228.48 0.0635 850.0
1 28 21 70.66 0.0813 662.2
1 28 28 210.63 0.0587 474.3
1 28 31 50.84 0.1228 605.6
1 28 39 373.38 0.0613 145.3
1 28 32 53.24 0.1239 372.4
1 28 24 210.48 0.0645 78.4
1 28 22 94.82 0.0627 234.5
1 28 37 102.30 0.0885 135.9
1 28 38 95.21 0.0847 232.6
1 28 25 95.68 0.0783 294.2
1 28 24 65.72 0.1448 598.6
1 28 25 197.73 0.0448 526.1
1 28 23 86.53 0.0998 89.0
1 28 36 125.35 0.0798 678.0
1 28 36 110.38 0.0761 272.0
1 28 35 191.32 0.0742 439.4
1 28 27 132.77 0.0822 215.8
1 28 38 157.42 0.0557 230.6
1 28 34 108.13 0.0768 256.0
1 28 24 160.47 0.0586 576.4
1 28 27 57.08 0.1393 318.5
1 28 34 210.03 0.0823 855.1
1 28 29 104.44 0.0813 141.0
1 28 33 126.07 0.0665 412.9
1 28 25 119.10 0.0597 334.9
1 28 33 83.17 0.0655 73.9
1 28 38 67.86 0.0839 111.5
1 28 32 169.17 0.0719 244.0
1 28 18 47.30 0.1113 74.0
1 28 25 199.01 0.0552 121.2
1 28 25 145.93 0.0625 593.1
1 28 34 73.59 0.0724 430.3
1 28 31 185.97 0.0341 860.1
1 28 31 127.43 0.0627 213.3
1 28 27 61.61 0.0759 393.1
1 28 32 181.01 0.0825 253.1
1 28 29 139.93 0.0661 351.0
1 28 40 65.62 0.0816 268.9
1 28 47 127.44 0.0667 228.7
1 28 43 68.89 0.1156 357.7
1 28 24 149.11 0.0684 752.2
1 28 21 273.07 0.0523 536.9
1 28 33 104.50 0.0659 298.0
1 28 21 174.46 0.0698 36.8
1 28 39 51.03 0.1382 54.5
1 28 13 83.05 0.1798 339.7
1 28 15 85.23 0.0592 196.9
1 28 23 185.69 0.0570 916.6
1 28 18 83.69 0.0827 548.8
1 28 16 45.45 0.0793 403.1
1 28 19 291.21 0.0526 603.5
1 28 35 108.28 0.0612 946.2
1 28 33 47.30 0.0860 684.6
1 28 19 108.36 0.0815 954.2
1 28 37 60.85 0.1170 487.9
1 28 19 554.37 0.0775 360.5
1 28 27 110.93 0.0867 935.1
1 28 42 58.22 0.0885 394.1
1 28 25 138.25 0.0729 110.8
1 28 36 316.05 0.0570 671.7
1 28 34 47.21 0.1290 104.7
1 28 23 143.71 0.0580 556.9
1 28 33 55.46 0.0981 181.5
1 28 21 930.64 0.0653 266.4
1 28 26 249.43 0.0599 796.0
1 28 36 94.03 0.0740 240.3
1 28 29 108.72 0.0728 381.4
1 28 29 63.63 0.0986 296.3
1 28 22 53.46 0.0853 944.4
1 28 40 432.05 0.0512 577.2
1 28 25 47.34 0.0955 709.0
1 28 41 247.33 0.0782 616.7
1 28 42 572.05 0.0726 360.6
1 28 25 145.17 0.0696 270.8
1 28 17 129.75 0.1367 216.5
1 28 42 239.87 0.0562 645.6
1 28 39 50.73 0.1286 100.0
1 28 41 103.05 0.0672 877.6
1 28 26 50.56 0.0834 272.2
1 28 33 61.01 0.0774 617.3
1 28 17 55.24 0.0896 276.8
1 28 30 140.50 0.0586 139.6
1 28 18 93.28 0.0375 587.0
1 28 17 53.62 0.0700 642.5
1 28 38 156.16 0.0653 301.8
1 28 24 111.64 0.0435 830.7
1 28 34 127.42 0.0776 400.4
1 28 35 224.06 0.0762 649.4
1 28 28 113.09 0.0519 249.4
1 28 34 108.13 0.0901 816.4
1 28 28 92.09 0.0792 875.9
1 28 35 53.88 0.1076 641.4
1 28 17 370.55 0.0664 126.7
1 28 38 53.66 0.1223 261.5
1 28 26 135.14 0.0743 59.0
1 28 23 64.86 0.0952 102.4
1 28 36 131.93 0.1054 417.3
1 28 27 115.42 0.1075 72.9
1 28 17 77.05 0.0406 634.8
1 28 38 140.61 0.0886 341.0
1 28 23 81.27 0.0784 617.0
1 28 43 90.03 0.0984 353.6
1 28 29 92.08 0.0620 840.6
1 28 35 77.27 0.1168 446.8
1 28 41 98.68 0.0804 82.9
1 28 14 66.75 0.1223 922.0
1 28 19 101.30 0.0480 818.0
1 28 19 110.46 0.0565 727.8
1 28 29 47.38 0.1049 362.5
1 28 35 129.84 0.1055 693.4
1 28 30 183.04 0.0788 579.8
1 28 15 55.65 0.1289 940.6
1 28 18 48.32 0.1045 87.5
1 28 16 64.91 0.0776 905.7
1 28 17 151.47 0.0787 603.3
1 28 32 87.05 0.0858 549.2
1 28 15 194.97 0.0478 205.6
1 28 18 106.45 0.1018 888.6
1 28 29 110.96 0.0870 377.4
1 28 29 130.67 0.0787 496.0
1 28 13 116.16 0.1221 913.2
1 28 21 61.99 0.1138 658.2
1 28 20 201.04 0.0502 945.0
1 28 14 78.42 0.0826 84.0
1 28 15 159.54 0.0835 945.1
1 28 38 156.15 0.0744 348.0
1 28 15 83.69 0.0759 370.0
1 28 34 110.04 0.0920 854.6
1 28 28 82.18 0.0710 53.1
1 28 18 127.05 0.0796 656.8
1 28 19 53.14 0.1665 13.0
1 28 31 104.51 0.0643 854.9
1 28 14 132.47 0.1414 195.3
1 28 35 71.10 0.0781 224.7
1 28 14 49.35 0.1304 79.9
1 28 29 142.89 0.0898 245.0
1 28 17 56.52 0.0604 641.4
1 28 16 199.52 0.0892 966.0
1 28 13 120.63 0.0544 295.7
1 28 17 46.47 0.0847 406.8
1 28 13 201.18 0.0567 319.1
1 28 14 245.31 0.0862 585.9
1 28 13 78.59 0.0522 446.6
1 28 15 399.92 0.0475 344.5
1 28 13 49.68 0.0730 64.3
1 28 25 118.35 0.0640 167.0
1 28 13 153.07 0.1079 252.5
1 28 13 100.38 0.1152 725.0
1 28 22 86.03 0.0556 257.1
1 28 26 125.62 0.0826 267.9
1 28 18 87.86 0.0825 93.0
1 28 18 93.83 0.0592 312.6
1 28 15 65.44 0.0479 29.6
1 28 17 62.49 0.0988 939.3
1 28 15 190.96 0.0638 844.9
1 28 22 95.83 0.1072 930.8
1 28 37 132.39 0.0811 262.3
1 28 19 131.29 0.0554 841.5
1 28 23 195.21 0.0820 287.5
1 28 15 430.44 0.0514 905.8
1 28 20 100.16 0.0678 63.4
1 28 18 45.18 0.1081 925.1
1 28 15 269.58 0.1505 207.1
1 28 14 116.64 0.0739 549.7
1 28 15 79.80 0.0776 80.3
1 28 15 65.20 0.0478 913.7
1 28 23 99.74 0.0729 381.9
1 28 29 287.81 0.0892 318.1
1 28 17 59.02 0.0937 957.0
1 28 18 161.96 0.0555 146.6
1 28 15 89.00 0.1583 295.7
1 28 16 273.06 0.0770 165.4
1 28 17 118.11 0.0412 849.9
1 28 20 105.13 0.0882 47.3
1 28 18 151.27 0.0663 213.9
1 29 30 118.00 0.0826 300.4
1 29 31 68.22 0.1160 373.0
1 29 21 58.49 0.1326 864.1
1 29 19 135.62 0.1015 216.1
1 29 34 257.65 0.0740 231.5
1 29 42 163.88 0.0729 377.3
1 29 42 116.10 0.0679 223.4
1 29 22 79.03 0.0653 41.6
1 29 25 94.20 0.0967 857.4
1 29 34 129.82 0.0745 495.2
1 29 16 90.55 0.0792 387.2
1 29 15 378.90 0.0553 274.0
1 29 18 148.43 0.0520 909.7
1 29 23 235.44 0.0806 815.3
1 29 34 203.92 0.0880 288.8
1 29 35 193.21 0.0680 53.7
1 29 41 119.78 0.0927 225.3
1 29 33 94.10 0.0929 910.1
1 29 19 46.63 0.0833 715.2
1 29 26 57.57 0.1226 350.8
1 29 41 69.92 0.1007 205.9
1 29 32 198.67 0.0690 161.0
1 29 38 129.72 0.0928 335.4
1 29 38 58.66 0.1074 838.5
1 29 33 290.61 0.0782 628.3
1 29 27 129.86 0.0723 276.9
1 29 27 85.07 0.0939 516.4
1 29 30 78.16 0.1238 779.2
1 29 34 96.18 0.0744 398.3
1 29 23 47.70 0.0699 165.2
1 29 35 56.00 0.0833 336.8
1 29 35 61.64 0.1002 147.6
1 29 38 230.80 0.0533 416.0
1 29 26 96.33 0.0625 178.2
1 29 30 53.01 0.1029 339.0
1 29 15 1095.13 0.0372 123.2
1 29 28 84.85 0.0651 573.7
1 29 27 81.87 0.0753 285.2
1 29 30 117.25 0.0761 318.1
1 29 21 92.18 0.0768 902.1
1 29 37 289.40 0.0855 82.9
1 29 26 166.21 0.0660 286.5
1 29 23 61.94 0.0481 29.5
1 29 40 73.53 0.0957 195.7
1 29 34 272.91 0.1077 854.5
1 29 28 243.46 0.0914 308.7
1 29 24 55.25 0.1209 618.1
1 29 15 95.52 0.1028 495.8
1 29 22 77.17 0.0776 372.0
1 29 38 124.97 0.0859 438.1
1 29 22 182.10 0.0762 42.7
1 29 33 76.24 0.1242 480.4
1 29 26 268.26 0.0789 107.4
1 29 17 302.32 0.0511 362.6
1 29 16 65.22 0.0795 78.0
1 29 29 67.17 0.1054 68.9
1 29 19 49.20 0.0981 146.7
1 29 32 65.79 0.0932 546.0
1 29 13 175.35 0.1128 794.8
1 29 15 86.69 0.1628 112.9
1 29 25 126.78 0.0670 282.2
1 29 34 338.39 0.0714 378.9
1 29 31 86.08 0.1060 335.0
1 29 23 71.66 0.0939 35.7
1 29 33 60.42 0.1142 35.5
1 29 15 668.92 0.1331 143.0
1 29 27 148.15 0.0801 886.4
1 29 18 350.45 0.0773 861.3
1 29 29 106.79 0.0854 161.5
1 29 42 134.92 0.0846 854.3
1 29 20 62.09 0.1246 84.7
1 29 30 146.86 0.0889 265.5
1 29 36 67.81 0.0868 223.9
1 29 23 239.83 0.0597 903.0
1 29 17 106.50 0.1279 117.7
1 29 40 116.15 0.0706 257.5
1 29 18 80.95 0.1302 85.7
1 29 14 207.43 0.0768 36.5
1 29 41 72.87 0.0849 373.0
1 29 19 110.34 0.0512 436.9
1 29 28 143.00 0.0749 427.4
1 29 22 95.06 0.0543 377.1
1 29 28 182.87 0.0627 366.0
1 29 16 382.40 0.0437 22.0
1 29 19 45.51 0.0951 47.0
1 29 33 95.08 0.0744 929.7
1 29 25 80.37 0.0948 446.2
1 29 17 251.64 0.0581 729.2
1 29 20 81.17 0.1031 333.1
1 29 36 74.82 0.0642 417.6
1 29 41 67.39 0.1109 132.8
1 29 26 183.03 0.0477 255.1
1 29 25 65.78 0.1219 437.2
1 29 29 190.35 0.0711 687.2
1 29 31 156.11 0.0733 241.2
1 29 35 58.30 0.1008 128.9
1 29 26 86.43 0.0442 260.1
1 29 16 74.88 0.0465 794.6
1 29 42 112.99 0.0871 154.9
1 29 38 59.65 0.0899 85.6
1 29 18 328.95 0.0754 351.9
1 29 21 80.13 0.0587 239.9
1 29 39 128.13 0.0811 366.8
1 29 33 65.75 0.1023 294.5
1 29 31 89.55 0.1147 334.2
1 29 25 111.29 0.0508 521.2
1 29 39 61.85 0.1109 114.5
1 29 39 139.79 0.0983 416.6
1 29 23 54.50 0.1315 769.3
1 29 21 67.59 0.1025 33.5
1 29 14 169.90 0.0731 461.3
1 29 20 89.47 0.1009 917.5
1 29 27 81.52 0.1151 896.3
1 29 35 147.78 0.0626 735.3
1 29 23 63.50 0.0879 26.3
1 29 16 47.19 0.1151 945.4
1 29 33 110.22 0.0822 272.8
1 29 43 105.95 0.0863 829.1
1 29 15 139.83 0.0749 450.1
1 29 40 186.00 0.0607 600.8
1 29 29 138.17 0.0931 941.2
1 29 28 61.51 0.1341 283.3
1 29 29 58.12 0.0923 85.8
1 29 23 117.37 0.0642 145.8
1 29 18 68.00 0.0881 606.1
1 29 36 94.93 0.0836 341.5
1 29 17 82.38 0.0847 663.7
1 29 16 128.03 0.0724 329.3
1 29 23 54.38 0.1056 173.0
1 29 27 241.60 0.0786 322.1
1 29 20 221.43 0.0550 351.9
1 29 34 117.32 0.1335 439.1
1 29 41 134.76 0.0744 240.5
1 29 39 149.17 0.0832 200.9
1 29 42 61.87 0.1295 282.0
1 29 28 98.73 0.0715 407.4
1 29 31 55.73 0.0947 396.4
1 29 34 97.10 0.1021 921.0
1 29 31 105.50 0.0932 649.0
1 29 28 543.42 0.0653 376.3
1 29 35 172.97 0.1027 570.9
1 29 39 96.96 0.0806 329.0
1 29 20 186.82 0.0374 149.5
1 29 24 102.88 0.0879 581.6
1 29 25 80.99 0.0708 482.5
1 29 37 69.57 0.1215 603.9
1 29 30 45.32 0.1302 330.5
1 29 35 77.50 0.1068 330.8
1 29 17 59.62 0.0916 351.6
1 29 25 266.48 0.0555 718.3
1 29 34 100.95 0.0830 101.4
1 29 38 117.40 0.0774 83.9
1 29 20 77.65 0.1037 94.2
1 29 22 81.68 0.0934 59.4
1 29 29 59.70 0.1010 70.2
1 29 25 115.14 0.1064 31.1
1 29 42 72.54 0.0982 821.6
1 29 30 139.50 0.0709 344.4
1 29 37 110.89 0.0791 149.6
1 29 28 149.14 0.0706 925.6
1 29 43 149.97 0.0760 767.5
1 29 19 70.80 0.1039 521.8
1 29 37 81.46 0.1012 219.4
1 29 38 232.80 0.0579 684.5
1 29 44 146.40 0.0545 847.8
1 29 25 131.69 0.0506 214.7
1 29 38 120.47 0.0741 98.6
1 29 23 129.63 0.0606 657.9
1 29 26 416.79 0.0475 263.1
1 29 21 232.03 0.1051 438.3
1 29 17 98.24 0.0751 884.6
1 29 22 68.60 0.0774 129.2
1 29 34 65.06 0.0795 216.2
1 29 32 86.19 0.0845 84.2
1 29 28 106.52 0.0494 294.9
1 29 33 52.91 0.1255 250.0
1 29 39 119.30 0.0802 164.1
1 29 25 172.32 0.0815 237.5
1 29 19 300.90 0.0439 156.5
1 29 24 198.10 0.0680 24.2
1 29 24 92.53 0.0485 81.1
1 29 38 54.58 0.0797 608.0
1 29 20 88.44 0.0929 429.1
1 29 22 566.53 0.1088 881.1
1 29 14 263.10 0.0699 202.6
1 29 22 316.58 0.0670 199.8
1 29 41 75.08 0.0950 273.5
1 29 31 56.86 0.1283 494.9
1 29 35 66.27 0.0961 88.0
1 29 18 52.32 0.0874 361.8
1 29 38 81.22 0.0821 521.2
1 29 35 90.09 0.0805 393.1
1 29 39 380.07 0.0590 752.7
1 29 14 109.72 0.0607 366.9
1 29 26 83.27 0.0909 431.8
1 29 20 69.94 0.0713 161.1
1 29 29 61.48 0.1156 14.6
1 29 40 98.61 0.0940 260.0
1 29 39 289.46 0.0459 59.4
1 29 37 129.58 0.0554 99.5
1 29 30 112.10 0.1025 449.8
1 29 29 99.80 0.0925 131.9
1 29 40 114.12 0.0615 79.1
1 29 30 136.05 0.0599 689.3
1 29 19 52.03 0.0660 332.5
1 29 33 86.54 0.0592 601.2
1 29 21 197.47 0.0646 866.0
1 29 22 48.74 0.0925 68.0
1 29 22 83.34 0.0671 362.7
1 29 43 132.06 0.0818 193.1
1 29 34 146.47 0.0709 382.6
1 29 38 149.55 0.0774 900.8
1 29 38 85.49 0.0856 621.4
1 29 41 86.96 0.1000 79.7
1 29 34 154.30 0.0712 400.7
1 29 15 297.15 0.0392 427.6
1 29 37 122.62 0.0940 224.5
1 29 33 185.89 0.0533 552.0
1 29 14 48.64 0.0395 863.7
1 29 18 149.10 0.0394 356.2
1 29 13 86.40 0.1002 279.9
1 29 29 73.80 0.1013 367.6
1 29 35 162.83 0.0682 227.1
1 29 35 156.00 0.0773 46.4
1 29 28 49.91 0.1158 91.6
1 29 27 73.78 0.1333 759.4
1 29 16 48.55 0.0790 420.1
1 29 38 92.43 0.0831 385.1
1 29 37 419.07 0.0525 59.8
1 29 16 260.19 0.0525 849.6
1 29 26 66.29 0.0941 5.3
1 29 14 89.29 0.0930 431.5
1 29 14 113.79 0.0275 516.0
1 29 17 57.85 0.0813 64.0
1 29 34 54.85 0.1050 243.9
1 29 39 139.73 0.0929 189.0
1 29 36 217.25 0.0583 286.5
1 29 37 92.71 0.0553 176.1
1 29 14 55.23 0.1280 413.0
1 29 21 157.13 0.0627 22.2
1 29 13 81.34 0.0817 126.7
1 29 19 219.92 0.0767 153.5
1 29 30 111.20 0.0824 835.4
1 29 37 94.99 0.0864 296.4
1 29 28 76.38 0.0931 308.3
1 29 41 60.01 0.0906 800.9
1 29 28 137.95 0.0678 229.3
1 29 43 117.16 0.0734 94.4
1 29 41 545.01 0.0640 131.8
1 29 31 84.16 0.0928 179.0
1 29 34 489.68 0.0599 503.6
1 29 37 156.27 0.0899 935.3
1 29 36 166.03 0.0635 868.2
1 29 36 63.84 0.0743 211.9
1 29 28 84.56 0.0862 97.6
1 29 34 85.08 0.0885 626.5
1 29 38 79.87 0.0859 144.0
1 29 24 52.48 0.1173 697.0
1 29 29 45.43 0.1173 425.2
1 29 32 59.20 0.1025 384.4
1 29 27 152.41 0.0907 362.1
1 29 22 50.11 0.0873 487.8
1 29 19 45.13 0.0830 528.1
1 29 26 66.49 0.0785 320.8
1 29 42 143.37 0.0822 171.2
1 29 44 143.02 0.0681 380.8
1 29 32 55.62 0.0787 439.7
1 29 42 127.96 0.0715 94.4
1 29 43 198.34 0.0634 294.5
1 29 20 135.02 0.0652 17.1
1 29 37 291.18 0.0661 691.9
1 29 25 99.86 0.0880 362.6
1 29 40 61.51 0.0979 81.5
1 29 19 63.09 0.0982 486.6
1 29 37 86.10 0.0760 520.9
1 29 22 47.08 0.0910 793.4
1 29 25 101.10 0.1153 235.7
1 29 16 45.19 0.0985 267.4
1 29 13 610.04 0.1611 286.3
1 29 28 320.97 0.0710 341.3
1 29 28 254.20 0.0555 922.8
1 29 31 161.28 0.0444 123.4
1 29 26 238.35 0.0516 938.4
1 29 27 75.79 0.0588 741.6
1 29 28 65.19 0.0866 394.5
1 29 24 94.53 0.0495 407.9
1 29 15 49.02 0.0872 118.3
1 29 31 51.99 0.0738 467.9
1 29 37 154.35 0.0533 924.7
1 29 24 211.36 0.0505 527.6
1 29 27 155.98 0.0933 434.0
1 29 16 51.00 0.0999 581.3
1 29 40 119.34 0.0637 772.2
1 29 33 133.38 0.0940 172.4
1 29 39 83.69 0.0983 535.0
1 29 18 90.57 0.0437 719.4
1 29 16 362.97 0.0381 576.6
1 29 35 87.02 0.0803 282.7
1 29 17 169.71 0.0522 938.1
1 29 35 102.18 0.0893 474.3
1 29 24 116.86 0.1188 39.0
1 29 38 50.24 0.1196 649.2
1 29 20 52.89 0.1520 22.0
1 29 26 80.71 0.0510 72.5
1 29 32 95.67 0.0851 225.4
1 29 17 189.85 0.0230 228.9
1 29 27 66.21 0.1257 488.3
1 29 16 65.57 0.0549 42.5
1 29 14 176.93 0.0957 727.5
1 29 19 45.41 0.1337 585.0
1 29 16 433.21 0.1150 329.1
1 29 22 66.13 0.1333 508.4
1 29 21 193.27 0.0656 658.5
1 29 25 58.56 0.1170 160.4
1 29 30 135.39 0.0778 184.5
1 29 27 86.69 0.1396 747.3
1 29 26 95.09 0.1027 71.6
1 29 27 163.45 0.0653 689.8
1 29 15 81.04 0.0597 459.8
1 29 14 56.74 0.1210 248.1
1 29 32 106.75 0.0693 615.7
1 29 13 96.13 0.1191 718.0
1 29 22 223.89 0.0306 568.2
1 29 17 53.86 0.0687 364.2
1 29 21 62.74 0.0637 724.8
1 29 22 166.66 0.0780 35.6
1 29 29 59.46 0.0998 342.0
1 29 16 64.69 0.0329 10.1
1 29 14 195.66 0.0733 362.2
1 29 28 348.41 0.0642 751.5
1 29 17 50.75 0.0928 251.6
1 29 17 79.99 0.0995 729.1
1 29 17 79.27 0.0871 31.7
1 29 13 1250.09 0.0244 441.9
1 29 17 572.68 0.0375 428.3
1 29 29 73.78 0.1053 42.2
1 29 16 89.46 0.0586 420.7
1 29 13 77.95 0.0840 239.0
1 29 26 83.84 0.0633 607.2
1 29 15 52.87 0.0993 177.7
1 29 20 110.03 0.0524 23.4
1 29 18 80.57 0.1037 149.5
1 29 17 95.50 0.0566 423.0
1 29 26 45.76 0.1078 76.0
1 29 16 79.74 0.0735 787.1
1 29 23 307.50 0.0494 191.8
1 29 15 154.42 0.0557 360.9
1 29 19 244.18 0.0483 442.2
1 29 34 119.85 0.0698 321.5
1 29 25 86.14 0.1198 410.3
1 29 25 110.97 0.0761 371.4
1 30 38 88.73 0.0943 572.3
1 30 38 99.85 0.0945 80.4
1 30 34 301.76 0.0691 549.5
1 30 23 101.73 0.1115 344.4
1 30 34 180.94 0.0748 499.1
1 30 37 228.12 0.0608 324.5
1 30 36 217.66 0.0876 578.2
1 30 30 153.58 0.0897 430.9
1 30 19 243.08 0.0525 881.7
1 30 28 89.87 0.0823 910.0
1 30 29 56.01 0.0869 317.0
1 30 45 93.14 0.0774 257.8
1 30 15 151.45 0.0612 937.5
1 30 19 180.24 0.0621 875.0
1 30 34 80.68 0.0502 275.1
1 30 30 131.96 0.0856 632.5
1 30 17 265.55 0.1157 544.6
1 30 37 158.89 0.1207 449.0
1 30 13 45.48 0.0983 413.6
1 30 27 161.36 0.0919 456.7
1 30 33 165.52 0.0550 946.4
1 30 34 172.23 0.0860 466.1
1 30 27 76.97 0.1129 878.1
1 30 39 133.70 0.0575 492.2
1 30 38 112.40 0.0656 470.6
1 30 33 97.26 0.0893 713.3
1 30 38 101.79 0.1023 262.5
1 30 42 102.16 0.0905 308.6
1 30 27 142.29 0.0963 936.2
1 30 23 150.69 0.0989 407.0
1 30 33 113.45 0.0777 546.0
1 30 20 69.50 0.0592 380.3
1 30 17 57.70 0.0932 939.4
1 30 39 182.24 0.0497 780.9
1 30 32 150.15 0.0602 430.9
1 30 26 70.93 0.0982 516.4
1 30 29 123.53 0.0851 875.4
1 30 37 299.42 0.0669 746.1
1 30 30 71.18 0.0917 226.6
1 30 30 71.86 0.0839 520.6
1 30 29 72.13 0.0986 455.8
1 30 26 100.18 0.1263 786.2
1 30 19 533.43 0.0933 291.6
1 30 24 62.68 0.0903 443.7
1 30 32 88.72 0.0877 434.6
1 30 26 176.02 0.1064 235.5
1 30 32 98.93 0.0859 603.7
1 30 24 114.66 0.0742 332.8
1 30 33 101.38 0.0713 347.0
1 30 32 90.88 0.1103 875.3
1 30 32 119.73 0.0844 650.1
1 30 14 140.84 0.1115 852.0
1 30 27 58.21 0.1102 587.6
1 30 35 115.24 0.0785 422.1
1 30 21 73.36 0.0457 339.1
1 30 20 154.72 0.0652 477.5
1 30 29 77.24 0.0614 721.0
1 30 37 163.12 0.0707 151.6
1 30 22 69.48 0.0760 448.7
1 30 17 78.21 0.0574 665.4
1 30 41 70.66 0.0927 582.1
1 30 22 88.45 0.0576 693.9
1 30 35 45.82 0.1180 819.7
1 30 42 71.21 0.0984 566.3
1 30 14 46.69 0.1288 858.0
1 30 17 65.65 0.0674 74.9
1 30 42 138.09 0.0653 518.2
1 30 27 50.34 0.1386 803.0
1 30 37 142.39 0.0686 340.6
1 30 16 70.39 0.0501 407.5
1 30 38 56.55 0.0998 874.9
1 30 23 219.52 0.0572 610.5
1 30 33 72.44 0.1282 829.0
1 30 25 62.43 0.0993 902.0
1 30 28 52.55 0.1165 493.7
1 30 28 113.25 0.1019 11.6
1 30 33 71.17 0.1097 394.7
1 30 34 66.94 0.1097 598.3
1 30 35 146.61 0.0639 869.6
1 30 42 152.82 0.0613 462.6
1 30 42 127.41 0.0751 572.1
1 30 33 88.22 0.0852 887.1
1 30 40 72.61 0.0878 500.7
1 30 38 302.09 0.0899 282.2
1 30 19 161.32 0.0616 938.8
1 30 43 183.88 0.0763 535.3
1 30 34 100.36 0.0959 635.0
1 30 20 150.58 0.0752 935.4
1 30 14 120.87 0.1478 809.0
1 30 30 61.62 0.1427 934.0
1 30 13 137.14 0.1640 845.4
1 30 33 51.78 0.1027 382.3
1 30 27 214.16 0.1023 958.0
1 30 39 116.27 0.0808 326.4
1 30 34 416.77 0.0836 515.8
1 30 43 135.96 0.0834 577.8
1 30 33 105.37 0.0754 225.4
1 30 35 58.46 0.1076 965.0
1 30 38 73.81 0.1076 873.4
1 30 39 187.15 0.0632 543.7
1 30 33 53.08 0.1238 385.1
1 30 43 283.72 0.0555 521.4
1 30 16 195.10 0.0673 126.4
1 30 30 76.80 0.0965 395.6
1 30 17 282.20 0.0733 425.1
1 30 22 55.87 0.0812 465.0
1 30 23 122.99 0.0488 487.5
1 30 23 60.98 0.1177 804.1
1 30 28 50.75 0.1588 861.1
1 30 13 78.07 0.1141 323.0
1 30 36 198.15 0.0594 950.6
1 30 25 167.89 0.0674 927.6
1 30 13 295.24 0.0938 349.7
1 30 40 137.26 0.0636 387.7
1 30 38 188.84 0.0762 639.7
1 30 31 95.31 0.0514 799.6
1 30 15 100.24 0.0617 519.2
1 30 41 139.40 0.0559 881.4
1 30 23 173.45 0.0557 438.5
1 30 40 84.59 0.0884 578.3
1 30 38 113.37 0.0888 456.3
1 30 30 207.88 0.0570 292.0
1 30 28 124.00 0.1073 670.2
1 30 32 153.09 0.0606 909.5
1 30 34 63.83 0.0975 197.3
1 30 39 148.85 0.0621 843.5
1 30 30 147.34 0.0851 695.1
1 30 35 78.25 0.0791 95.6
1 30 34 84.05 0.0840 291.7
1 30 36 188.88 0.0493 210.6
1 30 31 105.06 0.0666 172.4
1 30 32 101.38 0.0705 475.3
1 30 21 66.38 0.0977 291.0
1 30 27 138.90 0.0551 417.5
1 30 29 90.77 0.0761 489.6
1 30 18 83.36 0.0588 697.8
1 30 34 50.62 0.1248 679.1
1 30 44 168.41 0.0680 758.1
1 30 22 78.35 0.1143 827.1
1 30 15 150.79 0.0373 673.8
1 30 29 79.64 0.0950 874.6
1 30 17 56.38 0.0798 168.1
1 30 30 91.14 0.0833 397.2
1 30 23 198.72 0.0592 437.0
1 30 27 154.01 0.1019 634.0
1 30 20 171.68 0.0742 391.2
1 30 31 90.36 0.0529 692.6
1 30 24 77.05 0.0975 699.3
1 30 30 59.51 0.0894 442.8
1 30 26 215.47 0.0670 384.6
1 30 23 124.19 0.0585 318.8
1 30 18 57.76 0.0667 824.6
1 30 34 179.84 0.0678 560.3
1 30 14 56.25 0.0948 667.5
1 30 15 248.47 0.0593 660.4
1 30 37 344.92 0.0665 487.8
1 30 37 276.66 0.0561 834.9
1 30 24 108.74 0.0441 207.2
1 30 27 208.05 0.0518 690.9
1 30 35 144.43 0.0987 857.0
1 30 26 55.19 0.0688 339.7
1 30 26 65.04 0.0835 404.7
1 30 23 96.89 0.0911 394.4
1 30 23 162.26 0.0687 145.6
1 30 32 108.45 0.1035 877.0
1 30 33 131.52 0.0691 543.7
1 30 17 116.45 0.0738 395.8
1 30 36 75.34 0.0903 508.9
1 30 21 88.17 0.0638 892.7
1 30 18 93.79 0.0663 641.8
1 30 24 153.91 0.0980 360.4
1 30 26 145.53 0.0748 622.0
1 30 41 127.45 0.0706 556.8
1 30 31 112.64 0.0915 476.3
1 30 41 156.72 0.0711 685.3
1 30 15 74.09 0.0686 914.9
1 30 27 117.58 0.0662 713.0
1 30 14 417.60 0.0997 857.4
1 30 21 88.87 0.0874 879.3
1 30 17 53.26 0.1022 947.8
1 30 28 297.63 0.0487 606.4
1 30 42 388.04 0.0775 513.0
1 30 19 377.79 0.1141 931.4
1 30 29 154.20 0.0700 946.2
1 30 18 580.95 0.1415 946.0
1 30 14 49.13 0.0948 945.0
1 30 39 60.05 0.1160 280.0
1 30 45 65.19 0.0744 25.1
1 30 41 110.46 0.0753 863.9
1 30 31 107.53 0.1012 810.9
1 30 35 175.26 0.0703 436.9
1 30 34 129.73 0.0970 577.9
1 30 19 46.81 0.1020 289.9
1 30 38 95.29 0.0905 623.6
1 30 23 47.57 0.0642 208.6
1 30 13 73.56 0.0508 871.9
1 30 40 66.55 0.1055 765.4
1 30 36 96.01 0.0736 444.7
1 30 26 212.40 0.0743 800.0
1 30 26 66.33 0.0983 770.0
1 30 27 121.77 0.0946 759.8
1 30 21 88.71 0.0919 843.3
1 30 26 84.37 0.0647 320.6
1 30 26 86.21 0.0948 530.2
1 30 29 99.43 0.0846 836.2
1 30 26 56.45 0.0952 475.9
1 30 38 362.34 0.0508 456.7
1 30 38 124.21 0.0756 239.9
1 30 24 132.69 0.0598 439.7
1 30 33 125.93 0.0528 315.0
1 30 43 320.84 0.0641 544.6
1 30 38 77.57 0.0773 613.2
1 30 29 133.08 0.0899 548.0
1 30 39 102.17 0.0859 505.8
1 30 17 60.18 0.1515 951.7
1 30 28 225.18 0.0459 911.7
1 30 41 97.29 0.0681 580.3
1 30 41 107.70 0.0654 933.2
1 30 36 126.28 0.1137 121.0
1 30 32 103.60 0.0742 930.5
1 30 18 107.07 0.0829 879.6
1 30 44 215.57 0.0662 794.2
1 30 37 210.53 0.0655 927.6
1 30 41 102.05 0.0880 339.6
1 30 32 94.27 0.0953 942.8
1 30 35 209.28 0.0768 490.4
1 30 13 61.05 0.0320 942.3
1 30 36 279.06 0.0621 385.2
1 30 22 80.38 0.0644 946.6
1 30 34 84.93 0.0915 142.1
1 30 30 103.40 0.0888 663.9
1 30 24 164.12 0.0769 401.6
1 30 35 107.20 0.0657 201.6
1 30 35 140.38 0.0876 441.4
1 30 34 153.94 0.0791 928.9
1 30 17 360.83 0.1074 251.0
1 30 28 77.42 0.0995 192.5
1 30 25 119.82 0.0823 884.2
1 30 15 45.42 0.1236 413.7
1 30 45 134.54 0.0569 280.8
1 30 37 186.24 0.0538 702.5
1 30 37 188.89 0.0824 614.6
1 30 20 218.78 0.0789 877.7
1 30 37 145.63 0.0731 821.8
1 30 35 90.06 0.1133 783.1
1 30 23 56.87 0.0815 684.8
1 30 30 196.79 0.0740 599.6
1 30 48 62.07 0.0886 10.4
1 30 18 239.71 0.0546 938.6
1 30 20 55.51 0.1357 889.6
1 30 25 73.46 0.0758 271.8
1 30 16 70.21 0.0587 928.0
1 30 13 84.15 0.0638 27.8
1 30 39 217.34 0.0653 646.0
1 30 40 67.29 0.1038 334.9
1 30 30 76.46 0.0811 916.0
1 30 35 53.88 0.1213 479.4
1 30 29 246.06 0.0754 184.0
1 30 39 54.06 0.1076 824.3
1 30 23 82.40 0.0967 902.3
1 30 15 52.51 0.1595 368.1
1 30 17 62.05 0.0686 310.6
1 30 33 111.51 0.0581 495.6
1 30 22 81.79 0.0800 231.4
1 30 15 480.09 0.0494 946.2
1 30 15 57.38 0.1241 959.9
1 30 22 76.12 0.0755 680.1
1 30 24 48.31 0.1104 450.0
1 30 28 49.60 0.0860 882.1
1 30 24 69.79 0.0701 797.5
1 30 34 183.00 0.0721 171.9
1 30 27 193.87 0.0728 507.5
1 30 41 54.43 0.0997 615.7
1 30 24 712.92 0.0545 749.8
1 30 29 123.62 0.0864 856.8
1 30 34 52.78 0.1269 581.0
1 30 18 76.44 0.0814 954.0
1 30 20 53.79 0.0631 422.9
1 30 23 57.69 0.1252 348.1
1 30 26 150.52 0.0483 256.8
1 30 18 73.01 0.0631 615.2
1 30 26 99.98 0.0798 575.3
1 30 35 88.25 0.0847 491.1
1 30 16 59.89 0.0633 782.8
1 30 22 214.43 0.0720 705.7
1 30 14 108.12 0.0463 944.2
1 30 31 162.47 0.0745 497.8
1 30 27 116.60 0.0503 6.1
1 30 33 85.54 0.0597 105.6
1 30 20 116.35 0.0665 763.2
1 30 20 75.47 0.1227 877.8
1 30 15 46.60 0.1589 857.0
1 30 32 62.79 0.0757 858.8
1 30 16 102.65 0.0832 517.5
1 30 33 49.38 0.1159 821.1
1 30 35 167.85 0.0790 227.3
1 30 30 110.68 0.0791 435.9
1 30 31 71.67 0.0746 471.4
1 30 39 109.90 0.0792 283.0
1 30 20 82.42 0.1231 297.0
1 30 17 575.45 0.0628 229.5
1 30 37 101.35 0.0714 605.4
1 30 27 82.11 0.0858 780.9
1 30 16 175.10 0.0604 853.7
1 30 23 48.05 0.1065 696.9
1 30 37 78.40 0.1076 258.2
1 30 27 205.62 0.0650 846.0
1 30 15 121.34 0.0711 223.2
1 30 21 305.00 0.0536 709.9
1 30 23 151.69 0.0309 400.6
1 30 20 108.15 0.0515 387.4
1 30 25 61.59 0.0999 452.0
1 30 13 148.36 0.0617 624.3
1 30 28 121.53 0.0588 797.9
1 30 21 63.68 0.0649 698.2
1 30 18 254.70 0.0803 782.2
1 30 16 178.00 0.0523 843.2
1 30 23 98.41 0.0616 554.6
1 30 29 85.17 0.0923 503.1
1 30 18 51.40 0.0706 154.9
1 30 17 216.23 0.0587 458.5
1 30 18 51.66 0.0889 283.2
1 30 20 292.97 0.0554 380.3
1 30 19 45.79 0.0937 267.0
1 30 20 45.64 0.1388 652.5
1 30 16 150.94 0.0580 169.4
1 30 15 60.89 0.1396 844.8
1 30 25 62.96 0.0859 444.9
1 30 15 125.24 0.0695 499.9
1 30 19 67.43 0.1153 879.4
1 30 24 50.47 0.0810 529.4
1 31 31 158.36 0.1020 691.1
1 31 19 87.47 0.0707 367.2
1 31 20 74.59 0.1040 513.2
1 31 36 121.08 0.0932 556.7
1 31 24 161.05 0.1032 546.6
1 31 35 207.50 0.0740 632.3
1 31 23 65.63 0.1216 699.8
1 31 24 207.27 0.1012 504.3
1 31 30 106.39 0.0960 825.9
1 31 42 106.26 0.0838 308.9
1 31 17 45.81 0.1227 129.3
1 31 25 135.27 0.0699 192.8
1 31 24 185.59 0.0801 208.1
1 31 29 97.14 0.0765 932.5
1 31 21 538.66 0.0564 56.7
1 31 23 255.64 0.0639 305.4
1 31 30 150.93 0.0748 157.0
1 31 30 123.36 0.0589 786.8
1 31 15 50.40 0.0733 560.5
1 31 40 56.01 0.0859 795.9
1 31 39 138.50 0.0809 768.7
1 31 17 234.14 0.1006 191.5
1 31 28 84.24 0.0676 123.7
1 31 23 69.47 0.0779 456.2
1 31 28 387.73 0.0719 609.4
1 31 35 201.37 0.0523 684.6
1 31 30 123.21 0.0760 355.3
1 31 14 77.18 0.0611 52.7
1 31 29 48.66 0.1019 437.8
1 31 20 132.55 0.0806 491.7
1 31 24 156.12 0.0502 883.9
1 31 22 125.62 0.1022 168.7
1 31 23 135.92 0.0523 767.8
1 31 14 653.60 0.0403 931.4
1 31 18 94.39 0.0486 56.3
1 31 17 84.04 0.0491 343.4
1 31 41 61.37 0.0944 163.9
1 31 31 148.29 0.0532 906.7
1 31 21 149.39 0.0494 563.9
1 31 23 50.31 0.1046 528.3
1 31 27 80.40 0.0748 453.5
1 31 17 55.07 0.0420 402.8
1 31 21 145.62 0.0636 369.8
1 31 13 363.16 0.0442 10.9
1 31 28 331.64 0.0583 548.1
1 31 22 300.74 0.0855 949.6
1 31 17 56.80 0.0568 368.2
1 31 25 67.83 0.0788 167.1
1 31 39 450.56 0.0627 393.0
1 31 36 113.83 0.0675 768.2
1 31 24 88.09 0.0875 151.6
1 31 18 122.56 0.0889 918.0
1 31 24 86.34 0.0887 747.8
1 31 17 104.92 0.0481 70.3
1 31 29 76.34 0.0775 398.3
1 31 17 117.39 0.0998 875.8
1 31 18 79.60 0.0487 146.1
1 31 32 85.39 0.0843 312.0
1 31 34 61.44 0.1174 794.3
1 31 17 53.00 0.0711 756.2
1 31 16 50.48 0.0779 159.2
1 31 17 121.59 0.0408 869.3
1 31 14 126.31 0.0899 956.6
1 31 25 122.07 0.0942 242.5
1 31 21 180.54 0.0649 963.5
1 31 23 227.29 0.0619 641.4
1 31 33 123.04 0.0653 590.8
1 31 33 102.91 0.0704 768.8
1 31 26 148.77 0.0899 61.0
1 31 31 108.24 0.0724 330.0
1 31 21 175.96 0.1035 935.0
1 31 22 61.78 0.0883 142.4
1 31 22 132.84 0.0569 111.2
1 31 19 76.42 0.0524 161.2
1 31 19 78.46 0.0713 44.0
1 31 17 49.55 0.0537 394.0
1 31 19 1408.69 0.0966 209.6
1 31 44 163.14 0.0738 173.5
1 31 14 54.74 0.1054 68.0
1 31 41 137.88 0.0842 92.5
1 31 23 129.77 0.0736 556.5
1 31 33 118.69 0.0809 560.9
1 31 37 68.06 0.0726 692.6
1 31 31 221.60 0.0721 923.4
1 31 29 62.56 0.0914 407.1
1 31 40 91.28 0.0814 889.0
1 31 33 76.26 0.0818 584.5
1 31 43 83.42 0.0852 154.0
1 31 26 90.12 0.0747 539.4
1 31 32 62.30 0.0946 925.9
1 31 37 72.81 0.0783 115.6
1 31 18 60.76 0.0546 177.7
1 31 14 60.25 0.1093 219.3
1 31 37 102.11 0.0780 414.0
1 31 32 118.66 0.0877 185.9
1 31 20 119.09 0.1012 812.5
1 31 22 133.11 0.0666 835.2
1 31 26 249.63 0.0358 767.1
1 31 17 101.52 0.0711 463.8
1 31 17 409.62 0.1016 156.0
1 31 32 103.38 0.0850 530.4
1 31 19 212.55 0.0488 391.5
1 31 16 129.30 0.0701 954.0
1 31 22 148.28 0.0612 867.4
1 31 25 157.33 0.0927 177.6
1 31 21 61.45 0.0609 622.1
1 31 13 304.44 0.0736 967.3
1 31 19 69.24 0.0551 706.8
1 31 17 104.14 0.0687 865.7
1 31 33 91.88 0.0837 656.1
1 31 18 82.68 0.0356 31.9
1 31 15 73.33 0.1516 538.2
1 31 35 201.53 0.0509 715.0
1 31 17 171.81 0.0656 445.8
1 31 36 194.24 0.0568 683.3
1 31 29 103.29 0.0930 787.4
1 31 34 54.75 0.1226 404.0
1 31 39 693.37 0.0589 183.6
1 31 34 80.32 0.1197 609.1
1 31 19 108.05 0.0942 878.8
1 31 28 203.81 0.0653 180.5
1 31 38 111.61 0.0875 896.5
1 31 18 178.41 0.0592 895.8
1 31 20 58.02 0.0560 707.0
1 31 15 45.57 0.1032 458.0
1 31 19 64.32 0.0903 881.4
1 31 17 105.47 0.0886 57.7
1 31 29 56.04 0.1150 891.9
1 31 38 90.12 0.0810 701.5
1 31 39 233.43 0.0815 255.3
1 31 27 85.70 0.0971 356.7
1 31 19 133.03 0.0544 394.3
1 31 34 47.43 0.1319 893.0
1 31 22 186.81 0.0617 917.4
1 31 29 72.48 0.1312 527.0
1 31 16 168.66 0.0588 463.4
1 31 26 123.06 0.1019 940.8
1 31 22 177.41 0.0694 419.5
1 31 17 59.19 0.1209 441.5
1 31 28 115.70 0.0760 937.8
1 31 37 73.30 0.1029 653.7
1 31 34 185.64 0.0915 715.1
1 31 19 166.07 0.0745 881.5
1 31 15 79.65 0.0927 447.8
1 31 28 211.43 0.0633 28.9
1 31 24 99.73 0.0794 191.8
1 31 30 49.27 0.0944 548.1
1 31 21 51.86 0.1190 695.8
1 31 17 87.48 0.0656 915.2
1 31 32 50.90 0.1030 791.7
1 31 23 106.84 0.1331 513.9
1 31 38 182.02 0.0680 417.8
1 31 41 112.06 0.0823 380.3
1 31 23 149.37 0.0704 668.6
1 31 29 58.90 0.1067 520.1
1 31 14 67.52 0.0560 366.5
1 31 16 53.30 0.0677 869.1
1 31 35 80.35 0.0719 587.2
1 31 34 156.21 0.0580 52.5
1 31 14 45.56 0.1079 748.7
1 31 35 108.09 0.0773 186.1
1 31 34 135.65 0.0677 365.2
1 31 43 124.44 0.0814 860.0
1 31 22 175.71 0.0688 393.5
1 31 27 178.54 0.0452 464.0
1 31 16 129.59 0.1375 597.5
1 31 29 46.28 0.1188 891.5
1 31 28 265.06 0.0315 331.9
1 31 33 197.00 0.0505 552.0
1 31 31 79.66 0.1010 790.0
1 31 24 53.77 0.1079 361.4
1 31 44 176.96 0.0690 520.4
1 31 32 107.82 0.0882 718.5
1 31 29 82.71 0.0943 470.4
1 31 15 429.02 0.0388 447.5
1 31 41 99.02 0.0642 766.0
1 31 33 62.85 0.0998 519.2
1 31 19 89.37 0.0552 716.1
1 31 43 282.80 0.0432 542.0
1 31 41 169.85 0.0768 657.3
1 31 24 115.24 0.0694 566.2
1 31 40 138.26 0.0560 523.6
1 31 37 46.91 0.1223 923.5
1 31 26 282.92 0.0506 45.4
1 31 37 119.63 0.0709 450.5
1 31 25 80.72 0.0513 162.8
1 31 36 62.65 0.1023 443.4
1 31 13 63.81 0.1103 489.0
1 31 20 77.55 0.0846 639.4
1 31 26 114.37 0.0869 120.5
1 31 34 233.80 0.0660 912.6
1 31 33 158.78 0.0568 261.7
1 31 20 80.36 0.0912 456.6
1 31 41 203.89 0.0693 489.6
1 31 34 204.49 0.0657 534.0
1 31 32 80.84 0.0874 711.2
1 31 14 64.63 0.1198 904.2
1 31 34 73.06 0.0905 804.3
1 31 32 57.25 0.0803 931.1
1 31 31 109.05 0.0771 156.6
1 31 20 75.58 0.0678 373.9
1 31 20 96.86 0.0732 149.0
1 31 30 101.56 0.0760 456.0
1 31 31 46.06 0.1035 709.8
1 31 24 59.12 0.1404 571.6
1 31 25 46.09 0.1067 393.8
1 31 37 68.18 0.0950 36.6
1 31 20 112.18 0.0917 845.5
1 31 18 101.31 0.0915 884.5
1 31 44 226.96 0.0648 439.9
1 31 30 51.86 0.1055 536.3
1 31 32 162.63 0.0698 167.6
1 31 35 91.24 0.0853 101.4
1 31 20 150.37 0.0891 951.0
1 31 19 73.21 0.0805 106.8
1 31 38 204.07 0.1028 55.4
1 31 35 96.47 0.0730 498.2
1 31 27 122.73 0.0960 660.1
1 31 21 139.16 0.1200 722.4
1 31 39 137.80 0.0911 634.2
1 31 42 112.40 0.0712 157.7
1 31 24 180.19 0.0698 43.4
1 31 20 75.20 0.0932 509.2
1 31 35 124.55 0.0627 55.5
1 31 30 141.73 0.0789 389.3
1 31 36 170.09 0.0774 340.0
1 31 28 178.08 0.0698 447.9
1 31 32 92.72 0.0852 392.5
1 31 42 150.16 0.0735 769.5
1 31 22 295.67 0.0425 766.9
1 31 31 95.86 0.1055 196.0
1 31 17 51.36 0.0533 899.7
1 31 28 127.69 0.0823 926.5
1 31 38 239.35 0.1025 883.0
1 31 33 50.20 0.1322 577.7
1 31 19 64.54 0.0651 107.6
1 31 36 47.28 0.1143 540.8
1 31 15 250.41 0.0871 885.5
1 31 15 136.47 0.0485 848.0
1 31 42 330.83 0.0821 135.7
1 31 40 57.23 0.1307 187.0
1 31 34 93.34 0.0856 13.5
1 31 38 208.59 0.0781 539.3
1 31 28 201.72 0.0698 923.5
1 31 34 100.08 0.0817 489.1
1 31 31 146.18 0.0627 185.5
1 31 27 92.18 0.0703 131.7
1 31 39 122.97 0.0808 537.9
1 31 31 164.51 0.1060 340.5
1 31 39 210.12 0.0606 48.7
1 31 33 75.95 0.0621 605.9
1 31 34 125.58 0.0731 577.4
1 31 32 64.09 0.0762 637.3
1 31 31 49.70 0.1022 441.1
1 31 35 68.50 0.0944 441.5
1 31 34 250.77 0.0657 512.3
1 31 21 124.80 0.0642 175.2
1 31 37 111.67 0.0718 322.4
1 31 41 73.85 0.1049 859.4
1 31 26 162.62 0.0543 917.3
1 31 41 124.46 0.0686 578.4
1 31 28 47.43 0.0869 537.9
1 31 20 68.38 0.0689 670.7
1 31 44 103.85 0.0814 429.7
1 31 32 180.04 0.0574 244.3
1 31 23 131.40 0.0710 700.7
1 31 29 49.98 0.0884 156.8
1 31 33 91.68 0.0635 774.8
1 31 39 180.29 0.0836 588.3
1 31 29 139.90 0.0444 823.2
1 31 27 148.28 0.0493 215.7
1 31 37 143.69 0.0664 807.0
1 31 13 140.17 0.1388 878.0
1 31 39 86.38 0.0831 544.8
1 31 33 137.26 0.0662 763.3
1 31 19 88.90 0.0493 457.3
1 31 22 154.64 0.0928 880.4
1 31 30 129.74 0.0708 167.1
1 31 26 1053.13 0.0435 784.4
1 31 36 61.05 0.0846 526.7
1 31 19 80.97 0.0350 48.8
1 31 36 154.16 0.0571 52.2
1 31 38 123.42 0.0748 291.0
1 31 32 107.69 0.0812 199.6
1 31 39 193.09 0.1036 907.1
1 31 37 182.26 0.0589 169.4
1 31 25 114.13 0.0617 172.0
1 31 43 144.62 0.0580 423.5
1 31 24 117.18 0.0581 475.0
1 31 26 62.06 0.0757 155.6
1 31 34 219.16 0.0541 204.6
1 31 20 114.72 0.1282 408.0
1 31 37 345.58 0.0606 91.4
1 31 31 140.35 0.0837 752.4
1 31 32 194.36 0.0679 87.6
1 31 13 51.61 0.1456 632.0
1 31 26 205.77 0.0699 185.4
1 31 36 77.86 0.0729 581.0
1 31 41 102.87 0.0738 820.0
1 31 16 63.55 0.1465 8.9
1 31 20 48.26 0.0873 37.7
1 31 33 194.42 0.0906 220.5
1 31 21 79.25 0.0643 737.4
1 31 26 110.78 0.0665 907.7
1 31 28 86.35 0.0692 806.5
1 31 28 427.12 0.0960 499.4
1 31 26 52.49 0.0767 931.4
1 31 28 58.77 0.1072 608.7
1 31 38 62.11 0.0925 695.7
1 31 26 707.79 0.0594 13.5
1 31 22 162.31 0.0726 13.8
1 31 29 88.94 0.0654 141.0
1 31 33 119.87 0.0700 732.8
1 31 23 125.44 0.0569 259.2
1 31 29 109.21 0.0931 386.4
1 31 23 128.23 0.0903 889.8
1 31 16 170.35 0.0340 870.0
1 31 27 93.72 0.0550 402.1
1 31 25 65.31 0.0731 449.4
1 31 22 64.14 0.0668 693.9
1 31 20 92.31 0.1365 504.6
1 31 34 142.48 0.0639 521.6
1 31 15 272.50 0.0933 850.7
1 31 38 51.39 0.1201 872.9
1 31 33 75.50 0.1004 602.1
1 31 33 135.69 0.0843 802.0
1 31 40 152.13 0.0743 469.9
1 31 34 62.82 0.1031 828.2
1 31 20 50.05 0.0589 881.8
1 31 32 117.22 0.0694 434.5
1 31 42 90.00 0.0930 504.7
1 31 26 54.17 0.1049 817.2
1 31 38 54.16 0.1072 900.5
1 31 29 88.86 0.0936 923.6
1 31 20 665.94 0.0579 232.7
1 31 27 49.55 0.1009 566.0
1 31 26 244.66 0.0466 48.6
1 31 34 77.40 0.1093 540.9
1 31 18 185.33 0.0306 777.9
1 31 15 54.08 0.1104 521.2
1 31 15 342.56 0.0539 636.7
1 31 31 67.37 0.1107 451.4
1 31 19 114.48 0.0888 296.8
1 31 17 64.61 0.1181 890.4
1 31 15 79.29 0.1459 858.7
1 31 22 66.81 0.0943 553.0
1 31 15 66.05 0.0776 453.3
1 31 20 136.58 0.0542 37.3
1 31 20 111.18 0.1089 865.0
1 31 15 56.17 0.0774 877.0
1 31 18 81.17 0.0482 871.3
1 31 15 83.48 0.0764 58.7
1 31 13 186.91 0.0534 695.4
1 31 19 149.61 0.0687 513.5
1 31 17 78.06 0.0394 38.2
1 31 20 56.29 0.0542 317.5
1 31 18 118.34 0.1097 504.2
1 31 29 91.35 0.0948 63.6
1 31 20 144.29 0.0677 374.1
1 31 13 49.07 0.1070 190.0
1 31 19 261.27 0.0505 227.5
1 31 17 45.34 0.0667 449.3
1 31 22 47.18 0.0962 273.4
1 31 16 139.61 0.0467 25.1
1 31 15 894.08 0.0391 918.3
1 31 18 119.27 0.1153 126.5
1 31 15 76.53 0.0309 706.3
1 31 13 176.89 0.0438 369.3
1 31 16 99.21 0.0391 639.3
1 31 18 117.14 0.1208 590.0
1 31 13 68.30 0.0501 196.0
1 31 38 59.22 0.0971 419.3
1 31 39 124.81 0.0663 85.0
1 31 20 46.57 0.1234 940.8
1 31 16 76.63 0.1105 865.7
1 31 15 60.85 0.0776 947.2
1 31 17 206.51 0.0610 959.9
1 31 19 72.80 0.0830 87.6
1 31 17 916.88 0.0310 870.1
1 31 31 192.86 0.0663 601.9
1 31 29 165.89 0.0803 933.9
1 31 18 65.40 0.0723 701.1
1 31 31 87.11 0.0891 548.4
1 31 13 89.06 0.1574 893.7
1 31 36 170.16 0.0934 917.4
1 31 20 74.93 0.1052 895.5
1 31 22 49.52 0.0598 914.2
1 31 20 55.71 0.0932 508.7
1 31 14 143.15 0.1117 327.4
1 31 23 116.05 0.0613 510.7
1 31 20 111.79 0.0936 943.1
1 31 29 130.60 0.1026 460.5
1 31 26 58.18 0.0626 906.9
1 31 14 60.45 0.0939 644.4
1 31 22 121.34 0.0676 132.0
1 31 37 53.00 0.1102 412.1
1 31 27 54.41 0.1279 924.0
1 31 13 52.80 0.1674 498.6
1 31 17 63.00 0.0936 311.6
1 31 22 94.48 0.0764 23.7
1 32 37 141.39 0.0751 78.5
1 32 22 244.85 0.0583 154.4
1 32 35 111.33 0.0853 159.6
1 32 19 64.97 0.1115 938.3
1 32 28 107.55 0.0991 862.0
1 32 39 105.51 0.1084 72.6
1 32 35 75.68 0.1133 94.5
1 32 41 106.92 0.0785 195.3
1 32 38 78.62 0.0889 488.8
1 32 29 90.06 0.0742 867.0
1 32 19 232.46 0.0572 338.2
1 32 30 114.75 0.0925 73.7
1 32 31 142.31 0.0680 655.8
1 32 31 200.50 0.0694 872.1
1 32 35 109.93 0.0990 526.7
1 32 33 224.31 0.0827 860.6
1 32 39 104.15 0.1010 906.0
1 32 16 133.08 0.0705 768.4
1 32 32 147.22 0.0864 911.1
1 32 22 170.11 0.0595 628.6
1 32 13 151.67 0.0610 943.7
1 32 19 205.57 0.0990 788.3
1 32 21 46.70 0.1392 300.6
1 32 13 66.75 0.0662 491.0
1 32 24 251.72 0.0547 34.7
1 32 25 135.30 0.0639 69.2
1 32 20 113.26 0.0817 139.2
1 32 34 149.35 0.0864 255.3
1 32 32 343.13 0.0707 578.9
1 32 23 47.65 0.1461 80.0
1 32 24 203.95 0.0418 824.7
1 32 15 56.98 0.1163 431.3
1 32 16 51.94 0.1093 735.4
1 32 34 252.83 0.0642 544.3
1 32 17 128.52 0.0663 777.4
1 32 33 410.08 0.0734 401.0
1 32 35 132.42 0.0584 666.0
1 32 33 90.28 0.0779 239.5
1 32 39 72.23 0.1182 870.0
1 32 36 84.65 0.0972 798.6
1 32 36 79.38 0.0857 181.6
1 32 18 861.02 0.0422 581.5
1 32 19 82.55 0.0883 102.5
1 32 30 81.24 0.1240 569.4
1 32 30 45.39 0.1301 761.0
1 32 38 57.91 0.0688 139.7
1 32 34 48.27 0.0963 854.4
1 32 15 110.87 0.0872 328.3
1 32 41 54.15 0.0858 44.7
1 32 31 194.39 0.0487 867.1
1 32 18 102.54 0.0657 61.4
1 32 30 80.71 0.0766 382.9
1 32 41 71.48 0.0811 309.6
1 32 29 318.03 0.0592 864.0
1 32 22 66.27 0.0798 831.5
1 32 24 67.42 0.1154 143.4
1 32 18 75.06 0.0522 359.1
1 32 43 67.47 0.0950 766.3
1 32 21 48.45 0.1096 792.7
1 32 39 132.30 0.0850 338.0
1 32 20 127.80 0.1046 625.3
1 32 33 262.15 0.0752 498.2
1 32 29 178.50 0.1021 416.4
1 32 15 384.58 0.1580 919.3
1 32 30 110.12 0.0730 877.7
1 32 19 142.10 0.0478 221.0
1 32 32 74.85 0.1055 285.6
1 32 29 159.66 0.0476 605.0
1 32 41 641.84 0.0401 899.9
1 32 38 94.09 0.0824 366.5
1 32 16 84.54 0.1264 153.3
1 32 20 126.72 0.0542 86.6
1 32 44 160.35 0.0710 860.4
1 32 19 52.21 0.0737 537.1
1 32 32 109.05 0.0971 392.3
1 32 15 101.30 0.0842 115.8
1 32 20 54.40 0.1339 924.2
1 32 27 172.03 0.0633 268.2
1 32 35 104.22 0.0733 385.4
1 32 17 57.02 0.1002 933.5
1 32 28 94.17 0.0699 554.4
1 32 31 89.94 0.0739 697.0
1 32 25 53.38 0.0844 701.6
1 32 41 145.44 0.0642 94.3
1 32 29 105.83 0.0950 334.0
1 32 39 118.79 0.0714 551.2
1 32 30 126.01 0.0946 845.6
1 32 46 292.71 0.0551 761.6
1 32 42 103.16 0.1044 815.0
1 32 26 184.28 0.0542 921.1
1 32 19 138.22 0.0810 239.1
1 32 16 142.68 0.0696 92.0
1 32 38 92.12 0.0790 838.8
1 32 18 113.96 0.0700 626.4
1 32 16 69.72 0.0429 370.2
1 32 37 155.35 0.0579 55.5
1 32 33 156.79 0.0846 185.3
1 32 25 202.48 0.0552 834.5
1 32 37 252.20 0.0727 798.9
1 32 26 165.07 0.0827 334.9
1 32 31 208.07 0.0886 933.2
1 32 33 287.98 0.0748 60.5
1 32 39 48.01 0.1223 415.7
1 32 37 171.66 0.0635 824.0
1 32 28 91.96 0.0860 99.5
1 32 31 69.41 0.0977 704.6
1 32 24 115.48 0.0952 577.4
1 32 41 415.67 0.0596 373.6
1 32 24 113.02 0.0760 533.7
1 32 38 66.89 0.0915 722.5
1 32 27 52.69 0.1064 36.8
1 32 36 157.23 0.0565 787.8
1 32 27 80.13 0.1021 586.3
1 32 33 53.87 0.1051 577.5
1 32 40 94.25 0.0692 839.1
1 32 33 84.93 0.0812 886.8
1 32 16 71.90 0.0735 399.5
1 32 16 150.93 0.0542 419.4
1 32 29 240.96 0.0606 158.6
1 32 23 82.74 0.1058 179.5
1 32 16 117.00 0.0504 360.7
1 32 15 80.44 0.1500 919.6
1 32 18 74.30 0.1150 961.4
1 32 23 187.21 0.0714 50.9
1 32 19 59.40 0.0787 706.3
1 32 18 86.87 0.0588 317.3
1 32 26 89.32 0.0801 802.0
1 32 13 158.62 0.1329 894.2
1 32 21 46.35 0.0963 300.8
1 32 28 49.03 0.1247 686.0
1 32 43 469.78 0.0627 900.4
1 32 26 84.07 0.1107 845.9
1 32 35 159.75 0.0842 897.3
1 32 26 56.00 0.1300 913.0
1 32 27 244.19 0.0518 41.1
1 32 18 277.03 0.0556 722.0
1 32 33 180.50 0.0469 421.0
1 32 24 233.51 0.0703 609.2
1 32 28 89.36 0.1280 19.3
1 32 35 273.08 0.0894 577.7
1 32 37 184.07 0.0763 850.2
1 32 38 359.33 0.0641 567.6
1 32 38 115.16 0.0811 158.1
1 32 33 99.27 0.0870 544.3
1 32 34 58.97 0.1095 472.7
1 32 37 106.20 0.0775 447.8
1 32 38 89.37 0.1054 809.1
1 32 35 46.32 0.1020 494.0
1 32 42 108.52 0.0706 84.5
1 32 41 234.35 0.0570 175.3
1 32 39 106.78 0.0680 342.0
1 32 16 47.77 0.1081 648.7
1 32 41 107.49 0.0795 45.5
1 32 30 46.98 0.1173 484.3
1 32 31 149.45 0.0629 28.8
1 32 33 114.85 0.0730 206.8
1 32 19 52.83 0.1410 509.9
1 32 40 138.01 0.0908 863.3
1 32 41 91.54 0.0747 465.6
1 32 17 106.12 0.0496 526.4
1 32 27 250.89 0.0498 222.7
1 32 28 92.96 0.1143 478.0
1 32 36 85.11 0.0805 754.1
1 32 24 251.94 0.0501 937.1
1 32 15 83.07 0.0879 775.6
1 32 27 89.66 0.0764 105.0
1 32 33 93.60 0.0798 217.0
1 32 40 97.86 0.0672 763.9
1 32 22 114.46 0.0743 771.8
1 32 26 222.35 0.0609 491.3
1 32 16 145.25 0.1467 886.8
1 32 37 144.06 0.0649 661.4
1 32 41 152.84 0.0644 301.4
1 32 20 209.67 0.0467 776.4
1 32 25 220.68 0.0565 715.4
1 32 37 137.66 0.0808 888.4
1 32 38 99.08 0.0891 179.5
1 32 37 103.79 0.0862 875.0
1 32 41 58.34 0.1183 771.5
1 32 39 78.57 0.1024 326.8
1 32 33 159.67 0.0514 921.0
1 32 42 247.19 0.0701 284.8
1 32 16 71.08 0.1207 528.3
1 32 19 555.06 0.0531 722.4
1 32 13 210.92 0.1531 886.3
1 32 34 60.52 0.1111 212.0
1 32 28 62.23 0.1246 559.4
1 32 29 69.09 0.0684 783.5
1 32 35 151.00 0.0647 911.5
1 32 35 85.13 0.0976 822.4
1 32 42 100.76 0.1067 765.0
1 32 37 248.05 0.0633 237.0
1 32 36 227.20 0.0642 800.3
1 32 33 101.03 0.1001 862.9
1 32 27 99.18 0.0618 909.4
1 32 35 90.22 0.1004 145.0
1 32 40 342.51 0.0767 172.6
1 32 33 143.96 0.0875 718.7
1 32 35 115.88 0.0920 789.6
1 32 31 225.52 0.0691 187.0
1 32 38 115.03 0.0628 88.0
1 32 38 96.89 0.0829 502.1
1 32 33 152.84 0.0976 77.8
1 32 26 353.12 0.0656 732.9
1 32 31 110.29 0.0789 358.5
1 32 21 217.44 0.0426 110.6
1 32 36 139.43 0.0711 517.9
1 32 27 147.81 0.0732 218.5
1 32 24 195.63 0.0695 760.4
1 32 39 132.09 0.0670 444.7
1 32 28 55.70 0.1164 195.8
1 32 28 178.35 0.0540 929.0
1 32 34 114.01 0.0861 388.0
1 32 36 95.35 0.0855 425.0
1 32 29 236.54 0.0640 734.4
1 32 28 153.54 0.0809 453.0
1 32 36 90.04 0.0850 825.7
1 32 15 260.45 0.0702 617.5
1 32 35 229.22 0.0772 878.5
1 32 38 136.41 0.0865 229.6
1 32 25 175.12 0.0621 375.2
1 32 23 61.91 0.1113 970.0
1 32 38 67.32 0.0872 392.3
1 32 28 60.60 0.1062 442.9
1 32 23 177.42 0.1362 261.9
1 32 16 48.89 0.1213 480.0
1 32 20 551.52 0.0690 719.6
1 32 19 127.52 0.0460 728.1
1 32 38 126.23 0.0695 881.2
1 32 37 48.35 0.0927 522.1
1 32 34 58.62 0.0849 159.8
1 32 41 67.45 0.1040 200.6
1 32 30 113.21 0.0665 659.4
1 32 35 76.25 0.0847 503.2
1 32 32 95.09 0.0964 499.5
1 32 29 61.41 0.0969 251.0
1 32 24 93.54 0.0610 729.8
1 32 31 134.51 0.0753 492.0
1 32 14 175.64 0.0809 162.1
1 32 36 282.86 0.0827 555.3
1 32 37 127.38 0.0684 884.9
1 32 34 121.10 0.0847 863.4
1 32 29 331.37 0.0702 734.5
1 32 29 106.21 0.1033 144.7
1 32 40 79.81 0.0851 863.4
1 32 27 76.53 0.0950 789.5
1 32 33 59.91 0.0771 118.5
1 32 25 67.22 0.0868 188.1
1 32 30 150.54 0.0777 27.8
1 32 33 181.32 0.0648 514.6
1 32 32 222.30 0.0638 889.5
1 32 29 52.00 0.1018 643.1
1 32 32 94.22 0.0851 570.9
1 32 21 56.77 0.1268 606.7
1 32 37 73.12 0.0795 875.4
1 32 32 77.17 0.1128 452.3
1 32 15 50.11 0.1114 395.9
1 32 34 243.19 0.0547 717.9
1 32 22 88.33 0.0917 477.3
1 32 18 229.67 0.0355 416.8
1 32 25 115.24 0.0865 498.5
1 32 24 62.11 0.1097 336.9
1 32 42 166.33 0.0572 664.2
1 32 36 92.74 0.0804 427.6
1 32 36 120.87 0.0534 553.0
1 32 36 74.89 0.0939 570.0
1 32 31 47.86 0.0855 585.7
1 32 19 83.55 0.0534 50.8
1 32 37 117.64 0.0587 511.3
1 32 20 849.90 0.0742 921.9
1 32 16 54.72 0.0516 865.1
1 32 18 272.60 0.0459 367.1
1 32 17 177.27 0.0627 935.1
1 32 26 54.60 0.1055 802.9
1 32 29 210.80 0.0409 686.8
1 32 38 309.63 0.0537 420.4
1 32 41 102.20 0.0717 283.9
1 32 35 59.24 0.0829 722.5
1 32 22 98.43 0.0650 862.8
1 32 24 170.44 0.0604 890.9
1 32 23 91.86 0.0862 18.3
1 32 40 73.24 0.0789 400.9
1 32 31 76.91 0.1071 476.2
1 32 20 47.64 0.0682 453.9
1 32 18 439.10 0.0454 391.3
1 32 18 86.71 0.0487 8.9
1 32 33 316.38 0.0487 480.3
1 32 37 131.40 0.0790 200.0
1 32 34 113.34 0.0619 418.7
1 32 15 220.29 0.0348 374.8
1 32 30 161.69 0.1038 916.9
1 32 31 92.45 0.0961 441.5
1 32 16 173.58 0.0463 703.2
1 32 14 97.94 0.0980 434.4
1 32 27 120.28 0.0889 890.5
1 32 17 147.41 0.0501 921.1
1 32 17 256.01 0.0512 54.5
1 32 13 47.03 0.0574 24.3
1 32 16 95.54 0.0487 941.3
1 32 18 45.01 0.1215 6.4
1 32 30 286.81 0.0843 142.4
1 32 25 110.91 0.0560 628.3
1 32 38 75.98 0.0711 558.6
1 32 24 177.96 0.0583 650.5
1 32 35 117.86 0.0916 924.6
1 32 30 53.44 0.0987 880.5
1 32 27 81.19 0.0875 788.3
1 32 40 45.05 0.1116 420.0
1 32 14 138.34 0.1238 292.4
1 32 19 250.04 0.0692 594.8
1 32 37 105.77 0.0824 862.4
1 32 38 58.82 0.1086 271.8
1 32 28 100.51 0.1008 81.7
1 32 47 93.54 0.0707 932.6
1 32 41 116.82 0.0720 874.8
1 32 23 48.62 0.1090 401.8
1 32 21 109.49 0.0517 424.3
1 32 26 199.04 0.0636 743.3
1 32 15 97.46 0.1022 592.6
1 32 19 46.00 0.1059 837.9
1 32 31 99.89 0.1037 958.6
1 32 32 75.67 0.0986 684.7
1 32 24 86.17 0.0647 424.1
1 32 42 209.98 0.0556 882.8
1 32 27 106.52 0.0761 491.2
1 32 35 142.72 0.0749 629.1
1 32 22 45.05 0.0856 826.3
1 32 15 106.81 0.0923 383.0
1 32 20 45.50 0.1066 301.8
1 32 24 71.13 0.1185 408.5
1 32 29 151.44 0.0810 205.4
1 32 17 89.53 0.0553 875.4
1 32 14 106.82 0.0977 871.3
1 32 14 75.49 0.0637 710.9
1 32 16 121.45 0.0680 481.1
1 32 21 91.03 0.0590 757.3
1 32 18 157.74 0.0769 60.0
1 32 13 66.56 0.1393 890.7
1 32 16 46.09 0.0937 880.3
1 32 14 134.26 0.0523 955.4
1 32 38 81.17 0.0990 623.6
1 32 14 56.60 0.0925 396.4
1 32 26 114.85 0.0714 601.5
1 32 20 65.67 0.1171 787.4
1 32 20 49.96 0.1234 772.9
1 32 15 71.66 0.1320 337.9
1 32 31 180.49 0.0680 58.8
1 32 21 102.08 0.0433 910.9
1 32 17 113.40 0.0765 855.7
1 32 25 106.11 0.0829 166.4
1 32 19 243.81 0.1006 542.0
1 32 22 51.72 0.1237 623.6
1 32 37 156.32 0.0620 223.6
1 32 15 113.43 0.0464 601.4
1 32 24 159.57 0.0308 626.4
1 32 31 139.75 0.1040 483.7
1 32 16 144.72 0.0558 116.0
1 32 17 157.51 0.0808 723.4
1 32 13 68.85 0.1193 886.9
1 32 24 102.24 0.0820 503.8
1 32 17 96.01 0.0809 170.6
1 32 16 341.48 0.0428 385.4
1 32 17 55.20 0.1394 229.2
1 32 13 94.52 0.1415 886.7
1 32 23 92.69 0.0807 17.1
1 32 15 257.51 0.0794 865.6
1 32 16 122.21 0.0494 700.7
1 32 33 62.51 0.1195 131.2
1 32 22 181.41 0.0637 44.0
1 32 24 73.97 0.1331 685.6
1 32 18 198.10 0.0535 49.9
1 32 22 66.21 0.1117 930.6
1 32 17 267.41 0.0463 814.3
1 32 17 116.43 0.0572 382.6
1 32 19 69.71 0.0829 16.1
1 32 20 122.21 0.0587 582.6
1 32 22 45.21 0.1119 663.4
1 32 17 83.36 0.0560 550.4
1 32 26 89.32 0.0807 657.3
1 32 14 526.70 0.0825 698.6
1 32 15 239.83 0.0530 46.6
1 32 13 121.21 0.0456 19.6
1 32 14 61.18 0.0636 663.2
1 32 13 84.39 0.0525 271.8
1 32 20 58.27 0.1215 356.6
1 32 17 81.12 0.0505 345.0
1 33 43 116.50 0.0942 256.6
1 33 35 139.36 0.0759 388.1
1 33 18 223.71 0.0485 440.5
1 33 25 137.46 0.0808 149.0
1 33 42 111.98 0.1088 149.6
1 33 30 77.52 0.1170 48.5
1 33 19 189.14 0.0704 434.7
1 33 14 88.88 0.1252 231.2
1 33 16 69.13 0.0400 501.7
1 33 37 87.64 0.1100 59.2
1 33 33 66.54 0.1087 923.7
1 33 29 234.87 0.0775 319.4
1 33 25 94.56 0.0647 469.2
1 33 19 226.19 0.0664 925.4
1 33 19 88.02 0.0694 571.3
1 33 18 137.27 0.0623 46.5
1 33 14 163.86 0.0420 244.6
1 33 16 62.84 0.0634 89.6
1 33 21 52.79 0.1233 481.7
1 33 32 68.69 0.1223 826.0
1 33 24 76.75 0.0924 906.9
1 33 28 99.57 0.0705 158.9
1 33 29 53.69 0.1140 865.9
1 33 16 133.66 0.0614 731.6
1 33 28 72.83 0.0961 741.0
1 33 33 89.87 0.0996 555.3
1 33 28 79.63 0.0878 371.3
1 33 19 79.25 0.0523 403.1
1 33 23 84.36 0.0422 359.9
1 33 26 114.90 0.0793 938.8
1 33 30 154.32 0.0956 625.1
1 33 14 149.79 0.0861 664.9
1 33 27 116.80 0.0699 483.0
1 33 28 231.84 0.0416 114.8
1 33 39 130.23 0.0574 539.0
1 33 23 99.12 0.1086 88.7
1 33 22 602.67 0.1022 143.8
1 33 13 54.98 0.1161 331.1
1 33 33 63.50 0.0622 586.0
1 33 26 140.88 0.0441 522.3
1 33 37 94.06 0.0783 32.6
1 33 17 50.66 0.1379 665.1
1 33 28 55.97 0.1127 747.1
1 33 25 79.08 0.0750 809.0
1 33 30 78.35 0.1070 611.3
1 33 28 72.15 0.0633 494.8
1 33 39 165.50 0.0708 596.7
1 33 39 201.98 0.0682 214.0
1 33 36 166.02 0.0645 757.5
1 33 23 61.07 0.0548 901.7
1 33 25 60.04 0.1002 760.2
1 33 34 95.16 0.0831 64.7
1 33 28 78.87 0.0808 526.6
1 33 31 652.03 0.0629 507.7
1 33 26 58.79 0.1326 686.8
1 33 39 148.65 0.0811 66.8
1 33 30 209.96 0.0715 872.1
1 33 31 61.60 0.0942 694.7
1 33 35 58.55 0.1153 351.4
1 33 16 52.13 0.0559 601.1
1 33 34 189.51 0.0765 892.1
1 33 25 129.38 0.0693 557.2
1 33 37 115.01 0.0762 405.1
1 33 21 151.50 0.0622 930.5
1 33 20 58.58 0.0914 71.3
1 33 40 155.30 0.0689 723.1
1 33 35 144.35 0.0845 920.0
1 33 36 290.25 0.0757 430.1
1 33 17 65.64 0.0527 506.4
1 33 21 51.91 0.1112 710.4
1 33 42 83.31 0.0858 435.4
1 33 34 153.13 0.0737 232.4
1 33 18 101.71 0.1008 678.9
1 33 15 130.43 0.0623 352.6
1 33 17 169.44 0.0465 239.5
1 33 16 46.47 0.0493 636.8
1 33 30 69.50 0.0977 233.0
1 33 30 296.12 0.0577 553.3
1 33 18 74.63 0.0887 443.6
1 33 28 138.67 0.0663 225.1
1 33 39 179.89 0.0710 179.8
1 33 35 191.93 0.0738 684.4
1 33 36 115.02 0.0837 196.8
1 33 13 221.64 0.0676 213.0
1 33 27 51.49 0.1069 568.3
1 33 15 101.91 0.0587 13.0
1 33 14 262.40 0.0810 142.1
1 33 22 87.64 0.0857 468.3
1 33 24 63.57 0.0628 115.8
1 33 28 108.75 0.0844 274.6
1 33 18 154.44 0.0243 320.3
1 33 17 77.55 0.0448 31.0
1 33 29 47.53 0.1262 637.0
1 33 22 50.57 0.1185 557.0
1 33 28 113.94 0.0633 498.1
1 33 17 77.78 0.0485 781.3
1 33 23 66.01 0.1122 357.1
1 33 36 46.21 0.1260 178.1
1 33 31 331.36 0.0979 181.7
1 33 42 61.51 0.1191 158.0
1 33 36 73.20 0.0873 214.2
1 33 16 100.18 0.0753 538.9
1 33 17 373.21 0.1006 932.0
1 33 16 46.95 0.0669 404.7
1 33 15 179.34 0.0371 25.5
1 33 21 115.94 0.0780 148.5
1 33 43 174.54 0.0757 340.8
1 33 38 306.92 0.0700 907.7
1 33 15 60.12 0.0566 73.3
1 33 22 72.74 0.1280 455.1
1 33 38 86.86 0.1026 618.6
1 33 39 129.80 0.0777 456.4
1 33 23 90.56 0.0649 494.1
1 33 19 143.22 0.0760 206.4
1 33 40 101.78 0.0955 126.5
1 33 37 67.18 0.1162 183.1
1 33 35 98.65 0.1131 34.0
1 33 45 217.83 0.0837 694.7
1 33 39 534.81 0.0644 407.3
1 33 41 55.09 0.0982 763.6
1 33 45 98.11 0.0866 742.1
1 33 23 53.41 0.1372 102.4
1 33 23 128.64 0.0790 327.0
1 33 30 46.33 0.1531 182.2
1 33 31 150.98 0.0843 199.0
1 33 15 130.14 0.0854 10.5
1 33 21 69.49 0.1235 659.2
1 33 36 63.54 0.1036 267.7
1 33 33 110.06 0.1032 543.1
1 33 23 244.22 0.0770 175.5
1 33 37 74.13 0.0861 510.3
1 33 33 119.90 0.0976 166.4
1 33 34 119.13 0.0773 747.3
1 33 30 68.08 0.0632 667.8
1 33 19 58.90 0.0923 931.3
1 33 16 130.69 0.0486 35.7
1 33 32 68.72 0.1086 546.1
1 33 34 100.87 0.0612 726.1
1 33 40 89.09 0.1058 567.2
1 33 38 146.73 0.0699 395.1
1 33 20 121.30 0.0616 224.1
1 33 32 205.68 0.0750 482.1
1 33 16 61.57 0.0938 223.4
1 33 41 144.49 0.0959 170.8
1 33 22 274.65 0.0589 633.6
1 33 33 111.74 0.0622 553.4
1 33 22 240.54 0.0618 291.0
1 33 23 122.03 0.0914 531.4
1 33 33 88.24 0.0937 184.1
1 33 39 143.33 0.0930 566.7
1 33 14 85.31 0.0956 488.1
1 33 18 92.98 0.0643 476.1
1 33 26 90.90 0.0793 454.6
1 33 20 120.19 0.1041 480.3
1 33 20 70.80 0.0587 935.8
1 33 31 176.25 0.0969 531.5
1 33 30 112.64 0.0732 593.6
1 33 39 46.61 0.1104 715.0
1 33 31 206.31 0.0791 96.0
1 33 36 144.38 0.0677 279.3
1 33 22 188.93 0.0392 469.2
1 33 37 105.96 0.0871 213.0
1 33 23 108.20 0.0715 222.3
1 33 39 235.44 0.0409 225.6
1 33 39 113.91 0.0877 727.3
1 33 20 60.29 0.1072 515.0
1 33 29 52.16 0.1351 632.6
1 33 32 45.79 0.1137 442.0
1 33 33 85.10 0.0492 902.6
1 33 22 93.41 0.0680 444.4
1 33 38 78.83 0.0880 712.0
1 33 24 59.13 0.0668 599.5
1 33 43 71.73 0.0853 103.6
1 33 26 53.49 0.1149 94.8
1 33 42 82.07 0.0650 908.7
1 33 20 158.83 0.0595 61.3
1 33 29 92.67 0.1174 537.6
1 33 36 108.07 0.0554 903.5
1 33 29 102.45 0.0607 751.4
1 33 19 47.63 0.0642 566.4
1 33 23 152.34 0.0506 452.4
1 33 13 129.75 0.0466 27.9
1 33 21 94.97 0.1117 586.3
1 33 30 80.79 0.0973 960.1
1 33 22 238.59 0.0710 476.0
1 33 18 209.83 0.0560 638.3
1 33 17 83.42 0.0811 458.4
1 33 34 127.12 0.0838 221.6
1 33 43 186.48 0.0569 546.9
1 33 24 113.34 0.0515 45.3
1 33 36 159.36 0.0683 231.7
1 33 31 113.00 0.0792 892.8
1 33 13 104.08 0.0803 78.1
1 33 34 124.37 0.0721 362.9
1 33 19 315.31 0.0546 444.7
1 33 25 58.88 0.1112 27.4
1 33 17 60.40 0.1855 91.5
1 33 37 230.79 0.0721 64.4
1 33 33 276.75 0.0618 127.5
1 33 30 63.82 0.0980 214.2
1 33 42 146.52 0.0713 582.6
1 33 45 113.65 0.0741 485.8
1 33 22 141.57 0.0498 17.8
1 33 33 49.63 0.1306 6.2
1 33 31 60.72 0.1162 625.3
1 33 37 148.94 0.0648 500.0
1 33 34 85.30 0.0744 274.5
1 33 37 47.66 0.1204 553.7
1 33 39 114.22 0.0689 252.3
1 33 31 51.12 0.0839 599.7
1 33 31 48.01 0.1090 87.9
1 33 42 88.73 0.0891 573.5
1 33 21 106.97 0.0804 3.7
1 33 13 143.57 0.0624 865.9
1 33 39 82.03 0.0807 688.7
1 33 40 106.54 0.1017 881.7
1 33 37 186.44 0.0646 229.9
1 33 28 62.49 0.0978 296.7
1 33 39 66.73 0.1061 127.6
1 33 32 65.10 0.1260 122.0
1 33 36 81.24 0.1049 684.3
1 33 39 634.54 0.0549 196.5
1 33 36 154.45 0.0674 685.4
1 33 23 105.51 0.0903 894.2
1 33 39 73.09 0.1137 528.2
1 33 31 314.37 0.0532 120.2
1 33 21 115.57 0.0678 168.0
1 33 29 152.92 0.1156 806.5
1 33 23 82.26 0.0902 593.0
1 33 35 107.89 0.0777 201.6
1 33 38 108.08 0.0667 281.3
1 33 20 173.41 0.0875 579.2
1 33 37 127.38 0.0710 366.2
1 33 33 74.04 0.1122 61.8
1 33 23 95.08 0.0501 56.9
1 33 21 55.30 0.1405 717.7
1 33 31 91.48 0.0681 766.4
1 33 37 72.90 0.0893 246.7
1 33 36 60.22 0.1147 233.0
1 33 29 67.95 0.0877 810.0
1 33 32 252.12 0.0793 167.4
1 33 39 55.80 0.1041 661.4
1 33 29 66.47 0.1088 624.3
1 33 21 133.91 0.0648 585.0
1 33 35 116.19 0.0731 149.3
1 33 19 52.32 0.1018 741.0
1 33 17 129.28 0.0704 556.8
1 33 13 61.61 0.0763 853.6
1 33 13 117.05 0.1553 915.6
1 33 35 132.42 0.0605 589.6
1 33 35 118.95 0.0796 776.5
1 33 37 79.82 0.0876 311.2
1 33 31 178.54 0.0707 289.5
1 33 33 359.39 0.0488 152.5
1 33 43 139.75 0.0684 317.3
1 33 31 153.82 0.0610 471.1
1 33 16 71.68 0.1394 240.2
1 33 28 53.41 0.1220 359.9
1 33 29 255.46 0.0738 611.5
1 33 33 229.79 0.0705 442.6
1 33 26 277.21 0.0646 52.6
1 33 28 139.85 0.0468 928.7
1 33 27 75.86 0.0757 728.3
1 33 35 120.97 0.0830 31.4
1 33 35 204.10 0.0548 825.7
1 33 25 242.60 0.0648 685.5
1 33 30 50.31 0.0798 550.1
1 33 32 89.54 0.1040 531.7
1 33 26 80.56 0.0699 89.6
1 33 20 138.73 0.1032 642.4
1 33 34 104.22 0.0859 589.2
1 33 32 55.77 0.1296 651.9
1 33 31 117.77 0.0624 365.8
1 33 42 125.90 0.0725 872.7
1 33 25 60.54 0.0838 182.7
1 33 33 96.89 0.0633 93.8
1 33 21 89.95 0.1039 382.5
1 33 19 116.34 0.0548 949.4
1 33 17 58.30 0.0752 537.2
1 33 32 60.84 0.0977 670.6
1 33 24 117.84 0.0679 715.6
1 33 33 91.96 0.0616 554.1
1 33 39 72.18 0.0702 376.8
1 33 23 73.25 0.0944 142.3
1 33 23 62.51 0.0768 209.2
1 33 42 102.18 0.0858 633.8
1 33 17 62.73 0.0934 144.3
1 33 34 177.19 0.0455 470.8
1 33 34 110.10 0.0652 849.2
1 33 25 513.19 0.0607 393.0
1 33 19 48.93 0.1063 72.0
1 33 31 89.69 0.0820 63.6
1 33 26 50.41 0.0813 173.0
1 33 30 45.01 0.1046 289.0
1 33 28 198.68 0.0424 266.1
1 33 35 257.09 0.0592 560.5
1 33 21 68.14 0.1199 351.6
1 33 36 222.86 0.0861 63.4
1 33 28 53.43 0.0703 122.3
1 33 25 48.92 0.1198 605.8
1 33 35 57.75 0.0836 620.5
1 33 31 108.52 0.0797 26.7
1 33 29 161.57 0.0693 262.4
1 33 17 333.15 0.0760 138.5
1 33 23 61.51 0.1039 965.5
1 33 18 81.36 0.0591 215.9
1 33 40 167.74 0.0780 201.3
1 33 31 83.10 0.1073 320.7
1 33 42 70.62 0.0831 767.0
1 33 24 94.23 0.0982 81.5
1 33 35 77.45 0.1135 51.6
1 33 20 68.06 0.0947 934.5
1 33 27 132.26 0.0622 662.8
1 33 30 305.06 0.0399 555.9
1 33 42 104.56 0.0993 244.5
1 33 41 85.80 0.0791 268.6
1 33 32 105.88 0.0872 753.6
1 33 28 127.23 0.0638 398.4
1 33 30 103.27 0.0635 543.9
1 33 21 251.61 0.1047 187.6
1 33 19 162.14 0.0840 886.7
1 33 28 52.85 0.1353 313.3
1 33 28 167.54 0.0595 132.7
1 33 23 99.33 0.0805 847.4
1 33 26 97.22 0.1240 452.1
1 33 21 63.54 0.0894 264.7
1 33 18 184.53 0.0594 149.0
1 33 19 92.81 0.0647 627.2
1 33 31 137.57 0.1004 563.0
1 33 30 92.26 0.1002 214.0
1 33 29 72.81 0.1246 634.2
1 33 28 74.06 0.1131 334.9
1 33 13 78.68 0.0988 242.1
1 33 27 110.94 0.0837 852.9
1 33 14 45.09 0.1139 520.1
1 33 21 176.43 0.0492 36.2
1 33 19 68.12 0.1031 579.1
1 33 19 362.68 0.0473 423.5
1 33 19 65.88 0.1115 359.7
1 33 15 319.30 0.1032 228.8
1 33 24 185.54 0.0605 99.1
1 33 18 136.69 0.0319 742.1
1 33 31 78.95 0.1015 228.0
1 33 14 74.86 0.1109 57.6
1 33 18 387.67 0.0504 465.4
1 33 16 49.08 0.0849 131.7
1 33 15 123.48 0.0537 461.5
1 33 29 99.76 0.0889 556.4
1 33 33 95.67 0.1024 30.7
1 33 16 67.32 0.0649 56.1
1 33 19 131.26 0.0410 71.3
1 33 15 83.72 0.0898 437.4
1 33 28 123.28 0.0634 762.6
1 33 26 87.53 0.0890 449.4
1 33 29 249.82 0.0534 201.6
1 33 21 829.17 0.1621 652.5
1 33 23 68.78 0.0870 618.1
1 33 18 208.11 0.0562 515.7
1 33 35 292.54 0.0915 550.2
1 33 19 189.96 0.0581 49.0
1 33 17 344.31 0.0793 143.4
1 33 27 154.85 0.0957 739.6
1 33 19 74.75 0.0490 460.6
1 33 18 70.57 0.0543 835.7
1 33 27 196.40 0.0529 193.5
1 33 23 48.81 0.1058 32.0
1 33 16 61.64 0.1020 520.7
1 33 13 206.68 0.0643 431.6
1 33 21 56.88 0.1077 943.9
1 33 29 59.31 0.1269 241.5
1 33 15 55.11 0.0685 489.0
1 33 16 117.56 0.0895 155.5
1 33 15 65.32 0.0750 270.8
1 33 17 164.33 0.0523 322.9
1 33 15 168.44 0.0446 272.8
1 33 16 759.40 0.0581 748.6
1 33 15 397.55 0.0393 528.8
1 33 14 47.25 0.0819 815.2
1 33 19 211.80 0.0890 406.2
1 33 19 45.30 0.1120 17.8
1 33 14 47.46 0.1223 97.5
1 33 13 59.44 0.0486 443.2
1 33 18 63.92 0.0522 925.3
1 33 17 46.17 0.1252 901.8
1 33 29 76.54 0.1042 107.4
1 33 28 209.86 0.0524 206.4
1 33 16 146.19 0.0615 606.1
1 33 19 90.86 0.0720 505.3
1 33 36 143.27 0.0942 288.7
1 33 37 179.46 0.0654 681.5
1 33 26 123.36 0.1214 478.0
1 33 30 55.05 0.0967 202.0
1 33 26 59.28 0.0385 832.8
1 33 17 107.34 0.0778 858.2
1 33 17 173.83 0.0786 1.8
1 33 18 57.84 0.0635 671.4
1 33 25 76.21 0.0614 320.6
1 33 25 133.21 0.0586 292.5
1 33 24 152.96 0.0555 520.7
1 33 22 136.72 0.0546 649.1
1 33 22 45.56 0.0992 217.6
1 33 20 149.47 0.0535 152.7
1 33 15 109.17 0.0777 445.0
1 33 19 81.36 0.1398 250.1
1 33 16 110.88 0.0713 574.4
1 34 30 117.09 0.0830 95.4
1 34 34 105.12 0.0993 655.2
1 34 20 93.12 0.0892 163.9
1 34 37 83.36 0.0912 462.4
1 34 33 77.32 0.1032 166.5
1 34 33 113.71 0.0930 611.2
1 34 34 141.81 0.0844 838.2
1 34 38 113.15 0.0704 419.8
1 34 25 52.70 0.0886 53.2
1 34 20 125.19 0.0877 679.8
1 34 35 93.58 0.1403 582.3
1 34 31 154.39 0.1039 110.8
1 34 32 126.20 0.0562 379.7
1 34 29 92.60 0.0907 148.5
1 34 23 144.82 0.0576 532.8
1 34 29 98.36 0.1310 843.9
1 34 30 115.34 0.0872 373.1
1 34 30 166.95 0.0825 573.5
1 34 21 53.85 0.1060 445.3
1 34 42 84.28 0.1155 688.2
1 34 17 184.30 0.0555 308.8
1 34 28 96.95 0.0842 414.0
1 34 29 134.79 0.0773 898.2
1 34 31 103.81 0.0725 203.1
1 34 35 73.33 0.1196 91.7
1 34 32 59.01 0.1305 383.5
1 34 28 80.38 0.0775 551.0
1 34 17 180.98 0.0728 481.4
1 34 29 217.97 0.0627 63.0
1 34 28 103.63 0.0929 237.0
1 34 38 101.67 0.0598 779.8
1 34 30 227.83 0.0747 289.1
1 34 39 58.77 0.0946 926.7
1 34 32 175.91 0.0658 63.1
1 34 29 99.82 0.0722 586.4
1 34 21 261.76 0.1027 124.6
1 34 23 47.43 0.1355 944.2
1 34 33 118.67 0.0775 90.3
1 34 19 330.20 0.0325 168.0
1 34 33 85.80 0.0918 225.4
1 34 20 65.65 0.1057 438.7
1 34 38 86.82 0.0818 490.9
1 34 22 150.12 0.0666 305.5
1 34 37 485.25 0.0690 296.5
1 34 25 67.26 0.0883 276.6
1 34 27 177.35 0.0923 208.4
1 34 39 205.08 0.0620 766.9
1 34 21 160.29 0.1601 899.7
1 34 17 179.61 0.0787 906.7
1 34 32 172.00 0.0537 242.3
1 34 37 111.23 0.0940 449.0
1 34 21 46.92 0.1128 281.9
1 34 38 49.98 0.1169 357.7
1 34 23 68.77 0.0930 351.7
1 34 36 98.52 0.1090 937.0
1 34 33 119.42 0.0657 274.3
1 34 41 117.04 0.0597 302.5
1 34 27 50.48 0.0947 280.6
1 34 41 134.22 0.0751 451.5
1 34 30 175.72 0.0797 653.8
1 34 24 414.38 0.0690 59.2
1 34 35 75.62 0.0864 728.4
1 34 38 84.91 0.1073 796.7
1 34 36 166.82 0.0556 623.4
1 34 19 175.81 0.0366 608.5
1 34 36 249.30 0.0693 450.7
1 34 23 47.17 0.1173 52.7
1 34 35 65.19 0.1001 134.7
1 34 26 67.07 0.0730 76.8
1 34 31 185.30 0.0537 16.4
1 34 30 54.11 0.1073 307.9
1 34 40 183.77 0.0632 464.4
1 34 20 46.37 0.0707 888.5
1 34 34 85.36 0.0693 364.1
1 34 30 53.95 0.0870 191.7
1 34 41 120.25 0.0618 672.9
1 34 38 180.50 0.0798 934.7
1 34 29 72.63 0.0813 787.4
1 34 29 59.98 0.1031 443.7
1 34 32 131.56 0.0853 362.6
1 34 25 94.94 0.0767 336.4
1 34 30 179.63 0.0761 32.1
1 34 19 48.26 0.0629 137.1
1 34 36 147.16 0.0764 308.2
1 34 22 115.06 0.0508 534.8
1 34 24 112.63 0.0671 109.1
1 34 21 172.39 0.0649 113.8
1 34 34 295.82 0.1077 182.4
1 34 28 207.14 0.0776 631.2
1 34 25 224.05 0.0533 727.0
1 34 24 212.05 0.0918 286.5
1 34 20 148.95 0.0571 137.7
1 34 30 405.67 0.0696 78.1
1 34 26 61.44 0.0845 668.0
1 34 30 159.24 0.0580 381.1
1 34 31 348.88 0.0626 372.1
1 34 31 93.68 0.0790 350.1
1 34 30 89.47 0.0999 74.6
1 34 27 80.77 0.1180 533.3
1 34 37 51.66 0.1040 460.5
1 34 28 146.01 0.0902 387.3
1 34 17 102.15 0.1248 677.8
1 34 32 86.95 0.0659 675.6
1 34 24 63.59 0.0919 308.9
1 34 25 54.75 0.1245 299.8
1 34 24 46.59 0.1145 867.1
1 34 26 536.43 0.0684 677.5
1 34 21 83.51 0.0646 71.9
1 34 21 179.61 0.0700 612.8
1 34 39 411.09 0.0588 330.2
1 34 16 99.48 0.0631 953.0
1 34 28 268.54 0.0463 672.4
1 34 18 59.31 0.0840 950.6
1 34 28 122.63 0.0669 339.1
1 34 25 68.20 0.0943 886.5
1 34 42 119.48 0.0799 446.3
1 34 41 71.11 0.0926 729.9
1 34 28 82.81 0.1027 915.2
1 34 41 124.42 0.0678 673.9
1 34 28 55.06 0.1418 179.5
1 34 41 267.54 0.0759 46.0
1 34 37 145.95 0.0757 429.6
1 34 32 49.99 0.0975 616.8
1 34 29 164.84 0.0679 713.0
1 34 30 54.96 0.1395 436.8
1 34 35 130.27 0.0724 73.3
1 34 18 54.69 0.0567 474.2
1 34 32 88.18 0.1081 112.9
1 34 27 49.06 0.1205 443.4
1 34 42 123.39 0.0971 773.3
1 34 34 79.96 0.0663 719.1
1 34 27 75.90 0.1075 866.0
1 34 35 104.14 0.0882 155.2
1 34 37 82.44 0.0977 424.8
1 34 35 81.73 0.1122 946.0
1 34 36 90.90 0.1134 505.5
1 34 29 60.55 0.0891 481.3
1 34 30 70.94 0.0800 127.7
1 34 43 119.24 0.0773 35.1
1 34 37 100.31 0.0968 443.4
1 34 38 76.83 0.1014 162.3
1 34 45 128.11 0.0837 93.2
1 34 28 49.41 0.1424 437.1
1 34 17 140.81 0.0632 657.6
1 34 24 110.25 0.0928 490.7
1 34 35 88.32 0.1016 740.4
1 34 39 107.35 0.0555 522.4
1 34 41 167.51 0.0944 374.7
1 34 19 97.48 0.0878 474.2
1 34 25 48.67 0.1331 757.9
1 34 22 100.95 0.0836 131.0
1 34 40 459.98 0.0686 445.5
1 34 31 57.83 0.0658 64.5
1 34 40 49.51 0.0697 339.8
1 34 27 151.87 0.0662 220.5
1 34 26 97.59 0.0753 909.5
1 34 38 236.09 0.0685 873.4
1 34 33 150.22 0.0775 462.0
1 34 31 85.07 0.0878 585.4
1 34 32 77.13 0.0631 147.7
1 34 30 67.23 0.0933 738.0
1 34 33 97.25 0.0769 65.6
1 34 19 102.59 0.0513 573.6
1 34 17 59.47 0.1218 397.0
1 34 14 272.77 0.0816 746.8
1 34 32 268.35 0.0689 448.6
1 34 16 113.71 0.1254 348.0
1 34 34 232.39 0.0574 378.5
1 34 41 96.14 0.0934 614.2
1 34 39 142.70 0.0755 822.7
1 34 17 66.29 0.0515 603.6
1 34 37 96.52 0.0844 443.5
1 34 35 97.85 0.0876 852.7
1 34 40 84.94 0.0419 185.9
1 34 19 84.07 0.0543 783.7
1 34 38 83.00 0.0896 115.1
1 34 23 45.65 0.0930 68.9
1 34 40 108.02 0.1017 479.8
1 34 33 75.99 0.0812 647.1
1 34 35 135.53 0.0782 437.0
1 34 42 103.50 0.0967 944.6
1 34 28 62.08 0.0877 801.6
1 34 42 217.74 0.0756 485.8
1 34 41 88.66 0.0880 242.3
1 34 27 84.74 0.0821 370.3
1 34 21 179.89 0.0820 592.0
1 34 45 117.68 0.0836 677.8
1 34 38 88.97 0.0776 202.3
1 34 18 92.06 0.1013 952.4
1 34 30 102.49 0.0803 388.1
1 34 20 126.07 0.0932 673.5
1 34 39 143.68 0.0758 715.4
1 34 34 316.05 0.0667 225.6
1 34 26 80.23 0.0813 364.7
1 34 33 51.12 0.1363 538.4
1 34 25 78.58 0.0849 804.6
1 34 43 163.07 0.0625 190.5
1 34 36 69.78 0.1201 753.8
1 34 35 92.82 0.0994 662.9
1 34 35 260.27 0.0690 370.6
1 34 31 63.26 0.0875 45.5
1 34 38 133.19 0.0761 172.3
1 34 24 62.32 0.1043 773.5
1 34 37 103.33 0.0686 544.2
1 34 17 284.74 0.0531 282.7
1 34 24 193.40 0.0686 44.4
1 34 24 52.80 0.1368 374.5
1 34 24 176.01 0.0447 572.1
1 34 19 49.45 0.0462 451.9
1 34 24 84.18 0.1083 515.5
1 34 18 77.63 0.0648 504.7
1 34 35 178.40 0.0749 660.1
1 34 40 115.97 0.1052 736.0
1 34 40 188.88 0.0668 454.5
1 34 13 47.40 0.1479 518.6
1 34 20 225.67 0.0435 351.2
1 34 28 50.00 0.1072 157.6
1 34 25 59.10 0.1179 785.9
1 34 42 61.80 0.0980 790.3
1 34 20 150.55 0.0873 941.3
1 34 25 89.38 0.1114 809.5
1 34 23 58.53 0.1033 95.5
1 34 39 84.28 0.1013 403.0
1 34 38 154.52 0.0670 381.7
1 34 34 92.60 0.1141 283.5
1 34 21 86.38 0.0984 866.7
1 34 39 76.65 0.0891 440.6
1 34 30 104.61 0.0744 72.6
1 34 29 147.90 0.0887 631.2
1 34 31 69.94 0.0900 86.3
1 34 37 110.72 0.0862 33.7
1 34 36 80.14 0.0917 372.1
1 34 41 105.96 0.0912 52.2
1 34 21 50.44 0.0945 228.3
1 34 20 76.34 0.0970 98.6
1 34 30 52.06 0.0989 424.4
1 34 31 155.93 0.0667 881.9
1 34 32 65.73 0.1369 127.7
1 34 39 73.83 0.0843 497.7
1 34 26 228.17 0.0345 28.4
1 34 26 61.23 0.0895 798.4
1 34 18 122.44 0.0626 383.6
1 34 16 101.32 0.0451 123.8
1 34 18 76.05 0.1068 335.6
1 34 34 124.68 0.0936 918.6
1 34 23 143.13 0.0759 48.7
1 34 34 125.19 0.0610 75.9
1 34 18 474.67 0.1182 19.9
1 34 13 107.35 0.0561 729.6
1 34 15 102.68 0.1335 314.6
1 34 35 171.53 0.0612 80.5
1 34 28 107.59 0.0627 446.4
1 34 28 102.22 0.0672 162.3
1 34 29 203.19 0.0993 146.4
1 34 28 85.41 0.0705 391.3
1 34 34 163.42 0.0808 125.3
1 34 44 174.65 0.0595 348.2
1 34 27 61.12 0.0820 428.6
1 34 40 340.27 0.0561 401.6
1 34 44 388.40 0.0821 417.5
1 34 31 108.79 0.0878 688.0
1 34 13 104.10 0.1608 357.1
1 34 30 109.28 0.1252 281.1
1 34 42 153.65 0.0593 779.8
1 34 41 120.49 0.0771 473.2
1 34 37 116.35 0.0865 73.6
1 34 36 103.39 0.0705 188.6
1 34 28 110.75 0.0909 251.7
1 34 24 184.68 0.0554 878.3
1 34 43 140.93 0.0642 475.8
1 34 42 100.08 0.0872 775.2
1 34 17 50.81 0.0672 305.9
1 34 39 220.92 0.1582 403.6
1 34 37 53.70 0.1052 97.3
1 34 38 82.31 0.0897 339.7
1 34 35 181.66 0.0575 483.2
1 34 23 118.97 0.0578 40.3
1 34 36 189.52 0.0522 372.7
1 34 18 86.13 0.0563 394.2
1 34 22 234.64 0.0622 833.1
1 34 29 82.96 0.0821 883.0
1 34 40 105.45 0.0745 524.4
1 34 38 81.61 0.1036 34.9
1 34 37 81.64 0.0807 104.4
1 34 33 59.82 0.1195 816.0
1 34 25 97.85 0.0888 760.1
1 34 24 45.75 0.1276 823.7
1 34 20 364.50 0.0382 872.1
1 34 33 203.30 0.0702 783.6
1 34 22 139.72 0.1163 31.0
1 34 17 66.75 0.0568 32.7
1 34 38 120.05 0.0729 912.9
1 34 36 147.73 0.0895 317.9
1 34 20 52.84 0.1133 360.8
1 34 29 57.92 0.0993 809.2
1 34 32 193.33 0.0571 639.4
1 34 34 60.21 0.1238 205.5
1 34 40 57.17 0.1183 449.5
1 34 31 126.36 0.0696 39.6
1 34 34 310.18 0.0561 697.5
1 34 38 126.06 0.1053 548.6
1 34 39 141.94 0.0779 222.4
1 34 29 243.18 0.0621 880.3
1 34 14 67.91 0.1637 449.0
1 34 33 48.98 0.1198 350.5
1 34 37 176.71 0.0662 449.7
1 34 21 46.15 0.0730 114.2
1 34 38 150.85 0.0988 299.9
1 34 16 310.08 0.0814 25.4
1 34 22 179.27 0.0470 368.5
1 34 18 86.59 0.0521 653.3
1 34 41 181.36 0.0661 607.3
1 34 37 61.68 0.0918 562.0
1 34 29 166.32 0.0760 390.8
1 34 14 178.88 0.0418 35.7
1 34 13 1233.90 0.0359 323.7
1 34 40 81.38 0.0755 301.9
1 34 23 61.37 0.0847 111.1
1 34 22 119.36 0.0807 409.8
1 34 21 206.32 0.0960 349.8
1 34 27 238.76 0.0756 701.2
1 34 28 226.09 0.0849 862.8
1 34 31 97.69 0.0935 671.8
1 34 30 118.90 0.1042 644.5
1 34 20 72.20 0.1501 353.7
1 34 37 74.11 0.1102 147.0
1 34 20 316.99 0.0771 287.5
1 34 14 60.44 0.0513 163.7
1 34 27 131.38 0.0844 196.3
1 34 25 70.49 0.1166 655.9
1 34 16 76.67 0.0951 820.5
1 34 13 59.81 0.1071 299.1
1 34 15 95.11 0.0583 159.4
1 34 20 54.86 0.1079 383.2
1 34 37 66.12 0.1114 296.1
1 34 26 138.04 0.0585 306.6
1 34 31 68.10 0.0997 447.7
1 34 39 56.66 0.1073 841.5
1 34 19 399.73 0.0742 99.8
1 34 18 137.53 0.0519 362.8
1 34 27 322.67 0.0572 312.7
1 34 21 1757.23 0.0474 277.9
1 34 21 55.30 0.0577 194.1
1 34 23 227.70 0.1060 371.5
1 34 18 117.22 0.0450 880.1
1 34 29 65.72 0.0943 254.7
1 34 18 61.40 0.0858 949.1
1 34 18 45.66 0.0724 534.8
1 34 30 65.78 0.0680 34.5
1 34 25 45.17 0.1374 448.1
1 34 14 91.66 0.1685 679.5
1 34 21 108.16 0.0729 50.8
1 34 20 65.86 0.0459 104.4
1 34 22 450.96 0.0456 376.9
1 34 24 82.32 0.0919 387.2
1 34 21 161.23 0.0361 349.0
1 34 13 48.34 0.0482 359.8
1 34 14 257.16 0.0672 871.9
1 34 22 64.73 0.0942 109.6
1 34 15 121.64 0.0546 132.0
1 34 24 69.66 0.0654 479.9
1 34 16 293.57 0.0356 407.8
1 34 30 292.23 0.0486 805.7
1 34 27 100.18 0.0839 962.4
1 34 16 51.71 0.0624 334.8
1 34 36 130.81 0.0895 340.9
1 34 27 143.19 0.0872 376.0
1 34 20 185.38 0.0688 352.1
1 34 40 268.55 0.0643 458.6
1 34 25 60.28 0.1109 76.7
1 34 18 76.16 0.0441 19.6
1 34 41 209.48 0.0735 429.6
1 34 27 120.98 0.0989 807.4
1 34 42 132.94 0.0874 874.1
1 34 36 112.83 0.0929 307.3
1 34 23 49.45 0.1206 657.3
1 34 27 73.04 0.0734 814.5
1 34 33 71.00 0.0951 115.6
1 34 39 81.38 0.0823 357.7
1 34 17 79.51 0.0895 17.1
1 34 20 92.58 0.0751 521.6
1 34 42 80.48 0.0868 210.2
1 34 37 92.62 0.0804 820.1
1 34 13 131.01 0.0699 527.8
1 34 18 72.47 0.0750 609.0
1 34 23 68.38 0.0982 578.1
1 34 17 49.70 0.0849 740.4
1 34 18 177.61 0.0749 767.0
1 34 25 77.97 0.0577 794.9
1 34 33 80.30 0.0990 382.5
1 34 15 69.98 0.1119 965.9
1 34 22 65.19 0.1257 934.4
1 34 18 98.94 0.0388 673.8
1 34 18 53.61 0.1120 90.9
1 34 33 120.57 0.0870 862.7
1 34 40 128.08 0.0777 348.6
1 34 22 58.97 0.1089 89.5
1 34 15 119.33 0.0698 18.0
1 34 17 160.70 0.0837 258.5
1 34 25 557.30 0.0752 703.4
1 34 18 258.75 0.0591 912.0
1 34 33 152.56 0.0654 152.5
1 34 21 48.50 0.1034 280.6
1 34 32 85.37 0.0606 393.7
1 34 21 141.95 0.0580 848.2
1 34 21 479.82 0.0971 309.0
1 34 33 137.42 0.0754 460.5
1 34 16 52.17 0.1363 466.4
1 34 29 98.45 0.0608 107.7
1 34 14 447.81 0.0310 463.1
1 34 17 208.10 0.0699 344.6
1 34 26 65.25 0.0835 762.5
1 34 26 56.47 0.0987 937.6
1 34 23 219.76 0.0560 843.0
1 34 31 89.72 0.0716 342.4
1 34 19 69.30 0.0696 308.4
1 34 26 87.32 0.0696 77.0
1 34 32 80.92 0.1083 500.5
1 34 31 47.15 0.1313 634.9
1 34 14 70.07 0.1015 612.5
1 34 13 76.78 0.0698 47.2
1 34 31 96.64 0.0674 455.7
1 34 27 78.36 0.0678 278.8
1 35 39 88.67 0.0898 639.5
1 35 33 219.44 0.0725 904.5
1 35 30 88.76 0.0891 628.0
1 35 26 90.95 0.0986 897.0
1 35 29 117.84 0.0734 829.5
1 35 21 94.15 0.0785 284.9
1 35 27 150.80 0.0699 340.8
1 35 15 284.67 0.1064 937.6
1 35 21 46.67 0.1517 913.2
1 35 15 140.08 0.0705 939.4
1 35 28 104.29 0.0915 376.5
1 35 22 65.32 0.0891 330.1
1 35 17 289.28 0.0783 790.1
1 35 15 156.40 0.0568 845.8
1 35 28 119.64 0.0763 330.5
1 35 32 54.45 0.1519 914.6
1 35 37 226.50 0.0623 164.4
1 35 34 150.18 0.0652 873.2
1 35 21 93.53 0.0902 378.1
1 35 27 60.14 0.1050 890.4
1 35 31 152.13 0.0604 352.3
1 35 32 157.96 0.0585 586.1
1 35 23 113.19 0.1251 320.4
1 35 21 83.35 0.0557 828.2
1 35 29 76.52 0.1302 279.3
1 35 28 82.39 0.0747 563.1
1 35 19 243.89 0.0696 61.2
1 35 27 128.95 0.0733 537.6
1 35 29 99.11 0.0821 952.6
1 35 29 220.78 0.0568 889.8
1 35 30 188.58 0.0491 902.4
1 35 25 80.29 0.0802 82.2
1 35 17 64.75 0.0838 267.5
1 35 38 79.35 0.0978 867.7
1 35 21 46.52 0.0443 779.6
1 35 27 77.70 0.0906 378.9
1 35 29 63.62 0.0944 577.2
1 35 33 76.60 0.0699 224.5
1 35 28 88.96 0.0653 227.9
1 35 29 58.73 0.1165 485.3
1 35 25 212.22 0.0447 265.1
1 35 20 102.55 0.0614 624.0
1 35 13 202.45 0.0981 640.4
1 35 18 130.85 0.0448 610.0
1 35 21 279.45 0.0397 793.4
1 35 20 328.76 0.0554 89.0
1 35 30 79.15 0.1137 100.6
1 35 36 89.25 0.0888 920.5
1 35 24 117.19 0.1070 870.8
1 35 36 169.39 0.0624 622.1
1 35 28 125.58 0.0924 414.9
1 35 34 227.73 0.0763 422.6
1 35 25 56.94 0.0529 70.8
1 35 26 85.35 0.0571 608.9
1 35 29 50.90 0.0620 875.4
1 35 28 69.94 0.0448 35.9
1 35 33 179.22 0.0914 840.6
1 35 34 85.17 0.0722 217.6
1 35 34 101.17 0.0888 230.5
1 35 38 201.71 0.0607 749.1
1 35 37 82.29 0.0818 598.4
1 35 38 101.24 0.0809 535.6
1 35 30 269.99 0.0782 916.2
1 35 29 92.16 0.0655 885.5
1 35 31 105.23 0.0672 541.5
1 35 13 68.23 0.0759 452.5
1 35 19 85.00 0.0769 563.4
1 35 33 252.99 0.0871 916.9
1 35 26 46.80 0.1100 414.9
1 35 26 52.23 0.1126 801.1
1 35 31 91.22 0.0973 152.6
1 35 30 138.93 0.0671 540.7
1 35 31 173.11 0.0631 546.6
1 35 27 76.90 0.0796 347.0
1 35 22 64.52 0.0969 675.8
1 35 40 86.59 0.0722 251.9
1 35 36 82.03 0.0945 937.4
1 35 31 269.74 0.0750 14.5
1 35 32 65.67 0.0913 292.2
1 35 32 54.67 0.0723 192.0
1 35 34 67.55 0.1091 122.7
1 35 35 129.20 0.0974 847.0
1 35 23 220.69 0.0771 625.7
1 35 14 127.13 0.0385 914.7
1 35 43 125.00 0.1156 57.5
1 35 40 137.40 0.0711 319.0
1 35 29 120.65 0.0557 347.2
1 35 25 196.89 0.0748 288.9
1 35 29 137.58 0.0613 379.5
1 35 36 168.33 0.0775 86.1
1 35 25 79.38 0.0940 646.5
1 35 27 198.53 0.0669 214.9
1 35 41 58.41 0.0966 74.4
1 35 34 142.17 0.0979 453.5
1 35 29 170.77 0.1112 688.8
1 35 18 191.98 0.0931 949.0
1 35 20 145.94 0.0358 819.3
1 35 31 325.47 0.0711 444.8
1 35 23 117.14 0.0945 738.3
1 35 28 53.49 0.1312 208.8
1 35 26 103.89 0.1151 914.0
1 35 33 55.65 0.1020 719.2
1 35 25 129.61 0.0838 89.3
1 35 16 146.03 0.0558 529.0
1 35 21 150.17 0.0491 320.9
1 35 23 103.56 0.0617 42.9
1 35 16 45.91 0.0801 366.0
1 35 23 99.02 0.0523 103.3
1 35 39 236.78 0.0831 925.1
1 35 35 98.91 0.0812 58.3
1 35 40 152.45 0.0579 117.5
1 35 23 143.04 0.0883 113.6
1 35 27 82.92 0.0661 574.4
1 35 21 88.98 0.0915 122.9
1 35 23 48.36 0.0996 157.5
1 35 25 138.64 0.0680 477.4
1 35 44 69.30 0.0719 465.5
1 35 23 148.13 0.0791 341.9
1 35 28 249.97 0.0856 290.9
1 35 39 46.96 0.1330 242.3
1 35 32 367.01 0.0572 75.0
1 35 33 97.97 0.0900 87.2
1 35 39 93.47 0.1011 697.9
1 35 23 63.28 0.1095 895.6
1 35 39 120.05 0.0951 405.0
1 35 35 118.42 0.0704 618.0
1 35 33 54.61 0.0933 494.3
1 35 20 132.03 0.0750 580.3
1 35 37 202.22 0.0628 590.7
1 35 30 106.94 0.1070 461.2
1 35 35 82.83 0.0840 940.6
1 35 15 54.42 0.1056 959.7
1 35 14 104.86 0.0821 836.1
1 35 27 52.73 0.1149 557.2
1 35 35 63.49 0.1249 127.3
1 35 30 98.69 0.1072 281.7
1 35 34 139.50 0.0692 417.3
1 35 37 68.82 0.1004 841.8
1 35 35 111.16 0.0947 907.6
1 35 36 158.67 0.0904 506.2
1 35 29 100.28 0.0841 860.3
1 35 20 196.27 0.0387 11.9
1 35 39 203.42 0.0721 705.3
1 35 34 70.63 0.0819 801.7
1 35 33 62.81 0.1074 774.0
1 35 42 183.75 0.0507 137.5
1 35 40 80.07 0.0983 242.9
1 35 17 98.48 0.0577 108.7
1 35 16 472.24 0.0990 773.0
1 35 41 112.91 0.0812 584.5
1 35 35 120.85 0.0794 240.8
1 35 34 54.53 0.0963 88.9
1 35 19 301.15 0.0629 954.6
1 35 21 107.89 0.0626 286.1
1 35 16 53.99 0.0631 817.3
1 35 38 76.82 0.0927 150.9
1 35 41 130.91 0.0751 342.7
1 35 33 144.07 0.0532 316.9
1 35 29 91.54 0.0766 74.2
1 35 32 81.44 0.0803 244.4
1 35 18 115.28 0.0562 714.7
1 35 37 70.09 0.0992 631.6
1 35 34 64.12 0.0910 720.4
1 35 40 164.18 0.0659 59.5
1 35 20 74.90 0.0837 90.0
1 35 44 194.76 0.0506 539.3
1 35 32 105.09 0.0688 190.9
1 35 27 63.06 0.0904 847.3
1 35 29 105.83 0.0861 63.1
1 35 25 62.89 0.0969 897.5
1 35 38 456.53 0.0576 63.4
1 35 42 80.77 0.0988 949.4
1 35 16 50.89 0.1359 433.6
1 35 39 134.35 0.0739 924.8
1 35 34 65.85 0.1177 413.5
1 35 44 63.74 0.0870 483.6
1 35 33 63.30 0.0913 882.2
1 35 32 144.00 0.0805 541.5
1 35 41 140.60 0.0837 667.0
1 35 41 149.10 0.0689 507.3
1 35 21 73.19 0.0618 544.9
1 35 23 170.83 0.0770 921.3
1 35 20 210.21 0.0529 261.4
1 35 32 124.93 0.0612 79.6
1 35 38 83.71 0.0874 688.5
1 35 20 139.66 0.0791 624.2
1 35 17 84.25 0.1186 909.4
1 35 20 103.79 0.0665 593.1
1 35 37 263.11 0.0619 801.3
1 35 21 63.95 0.0989 321.0
1 35 29 386.96 0.0767 435.3
1 35 18 870.80 0.0789 943.6
1 35 39 89.54 0.0953 548.2
1 35 31 159.51 0.0473 613.4
1 35 13 52.58 0.1312 810.3
1 35 38 142.86 0.0845 308.2
1 35 41 266.40 0.0658 111.6
1 35 31 203.75 0.0557 185.7
1 35 18 104.32 0.0527 943.2
1 35 23 1723.16 0.1247 928.1
1 35 30 59.46 0.0913 287.7
1 35 23 92.94 0.0709 94.0
1 35 38 72.73 0.1005 947.8
1 35 34 92.04 0.0992 943.8
1 35 28 81.43 0.1235 108.2
1 35 41 53.49 0.1041 472.3
1 35 31 132.25 0.0797 932.6
1 35 25 61.63 0.0772 70.7
1 35 30 62.51 0.1203 531.0
1 35 15 52.79 0.1328 791.6
1 35 30 101.66 0.1071 932.1
1 35 18 108.51 0.0614 21.7
1 35 33 178.32 0.0636 147.4
1 35 35 331.93 0.0590 448.5
1 35 37 189.70 0.0627 624.9
1 35 34 136.13 0.0844 880.5
1 35 26 157.95 0.0733 57.4
1 35 16 89.42 0.0769 86.3
1 35 16 90.51 0.0707 105.0
1 35 13 462.37 0.1042 360.0
1 35 35 99.83 0.0764 60.5
1 35 39 83.78 0.1421 964.6
1 35 24 102.49 0.1021 483.2
1 35 38 150.34 0.0835 343.7
1 35 22 86.55 0.0659 705.0
1 35 37 107.80 0.0675 660.2
1 35 26 68.28 0.0871 371.0
1 35 19 168.73 0.0848 276.8
1 35 27 100.12 0.0889 684.4
1 35 17 101.89 0.0880 552.2
1 35 18 112.79 0.0964 26.0
1 35 19 300.83 0.0756 32.9
1 35 38 215.49 0.1030 456.4
1 35 44 127.66 0.0745 216.0
1 35 39 73.22 0.1085 449.4
1 35 36 145.29 0.0743 846.0
1 35 26 49.69 0.1286 841.6
1 35 42 90.30 0.0965 195.6
1 35 32 139.06 0.0807 364.1
1 35 34 65.52 0.0958 272.9
1 35 33 170.66 0.0579 179.6
1 35 16 72.38 0.1111 778.3
1 35 34 275.92 0.0692 214.3
1 35 19 75.52 0.0988 205.0
1 35 22 166.89 0.0726 913.4
1 35 35 75.30 0.1180 201.7
1 35 44 274.71 0.0543 57.2
1 35 27 186.04 0.0466 392.9
1 35 26 65.32 0.1241 852.8
1 35 23 131.51 0.0927 64.1
1 35 21 46.18 0.1050 754.5
1 35 26 258.64 0.0816 283.1
1 35 42 187.90 0.0674 81.5
1 35 14 329.15 0.0700 42.9
1 35 29 95.37 0.0663 937.2
1 35 32 138.75 0.0594 544.2
1 35 41 116.57 0.0790 420.6
1 35 36 167.75 0.0812 152.6
1 35 28 90.54 0.1108 882.7
1 35 27 116.96 0.0899 266.3
1 35 38 101.34 0.0865 690.4
1 35 20 158.22 0.0663 544.9
1 35 33 53.78 0.1137 721.8
1 35 34 280.36 0.0701 775.6
1 35 16 53.21 0.0885 810.0
1 35 16 45.03 0.1259 628.0
1 35 23 79.50 0.0608 32.9
1 35 48 156.09 0.0589 887.1
1 35 48 70.55 0.0649 620.5
1 35 22 195.10 0.0432 556.0
1 35 26 109.20 0.0517 114.0
1 35 36 73.14 0.0776 427.1
1 35 42 109.19 0.0781 544.3
1 35 22 114.16 0.0525 374.6
1 35 20 302.73 0.0600 60.2
1 35 27 101.43 0.0500 561.0
1 35 33 221.76 0.1031 900.4
1 35 21 52.34 0.0575 144.1
1 35 29 83.06 0.0711 588.6
1 35 27 80.18 0.0695 755.0
1 35 20 87.97 0.0603 876.3
1 35 15 266.18 0.0353 324.1
1 35 35 97.90 0.0749 61.5
1 35 36 47.50 0.0900 593.2
1 35 25 83.46 0.0656 828.1
1 35 41 138.95 0.0538 294.3
1 35 37 175.42 0.0775 701.9
1 35 27 45.01 0.0731 732.3
1 35 20 227.60 0.0517 71.8
1 35 37 58.63 0.0905 350.2
1 35 22 58.49 0.0935 176.0
1 35 23 73.41 0.0492 171.6
1 35 25 100.61 0.1136 375.4
1 35 25 99.78 0.0901 391.3
1 35 40 81.92 0.0857 300.7
1 35 42 67.11 0.1330 447.0
1 35 22 146.38 0.0616 301.1
1 35 20 133.71 0.0952 820.7
1 35 38 80.37 0.1005 486.1
1 35 31 73.02 0.1283 256.1
1 35 18 83.35 0.0753 667.0
1 35 33 46.56 0.1288 850.8
1 35 14 193.46 0.0393 944.7
1 35 33 68.08 0.1300 846.6
1 35 28 54.33 0.1362 643.5
1 35 27 65.47 0.0720 587.5
1 35 18 127.30 0.0492 954.2
1 35 16 53.48 0.1068 935.9
1 35 33 82.20 0.0918 183.4
1 35 37 48.07 0.0710 479.0
1 35 28 79.09 0.1037 245.1
1 35 34 56.98 0.1111 948.5
1 35 35 95.31 0.0678 819.5
1 35 35 211.32 0.0728 957.3
1 35 15 78.41 0.0731 236.2
1 35 16 88.13 0.0905 384.6
1 35 24 150.81 0.0686 931.9
1 35 14 100.07 0.0936 205.5
1 35 33 253.82 0.0571 340.7
1 35 30 75.65 0.0797 691.7
1 35 27 100.37 0.0826 111.4
1 35 35 126.27 0.1021 142.5
1 35 14 45.39 0.1382 851.6
1 35 19 109.53 0.0473 82.2
1 35 17 110.25 0.0490 59.9
1 35 20 46.53 0.1292 931.9
1 35 22 101.71 0.0863 553.5
1 35 35 131.28 0.0914 516.5
1 35 18 192.07 0.0779 953.8
1 35 32 79.63 0.0686 144.0
1 35 29 75.05 0.0984 773.0
1 35 23 57.99 0.1503 945.0
1 35 16 245.46 0.0931 195.7
1 35 23 48.05 0.1275 946.0
1 35 25 45.12 0.1157 930.2
1 35 15 62.47 0.1429 189.0
1 35 13 327.59 0.0954 948.9
1 35 14 60.79 0.0781 455.3
1 35 16 133.02 0.0488 904.7
1 35 13 100.13 0.0706 564.0
1 35 15 85.89 0.0534 267.7
1 35 22 45.14 0.1475 945.4
1 35 16 80.67 0.0555 161.4
1 35 24 47.88 0.1233 78.8
1 35 14 50.78 0.1197 335.3
1 35 20 45.41 0.0734 118.2
1 35 16 63.70 0.0457 855.7
1 35 33 173.95 0.0640 947.0
1 35 20 60.77 0.0707 573.2
1 35 19 180.72 0.0707 25.0
1 35 15 404.04 0.0488 192.9
1 35 16 95.83 0.0997 511.0
1 35 20 179.40 0.0482 836.0
1 35 30 203.19 0.0648 775.6
1 35 18 344.26 0.0461 631.2
1 35 27 112.40 0.0801 339.5
1 35 36 78.96 0.0573 394.4
1 35 29 139.19 0.0648 896.3
1 35 15 254.81 0.0301 496.2
1 35 16 68.74 0.0723 910.2
1 35 14 73.72 0.1163 432.5
1 35 18 348.57 0.0476 827.9
1 35 14 68.99 0.0888 910.1
1 35 14 90.08 0.0611 6.7
1 35 18 498.53 0.0532 51.5
1 35 20 45.26 0.1185 742.7
1 35 31 70.64 0.1229 856.7
1 35 18 74.13 0.0719 290.8
1 35 15 66.57 0.0601 76.6
1 35 30 67.41 0.1112 421.4
1 35 24 141.45 0.0585 20.6
1 35 32 109.55 0.0696 62.3
1 35 28 64.29 0.1345 950.7
1 35 22 192.36 0.0683 144.7
1 35 20 60.86 0.0622 102.3
1 35 39 77.87 0.0799 541.3
1 35 15 64.28 0.1054 527.8
1 35 22 56.66 0.0837 675.8
1 35 32 62.67 0.1203 231.3
1 35 39 95.07 0.0809 892.3
1 35 13 111.81 0.1374 861.9
1 35 17 146.24 0.0474 519.0
1 35 17 136.45 0.0948 674.6
1 35 29 114.01 0.0843 68.3
1 35 25 90.33 0.0643 947.5
1 35 14 77.28 0.0960 96.5
1 35 13 57.00 0.1022 943.7
1 35 16 476.28 0.1180 21.0
1 35 31 62.78 0.1038 463.3
1 35 16 232.34 0.0519 525.7
1 35 18 45.60 0.0713 107.2
1 35 13 92.03 0.0582 45.2
1 35 13 63.21 0.1129 950.0
1 35 14 47.03 0.1320 940.7
1 35 20 112.44 0.0984 947.7
1 35 15 185.59 0.0482 498.5
1 36 35 192.36 0.0741 687.3
1 36 14 47.05 0.1058 394.1
1 36 40 164.05 0.0803 588.4
1 36 38 186.76 0.0804 56.9
1 36 23 345.87 0.0519 300.1
1 36 41 197.04 0.0697 298.0
1 36 25 118.08 0.0704 321.5
1 36 36 251.45 0.0822 643.5
1 36 27 217.04 0.0477 93.0
1 36 29 80.48 0.1241 445.0
1 36 18 157.85 0.0353 551.1
1 36 33 276.13 0.0771 954.8
1 36 28 98.90 0.0819 192.6
1 36 30 261.90 0.0468 923.4
1 36 19 130.93 0.0713 838.7
1 36 21 94.81 0.0708 807.7
1 36 22 55.48 0.0981 426.6
1 36 20 143.48 0.1020 816.1
1 36 36 118.71 0.0845 413.5
1 36 31 94.76 0.0850 331.8
1 36 24 59.47 0.0977 884.3
1 36 34 76.98 0.1164 584.5
1 36 34 57.03 0.0750 780.4
1 36 29 210.24 0.0667 954.3
1 36 28 77.06 0.0570 341.9
1 36 33 117.16 0.0710 258.7
1 36 38 72.68 0.0769 369.5
1 36 23 55.63 0.1032 69.5
1 36 17 55.44 0.1132 385.2
1 36 28 47.86 0.0977 927.4
1 36 34 146.96 0.1124 125.2
1 36 30 336.26 0.0501 562.9
1 36 30 174.79 0.0714 555.5
1 36 38 70.67 0.0949 224.9
1 36 26 79.08 0.0991 690.0
1 36 24 75.64 0.0973 453.6
1 36 15 253.99 0.0734 747.5
1 36 16 61.13 0.0465 788.8
1 36 36 224.66 0.0794 370.7
1 36 17 78.50 0.0962 576.0
1 36 25 187.09 0.0599 596.1
1 36 22 255.80 0.0906 944.4
1 36 28 82.67 0.1163 394.6
1 36 24 62.82 0.1028 708.0
1 36 24 50.13 0.1273 148.0
1 36 28 54.83 0.1102 744.9
1 36 19 141.23 0.0678 884.0
1 36 26 144.46 0.1305 343.6
1 36 34 211.03 0.0871 266.7
1 36 20 108.52 0.0726 443.0
1 36 32 76.63 0.0804 94.6
1 36 25 45.35 0.1289 737.8
1 36 28 54.61 0.1226 451.3
1 36 32 136.54 0.0926 866.9
1 36 21 56.30 0.1161 442.3
1 36 29 440.85 0.0599 603.0
1 36 39 136.27 0.0872 223.5
1 36 37 120.78 0.0816 789.9
1 36 23 53.75 0.1142 326.7
1 36 31 123.42 0.0864 374.6
1 36 29 227.37 0.0609 876.0
1 36 15 88.13 0.0675 269.7
1 36 36 158.77 0.0753 753.5
1 36 37 105.26 0.0644 452.0
1 36 43 95.02 0.0719 877.2
1 36 27 147.22 0.0795 195.4
1 36 33 86.11 0.0912 703.7
1 36 23 62.35 0.0511 751.1
1 36 28 118.37 0.0534 464.1
1 36 34 162.31 0.0528 689.1
1 36 36 49.82 0.1152 771.4
1 36 22 190.06 0.0596 67.5
1 36 20 111.80 0.0751 243.0
1 36 30 104.47 0.0680 944.7
1 36 37 84.06 0.0826 875.5
1 36 23 76.82 0.1052 274.7
1 36 36 102.36 0.0936 76.2
1 36 29 231.66 0.0664 835.1
1 36 22 78.81 0.0572 306.1
1 36 39 48.82 0.0949 125.5
1 36 18 76.86 0.1450 726.5
1 36 23 68.32 0.1031 180.2
1 36 29 64.47 0.1351 843.9
1 36 33 146.85 0.0749 474.4
1 36 29 129.94 0.0505 431.9
1 36 35 57.95 0.1156 878.6
1 36 35 102.02 0.0727 904.3
1 36 21 226.34 0.0560 872.8
1 36 24 135.67 0.0698 41.3
1 36 32 135.14 0.0609 121.2
1 36 35 144.05 0.0805 375.0
1 36 27 79.18 0.0986 317.8
1 36 37 100.08 0.0914 146.8
1 36 18 132.85 0.1492 718.2
1 36 14 73.64 0.0661 912.6
1 36 36 108.71 0.0911 78.5
1 36 41 246.83 0.0642 332.4
1 36 14 56.37 0.1072 741.3
1 36 34 168.80 0.0750 283.1
1 36 34 192.41 0.0747 166.8
1 36 36 86.37 0.0719 182.3
1 36 36 70.89 0.0968 630.6
1 36 17 55.10 0.1600 268.4
1 36 33 80.87 0.1049 388.5
1 36 18 159.99 0.0527 887.3
1 36 40 371.37 0.0618 629.4
1 36 30 91.09 0.1151 844.5
1 36 22 116.91 0.0900 882.2
1 36 36 51.78 0.1097 761.5
1 36 24 91.67 0.1028 704.6
1 36 30 74.62 0.0882 838.4
1 36 31 52.00 0.1199 403.9
1 36 25 46.28 0.1513 412.3
1 36 21 68.28 0.0608 588.1
1 36 40 409.57 0.0638 386.9
1 36 42 184.54 0.0628 434.8
1 36 34 234.02 0.0794 366.0
1 36 23 190.95 0.0533 275.9
1 36 30 130.73 0.0872 617.8
1 36 34 141.86 0.0815 173.5
1 36 14 159.08 0.1100 833.2
1 36 38 78.55 0.1009 960.0
1 36 34 77.18 0.1004 290.6
1 36 39 107.35 0.0739 163.0
1 36 21 74.83 0.0559 527.3
1 36 21 160.16 0.0398 801.4
1 36 41 80.85 0.0805 603.6
1 36 18 468.21 0.1142 286.0
1 36 35 80.82 0.1007 823.5
1 36 14 50.50 0.0376 855.6
1 36 36 279.82 0.0688 315.2
1 36 27 182.09 0.0854 537.4
1 36 23 201.59 0.0458 392.9
1 36 15 117.78 0.0526 43.0
1 36 34 50.78 0.1273 89.1
1 36 34 103.86 0.0879 477.2
1 36 28 205.74 0.1261 612.5
1 36 24 105.30 0.0552 600.7
1 36 35 47.10 0.0805 80.5
1 36 44 192.99 0.0694 300.3
1 36 29 166.96 0.0411 639.0
1 36 26 72.40 0.0816 220.7
1 36 36 236.60 0.0717 298.3
1 36 42 89.10 0.0837 54.9
1 36 41 76.97 0.0974 921.1
1 36 13 218.78 0.0757 142.1
1 36 25 102.68 0.0429 801.6
1 36 28 143.69 0.0791 322.5
1 36 40 115.32 0.0619 897.4
1 36 29 119.77 0.0824 33.8
1 36 23 68.83 0.0794 364.1
1 36 24 101.27 0.0689 43.9
1 36 41 102.21 0.0867 65.8
1 36 42 145.37 0.0774 227.6
1 36 17 181.08 0.0503 586.0
1 36 33 154.34 0.0782 109.6
1 36 42 137.92 0.0728 849.6
1 36 36 85.86 0.1030 188.5
1 36 42 84.46 0.0757 641.0
1 36 33 197.22 0.0728 765.2
1 36 32 202.46 0.0689 607.3
1 36 35 292.06 0.0554 153.0
1 36 23 96.43 0.0945 309.2
1 36 31 268.41 0.0729 613.4
1 36 23 112.41 0.0561 587.9
1 36 23 150.82 0.1341 797.8
1 36 38 85.24 0.1066 55.5
1 36 23 129.32 0.0571 432.5
1 36 44 92.10 0.0838 816.4
1 36 41 111.25 0.0723 712.2
1 36 41 129.15 0.0706 915.3
1 36 40 145.45 0.0835 940.6
1 36 21 52.20 0.0800 814.5
1 36 16 125.01 0.0652 570.9
1 36 39 76.00 0.1001 116.4
1 36 32 97.81 0.0874 128.4
1 36 28 80.29 0.0878 593.7
1 36 26 163.36 0.0615 45.0
1 36 31 74.47 0.1063 927.8
1 36 23 110.27 0.0690 288.4
1 36 22 60.94 0.0645 840.8
1 36 29 197.22 0.0733 415.0
1 36 32 259.66 0.0686 747.6
1 36 40 77.95 0.0870 309.8
1 36 28 169.26 0.1054 244.5
1 36 33 60.61 0.0987 839.1
1 36 33 121.90 0.0935 161.0
1 36 15 162.54 0.0500 754.2
1 36 29 58.67 0.1273 347.4
1 36 36 133.17 0.0603 261.6
1 36 18 68.51 0.0737 813.7
1 36 35 81.94 0.1131 943.5
1 36 26 90.21 0.0423 450.2
1 36 34 107.05 0.0747 695.1
1 36 29 188.19 0.0597 697.3
1 36 35 276.01 0.0837 832.5
1 36 26 292.53 0.0674 591.6
1 36 26 108.98 0.0629 811.8
1 36 25 165.02 0.0818 223.9
1 36 28 81.50 0.0789 58.8
1 36 33 82.79 0.0829 320.0
1 36 27 69.78 0.0782 46.3
1 36 41 75.63 0.1013 357.3
1 36 20 63.79 0.0634 338.7
1 36 14 171.50 0.0543 968.5
1 36 41 92.72 0.0865 573.0
1 36 34 349.35 0.0510 606.4
1 36 41 69.80 0.0829 11.2
1 36 40 83.58 0.0892 454.6
1 36 41 109.61 0.0951 240.0
1 36 38 149.20 0.0552 350.7
1 36 38 94.29 0.1139 929.7
1 36 20 102.74 0.0634 812.1
1 36 24 367.56 0.0593 191.0
1 36 23 153.11 0.0480 918.8
1 36 19 82.04 0.0822 861.8
1 36 14 85.87 0.1396 446.5
1 36 15 67.08 0.1469 43.7
1 36 34 113.25 0.1180 341.7
1 36 41 145.13 0.0792 623.5
1 36 28 65.18 0.1211 81.7
1 36 35 351.05 0.0483 591.4
1 36 46 86.15 0.0634 701.3
1 36 44 108.73 0.0700 470.4
1 36 40 285.47 0.0443 164.5
1 36 30 115.90 0.0601 603.4
1 36 15 67.06 0.0652 173.3
1 36 35 45.54 0.1070 253.5
1 36 28 196.15 0.0612 381.5
1 36 40 167.25 0.0600 667.2
1 36 31 51.96 0.1514 901.9
1 36 26 62.65 0.0598 685.5
1 36 29 236.71 0.0760 337.2
1 36 27 52.14 0.1057 67.4
1 36 25 158.99 0.0498 676.0
1 36 44 85.66 0.0914 271.0
1 36 15 130.43 0.1637 141.4
1 36 41 161.11 0.1300 826.3
1 36 40 207.67 0.0830 278.5
1 36 14 67.51 0.1009 385.5
1 36 27 137.37 0.0997 146.7
1 36 26 97.92 0.0813 270.0
1 36 15 45.39 0.1278 128.4
1 36 14 393.58 0.1359 87.0
1 36 42 146.95 0.0587 823.0
1 36 43 203.02 0.0580 711.5
1 36 24 123.64 0.1120 147.6
1 36 16 210.09 0.0980 146.7
1 36 38 101.22 0.0703 860.6
1 36 44 49.40 0.0895 948.9
1 36 43 80.54 0.0664 373.0
1 36 35 139.96 0.0507 80.6
1 36 13 329.33 0.1558 105.1
1 36 40 105.10 0.0666 743.0
1 36 20 1245.43 0.0983 124.6
1 36 30 102.10 0.0631 839.3
1 36 38 158.73 0.0752 697.2
1 36 19 613.92 0.1190 203.2
1 36 28 211.25 0.0957 905.9
1 36 27 67.14 0.0670 8.7
1 36 35 102.16 0.0608 469.8
1 36 32 49.71 0.1091 543.1
1 36 35 183.98 0.0764 280.6
1 36 26 77.15 0.1077 101.4
1 36 30 116.98 0.0658 695.3
1 36 24 193.96 0.0504 915.9
1 36 27 94.26 0.0849 943.4
1 36 40 115.47 0.0845 328.5
1 36 14 65.78 0.1135 170.4
1 36 36 415.56 0.0914 456.0
1 36 30 246.60 0.0635 420.0
1 36 35 138.03 0.0986 296.0
1 36 25 104.77 0.1198 280.6
1 36 35 106.17 0.1167 223.9
1 36 40 101.34 0.0986 427.0
1 36 22 84.30 0.1160 534.7
1 36 23 111.91 0.0490 179.8
1 36 23 128.26 0.1095 958.0
1 36 39 126.23 0.0788 325.0
1 36 26 97.46 0.0983 136.5
1 36 33 186.55 0.0839 403.9
1 36 21 64.03 0.1057 293.6
1 36 28 126.46 0.0661 213.5
1 36 16 255.35 0.0449 581.1
1 36 13 195.69 0.0955 646.0
1 36 27 105.30 0.0958 421.7
1 36 37 52.52 0.1275 477.0
1 36 29 68.05 0.1169 441.8
1 36 30 87.77 0.1322 362.1
1 36 20 258.71 0.0653 257.1
1 36 34 81.15 0.0862 313.0
1 36 13 402.62 0.0440 191.3
1 36 25 156.21 0.0808 713.8
1 36 13 69.75 0.0521 436.3
1 36 24 106.01 0.0712 836.9
1 36 18 67.41 0.1459 282.7
1 36 29 204.50 0.0700 891.3
1 36 24 81.69 0.0678 239.1
1 36 24 53.95 0.1250 354.4
1 36 35 115.17 0.0590 626.9
1 36 40 174.22 0.0650 287.9
1 36 16 81.53 0.0948 874.9
1 36 18 105.50 0.0425 188.0
1 36 16 50.10 0.0468 238.4
1 36 14 45.90 0.1586 760.9
1 36 16 59.71 0.1106 85.0
1 36 20 577.13 0.0997 922.2
1 36 25 81.16 0.1072 903.8
1 36 17 138.79 0.0709 305.1
1 36 20 81.87 0.0724 322.2
1 36 14 56.53 0.1364 93.0
1 36 15 57.23 0.0814 674.2
1 36 17 422.09 0.0476 686.4
1 36 17 119.54 0.0724 289.9
1 36 14 54.42 0.1076 414.3
1 36 16 45.97 0.1237 400.2
1 36 16 62.84 0.0943 752.3
1 36 14 49.15 0.0606 921.0
1 36 34 72.07 0.0914 95.2
1 36 19 163.85 0.0554 705.1
1 36 35 63.34 0.1246 757.5
1 36 16 64.54 0.0599 124.2
1 36 19 165.77 0.0481 691.6
1 36 36 63.21 0.1050 953.0
1 36 14 104.78 0.1184 710.7
1 36 15 46.19 0.1732 644.5
1 36 16 184.24 0.0709 14.6
1 36 29 47.56 0.1241 334.6
1 36 18 578.89 0.0524 774.6
1 36 26 120.64 0.0678 595.3
1 36 38 178.73 0.0688 562.4
1 36 29 161.21 0.0404 327.8
1 36 16 117.55 0.0403 790.2
1 36 14 703.24 0.0358 712.7
1 36 19 423.81 0.0281 724.3
1 36 17 98.50 0.0781 829.1
1 36 16 331.60 0.1261 147.0
1 36 18 140.68 0.0830 82.4
1 36 22 55.46 0.0540 940.1
1 36 16 783.84 0.0450 75.5
1 36 14 57.63 0.1387 146.5
1 36 37 80.78 0.0926 312.4
1 36 24 89.69 0.0684 850.8
1 36 24 96.48 0.0820 381.4
1 36 37 117.87 0.1133 787.0
1 36 23 222.04 0.0805 292.6
1 36 15 45.89 0.0757 70.2
1 36 14 981.96 0.1453 136.0
1 36 37 128.18 0.0597 856.0
1 36 38 331.59 0.0781 410.3
1 36 17 73.40 0.1350 139.8
1 36 29 72.04 0.0933 313.1
1 36 13 53.01 0.1528 140.0
1 36 13 124.99 0.0922 119.0
1 36 17 80.32 0.1051 106.2
1 36 31 315.23 0.0962 82.7
1 36 30 131.11 0.0478 784.1
1 36 33 98.21 0.0706 890.2
1 36 24 47.53 0.0776 477.5
1 36 18 396.86 0.1257 287.5
1 36 15 216.26 0.1056 949.8
1 36 30 65.48 0.1297 288.6
1 36 30 249.76 0.0637 727.5
1 37 15 98.84 0.0703 575.5
1 37 17 66.84 0.0664 926.8
1 37 13 63.98 0.0930 103.4
1 37 30 131.18 0.0699 933.5
1 37 31 271.09 0.0770 609.0
1 37 22 62.52 0.1246 949.5
1 37 24 95.82 0.0732 855.3
1 37 20 48.22 0.1052 265.2
1 37 33 320.17 0.0426 964.6
1 37 39 212.28 0.0790 602.0
1 37 35 148.38 0.0600 95.3
1 37 19 437.56 0.0493 69.4
1 37 23 148.23 0.0874 545.0
1 37 22 47.38 0.1261 949.6
1 37 32 125.00 0.0866 291.4
1 37 36 88.94 0.0716 593.3
1 37 14 251.74 0.0941 235.8
1 37 19 233.87 0.0583 590.7
1 37 30 179.94 0.0786 414.5
1 37 32 55.56 0.1162 19.5
1 37 40 60.37 0.1224 639.1
1 37 26 150.72 0.0765 138.2
1 37 31 58.71 0.1330 670.0
1 37 33 47.40 0.1291 403.8
1 37 35 70.59 0.1101 885.7
1 37 36 187.19 0.0786 202.5
1 37 37 54.30 0.0836 608.9
1 37 22 140.89 0.0603 857.8
1 37 24 83.36 0.0981 202.0
1 37 13 398.37 0.0678 521.6
1 37 40 77.31 0.0872 915.7
1 37 16 452.43 0.0299 777.6
1 37 24 164.03 0.0773 596.4
1 37 30 197.07 0.0829 247.0
1 37 29 180.79 0.0585 716.6
1 37 30 185.79 0.0809 549.0
1 37 34 125.87 0.0836 106.5
1 37 18 51.51 0.0730 396.2
1 37 24 118.78 0.0837 244.6
1 37 41 92.83 0.0766 368.8
1 37 16 152.40 0.0406 81.1
1 37 34 128.06 0.0590 591.4
1 37 36 89.47 0.0740 243.0
1 37 25 97.75 0.0984 396.4
1 37 14 452.27 0.0585 700.7
1 37 40 167.86 0.0601 214.0
1 37 23 141.26 0.0668 804.1
1 37 27 86.13 0.0410 806.7
1 37 24 63.20 0.0957 903.2
1 37 16 87.43 0.1186 855.4
1 37 30 191.88 0.0615 187.4
1 37 29 170.56 0.0569 439.9
1 37 21 134.37 0.0272 301.0
1 37 25 195.99 0.0720 126.4
1 37 40 88.47 0.0668 939.4
1 37 27 225.78 0.0337 550.0
1 37 41 209.46 0.0622 472.6
1 37 30 146.42 0.0574 245.9
1 37 24 179.01 0.0728 618.9
1 37 32 133.81 0.0865 417.2
1 37 32 95.30 0.0958 232.5
1 37 31 69.33 0.0925 893.7
1 37 22 94.05 0.0969 625.8
1 37 26 242.60 0.0690 949.8
1 37 13 165.07 0.1174 155.0
1 37 20 85.62 0.0709 107.2
1 37 16 66.67 0.0962 947.9
1 37 28 125.14 0.0698 121.0
1 37 42 270.83 0.0618 705.1
1 37 32 276.47 0.0677 596.9
1 37 14 56.25 0.0985 429.8
1 37 18 97.00 0.0677 237.8
1 37 31 56.00 0.0861 335.6
1 37 32 117.45 0.0618 51.6
1 37 31 73.82 0.1027 205.5
1 37 39 74.22 0.1129 220.7
1 37 22 50.16 0.1264 444.3
1 37 19 77.64 0.0897 937.0
1 37 31 162.39 0.0640 98.0
1 37 29 208.30 0.0770 873.9
1 37 39 310.82 0.0623 226.1
1 37 41 190.75 0.0670 947.0
1 37 33 189.17 0.0675 961.2
1 37 27 53.52 0.1352 653.4
1 37 18 136.81 0.0465 57.2
1 37 19 45.51 0.1169 761.6
1 37 35 57.83 0.1020 214.4
1 37 36 122.49 0.0786 700.5
1 37 17 80.25 0.0592 366.9
1 37 37 428.94 0.0509 192.8
1 37 27 165.32 0.0996 131.1
1 37 25 227.03 0.0578 233.6
1 37 29 75.76 0.0955 910.5
1 37 14 290.92 0.0669 747.7
1 37 15 282.02 0.0320 343.2
1 37 17 228.61 0.0440 62.5
1 37 19 224.88 0.0515 135.9
1 37 45 267.85 0.0683 214.0
1 37 37 97.94 0.1045 382.1
1 37 42 166.05 0.0824 236.7
1 37 13 50.21 0.1656 226.0
1 37 36 79.01 0.1014 637.9
1 37 44 172.99 0.0708 101.9
1 37 24 506.25 0.0649 491.1
1 37 18 80.21 0.0599 486.5
1 37 38 54.66 0.1209 118.3
1 37 40 110.04 0.0887 367.8
1 37 17 160.21 0.0895 134.9
1 37 28 113.78 0.0679 19.9
1 37 41 291.59 0.0681 854.9
1 37 16 112.32 0.0801 308.0
1 37 16 48.15 0.1468 244.6
1 37 31 86.39 0.1112 69.4
1 37 21 149.72 0.0939 545.6
1 37 32 60.31 0.0627 94.3
1 37 17 77.87 0.0374 418.5
1 37 32 193.08 0.0686 455.3
1 37 46 105.29 0.0694 159.5
1 37 31 194.13 0.0741 155.4
1 37 38 73.88 0.0662 206.0
1 37 36 63.97 0.1046 618.5
1 37 37 155.49 0.0772 638.5
1 37 38 83.03 0.0800 890.4
1 37 39 218.13 0.0598 718.4
1 37 41 270.88 0.0672 170.2
1 37 34 206.63 0.0797 478.3
1 37 17 229.73 0.0482 422.6
1 37 31 159.79 0.0584 811.9
1 37 26 82.26 0.0688 233.7
1 37 38 178.39 0.0588 917.0
1 37 16 206.65 0.0582 467.4
1 37 21 60.28 0.1018 265.4
1 37 21 54.26 0.0986 890.3
1 37 30 228.15 0.0788 563.0
1 37 38 161.72 0.0708 357.1
1 37 29 137.27 0.0934 121.4
1 37 21 83.02 0.0745 473.1
1 37 40 145.38 0.0500 228.1
1 37 30 170.35 0.0478 71.6
1 37 35 108.96 0.0727 705.5
1 37 32 50.85 0.1367 375.1
1 37 29 319.71 0.0791 160.3
1 37 41 142.37 0.0475 468.2
1 37 39 437.42 0.0532 947.9
1 37 36 127.56 0.0723 288.1
1 37 19 139.29 0.0466 471.9
1 37 40 64.47 0.1041 654.7
1 37 32 49.74 0.1360 481.1
1 37 42 101.84 0.0833 351.8
1 37 41 51.47 0.1292 258.6
1 37 40 105.95 0.0739 291.8
1 37 34 85.72 0.0815 501.0
1 37 40 141.76 0.0675 693.0
1 37 35 159.28 0.0780 244.2
1 37 36 86.52 0.0747 151.2
1 37 35 332.09 0.0423 620.9
1 37 28 93.77 0.0605 76.4
1 37 39 103.22 0.0838 173.8
1 37 42 100.01 0.0945 192.6
1 37 36 158.60 0.0502 896.3
1 37 40 123.62 0.0806 689.7
1 37 30 132.35 0.1443 251.3
1 37 19 103.91 0.0615 457.5
1 37 37 144.57 0.0619 105.5
1 37 43 471.30 0.0652 242.0
1 37 38 134.15 0.0679 260.2
1 37 35 91.34 0.0844 191.9
1 37 22 185.16 0.0525 809.7
1 37 43 72.88 0.0854 193.8
1 37 18 55.01 0.0986 296.1
1 37 35 208.79 0.0593 597.7
1 37 44 69.36 0.0960 885.0
1 37 33 65.53 0.1072 125.3
1 37 16 369.76 0.1578 941.0
1 37 20 66.95 0.1093 776.4
1 37 38 141.17 0.0661 295.0
1 37 35 298.60 0.0441 432.9
1 37 40 171.81 0.0697 725.0
1 37 33 176.42 0.0653 69.5
1 37 39 120.09 0.0749 291.1
1 37 36 233.32 0.0666 693.4
1 37 27 179.32 0.0879 921.6
1 37 23 59.30 0.1125 54.3
1 37 31 79.64 0.0841 639.3
1 37 28 182.03 0.0642 165.2
1 37 32 114.44 0.0886 103.7
1 37 33 45.62 0.1053 525.1
1 37 29 47.95 0.1309 205.5
1 37 35 142.13 0.0754 593.2
1 37 37 87.42 0.1074 285.5
1 37 39 174.25 0.0732 222.4
1 37 31 64.30 0.1359 115.3
1 37 32 206.81 0.0489 110.6
1 37 39 481.55 0.0578 460.5
1 37 23 78.45 0.1430 231.4
1 37 27 69.79 0.0783 332.3
1 37 33 59.77 0.1085 266.8
1 37 33 57.60 0.1126 873.0
1 37 28 71.51 0.0941 480.9
1 37 25 73.52 0.0688 795.9
1 37 37 92.61 0.0766 943.6
1 37 14 990.11 0.1159 939.6
1 37 13 842.39 0.0711 962.3
1 37 21 46.95 0.1174 550.9
1 37 34 120.10 0.0836 610.0
1 37 29 70.00 0.1139 955.1
1 37 41 177.86 0.0728 640.0
1 37 37 211.71 0.0569 576.6
1 37 40 87.22 0.0836 455.6
1 37 42 98.90 0.0731 413.4
1 37 32 60.09 0.0704 869.0
1 37 33 210.87 0.0535 166.0
1 37 42 80.17 0.1042 691.7
1 37 39 236.95 0.0872 634.9
1 37 23 70.02 0.1012 495.1
1 37 27 63.90 0.1475 962.8
1 37 27 110.96 0.0902 488.4
1 37 22 45.19 0.1262 953.2
1 37 19 120.63 0.0430 614.9
1 37 23 86.55 0.0854 289.0
1 37 22 275.63 0.0538 63.2
1 37 16 127.28 0.0931 935.9
1 37 33 90.01 0.1266 611.8
1 37 29 83.69 0.0742 818.8
1 37 34 107.42 0.0869 501.7
1 37 37 248.67 0.0468 128.6
1 37 19 66.60 0.0977 551.9
1 37 36 47.72 0.0872 342.0
1 37 24 59.27 0.0748 69.0
1 37 35 140.12 0.0723 380.7
1 37 29 176.15 0.0630 221.8
1 37 25 48.77 0.0833 371.7
1 37 25 78.99 0.0739 57.6
1 37 37 138.76 0.0630 707.0
1 37 24 129.98 0.0542 70.7
1 37 35 51.38 0.1083 241.3
1 37 15 223.12 0.0594 305.9
1 37 37 129.18 0.0694 879.2
1 37 43 54.89 0.0990 695.2
1 37 42 102.94 0.0867 546.4
1 37 17 54.84 0.0538 67.7
1 37 41 101.50 0.0811 710.0
1 37 16 50.08 0.1115 567.6
1 37 25 45.73 0.1423 157.7
1 37 15 56.87 0.0405 80.1
1 37 33 1031.36 0.0680 74.8
1 37 27 419.54 0.0841 227.0
1 37 38 126.67 0.0849 657.0
1 37 18 1014.65 0.1290 155.5
1 37 30 89.17 0.0797 391.3
1 37 40 145.48 0.0829 242.0
1 37 37 206.09 0.0880 207.8
1 37 38 249.72 0.0653 78.6
1 37 40 140.53 0.0775 220.0
1 37 42 47.47 0.0984 967.6
1 37 32 75.09 0.0772 77.1
1 37 34 126.61 0.0608 703.0
1 37 20 89.26 0.0345 344.8
1 37 32 177.17 0.0457 401.1
1 37 15 466.43 0.1121 282.1
1 37 34 321.08 0.0552 91.0
1 37 15 89.45 0.1046 355.3
1 37 28 46.63 0.1120 852.8
1 37 29 49.52 0.1191 679.7
1 37 32 200.35 0.0707 930.3
1 37 22 49.51 0.0890 848.3
1 37 17 664.75 0.0766 192.3
1 37 41 229.02 0.0531 842.6
1 37 32 155.48 0.0515 501.3
1 37 22 48.97 0.0987 844.7
1 37 34 151.32 0.0718 235.5
1 37 42 129.59 0.0618 411.5
1 37 20 47.07 0.0730 424.6
1 37 33 55.62 0.1003 229.2
1 37 25 276.86 0.0653 119.2
1 37 19 55.35 0.0464 947.7
1 37 30 139.52 0.0723 768.7
1 37 18 100.71 0.0581 45.0
1 37 41 177.70 0.0806 805.8
1 37 33 121.78 0.0645 111.6
1 37 31 218.96 0.0753 720.5
1 37 24 57.84 0.1089 897.5
1 37 15 62.21 0.0545 213.5
1 37 44 145.68 0.0719 888.0
1 37 22 70.40 0.1362 288.4
1 37 36 347.04 0.0567 584.2
1 37 44 225.01 0.0513 163.8
1 37 31 121.93 0.0666 372.2
1 37 33 73.99 0.0955 201.5
1 37 17 74.74 0.0674 298.6
1 37 34 189.44 0.0592 907.3
1 37 45 103.18 0.0660 144.1
1 37 33 83.38 0.0676 309.9
1 37 16 60.91 0.0878 938.6
1 37 30 66.84 0.0736 294.8
1 37 25 45.45 0.1004 585.4
1 37 40 107.25 0.0634 841.5
1 37 30 190.63 0.0523 804.9
1 37 22 53.87 0.0727 233.4
1 37 19 74.90 0.0778 55.0
1 37 30 181.52 0.0571 645.1
1 37 28 155.45 0.0682 123.3
1 37 30 72.11 0.0735 124.6
1 37 27 55.91 0.0965 70.4
1 37 31 196.11 0.0759 502.0
1 37 19 87.90 0.0744 444.3
1 37 19 150.90 0.0396 74.0
1 37 18 65.26 0.0442 620.7
1 37 29 147.70 0.0478 286.8
1 37 25 125.39 0.0590 284.8
1 37 28 112.95 0.0578 418.0
1 37 14 86.96 0.0827 547.8
1 37 37 129.99 0.0836 950.6
1 37 17 92.09 0.0982 272.5
1 37 29 120.31 0.0912 493.5
1 37 18 102.30 0.0829 240.9
1 37 40 100.23 0.0980 548.1
1 37 24 75.64 0.1003 124.1
1 37 40 71.70 0.0901 256.6
1 37 36 50.28 0.1148 235.1
1 37 31 71.89 0.0921 292.4
1 37 33 122.59 0.0737 895.0
1 37 13 133.15 0.0320 452.7
1 37 25 201.58 0.0827 44.2
1 37 37 100.61 0.0860 884.1
1 37 14 83.74 0.0836 54.4
1 37 26 247.76 0.1152 513.9
1 37 27 114.32 0.0981 244.0
1 37 23 117.10 0.1210 233.6
1 37 17 81.06 0.1163 935.0
1 37 34 163.35 0.0808 563.4
1 37 33 235.41 0.0647 157.4
1 37 33 167.17 0.0685 735.2
1 37 27 202.37 0.0557 111.6
1 37 21 74.31 0.0924 99.6
1 37 25 69.05 0.0946 916.3
1 37 26 128.78 0.1297 515.4
1 37 21 70.20 0.1023 585.8
1 37 29 58.31 0.0969 572.6
1 37 17 96.55 0.0575 428.9
1 37 15 306.04 0.0882 732.7
1 37 26 246.04 0.0657 555.9
1 37 15 70.25 0.0853 141.9
1 37 30 177.26 0.1092 512.0
1 37 16 60.40 0.0436 36.6
1 37 17 83.40 0.1255 837.7
1 37 13 263.89 0.0774 466.3
1 37 22 49.71 0.1661 197.0
1 37 23 750.83 0.0713 445.5
1 37 37 106.49 0.0930 498.6
1 37 23 85.81 0.0581 553.4
1 37 28 59.12 0.1216 774.2
1 37 28 420.08 0.0535 878.3
1 37 34 59.86 0.0779 249.3
1 37 17 164.73 0.0808 792.5
1 37 14 63.97 0.0433 649.8
1 37 14 112.77 0.0421 633.9
1 37 25 50.82 0.1049 886.5
1 37 25 52.22 0.1036 20.3
1 37 18 103.53 0.0593 946.0
1 37 35 321.20 0.0763 910.5
1 37 32 255.51 0.0773 92.9
1 37 25 57.30 0.0727 352.3
1 37 14 238.70 0.0326 953.1
1 37 33 153.02 0.0545 132.4
1 37 26 82.45 0.0718 814.5
1 37 20 529.59 0.1288 124.5
1 37 15 146.42 0.1347 86.9
1 37 22 201.43 0.1005 64.9
1 37 29 54.60 0.1287 102.0
1 37 31 146.30 0.0846 193.9
1 37 17 498.07 0.0593 933.4
1 37 25 134.30 0.0723 574.3
1 37 23 49.38 0.1106 226.1
1 37 19 277.66 0.0579 538.3
1 37 19 344.42 0.0610 934.6
1 37 16 96.18 0.0880 175.8
1 37 20 240.01 0.1003 436.3
1 37 15 65.04 0.0645 533.0
1 37 25 68.53 0.0660 868.4
1 37 18 106.97 0.0868 699.7
1 37 19 45.05 0.1263 302.4
1 37 34 198.55 0.0623 153.4
1 37 29 69.49 0.0783 148.0
1 37 36 200.93 0.0967 154.5
1 37 27 51.80 0.1277 202.0
1 37 20 848.22 0.0834 694.6
1 37 22 88.16 0.0862 935.6
1 37 17 311.49 0.0785 75.1
1 37 22 82.68 0.0684 603.9
1 37 32 49.62 0.1235 451.8
1 37 16 113.70 0.0660 36.8
1 37 42 173.71 0.0887 703.3
1 37 20 119.63 0.0530 785.1
1 37 17 71.30 0.1498 107.2
1 37 29 110.27 0.0776 926.4
1 37 23 96.18 0.1182 588.8
1 37 15 45.64 0.0458 943.5
1 37 16 136.07 0.0465 795.3
1 37 26 301.72 0.0616 341.5
1 37 24 123.73 0.0719 242.0
1 37 24 190.05 0.0982 103.1
1 37 16 90.74 0.0413 575.5
1 37 28 131.10 0.0561 213.4
1 37 30 305.68 0.0554 120.1
1 37 23 46.67 0.1374 266.5
1 37 36 148.89 0.0662 897.0
1 37 20 50.69 0.0998 122.6
1 37 17 87.89 0.0279 383.1
1 37 17 54.10 0.0791 525.4
1 37 26 58.86 0.0916 506.0
1 37 16 45.97 0.1144 919.4
1 37 24 102.00 0.0477 151.5
1 37 33 216.80 0.0750 624.7
1 37 14 693.38 0.0753 657.4
1 37 15 292.36 0.0986 230.9
1 37 39 157.16 0.0725 214.0
1 38 22 88.49 0.1181 626.7
1 38 42 160.77 0.0870 769.7
1 38 27 53.52 0.1307 373.0
1 38 26 78.71 0.0967 731.1
1 38 29 89.66 0.0815 236.7
1 38 39 257.19 0.0757 27.4
1 38 18 130.03 0.0702 195.2
1 38 28 149.69 0.0602 228.4
1 38 26 92.77 0.0759 672.0
1 38 39 171.79 0.0781 491.9
1 38 24 64.71 0.0867 907.3
1 38 36 187.83 0.0746 769.1
1 38 23 56.34 0.1155 36.5
1 38 22 59.71 0.1161 232.9
1 38 31 104.85 0.0663 152.7
1 38 24 287.37 0.0594 582.6
1 38 28 52.02 0.0961 703.7
1 38 22 266.92 0.0626 206.6
1 38 22 109.86 0.0700 703.2
1 38 23 50.76 0.1212 613.9
1 38 34 146.68 0.0839 467.0
1 38 34 100.78 0.0966 573.3
1 38 30 216.33 0.0688 800.3
1 38 21 442.32 0.0766 425.1
1 38 33 247.53 0.0668 110.9
1 38 16 78.36 0.0455 562.9
1 38 28 99.81 0.0987 736.7
1 38 36 111.13 0.0772 757.9
1 38 30 48.24 0.1005 91.0
1 38 25 69.47 0.0981 887.5
1 38 27 99.79 0.0552 801.1
1 38 25 129.56 0.1052 379.8
1 38 38 98.85 0.0616 44.4
1 38 33 314.50 0.0401 834.0
1 38 34 105.22 0.0592 545.8
1 38 40 57.18 0.1170 918.7
1 38 16 52.46 0.1084 470.6
1 38 25 62.93 0.1149 184.5
1 38 28 53.48 0.1128 586.3
1 38 24 116.60 0.0919 933.5
1 38 36 66.35 0.1293 938.6
1 38 24 46.32 0.1186 385.6
1 38 21 124.28 0.0570 476.8
1 38 16 117.26 0.0556 445.9
1 38 18 61.01 0.0513 753.6
1 38 29 96.00 0.0564 674.6
1 38 37 260.17 0.0964 408.5
1 38 19 110.21 0.0536 315.9
1 38 18 212.22 0.0707 676.0
1 38 23 137.45 0.0653 494.4
1 38 20 126.71 0.0582 524.1
1 38 28 368.71 0.0857 812.3
1 38 25 80.85 0.1084 426.7
1 38 22 58.63 0.0854 818.7
1 38 20 60.08 0.1047 164.0
1 38 21 2137.92 0.0336 581.4
1 38 31 80.37 0.1126 441.6
1 38 36 62.77 0.1180 446.9
1 38 36 87.57 0.0993 467.4
1 38 26 96.69 0.1234 32.8
1 38 20 56.46 0.0524 222.6
1 38 20 53.90 0.1287 455.2
1 38 38 243.20 0.0710 56.3
1 38 39 261.90 0.0969 87.0
1 38 29 95.56 0.0732 667.1
1 38 21 118.01 0.0690 376.9
1 38 21 1000.30 0.0874 379.6
1 38 29 74.18 0.0968 245.0
1 38 14 56.60 0.0996 416.7
1 38 30 61.56 0.0855 583.0
1 38 40 262.32 0.0660 696.0
1 38 20 130.31 0.0406 898.0
1 38 24 96.81 0.0687 35.6
1 38 30 67.49 0.0899 953.5
1 38 23 211.39 0.0668 507.5
1 38 28 52.06 0.1108 451.5
1 38 35 142.27 0.0772 336.4
1 38 37 203.81 0.0693 542.3
1 38 31 54.56 0.1034 948.9
1 38 14 46.40 0.0399 521.0
1 38 20 73.63 0.0980 402.0
1 38 32 147.04 0.0806 216.2
1 38 20 112.44 0.0713 29.2
1 38 16 62.26 0.0797 785.7
1 38 37 215.86 0.0645 563.0
1 38 37 107.84 0.0810 374.3
1 38 31 104.07 0.0859 59.4
1 38 28 94.59 0.0737 909.4
1 38 33 73.77 0.1157 661.9
1 38 25 242.16 0.0563 941.5
1 38 39 413.25 0.0573 144.6
1 38 14 69.09 0.0321 803.2
1 38 32 179.71 0.0866 20.7
1 38 17 118.54 0.0715 521.0
1 38 36 209.86 0.0551 505.1
1 38 27 282.22 0.0461 19.3
1 38 27 152.80 0.0831 351.3
1 38 32 268.94 0.0567 109.4
1 38 24 361.73 0.0552 693.1
1 38 32 153.25 0.1160 408.3
1 38 18 212.02 0.0329 931.3
1 38 31 98.20 0.0897 911.5
1 38 19 452.59 0.1245 576.9
1 38 27 131.45 0.0690 81.9
1 38 25 156.57 0.0449 779.3
1 38 36 279.85 0.0464 920.3
1 38 17 174.56 0.0585 586.0
1 38 16 101.89 0.0505 753.1
1 38 29 180.08 0.0737 614.0
1 38 13 70.95 0.1291 569.8
1 38 17 99.62 0.0409 860.1
1 38 22 169.31 0.0522 940.9
1 38 28 144.91 0.0738 939.0
1 38 38 112.69 0.0826 216.0
1 38 42 253.86 0.0749 585.0
1 38 42 156.34 0.1008 680.3
1 38 34 174.76 0.0687 467.3
1 38 28 107.35 0.0771 38.0
1 38 27 86.13 0.1076 847.6
1 38 21 68.36 0.0886 703.0
1 38 18 167.86 0.0607 574.7
1 38 37 63.34 0.1037 727.3
1 38 33 166.72 0.1045 77.2
1 38 38 88.64 0.0838 488.0
1 38 28 72.16 0.0918 360.9
1 38 19 126.03 0.0875 765.5
1 38 38 241.64 0.0771 553.5
1 38 36 153.26 0.0674 405.6
1 38 33 47.37 0.1151 612.8
1 38 38 129.89 0.1023 391.5
1 38 39 121.57 0.0697 842.4
1 38 35 272.78 0.0866 582.0
1 38 22 198.60 0.0788 434.7
1 38 28 99.45 0.0678 753.5
1 38 28 56.43 0.0990 344.7
1 38 38 70.13 0.1034 147.4
1 38 35 93.43 0.0803 608.0
1 38 17 658.82 0.0918 537.0
1 38 26 51.59 0.1548 634.6
1 38 38 92.58 0.1053 69.1
1 38 27 94.55 0.1102 34.3
1 38 36 135.10 0.0763 893.3
1 38 31 143.16 0.0859 68.9
1 38 33 61.04 0.1378 62.3
1 38 36 198.76 0.0920 509.3
1 38 38 184.67 0.0949 620.0
1 38 35 55.65 0.0951 780.2
1 38 13 72.75 0.1104 411.6
1 38 23 87.11 0.0732 787.8
1 38 40 174.77 0.0681 419.8
1 38 17 45.93 0.0927 471.3
1 38 20 189.01 0.0396 360.9
1 38 36 90.10 0.0887 328.2
1 38 28 61.83 0.0815 368.8
1 38 29 48.91 0.1014 567.9
1 38 27 63.57 0.0901 374.6
1 38 43 147.63 0.0716 413.4
1 38 35 67.92 0.0806 642.6
1 38 34 188.33 0.0608 118.8
1 38 39 158.74 0.1079 370.3
1 38 34 48.02 0.1052 734.6
1 38 34 50.36 0.1212 714.9
1 38 25 121.42 0.0709 440.7
1 38 33 100.60 0.0919 951.1
1 38 43 144.09 0.0692 476.8
1 38 35 96.26 0.0896 71.3
1 38 33 131.61 0.0871 401.8
1 38 35 85.12 0.1122 219.7
1 38 34 82.11 0.1224 878.2
1 38 21 143.63 0.0371 186.4
1 38 36 122.75 0.0916 298.3
1 38 29 410.21 0.0696 369.7
1 38 30 100.80 0.0730 712.8
1 38 31 86.59 0.0830 851.4
1 38 40 100.88 0.0972 391.0
1 38 29 105.26 0.0657 687.4
1 38 36 60.01 0.1318 585.0
1 38 23 55.37 0.1519 873.0
1 38 42 183.50 0.0495 33.6
1 38 45 169.54 0.0777 930.0
1 38 13 354.09 0.0850 677.4
1 38 20 76.79 0.0807 763.0
1 38 16 94.32 0.1182 773.8
1 38 42 159.06 0.0969 681.0
1 38 19 145.79 0.0418 18.4
1 38 41 169.16 0.0732 766.6
1 38 40 82.21 0.0966 624.4
1 38 32 311.86 0.0731 441.2
1 38 33 45.12 0.0886 502.3
1 38 37 307.36 0.0756 365.4
1 38 26 53.36 0.0789 866.1
1 38 27 164.77 0.0577 36.5
1 38 24 483.26 0.1315 447.7
1 38 41 114.09 0.0891 59.9
1 38 25 54.01 0.0879 533.6
1 38 26 152.50 0.0843 907.2
1 38 37 87.65 0.0711 370.5
1 38 32 86.58 0.0866 483.4
1 38 33 70.32 0.0860 469.8
1 38 40 56.82 0.1162 499.1
1 38 36 108.38 0.0853 581.7
1 38 31 79.80 0.0818 381.6
1 38 41 155.69 0.0717 723.0
1 38 18 49.09 0.0813 639.3
1 38 27 194.68 0.0486 148.7
1 38 26 126.95 0.0451 177.6
1 38 41 145.88 0.0815 376.0
1 38 22 359.91 0.0329 456.9
1 38 34 155.48 0.0826 909.6
1 38 22 76.12 0.0486 234.0
1 38 43 538.15 0.0478 428.5
1 38 21 128.23 0.0994 498.2
1 38 26 64.96 0.1001 60.0
1 38 35 163.66 0.0690 103.1
1 38 38 255.32 0.0760 51.3
1 38 40 330.60 0.0729 829.9
1 38 34 57.45 0.0877 730.3
1 38 44 322.52 0.0605 452.0
1 38 38 109.60 0.0672 493.2
1 38 36 87.00 0.0648 332.0
1 38 36 90.20 0.1118 501.4
1 38 36 70.87 0.1040 580.4
1 38 22 143.26 0.0948 504.1
1 38 38 167.61 0.0702 626.4
1 38 30 101.04 0.0857 532.0
1 38 34 130.25 0.0741 239.5
1 38 42 205.36 0.0604 414.1
1 38 38 75.64 0.1021 894.3
1 38 40 93.98 0.0892 943.9
1 38 19 216.03 0.0499 765.3
1 38 31 157.30 0.0698 665.8
1 38 36 203.53 0.0848 103.8
1 38 37 121.11 0.0954 254.0
1 38 42 59.15 0.1121 264.2
1 38 41 298.05 0.0659 573.8
1 38 38 112.78 0.0890 650.0
1 38 35 59.79 0.1247 66.1
1 38 26 109.89 0.1050 879.8
1 38 32 45.98 0.1326 74.9
1 38 17 47.15 0.0644 520.3
1 38 20 130.08 0.0498 740.9
1 38 32 126.44 0.0818 674.9
1 38 19 130.57 0.0875 724.2
1 38 15 169.51 0.0629 533.5
1 38 23 141.51 0.0588 340.4
1 38 37 48.98 0.1076 927.1
1 38 37 94.41 0.0856 894.4
1 38 44 155.14 0.0767 562.4
1 38 30 223.16 0.0487 43.0
1 38 36 121.43 0.0875 740.5
1 38 34 66.24 0.0724 470.4
1 38 27 147.04 0.0670 458.9
1 38 21 221.01 0.0668 834.9
1 38 40 290.13 0.0984 497.3
1 38 39 143.43 0.0798 796.0
1 38 30 78.14 0.1272 643.8
1 38 35 166.35 0.0662 737.9
1 38 27 186.60 0.0816 559.8
1 38 22 503.10 0.0433 291.3
1 38 42 156.67 0.0688 931.8
1 38 36 127.57 0.0761 130.9
1 38 18 250.51 0.0597 703.3
1 38 17 91.21 0.0511 189.9
1 38 25 168.37 0.0698 849.8
1 38 31 193.77 0.0670 277.9
1 38 28 66.32 0.1092 859.0
1 38 27 140.29 0.0873 234.2
1 38 32 165.33 0.0855 298.1
1 38 38 82.04 0.0581 473.1
1 38 33 112.39 0.0812 497.6
1 38 23 107.82 0.0603 436.7
1 38 32 61.93 0.1072 692.5
1 38 33 174.35 0.0576 559.3
1 38 34 98.15 0.0904 165.9
1 38 16 246.75 0.1040 43.3
1 38 18 70.93 0.0524 766.6
1 38 39 80.32 0.1146 475.0
1 38 22 75.87 0.0900 187.5
1 38 32 115.67 0.1035 386.7
1 38 27 128.03 0.0651 816.1
1 38 33 97.19 0.0723 58.0
1 38 41 83.57 0.0794 66.4
1 38 31 130.25 0.0506 173.8
1 38 26 128.74 0.0655 656.9
1 38 42 67.89 0.0936 815.1
1 38 32 107.20 0.0702 890.2
1 38 33 81.31 0.0840 151.7
1 38 30 141.24 0.0661 329.9
1 38 13 46.68 0.0977 911.2
1 38 34 100.11 0.0817 420.9
1 38 20 76.03 0.0396 732.7
1 38 25 259.56 0.0758 602.3
1 38 39 249.87 0.0794 245.4
1 38 40 132.47 0.0683 910.7
1 38 36 83.22 0.0764 161.5
1 38 14 105.16 0.0437 22.6
1 38 30 82.34 0.1085 885.6
1 38 26 122.77 0.1228 24.4
1 38 26 118.06 0.0560 311.8
1 38 21 90.51 0.0819 422.7
1 38 38 348.42 0.0537 148.1
1 38 26 89.10 0.0832 943.6
1 38 21 55.77 0.0621 879.6
1 38 32 127.02 0.0667 71.7
1 38 27 168.43 0.0683 232.2
1 38 28 97.93 0.0804 962.0
1 38 28 289.08 0.0482 363.8
1 38 45 147.25 0.0926 906.8
1 38 25 48.83 0.1426 493.8
1 38 25 223.30 0.0934 824.5
1 38 29 70.48 0.0949 403.7
1 38 28 313.51 0.0624 471.6
1 38 17 76.64 0.0664 692.1
1 38 36 115.21 0.0554 743.5
1 38 18 598.02 0.1306 569.9
1 38 24 74.06 0.1126 908.6
1 38 40 83.83 0.0942 710.3
1 38 23 66.93 0.1235 695.1
1 38 36 64.78 0.1030 56.6
1 38 39 245.03 0.0617 377.0
1 38 24 121.60 0.0538 200.2
1 38 15 59.71 0.0616 105.3
1 38 24 47.58 0.0792 682.1
1 38 31 69.49 0.0933 25.0
1 38 24 147.11 0.0649 268.0
1 38 28 124.86 0.0876 721.4
1 38 27 77.37 0.0659 420.9
1 38 35 95.45 0.0749 313.6
1 38 13 53.48 0.1531 677.7
1 38 29 146.08 0.0990 606.8
1 38 38 61.27 0.1171 65.6
1 38 31 68.39 0.1121 726.5
1 38 39 110.66 0.1123 551.3
1 38 27 48.04 0.1187 220.4
1 38 28 119.98 0.0665 678.7
1 38 25 62.01 0.1106 126.0
1 38 36 121.76 0.1017 716.1
1 38 33 67.78 0.1161 406.3
1 38 33 98.99 0.0720 638.6
1 38 34 108.22 0.0889 244.4
1 38 15 46.61 0.1393 44.8
1 38 30 156.74 0.0560 493.5
1 38 40 54.18 0.1036 710.5
1 38 26 240.13 0.1006 381.0
1 38 38 114.92 0.0824 22.9
1 38 32 74.53 0.0658 267.6
1 38 28 317.71 0.0768 110.3
1 38 31 59.56 0.0929 22.8
1 38 31 71.32 0.1029 322.2
1 38 37 100.73 0.1094 537.9
1 38 40 160.94 0.0805 239.7
1 38 16 143.42 0.0996 951.8
1 38 14 57.32 0.1608 602.6
1 38 17 45.97 0.1444 608.6
1 38 16 61.73 0.1252 708.7
1 38 23 48.37 0.1012 504.3
1 38 13 49.64 0.1546 442.7
1 38 15 71.35 0.0674 791.6
1 38 19 85.53 0.0458 686.5
1 38 25 116.74 0.0824 696.4
1 38 26 168.42 0.0794 936.5
1 38 29 83.19 0.0998 866.8
1 38 26 47.54 0.0971 473.4
1 38 23 62.66 0.0915 115.2
1 38 33 137.02 0.0780 790.5
1 38 26 70.26 0.1024 787.3
1 38 29 66.21 0.1194 678.1
1 38 19 68.87 0.0848 671.7
1 38 34 68.43 0.1086 449.6
1 38 21 51.21 0.1195 177.0
1 38 14 66.75 0.1125 944.8
1 38 15 81.04 0.0924 798.9
1 38 28 108.78 0.0707 933.3
1 38 16 49.34 0.0483 578.9
1 38 28 109.45 0.0757 808.3
1 38 26 132.63 0.0916 939.7
1 38 35 70.29 0.0860 755.7
1 38 19 156.84 0.1113 15.9
1 38 16 46.57 0.0453 167.6
1 38 31 154.59 0.0776 57.6
1 38 17 272.24 0.1021 425.6
1 38 27 84.46 0.0826 218.4
1 38 23 155.62 0.0887 446.6
1 38 26 51.59 0.0833 887.2
1 38 16 128.90 0.0592 341.9
1 38 30 88.26 0.0901 444.0
1 38 22 78.26 0.1044 5.5
1 38 16 62.53 0.0695 799.9
1 38 26 75.12 0.0996 856.1
1 38 27 99.25 0.1126 705.3
1 38 27 246.66 0.0795 593.4
1 38 36 101.19 0.1108 595.4
1 38 28 162.63 0.0855 20.6
1 38 17 70.99 0.1217 879.5
1 38 22 76.63 0.1007 16.2
1 38 24 52.58 0.1090 29.0
1 38 21 60.29 0.1457 625.4
1 38 39 147.08 0.0590 24.0
1 38 45 97.04 0.0849 604.2
1 38 34 45.56 0.1188 774.0
1 38 31 52.08 0.0837 247.4
1 38 26 70.90 0.0650 949.5
1 38 20 147.06 0.0707 756.1
1 38 18 111.69 0.0729 577.4
1 38 13 47.37 0.0810 322.2
1 38 19 84.21 0.0865 52.1
1 38 13 63.31 0.0578 680.4
1 38 16 117.54 0.0824 317.9
1 38 28 94.88 0.0682 374.5
1 38 17 172.47 0.0647 517.0
1 38 41 109.98 0.0896 604.5
1 38 35 81.02 0.0891 238.0
1 38 23 48.25 0.0967 201.9
1 38 20 65.34 0.1120 629.4
1 38 23 196.85 0.0763 361.3
1 38 39 188.00 0.0989 188.9
1 38 27 210.35 0.0677 630.7
1 38 15 58.54 0.0695 513.5
1 38 16 263.77 0.0649 824.5
1 38 34 111.29 0.0718 99.5
1 38 23 64.46 0.0676 635.2
1 38 43 84.87 0.0677 743.1
1 38 26 137.01 0.0822 71.9
1 38 37 160.31 0.0653 532.6
1 38 32 188.11 0.0967 22.2
1 38 18 90.33 0.0596 148.3
1 38 18 47.24 0.1578 739.2
1 38 16 66.15 0.0901 795.6
1 38 18 49.20 0.0924 926.8
1 38 29 112.37 0.0619 355.0
1 38 16 52.75 0.0420 958.4
1 38 27 122.03 0.0518 213.8
1 38 29 45.88 0.1085 925.9
1 38 35 160.58 0.0842 564.0
1 38 25 146.81 0.0623 330.5
1 38 31 82.75 0.0833 173.7
1 38 19 49.79 0.1301 472.7
1 38 34 64.52 0.0913 101.5
1 38 21 64.92 0.0802 942.9
1 38 19 98.49 0.1051 914.0
1 38 13 312.17 0.0236 185.1
1 38 20 131.85 0.0496 115.1
1 38 25 72.30 0.0622 399.5
1 38 25 233.49 0.0475 539.4
1 38 27 425.14 0.0957 24.9
1 38 24 45.41 0.1214 443.2
1 38 18 68.44 0.1357 820.3
1 38 14 56.02 0.0828 239.9
1 38 35 144.89 0.1259 50.5
1 38 33 305.30 0.0612 682.3
1 38 33 75.20 0.0767 473.9
1 38 35 65.13 0.0842 911.0
1 38 27 100.94 0.0807 351.2
1 38 32 106.93 0.1017 783.5
1 38 28 143.23 0.1063 47.0
1 38 23 197.07 0.0527 358.6
1 38 32 104.77 0.0849 562.4
1 38 14 138.77 0.0800 588.4
1 38 32 97.08 0.1013 460.9
1 38 25 71.78 0.0975 352.5
1 39 21 60.68 0.0962 246.0
1 39 23 401.43 0.0790 741.4
1 39 30 858.08 0.0529 76.5
1 39 28 129.84 0.0545 125.0
1 39 24 120.77 0.1077 76.5
1 39 30 121.10 0.0910 408.3
1 39 35 156.65 0.0679 843.0
1 39 37 113.93 0.0814 93.4
1 39 20 79.60 0.0763 648.2
1 39 30 57.91 0.1107 874.8
1 39 24 112.04 0.0440 941.3
1 39 35 73.29 0.1005 341.8
1 39 32 541.96 0.0522 942.7
1 39 26 128.57 0.0575 789.5
1 39 29 208.08 0.0712 757.8
1 39 36 134.85 0.0711 208.3
1 39 29 51.14 0.1288 454.6
1 39 38 84.31 0.0865 528.1
1 39 22 61.91 0.0706 790.7
1 39 24 113.81 0.0782 107.8
1 39 27 99.66 0.0832 215.4
1 39 29 129.22 0.0818 928.6
1 39 20 284.85 0.0610 305.5
1 39 21 79.49 0.0600 23.1
1 39 33 64.51 0.1161 932.0
1 39 25 213.78 0.0831 40.9
1 39 18 82.71 0.0724 782.3
1 39 31 152.70 0.0492 104.9
1 39 37 83.63 0.0959 771.5
1 39 29 117.62 0.0639 908.6
1 39 23 149.05 0.0870 106.0
1 39 19 812.77 0.1105 228.2
1 39 24 62.43 0.1355 513.5
1 39 19 47.31 0.0652 874.5
1 39 25 92.23 0.1137 231.2
1 39 20 70.98 0.0866 76.2
1 39 15 141.09 0.0533 579.2
1 39 26 155.39 0.1335 214.7
1 39 17 288.05 0.0599 286.3
1 39 21 300.34 0.0278 373.1
1 39 29 60.42 0.0893 776.7
1 39 30 152.89 0.0534 793.9
1 39 28 54.44 0.1070 902.7
1 39 43 141.69 0.0674 35.4
1 39 23 75.46 0.0655 892.6
1 39 32 168.97 0.1472 27.5
1 39 28 80.31 0.0988 199.4
1 39 28 71.43 0.0677 772.0
1 39 25 140.91 0.0504 354.0
1 39 44 244.69 0.0670 510.3
1 39 19 59.21 0.1034 625.7
1 39 19 91.74 0.0784 68.5
1 39 24 118.71 0.1160 69.5
1 39 32 187.23 0.0561 357.8
1 39 27 53.45 0.1087 54.9
1 39 33 77.11 0.0819 460.6
1 39 22 116.73 0.0357 548.0
1 39 37 542.78 0.0429 723.8
1 39 42 134.32 0.0721 262.0
1 39 41 184.43 0.0564 741.4
1 39 37 144.48 0.0657 177.0
1 39 30 91.87 0.0771 234.3
1 39 30 65.35 0.1010 873.6
1 39 38 109.44 0.0947 131.0
1 39 38 125.09 0.0612 517.4
1 39 27 45.17 0.1145 315.9
1 39 20 75.24 0.0664 518.5
1 39 40 55.96 0.0914 864.8
1 39 23 96.91 0.0477 630.1
1 39 20 75.74 0.0975 214.4
1 39 25 133.50 0.0851 760.4
1 39 36 67.23 0.0889 944.9
1 39 37 245.31 0.0666 611.9
1 39 36 103.08 0.0882 481.6
1 39 39 92.65 0.0814 361.7
1 39 21 51.07 0.0494 741.4
1 39 41 80.49 0.0940 809.6
1 39 22 87.75 0.0977 82.4
1 39 29 99.54 0.0847 167.3
1 39 18 46.97 0.0629 472.8
1 39 37 68.33 0.0899 576.0
1 39 36 194.76 0.0590 416.8
1 39 27 203.54 0.0465 885.6
1 39 32 393.15 0.0685 486.7
1 39 17 65.46 0.1557 171.0
1 39 24 117.42 0.0983 694.2
1 39 30 119.27 0.0607 505.4
1 39 38 210.96 0.0607 384.1
1 39 18 116.69 0.1241 115.5
1 39 38 69.83 0.0777 48.1
1 39 37 58.49 0.1098 217.6
1 39 27 106.37 0.0727 936.6
1 39 30 64.13 0.0970 72.9
1 39 33 112.74 0.0763 828.9
1 39 16 127.61 0.0338 50.1
1 39 30 443.30 0.0559 133.6
1 39 21 99.90 0.1173 67.7
1 39 37 130.69 0.1042 272.7
1 39 34 155.65 0.0741 738.0
1 39 31 67.84 0.1329 881.5
1 39 32 260.67 0.0938 273.7
1 39 17 219.08 0.1050 35.7
1 39 29 84.74 0.0905 108.3
1 39 17 45.65 0.1376 15.3
1 39 16 91.35 0.0840 141.2
1 39 22 88.45 0.0582 716.5
1 39 19 126.98 0.1285 89.3
1 39 39 195.04 0.0627 852.0
1 39 30 124.75 0.1218 150.3
1 39 34 80.92 0.0861 102.5
1 39 28 144.31 0.0660 828.7
1 39 22 98.03 0.0855 430.4
1 39 25 295.15 0.0869 130.4
1 39 35 149.48 0.0975 56.4
1 39 18 300.92 0.0439 93.7
1 39 39 98.45 0.0953 574.0
1 39 21 85.85 0.0938 76.2
1 39 17 103.70 0.1159 484.3
1 39 16 116.79 0.1003 935.5
1 39 34 66.58 0.1482 920.8
1 39 26 201.62 0.0360 90.7
1 39 41 191.54 0.0630 133.5
1 39 14 78.98 0.0860 644.0
1 39 31 168.83 0.0903 824.8
1 39 31 99.63 0.0849 832.4
1 39 17 48.05 0.1085 458.0
1 39 33 46.70 0.1393 577.1
1 39 35 93.74 0.1160 776.3
1 39 23 304.93 0.0385 70.9
1 39 41 50.07 0.1051 262.1
1 39 17 227.79 0.0558 752.6
1 39 43 100.61 0.0714 185.3
1 39 41 222.89 0.0731 179.8
1 39 40 153.03 0.0656 793.1
1 39 29 281.17 0.0738 29.3
1 39 24 83.98 0.0905 820.0
1 39 17 105.00 0.0743 528.2
1 39 16 82.40 0.0547 326.9
1 39 18 155.32 0.0475 232.2
1 39 30 132.51 0.0649 30.0
1 39 21 58.99 0.1119 24.5
1 39 32 78.16 0.0963 599.9
1 39 20 49.29 0.1272 852.0
1 39 29 58.85 0.0927 136.0
1 39 40 362.29 0.0810 936.5
1 39 28 72.56 0.0730 57.0
1 39 30 47.34 0.0812 351.3
1 39 40 72.06 0.0739 801.0
1 39 22 54.31 0.1006 73.0
1 39 36 96.97 0.0794 73.4
1 39 34 140.65 0.0702 227.0
1 39 40 225.10 0.0669 207.3
1 39 41 46.63 0.1056 219.0
1 39 26 63.40 0.1096 546.3
1 39 43 178.53 0.0536 673.0
1 39 37 50.42 0.1138 765.6
1 39 39 148.74 0.0636 32.8
1 39 43 199.99 0.0508 128.2
1 39 17 329.80 0.0708 751.6
1 39 34 121.13 0.0545 915.4
1 39 45 332.53 0.0523 225.2
1 39 27 137.61 0.0456 517.4
1 39 23 129.30 0.0565 38.6
1 39 40 73.71 0.0906 717.2
1 39 30 88.36 0.0706 37.8
1 39 28 129.53 0.0856 954.9
1 39 30 112.79 0.0573 114.2
1 39 30 206.11 0.0811 107.4
1 39 43 105.95 0.0690 104.1
1 39 39 163.36 0.0655 482.5
1 39 44 167.36 0.0765 238.1
1 39 31 96.73 0.0608 668.1
1 39 45 145.97 0.0642 384.6
1 39 36 119.07 0.0849 11.5
1 39 34 59.12 0.1191 108.5
1 39 26 98.36 0.0973 696.8
1 39 34 259.62 0.0677 138.3
1 39 29 85.96 0.0696 377.7
1 39 20 65.34 0.1130 111.4
1 39 23 64.71 0.1002 772.4
1 39 22 54.24 0.0864 102.8
1 39 18 64.96 0.1170 14.7
1 39 38 107.15 0.0730 123.9
1 39 40 100.02 0.0974 271.0
1 39 19 52.45 0.0858 39.9
1 39 15 60.13 0.0876 15.8
1 39 24 58.77 0.0959 443.4
1 39 26 180.58 0.0778 94.6
1 39 13 472.05 0.1639 839.2
1 39 41 131.45 0.0778 171.6
1 39 30 66.52 0.0919 119.7
1 39 15 212.64 0.0997 94.7
1 39 35 143.82 0.0618 812.1
1 39 24 55.49 0.1153 130.6
1 39 32 66.64 0.1156 60.4
1 39 44 191.39 0.0812 246.7
1 39 38 212.85 0.0606 616.4
1 39 43 144.58 0.0740 245.8
1 39 38 189.83 0.0704 85.2
1 39 21 130.13 0.0574 103.1
1 39 18 58.88 0.1417 71.5
1 39 34 52.62 0.1087 82.6
1 39 19 53.41 0.1015 688.4
1 39 40 66.09 0.1209 577.3
1 39 14 140.71 0.1421 767.0
1 39 37 61.99 0.0932 224.5
1 39 36 135.21 0.0719 874.1
1 39 16 65.81 0.1303 938.5
1 39 38 113.15 0.0886 115.6
1 39 27 239.50 0.0610 660.9
1 39 31 173.07 0.0645 598.3
1 39 42 78.52 0.0784 64.6
1 39 27 47.77 0.1069 319.8
1 39 17 248.75 0.0913 340.3
1 39 23 55.75 0.1230 241.5
1 39 37 91.29 0.0760 131.5
1 39 33 78.41 0.0959 54.8
1 39 36 92.69 0.0873 163.9
1 39 21 68.48 0.0777 42.3
1 39 31 61.19 0.1121 942.1
1 39 34 192.23 0.0672 792.1
1 39 28 171.67 0.0910 200.2
1 39 39 158.65 0.0579 919.7
1 39 38 72.70 0.1103 395.6
1 39 31 145.30 0.0803 139.6
1 39 16 200.41 0.0434 593.3
1 39 22 219.82 0.0551 24.4
1 39 14 47.73 0.0559 5.7
1 39 13 94.08 0.0713 181.1
1 39 32 91.46 0.0823 797.8
1 39 40 74.37 0.1005 282.0
1 39 37 92.49 0.0730 106.7
1 39 29 51.52 0.1309 661.7
1 39 31 89.94 0.1002 54.9
1 39 23 273.05 0.0411 435.5
1 39 21 120.87 0.0770 128.0
1 39 27 45.07 0.0994 135.1
1 39 32 872.56 0.0659 135.0
1 39 32 248.47 0.0577 937.4
1 39 28 84.48 0.0744 451.3
1 39 27 206.23 0.0518 942.1
1 39 34 157.95 0.0604 242.2
1 39 38 96.44 0.0757 58.6
1 39 36 312.16 0.0551 332.4
1 39 41 178.22 0.0725 167.5
1 39 42 126.30 0.0662 827.1
1 39 34 85.32 0.0820 666.7
1 39 20 50.83 0.0497 672.5
1 39 17 54.33 0.0715 611.2
1 39 26 150.23 0.0841 954.0
1 39 17 114.43 0.0532 27.7
1 39 40 123.24 0.0910 494.3
1 39 15 114.07 0.0509 932.1
1 39 17 77.44 0.1132 232.4
1 39 20 124.09 0.1055 829.1
1 39 24 194.79 0.0618 45.0
1 39 21 535.49 0.0781 842.0
1 39 36 150.09 0.0818 908.8
1 39 37 192.88 0.0776 201.5
1 39 34 134.97 0.0780 202.3
1 39 41 178.64 0.0725 562.7
1 39 24 140.44 0.0477 442.0
1 39 13 708.48 0.1273 604.2
1 39 32 141.84 0.0585 527.4
1 39 25 125.80 0.1133 76.6
1 39 42 233.72 0.0459 100.0
1 39 22 136.48 0.0335 478.3
1 39 38 78.95 0.0598 390.2
1 39 21 536.02 0.0492 602.8
1 39 42 134.08 0.0791 85.3
1 39 15 368.91 0.0451 947.5
1 39 15 111.95 0.1295 787.9
1 39 36 141.03 0.0672 126.6
1 39 36 154.38 0.0782 950.9
1 39 35 64.55 0.1043 482.3
1 39 25 86.24 0.1312 843.1
1 39 24 128.83 0.0451 874.5
1 39 37 101.25 0.0658 926.0
1 39 22 115.44 0.0836 61.1
1 39 17 614.73 0.0341 16.9
1 39 26 48.49 0.0863 459.8
1 39 21 112.52 0.0776 121.2
1 39 15 230.97 0.0504 851.8
1 39 24 166.77 0.0513 695.0
1 39 24 202.26 0.0794 685.4
1 39 15 66.09 0.0447 731.3
1 39 23 70.25 0.0471 820.3
1 39 15 79.20 0.0804 637.8
1 39 34 81.44 0.0773 682.4
1 39 35 179.50 0.0669 877.2
1 39 35 100.46 0.0957 517.0
1 39 21 744.34 0.0898 114.7
1 39 14 162.53 0.1155 831.7
1 39 16 84.46 0.0332 20.8
1 39 28 333.75 0.0890 135.4
1 39 26 75.50 0.0772 623.7
1 39 20 136.72 0.0478 59.7
1 39 29 102.88 0.0493 715.7
1 39 28 56.04 0.1169 33.1
1 39 16 228.41 0.0378 289.8
1 39 14 161.00 0.0899 26.8
1 39 21 171.51 0.0497 98.1
1 39 21 68.00 0.0714 18.3
1 39 15 87.10 0.0507 103.5
1 39 21 139.21 0.0647 763.3
1 39 21 401.90 0.0730 64.1
1 39 30 531.23 0.0645 937.9
1 39 39 83.99 0.0796 343.1
1 39 19 136.37 0.1586 58.3
1 39 21 156.31 0.1029 785.0
1 39 39 172.55 0.0862 274.3
1 39 23 81.72 0.0606 492.5
1 39 29 279.86 0.0736 356.3
1 39 19 98.69 0.0958 647.1
1 39 17 128.53 0.0665 61.1
1 39 29 172.25 0.0945 84.0
1 39 21 103.40 0.0411 36.4
1 39 16 178.81 0.0535 354.4
1 39 17 146.36 0.0409 29.5
1 39 37 147.82 0.1083 82.2
1 39 16 192.27 0.0558 29.5
1 39 29 205.57 0.0458 389.9
1 39 38 476.72 0.0636 263.6
1 39 29 159.07 0.0583 721.9
1 39 40 250.56 0.0671 125.4
1 39 26 158.23 0.0649 175.3
1 39 24 236.85 0.0583 693.0
1 39 30 466.66 0.0946 236.7
1 39 22 67.58 0.1240 690.0
1 39 18 177.99 0.0787 185.8
1 39 25 55.99 0.1297 241.7
1 39 21 100.03 0.0873 591.7
1 39 15 45.85 0.0947 288.6
1 39 16 108.21 0.1133 379.4
1 39 15 62.62 0.0580 18.3
1 39 29 76.74 0.0973 96.1
1 39 14 618.75 0.0532 112.9
1 39 15 62.30 0.1491 227.5
1 39 37 100.76 0.0936 617.5
1 39 22 173.20 0.0820 31.5
1 39 16 50.99 0.0685 226.5
1 39 13 112.62 0.0423 132.0
1 39 14 179.08 0.0935 162.6
1 39 14 169.83 0.0998 82.5
1 39 26 139.28 0.0963 65.0
1 39 18 47.53 0.0829 482.5
1 39 28 53.39 0.0887 143.8
1 39 15 45.85 0.0975 752.8
1 39 17 175.18 0.0765 858.9
1 39 25 100.71 0.0818 105.1
1 39 18 58.11 0.0625 431.4
1 39 18 182.11 0.0659 783.7
1 39 15 59.43 0.1427 97.1
1 39 16 59.52 0.0519 435.9
1 39 15 256.16 0.0658 159.8
1 39 14 67.24 0.1374 229.8
1 39 20 50.84 0.0872 953.2
1 39 15 153.85 0.0894 71.0
1 39 27 190.20 0.0853 790.3
1 39 40 48.97 0.1217 96.0
1 39 31 63.40 0.1107 492.4
1 39 13 74.03 0.1234 769.2
1 39 19 62.03 0.0667 28.1
1 39 20 56.80 0.0716 848.2
1 39 14 65.86 0.0934 934.9
1 39 15 312.08 0.1452 928.0
1 39 18 57.79 0.0612 714.0
1 39 21 79.35 0.0882 252.6
1 39 13 258.79 0.0669 569.2
1 39 22 59.16 0.0950 546.5
1 39 13 140.08 0.0601 531.3
1 39 16 107.55 0.0661 607.7
1 39 17 69.24 0.0709 588.9
1 39 13 82.01 0.1365 777.7
1 39 24 54.91 0.1095 890.4
1 39 21 128.31 0.0632 803.5
1 39 16 264.17 0.0559 82.7
1 39 27 45.95 0.0747 330.6
1 39 15 55.61 0.0398 697.8
1 39 18 130.41 0.0954 66.6
1 39 14 259.06 0.0538 456.0
1 39 14 45.75 0.0458 911.0
1 39 18 56.92 0.0531 770.6
1 39 13 71.69 0.1018 492.0
1 39 15 255.45 0.0716 715.6
1 39 25 106.33 0.1235 67.5
1 39 14 133.34 0.1250 431.6
1 39 17 64.43 0.0780 300.4
1 39 13 48.23 0.1035 330.3
1 40 38 214.67 0.0710 676.6
1 40 31 69.89 0.1313 815.3
1 40 31 179.84 0.0820 575.1
1 40 18 293.68 0.0608 741.0
1 40 27 71.85 0.1091 222.1
1 40 23 194.09 0.0612 875.0
1 40 23 55.10 0.1176 891.5
1 40 28 67.45 0.1087 33.0
1 40 19 140.20 0.0830 97.0
1 40 34 103.32 0.0768 687.5
1 40 23 118.38 0.0819 118.6
1 40 23 72.34 0.1168 453.1
1 40 40 186.52 0.0690 182.6
1 40 32 170.63 0.1016 467.2
1 40 23 128.20 0.0908 82.8
1 40 37 209.14 0.0808 205.2
1 40 27 179.23 0.0546 914.9
1 40 27 94.54 0.0985 520.6
1 40 25 161.33 0.0846 572.1
1 40 14 60.66 0.1049 763.4
1 40 19 152.90 0.0589 869.1
1 40 15 90.58 0.0844 955.6
1 40 27 79.07 0.1065 483.8
1 40 31 104.95 0.1033 245.1
1 40 21 104.67 0.1171 64.5
1 40 15 58.53 0.1477 625.5
1 40 16 58.46 0.0377 265.9
1 40 18 50.14 0.1361 108.5
1 40 27 82.21 0.1402 120.1
1 40 20 74.00 0.1278 116.9
1 40 15 176.68 0.0665 736.7
1 40 42 91.96 0.1027 179.6
1 40 26 71.73 0.0887 135.8
1 40 15 389.75 0.0654 64.6
1 40 13 59.48 0.0560 137.3
1 40 14 112.56 0.1116 56.1
1 40 28 61.68 0.0995 64.2
1 40 35 61.59 0.1011 33.6
1 40 17 119.34 0.0655 25.8
1 40 17 88.83 0.0710 134.1
1 40 38 296.20 0.0600 831.1
1 40 27 77.47 0.0876 718.1
1 40 37 58.27 0.1131 520.4
1 40 33 103.47 0.0823 545.6
1 40 31 129.29 0.0750 867.3
1 40 30 67.43 0.1006 907.1
1 40 24 48.21 0.1039 721.5
1 40 16 188.29 0.0682 41.2
1 40 20 55.03 0.1126 555.0
1 40 18 48.71 0.0656 627.1
1 40 14 200.70 0.0562 693.2
1 40 13 270.19 0.0440 406.8
1 40 24 129.69 0.0548 18.0
1 40 42 109.33 0.0739 77.5
1 40 40 72.66 0.0930 846.5
1 40 24 105.76 0.0791 924.2
1 40 16 440.95 0.0638 882.7
1 40 27 126.48 0.0575 642.1
1 40 37 132.19 0.0891 593.2
1 40 22 116.85 0.0554 744.6
1 40 17 48.09 0.0729 252.5
1 40 23 295.66 0.0663 902.4
1 40 42 155.02 0.0706 702.4
1 40 36 174.28 0.0654 206.1
1 40 14 72.61 0.0457 707.0
1 40 32 64.19 0.1163 531.2
1 40 26 100.19 0.1018 724.6
1 40 23 53.09 0.0931 895.2
1 40 20 284.82 0.0753 633.9
1 40 27 132.00 0.0790 219.4
1 40 14 112.38 0.1177 898.7
1 40 13 63.95 0.0558 929.1
1 40 16 127.89 0.0893 634.5
1 40 22 45.43 0.1017 695.0
1 40 37 244.16 0.0603 645.3
1 40 27 132.69 0.0734 752.1
1 40 25 118.50 0.0595 457.8
1 40 15 136.90 0.0778 939.1
1 40 17 63.61 0.0617 510.0
1 40 16 149.66 0.1219 576.7
1 40 18 53.12 0.0738 86.1
1 40 16 445.06 0.0763 551.1
1 40 14 68.01 0.0754 8.8
1 40 19 163.92 0.0737 36.1
1 40 28 54.71 0.0633 241.7
1 40 26 49.16 0.1345 569.4
1 40 30 57.71 0.0909 626.4
1 40 39 152.02 0.0719 241.4
1 40 37 110.15 0.0735 136.3
1 40 32 124.86 0.0807 131.4
1 40 17 116.54 0.0460 657.0
1 40 26 50.13 0.0982 120.6
1 40 17 136.62 0.0446 14.3
1 40 21 229.29 0.0565 925.6
1 40 13 96.22 0.0889 674.0
1 40 45 85.74 0.0769 98.0
1 40 20 204.60 0.0395 94.2
1 40 28 75.05 0.0901 71.6
1 40 36 100.33 0.0866 451.3
1 40 40 82.05 0.0689 79.4
1 40 42 82.41 0.1121 207.0
1 40 15 48.97 0.1062 105.5
1 40 19 74.18 0.0597 951.9
1 40 18 186.59 0.0459 36.6
1 40 17 64.30 0.0732 261.6
1 40 35 270.27 0.0988 591.6
1 40 41 181.65 0.1042 562.5
1 40 16 83.92 0.0784 418.4
1 40 38 91.28 0.0871 569.6
1 40 14 143.99 0.0762 712.0
1 40 40 64.31 0.0888 431.3
1 40 36 78.33 0.0950 421.4
1 40 22 51.15 0.0675 31.0
1 40 29 128.40 0.0537 589.1
1 40 15 424.75 0.0918 18.7
1 40 16 147.61 0.0579 625.0
1 40 38 78.65 0.0977 48.7
1 40 18 99.97 0.1295 724.5
1 40 32 125.38 0.0850 358.3
1 40 28 45.67 0.1329 591.8
1 40 34 105.57 0.0697 331.8
1 40 26 47.38 0.1109 14.4
1 40 14 256.18 0.1080 248.7
1 40 35 60.66 0.1079 106.7
1 40 37 371.04 0.0748 170.3
1 40 28 185.31 0.0623 171.3
1 40 24 861.19 0.0631 535.3
1 40 31 142.60 0.0861 629.3
1 40 28 91.38 0.0857 602.0
1 40 37 83.38 0.0933 477.3
1 40 35 132.82 0.0656 859.5
1 40 36 98.44 0.0777 728.3
1 40 18 46.03 0.0930 626.8
1 40 33 51.84 0.1267 307.5
1 40 13 55.56 0.0771 541.2
1 40 37 107.78 0.0811 729.3
1 40 16 156.90 0.0464 19.1
1 40 22 159.00 0.0668 166.5
1 40 32 178.92 0.0828 420.9
1 40 31 106.47 0.0743 32.0
1 40 30 159.16 0.0682 128.1
1 40 18 119.87 0.0434 644.1
1 40 39 220.86 0.0706 599.9
1 40 31 67.66 0.0884 320.2
1 40 23 45.47 0.1209 339.6
1 40 38 355.34 0.0620 607.8
1 40 16 506.12 0.0398 16.4
1 40 35 108.40 0.0834 643.9
1 40 29 137.63 0.0717 164.9
1 40 16 76.53 0.0804 958.6
1 40 19 107.87 0.0570 336.9
1 40 23 101.36 0.0720 577.9
1 40 25 46.38 0.1268 785.0
1 40 31 99.24 0.0857 590.2
1 40 13 716.08 0.1472 34.7
1 40 24 142.44 0.1014 665.9
1 40 24 65.61 0.1495 265.4
1 40 18 69.85 0.0551 701.6
1 40 35 45.31 0.1438 287.0
1 40 38 138.12 0.0762 890.6
1 40 43 297.82 0.0562 915.5
1 40 38 180.09 0.0442 587.1
1 40 34 132.53 0.0774 79.6
1 40 32 129.88 0.0587 524.5
1 40 27 45.31 0.1135 428.7
1 40 29 96.08 0.0835 635.5
1 40 30 60.53 0.0791 658.9
1 40 28 131.52 0.0717 584.0
1 40 32 169.06 0.0906 746.8
1 40 29 88.51 0.0927 575.4
1 40 19 90.28 0.0480 300.1
1 40 38 92.16 0.1100 245.6
1 40 17 124.89 0.1524 895.9
1 40 24 253.26 0.0563 224.7
1 40 33 181.71 0.0614 139.5
1 40 45 78.29 0.0736 191.1
1 40 39 93.84 0.0700 160.3
1 40 34 146.39 0.0687 161.9
1 40 25 96.14 0.0709 15.2
1 40 29 90.90 0.0466 812.3
1 40 35 337.73 0.0563 261.5
1 40 37 52.03 0.0878 711.7
1 40 37 110.53 0.0829 144.0
1 40 32 57.20 0.1114 290.0
1 40 17 108.20 0.0937 139.0
1 40 13 94.40 0.0627 841.3
1 40 21 98.45 0.0597 562.9
1 40 22 164.12 0.0603 59.1
1 40 23 54.58 0.0786 657.7
1 40 35 110.28 0.0891 64.9
1 40 43 136.57 0.0655 756.0
1 40 44 107.18 0.0667 830.4
1 40 37 65.20 0.0870 586.0
1 40 34 96.74 0.0889 475.4
1 40 31 104.80 0.0762 700.7
1 40 31 159.13 0.0783 870.7
1 40 34 130.15 0.0545 875.8
1 40 41 136.10 0.0870 195.4
1 40 38 127.13 0.0734 749.5
1 40 17 161.98 0.0953 695.4
1 40 15 264.99 0.0696 423.6
1 40 41 84.74 0.1109 647.1
1 40 20 101.08 0.0758 634.1
1 40 32 91.12 0.1007 496.1
1 40 20 87.41 0.0722 452.6
1 40 42 155.65 0.0735 544.5
1 40 26 58.60 0.1078 884.3
1 40 36 121.27 0.0864 60.8
1 40 30 105.29 0.0824 78.2
1 40 30 168.98 0.0639 32.4
1 40 18 95.64 0.0737 898.0
1 40 38 84.38 0.1337 698.1
1 40 14 82.85 0.0643 588.7
1 40 34 124.30 0.0892 568.5
1 40 15 69.52 0.1304 448.5
1 40 22 68.46 0.1119 947.7
1 40 19 230.14 0.0624 66.1
1 40 19 72.03 0.0999 698.5
1 40 16 63.62 0.0739 946.0
1 40 17 107.53 0.0990 953.7
1 40 14 718.06 0.1185 360.8
1 40 28 298.38 0.0589 555.0
1 40 45 85.85 0.0769 273.8
1 40 23 72.57 0.0394 770.7
1 40 37 70.50 0.1068 196.6
1 40 36 107.18 0.0748 95.2
1 40 39 92.85 0.0926 806.0
1 40 41 72.86 0.1122 334.1
1 40 34 166.83 0.0643 94.6
1 40 22 103.78 0.1250 747.7
1 40 38 123.41 0.0681 566.3
1 40 18 55.51 0.0857 227.4
1 40 15 79.32 0.0685 881.4
1 40 22 53.88 0.1098 68.8
1 40 17 45.50 0.0756 49.0
1 40 32 121.37 0.0771 895.1
1 40 32 84.01 0.0715 355.4
1 40 38 119.23 0.0840 119.0
1 40 40 89.63 0.0857 590.2
1 40 36 90.97 0.0815 749.1
1 40 36 173.38 0.0492 472.0
1 40 40 189.89 0.0686 88.0
1 40 41 101.27 0.0942 759.3
1 40 37 180.04 0.0816 684.0
1 40 18 64.39 0.1356 742.7
1 40 35 49.95 0.1187 234.0
1 40 24 75.98 0.0671 725.9
1 40 28 165.21 0.0458 85.5
1 40 17 103.71 0.0455 638.4
1 40 21 72.52 0.0673 21.2
1 40 35 106.26 0.0845 242.6
1 40 26 353.10 0.0736 712.7
1 40 16 129.46 0.0709 921.6
1 40 36 85.78 0.0818 893.7
1 40 18 119.80 0.0645 80.4
1 40 38 272.72 0.0579 608.4
1 40 32 88.86 0.0920 889.1
1 40 29 82.91 0.0877 444.5
1 40 39 119.16 0.0909 75.4
1 40 30 140.60 0.0495 707.0
1 40 16 56.82 0.0792 123.4
1 40 24 66.89 0.0867 58.3
1 40 26 56.85 0.1163 591.3
1 40 20 117.96 0.0666 50.6
1 40 19 60.04 0.1246 641.7
1 40 33 50.99 0.0989 891.1
1 40 22 263.21 0.0425 930.0
1 40 41 225.23 0.0755 124.3
1 40 15 102.43 0.1138 574.7
1 40 24 81.65 0.0700 569.5
1 40 18 408.84 0.0350 634.3
1 40 16 63.93 0.0430 914.1
1 40 14 85.20 0.0780 642.4
1 40 17 80.00 0.0820 560.5
1 40 26 59.96 0.0972 576.7
1 40 29 57.15 0.0804 766.3
1 40 28 50.73 0.0793 867.8
1 40 34 201.93 0.0737 357.0
1 40 29 176.25 0.0628 932.6
1 40 36 86.12 0.0699 805.6
1 40 33 148.43 0.0873 617.1
1 40 37 80.89 0.0698 146.4
1 40 32 158.86 0.0605 552.8
1 40 42 128.03 0.0643 792.6
1 40 40 450.52 0.0536 585.8
1 40 21 138.29 0.0876 647.7
1 40 26 124.02 0.0750 8.4
1 40 19 541.35 0.0542 924.3
1 40 38 100.03 0.0664 264.6
1 40 41 65.70 0.0861 632.5
1 40 38 97.10 0.0751 558.5
1 40 19 121.42 0.0602 70.8
1 40 29 89.17 0.0644 889.2
1 40 29 102.83 0.0866 201.0
1 40 34 108.96 0.0848 348.1
1 40 28 132.49 0.0903 147.6
1 40 31 421.75 0.0848 43.5
1 40 25 69.67 0.0842 51.8
1 40 17 116.40 0.0639 890.4
1 40 37 104.63 0.0810 806.2
1 40 21 339.14 0.0576 199.7
1 40 17 105.26 0.0598 944.2
1 40 26 144.00 0.0693 70.1
1 40 17 70.06 0.0443 556.9
1 40 28 51.43 0.0968 208.6
1 40 21 67.14 0.0864 141.9
1 40 27 128.69 0.0675 654.0
1 40 17 69.59 0.0948 906.5
1 40 18 102.20 0.0527 900.3
1 40 33 159.92 0.0922 924.8
1 40 35 125.88 0.0823 627.6
1 40 19 259.81 0.0448 104.7
1 40 19 69.44 0.0976 200.5
1 40 30 83.31 0.0688 62.6
1 40 23 178.03 0.0603 169.5
1 40 21 73.35 0.0556 593.9
1 40 43 95.80 0.0861 681.6
1 40 32 212.34 0.0714 577.4
1 40 27 119.36 0.0842 70.0
1 40 34 111.25 0.0935 709.1
1 40 19 67.81 0.0741 353.2
1 40 16 108.19 0.0841 151.6
1 40 24 95.95 0.0736 66.7
1 40 15 67.03 0.0559 501.6
1 40 13 86.82 0.0860 705.6
1 40 13 135.92 0.0542 134.0
1 40 16 83.79 0.0405 23.3
1 40 19 90.02 0.0402 615.7
1 40 17 51.44 0.0801 562.9
1 40 28 53.30 0.0973 122.4
1 40 16 60.17 0.0451 626.4
1 40 17 163.77 0.0526 617.7
1 40 15 161.21 0.0493 9.8
1 40 24 113.29 0.0700 756.7
1 40 22 96.32 0.0813 583.3
1 40 20 69.02 0.0786 389.7
1 40 18 99.38 0.0799 589.7
1 40 14 75.77 0.1201 408.0
1 40 17 114.30 0.1003 433.6
1 40 13 148.26 0.1442 275.8
1 40 41 111.80 0.1012 117.0
1 40 15 71.38 0.0730 393.5
1 40 19 106.88 0.0618 29.9
1 40 24 45.80 0.0777 142.6
1 40 31 218.30 0.0595 857.4
1 40 16 70.62 0.0491 302.1
1 40 17 49.79 0.1362 330.0
1 40 20 50.10 0.0869 540.0
1 40 19 45.60 0.0927 447.9
1 40 16 81.00 0.0644 399.1
1 40 19 47.18 0.1060 713.0
1 40 21 170.72 0.0752 541.5
1 40 14 60.90 0.1043 956.7
1 40 15 53.12 0.0392 274.5
1 40 14 116.76 0.0425 614.0
1 40 26 220.94 0.0740 930.4
1 40 27 105.65 0.0674 28.8
1 40 27 63.11 0.1500 908.5
1 40 26 118.10 0.0677 437.5
1 40 41 89.61 0.0874 669.1
1 40 15 604.54 0.1028 80.8
1 40 30 73.79 0.0661 56.7
1 40 15 188.95 0.0719 270.3
1 41 28 119.90 0.0878 215.9
1 41 30 106.16 0.1169 635.1
1 41 16 200.85 0.0532 546.2
1 41 21 103.35 0.0589 81.3
1 41 30 133.98 0.0752 786.5
1 41 29 326.88 0.0543 33.8
1 41 28 79.33 0.1311 118.0
1 41 14 63.75 0.0420 657.7
1 41 27 98.12 0.0751 834.2
1 41 46 182.36 0.0529 318.4
1 41 36 72.02 0.1099 740.4
1 41 32 103.73 0.1073 46.2
1 41 35 110.04 0.0743 222.5
1 41 20 58.98 0.1189 917.0
1 41 16 61.50 0.0850 757.1
1 41 21 70.86 0.0620 860.1
1 41 29 184.18 0.0632 267.4
1 41 37 63.54 0.1419 683.0
1 41 29 45.46 0.1397 867.4
1 41 30 54.41 0.1542 877.2
1 41 21 53.18 0.1084 690.7
1 41 23 181.88 0.0691 337.7
1 41 27 76.02 0.1049 731.7
1 41 14 59.79 0.0661 784.7
1 41 31 81.18 0.0684 708.7
1 41 17 102.53 0.0748 670.2
1 41 18 172.99 0.0622 91.0
1 41 17 128.59 0.0636 336.5
1 41 26 139.05 0.0658 665.6
1 41 26 86.60 0.0790 34.3
1 41 25 59.75 0.1051 873.4
1 41 28 106.98 0.0928 265.6
1 41 25 45.70 0.1394 674.9
1 41 30 101.76 0.0846 779.4
1 41 31 100.14 0.0581 951.6
1 41 20 402.13 0.0402 91.7
1 41 13 110.11 0.1528 654.6
1 41 14 225.30 0.1210 676.5
1 41 26 152.44 0.0718 247.0
1 41 38 159.86 0.0732 248.4
1 41 21 982.93 0.1593 958.9
1 41 35 108.84 0.0712 184.0
1 41 29 99.98 0.0961 912.2
1 41 34 75.83 0.1031 317.0
1 41 33 59.50 0.1119 713.0
1 41 31 50.97 0.1313 886.4
1 41 36 202.27 0.0580 837.5
1 41 18 130.32 0.0712 551.5
1 41 39 53.77 0.1100 245.6
1 41 24 45.49 0.1083 591.7
1 41 22 97.26 0.0622 503.7
1 41 13 60.77 0.1888 851.5
1 41 19 104.62 0.0691 485.7
1 41 27 148.71 0.0717 910.6
1 41 32 278.12 0.1031 950.5
1 41 41 138.38 0.0899 783.3
1 41 33 237.32 0.0631 930.9
1 41 30 78.19 0.0752 571.4
1 41 34 69.23 0.0935 818.0
1 41 39 62.87 0.0805 871.5
1 41 33 256.14 0.0590 43.0
1 41 22 85.13 0.0384 42.9
1 41 31 46.65 0.1006 687.2
1 41 24 82.94 0.0980 854.6
1 41 29 62.05 0.0954 122.4
1 41 19 138.76 0.0700 73.9
1 41 23 82.31 0.0669 53.0
1 41 36 234.49 0.0741 881.9
1 41 27 85.31 0.1006 333.3
1 41 31 176.85 0.0735 791.7
1 41 20 296.93 0.1073 209.1
1 41 16 167.40 0.0597 294.3
1 41 17 81.36 0.0796 92.0
1 41 33 155.95 0.0616 164.0
1 41 26 119.27 0.1119 115.7
1 41 17 99.45 0.0912 716.5
1 41 39 111.68 0.0573 871.5
1 41 18 93.82 0.0634 857.9
1 41 18 119.54 0.0930 681.3
1 41 36 149.03 0.0637 120.3
1 41 27 196.62 0.0551 838.1
1 41 26 173.94 0.0864 405.1
1 41 23 94.65 0.1123 885.1
1 41 29 208.15 0.0803 765.7
1 41 43 92.59 0.0781 810.1
1 41 28 75.21 0.1188 734.1
1 41 29 156.02 0.0711 711.4
1 41 44 262.22 0.0698 923.9
1 41 35 168.63 0.0761 773.3
1 41 18 526.86 0.0368 599.7
1 41 24 420.57 0.0407 533.5
1 41 17 84.55 0.0674 10.4
1 41 22 62.24 0.1113 77.4
1 41 24 109.76 0.1067 723.2
1 41 31 76.80 0.1058 246.3
1 41 40 85.35 0.0964 774.4
1 41 28 74.36 0.0847 171.0
1 41 30 46.16 0.1262 883.7
1 41 30 50.48 0.1238 806.8
1 41 22 74.07 0.1034 820.2
1 41 20 233.25 0.0565 515.8
1 41 20 229.89 0.0602 820.9
1 41 25 306.34 0.1275 848.8
1 41 27 65.03 0.0751 778.2
1 41 27 63.02 0.0681 26.8
1 41 18 45.16 0.1665 897.9
1 41 16 397.36 0.0433 799.5
1 41 19 113.36 0.0737 953.9
1 41 35 236.58 0.0880 841.7
1 41 33 111.53 0.0821 130.5
1 41 38 54.98 0.0828 724.1
1 41 30 239.14 0.0683 65.5
1 41 30 131.12 0.0797 326.0
1 41 29 81.43 0.0739 949.2
1 41 34 146.56 0.1022 87.9
1 41 39 53.43 0.1203 647.5
1 41 25 130.70 0.0677 150.2
1 41 36 51.69 0.1322 951.0
1 41 31 349.56 0.0844 88.4
1 41 36 169.54 0.0715 79.8
1 41 16 46.15 0.0929 940.1
1 41 32 78.80 0.0780 147.9
1 41 32 107.90 0.1149 949.8
1 41 20 54.73 0.1242 696.0
1 41 42 135.68 0.0726 900.8
1 41 35 200.75 0.0797 81.4
1 41 36 191.73 0.0746 70.2
1 41 21 213.45 0.0685 903.8
1 41 27 112.85 0.0951 740.5
1 41 28 59.65 0.1346 701.0
1 41 42 158.90 0.0693 583.7
1 41 27 45.22 0.1217 305.6
1 41 32 252.91 0.1002 893.3
1 41 39 374.24 0.0676 295.2
1 41 27 209.09 0.0815 293.5
1 41 26 55.44 0.1191 858.7
1 41 25 96.11 0.0739 231.2
1 41 23 188.11 0.0506 623.3
1 41 36 78.43 0.0953 769.0
1 41 24 56.96 0.1048 730.3
1 41 32 138.57 0.0808 690.4
1 41 20 77.07 0.1143 931.0
1 41 23 192.50 0.1031 759.1
1 41 34 92.40 0.1150 653.3
1 41 19 369.39 0.0770 182.0
1 41 25 90.23 0.1216 252.7
1 41 19 160.31 0.0661 958.5
1 41 41 229.26 0.0797 885.7
1 41 28 59.18 0.1238 216.5
1 41 32 63.25 0.0830 871.7
1 41 18 79.96 0.0473 618.6
1 41 37 204.63 0.0627 787.0
1 41 18 485.84 0.0531 856.6
1 41 33 74.27 0.0988 886.3
1 41 43 293.33 0.0606 869.5
1 41 17 200.28 0.0379 857.1
1 41 34 63.63 0.1227 738.5
1 41 36 101.15 0.0775 191.7
1 41 36 78.00 0.1030 236.0
1 41 36 239.89 0.0907 623.0
1 41 38 81.71 0.0966 178.6
1 41 30 79.94 0.0785 844.0
1 41 16 96.31 0.0936 931.1
1 41 23 99.78 0.0861 914.4
1 41 22 52.95 0.0919 690.4
1 41 33 107.80 0.1055 270.3
1 41 27 119.79 0.0760 694.3
1 41 30 57.12 0.0950 732.1
1 41 22 149.22 0.0560 145.2
1 41 31 202.52 0.0661 161.2
1 41 23 76.13 0.0874 674.0
1 41 26 116.36 0.1108 918.5
1 41 22 94.40 0.1194 792.1
1 41 16 302.79 0.0490 611.5
1 41 35 150.09 0.0732 846.8
1 41 39 59.96 0.1202 137.7
1 41 16 154.41 0.0711 518.0
1 41 19 58.12 0.1250 705.0
1 41 16 62.75 0.1406 957.2
1 41 45 250.35 0.0624 887.5
1 41 31 47.94 0.1090 818.4
1 41 41 110.54 0.0860 20.1
1 41 17 49.50 0.1008 244.0
1 41 29 80.18 0.1159 772.6
1 41 31 163.10 0.0533 60.0
1 41 33 58.98 0.1038 934.3
1 41 35 95.81 0.0858 911.9
1 41 42 49.38 0.1024 831.0
1 41 37 172.41 0.0588 825.8
1 41 32 62.83 0.1121 223.6
1 41 40 171.04 0.0574 750.5
1 41 33 230.34 0.0458 797.1
1 41 20 213.79 0.0539 768.2
1 41 37 122.95 0.0760 178.3
1 41 36 45.29 0.1153 688.9
1 41 22 67.03 0.0709 79.1
1 41 35 141.96 0.0787 324.1
1 41 14 757.57 0.0914 700.1
1 41 42 125.90 0.0760 957.6
1 41 30 72.29 0.1080 127.9
1 41 15 279.55 0.1092 895.0
1 41 41 77.62 0.0864 874.2
1 41 25 114.80 0.0684 688.6
1 41 31 253.14 0.0784 104.0
1 41 16 66.00 0.0639 520.9
1 41 37 233.21 0.0535 789.5
1 41 16 350.37 0.0447 873.5
1 41 23 133.37 0.0567 872.2
1 41 32 59.02 0.0968 19.1
1 41 28 85.19 0.0989 27.0
1 41 19 93.75 0.0432 207.6
1 41 26 451.63 0.0567 959.2
1 41 26 56.48 0.1586 908.2
1 41 23 50.35 0.1141 762.3
1 41 43 146.28 0.0668 561.5
1 41 38 222.86 0.0748 797.4
1 41 33 73.01 0.0768 712.4
1 41 21 134.91 0.0621 687.6
1 41 40 160.37 0.0846 302.8
1 41 22 198.15 0.1789 747.6
1 41 19 198.93 0.0423 892.9
1 41 31 63.57 0.0998 500.0
1 41 36 113.84 0.0980 850.3
1 41 14 917.10 0.1626 860.6
1 41 39 93.28 0.0949 946.6
1 41 35 88.73 0.0898 890.6
1 41 36 66.35 0.0840 895.6
1 41 16 68.95 0.1025 40.7
1 41 23 115.46 0.0835 785.7
1 41 37 150.36 0.0683 124.9
1 41 28 69.28 0.0797 939.2
1 41 29 78.38 0.0781 749.7
1 41 21 92.46 0.0905 124.9
1 41 18 72.83 0.0970 767.8
1 41 35 75.37 0.0963 827.3
1 41 37 74.20 0.1069 867.9
1 41 36 174.39 0.0754 807.1
1 41 29 62.22 0.1413 681.7
1 41 32 183.55 0.0789 693.3
1 41 33 80.38 0.0712 225.5
1 41 30 122.94 0.0857 16.3
1 41 23 56.83 0.1368 879.9
1 41 28 52.96 0.1044 824.6
1 41 41 217.73 0.0649 43.5
1 41 20 207.64 0.0682 836.1
1 41 19 345.45 0.0614 520.3
1 41 26 93.47 0.0815 227.0
1 41 33 155.33 0.0718 866.2
1 41 32 50.83 0.0965 93.2
1 41 26 122.21 0.0892 682.3
1 41 33 136.16 0.0631 931.2
1 41 33 104.78 0.0682 601.0
1 41 19 111.58 0.0729 84.1
1 41 33 188.77 0.0630 797.6
1 41 36 108.96 0.0627 565.3
1 41 33 118.96 0.0813 701.0
1 41 30 170.44 0.0638 891.4
1 41 16 72.02 0.0841 728.4
1 41 34 52.90 0.0922 98.5
1 41 34 152.30 0.0583 271.0
1 41 16 110.51 0.0719 934.8
1 41 33 162.96 0.0744 319.9
1 41 14 54.75 0.0688 683.4
1 41 34 60.53 0.1205 929.6
1 41 29 90.35 0.0841 843.9
1 41 29 91.34 0.1001 51.9
1 41 41 142.61 0.0617 821.9
1 41 27 88.22 0.0940 785.3
1 41 27 68.08 0.1006 228.1
1 41 43 97.27 0.0568 901.3
1 41 21 70.70 0.1393 956.6
1 41 37 47.32 0.1066 699.0
1 41 32 156.54 0.0608 757.0
1 41 21 285.98 0.1067 842.9
1 41 23 152.90 0.0823 223.6
1 41 36 72.82 0.0870 85.3
1 41 23 102.05 0.0678 189.6
1 41 21 69.88 0.0836 109.7
1 41 27 298.44 0.0412 717.9
1 41 29 639.20 0.0836 826.6
1 41 37 90.58 0.0859 905.4
1 41 29 67.66 0.1123 56.5
1 41 40 167.52 0.0648 656.9
1 41 31 61.12 0.1218 925.2
1 41 35 91.98 0.0910 632.1
1 41 35 128.42 0.0772 885.5
1 41 32 126.02 0.0910 732.6
1 41 23 270.31 0.0654 919.1
1 41 30 67.35 0.1096 833.9
1 41 41 139.40 0.0854 153.3
1 41 37 304.24 0.0777 842.9
1 41 36 70.60 0.1087 724.1
1 41 15 106.06 0.1533 923.1
1 41 35 257.45 0.0709 842.9
1 41 15 97.47 0.0828 919.0
1 41 29 74.09 0.0926 833.4
1 41 37 105.79 0.0740 808.5
1 41 14 83.01 0.1017 939.0
1 41 33 70.49 0.0880 58.8
1 41 34 98.45 0.0777 816.3
1 41 15 371.80 0.0661 943.4
1 41 33 246.64 0.0585 653.3
1 41 35 72.15 0.0944 871.7
1 41 23 46.16 0.0795 243.5
1 41 27 114.93 0.0729 83.7
1 41 21 48.57 0.0996 785.3
1 41 13 105.53 0.1921 930.4
1 41 46 226.40 0.0544 152.7
1 41 21 48.17 0.1121 791.4
1 41 24 291.33 0.0494 169.6
1 41 18 166.81 0.0293 604.3
1 41 33 257.06 0.0607 799.8
1 41 31 184.78 0.0581 920.7
1 41 13 73.68 0.0353 10.2
1 41 17 597.54 0.0268 34.4
1 41 19 625.25 0.0398 89.3
1 41 29 200.55 0.0460 24.5
1 41 32 118.79 0.0669 22.3
1 41 30 376.29 0.0473 871.0
1 41 39 258.85 0.0545 329.4
1 41 34 47.85 0.1214 878.1
1 41 36 119.55 0.0846 951.8
1 41 32 254.53 0.0776 810.4
1 41 21 58.47 0.0770 824.4
1 41 37 217.66 0.0702 788.6
1 41 30 505.13 0.1335 846.9
1 41 20 125.10 0.0625 937.2
1 41 42 94.00 0.0901 26.3
1 41 35 75.28 0.1024 176.9
1 41 28 166.42 0.0637 853.6
1 41 33 77.78 0.0839 150.5
1 41 31 95.85 0.0926 689.4
1 41 35 63.35 0.1440 685.5
1 41 23 173.60 0.0819 753.3
1 41 33 89.28 0.1110 761.2
1 41 34 120.02 0.0827 931.4
1 41 20 72.38 0.1106 865.1
1 41 40 85.51 0.1279 807.8
1 41 32 66.29 0.0955 27.6
1 41 18 472.31 0.1186 631.5
1 41 22 72.53 0.1289 731.6
1 41 40 54.60 0.1258 341.8
1 41 34 200.64 0.0835 839.7
1 41 32 102.92 0.0643 897.0
1 41 16 65.31 0.0770 10.1
1 41 32 145.02 0.1108 904.7
1 41 43 151.77 0.0938 920.1
1 41 38 229.40 0.0865 247.0
1 41 29 89.89 0.1101 647.7
1 41 28 106.78 0.0828 37.4
1 41 29 130.60 0.0911 810.7
1 41 19 97.88 0.1335 170.5
1 41 26 204.53 0.0911 884.5
1 41 23 103.31 0.0867 945.6
1 41 21 87.60 0.0876 835.7
1 41 22 57.84 0.1142 712.6
1 41 33 120.82 0.1004 827.0
1 41 18 98.18 0.0794 35.7
1 41 17 72.94 0.1056 848.4
1 41 16 66.94 0.0540 937.2
1 41 14 55.28 0.0717 12.0
1 41 18 46.82 0.1383 747.8
1 41 20 153.72 0.0392 684.9
1 41 16 94.61 0.0356 600.0
1 41 16 72.52 0.0422 775.5
1 41 14 109.53 0.0943 939.2
1 41 18 188.17 0.0734 215.8
1 41 16 50.01 0.0715 243.5
1 41 27 56.08 0.1128 172.0
1 41 19 216.58 0.1232 872.7
1 41 17 80.41 0.0883 876.2
1 41 13 164.46 0.1002 821.2
1 41 14 47.86 0.0588 131.5
1 41 20 108.63 0.0759 676.6
1 41 16 194.72 0.0850 91.9
1 41 27 125.19 0.0940 636.1
1 41 21 47.03 0.1251 910.4
1 41 19 46.86 0.1178 707.6
1 41 23 46.91 0.1389 919.8
1 41 14 372.26 0.1085 190.8
1 41 16 57.49 0.1592 791.8
1 41 32 75.08 0.0942 774.8
1 41 16 81.75 0.1594 883.4
1 41 16 120.83 0.0669 29.1
1 41 15 100.89 0.0806 959.8
1 41 39 350.35 0.0679 914.1
1 41 27 116.73 0.0936 961.0
1 41 29 86.00 0.0683 67.9
1 41 23 79.39 0.0557 753.6
1 41 19 80.33 0.0774 43.0
1 41 27 122.69 0.0832 58.4
1 41 17 218.09 0.1054 89.7
1 41 25 116.18 0.0464 754.8
1 41 16 59.88 0.1071 894.7
1 41 26 45.08 0.1267 719.4
1 41 20 465.40 0.0882 866.6
1 41 20 146.86 0.0421 155.4
1 41 16 92.90 0.0985 9.7
1 41 17 113.05 0.0898 55.4
1 41 23 98.78 0.0974 152.6
1 41 16 527.13 0.0966 30.0
1 41 17 126.12 0.0602 934.5
1 41 15 449.65 0.1004 748.4
1 41 19 55.10 0.1007 721.2
1 41 20 99.79 0.0550 533.2
1 41 27 120.78 0.0764 826.6
1 41 27 89.61 0.1049 270.4
1 41 25 51.83 0.1185 722.2
1 41 26 142.56 0.0708 678.7
1 41 19 51.75 0.1107 62.3
1 41 23 47.81 0.1052 875.7
1 41 17 110.08 0.0816 871.0
1 41 21 80.24 0.0794 692.5
1 41 33 208.10 0.0835 791.7
1 41 16 144.34 0.0395 707.8
1 41 25 93.91 0.0647 685.9
1 41 13 97.00 0.1259 224.3
1 41 14 56.54 0.0997 745.7
1 41 21 68.14 0.1110 935.9
1 41 24 49.94 0.0519 191.9
1 41 27 52.26 0.0770 916.2
1 41 27 62.46 0.1093 811.9
1 41 15 56.52 0.0842 741.5
1 41 19 200.98 0.0516 859.4
1 41 28 50.04 0.0890 187.4
1 41 20 73.06 0.0692 840.1
1 41 15 57.42 0.1523 847.0
1 41 18 162.10 0.0925 935.1
1 41 34 133.77 0.0640 547.5
1 41 25 118.11 0.0820 48.0
1 41 23 243.84 0.0526 837.0
1 41 13 215.73 0.0499 588.7
1 41 13 50.58 0.1398 156.0
1 41 20 103.11 0.0618 95.3
1 41 16 126.68 0.1154 946.5
1 41 18 50.14 0.1200 586.2
1 41 15 46.37 0.1453 723.9
1 41 19 90.80 0.1240 793.5
1 41 17 71.17 0.0814 170.7
1 41 21 116.84 0.0813 256.8
1 41 15 86.63 0.0515 239.0
1 42 43 215.49 0.0800 671.1
1 42 37 303.83 0.0693 752.8
1 42 21 70.64 0.1201 896.0
1 42 25 56.14 0.1019 113.3
1 42 38 65.80 0.0941 866.4
1 42 25 111.20 0.0920 192.8
1 42 33 446.64 0.0691 710.8
1 42 16 108.30 0.0472 438.4
1 42 24 195.93 0.0768 294.0
1 42 33 330.17 0.0527 228.7
1 42 42 84.87 0.0976 534.0
1 42 28 256.34 0.0745 408.2
1 42 21 578.63 0.0561 676.7
1 42 32 70.23 0.0986 147.2
1 42 30 281.36 0.0481 683.8
1 42 26 75.74 0.1191 504.5
1 42 27 51.07 0.1142 741.7
1 42 21 78.70 0.0996 276.7
1 42 41 79.81 0.0715 221.8
1 42 25 96.69 0.1100 123.2
1 42 13 94.83 0.1580 880.6
1 42 29 175.92 0.0649 487.4
1 42 25 108.33 0.0642 725.9
1 42 25 81.62 0.0603 222.8
1 42 26 200.13 0.0830 773.9
1 42 14 84.64 0.0991 847.8
1 42 18 106.80 0.1168 848.2
1 42 26 212.04 0.0958 769.7
1 42 20 181.34 0.1470 267.9
1 42 21 67.88 0.1271 240.6
1 42 26 128.54 0.0623 283.2
1 42 24 70.69 0.0985 545.0
1 42 35 162.38 0.0617 276.3
1 42 30 52.81 0.1223 535.8
1 42 34 125.20 0.0786 835.2
1 42 18 159.94 0.0515 744.5
1 42 28 129.47 0.0847 367.2
1 42 30 152.33 0.0860 660.4
1 42 38 102.95 0.0849 867.6
1 42 26 79.30 0.1035 176.0
1 42 41 56.40 0.1173 617.4
1 42 39 99.97 0.0858 754.7
1 42 24 54.49 0.1133 633.6
1 42 36 244.44 0.0631 176.5
1 42 30 120.43 0.0961 241.2
1 42 27 81.76 0.0773 657.1
1 42 16 113.06 0.0700 741.1
1 42 27 108.33 0.0979 740.7
1 42 25 135.27 0.0418 30.2
1 42 31 55.24 0.1117 245.5
1 42 28 85.63 0.1317 101.8
1 42 42 240.05 0.0633 282.2
1 42 38 429.93 0.0693 776.2
1 42 28 54.87 0.1000 557.4
1 42 26 92.33 0.1113 298.0
1 42 26 64.66 0.1091 686.8
1 42 32 78.61 0.0887 864.0
1 42 32 81.00 0.0816 903.6
1 42 30 273.89 0.0701 208.4
1 42 37 73.28 0.0988 260.3
1 42 21 170.19 0.0861 26.5
1 42 25 218.45 0.0709 92.2
1 42 22 60.55 0.1464 291.2
1 42 39 115.11 0.0601 588.3
1 42 33 68.69 0.1066 329.3
1 42 29 117.53 0.0661 201.0
1 42 34 82.99 0.0936 796.7
1 42 28 67.35 0.0877 705.4
1 42 25 237.09 0.0754 582.5
1 42 16 68.13 0.1035 501.9
1 42 38 327.82 0.0816 228.9
1 42 17 79.63 0.0622 855.3
1 42 33 151.59 0.0609 844.0
1 42 40 173.28 0.0777 521.1
1 42 15 260.81 0.1158 783.4
1 42 22 170.95 0.0603 129.2
1 42 42 128.19 0.0570 272.8
1 42 39 85.77 0.0770 483.2
1 42 23 59.43 0.0861 478.7
1 42 39 257.41 0.0566 269.9
1 42 16 52.44 0.0836 144.2
1 42 37 370.47 0.0550 411.2
1 42 19 84.19 0.0594 15.4
1 42 23 104.74 0.0522 377.9
1 42 39 46.33 0.1136 675.0
1 42 45 147.16 0.0719 250.1
1 42 27 112.03 0.0708 832.1
1 42 21 51.86 0.1147 135.5
1 42 29 66.54 0.0646 659.1
1 42 33 54.13 0.1122 621.2
1 42 42 128.38 0.0776 376.0
1 42 41 160.79 0.0622 198.7
1 42 33 301.07 0.0476 534.6
1 42 28 157.96 0.0706 803.4
1 42 33 153.28 0.0639 771.6
1 42 26 71.60 0.0520 18.6
1 42 44 136.10 0.0629 809.6
1 42 29 129.85 0.0642 708.3
1 42 37 110.17 0.0832 608.7
1 42 19 192.31 0.0686 658.2
1 42 36 89.89 0.0605 239.4
1 42 42 158.33 0.0646 859.4
1 42 28 81.18 0.0875 369.0
1 42 26 135.19 0.0727 635.2
1 42 30 65.40 0.0888 698.4
1 42 36 249.36 0.0534 490.3
1 42 18 72.08 0.1111 622.1
1 42 38 58.22 0.1341 565.8
1 42 31 83.81 0.0961 610.8
1 42 36 79.55 0.0854 808.4
1 42 18 71.61 0.1037 695.8
1 42 33 71.25 0.0726 242.6
1 42 35 48.91 0.1181 296.3
1 42 19 101.79 0.1042 741.9
1 42 38 283.70 0.0611 764.0
1 42 39 65.20 0.1073 561.2
1 42 43 114.72 0.1121 877.4
1 42 36 63.03 0.1377 720.1
1 42 13 94.24 0.1609 732.3
1 42 40 154.17 0.0691 335.0
1 42 36 77.43 0.1014 923.1
1 42 35 136.65 0.0874 729.6
1 42 41 200.59 0.0669 230.9
1 42 32 59.95 0.0948 694.4
1 42 33 171.32 0.0721 122.3
1 42 41 70.77 0.0913 770.5
1 42 31 113.91 0.1032 697.5
1 42 31 113.60 0.0837 943.9
1 42 33 87.74 0.1029 525.1
1 42 35 119.22 0.0842 211.1
1 42 31 127.69 0.1090 771.7
1 42 29 61.41 0.1258 151.0
1 42 30 136.06 0.0759 185.2
1 42 38 106.07 0.1012 123.4
1 42 33 82.64 0.0957 838.8
1 42 17 47.34 0.1007 872.0
1 42 33 166.99 0.0788 838.0
1 42 39 70.01 0.1139 929.0
1 42 14 62.80 0.1105 943.9
1 42 41 68.31 0.0713 846.4
1 42 26 87.61 0.0627 236.9
1 42 26 111.28 0.0684 199.4
1 42 31 72.06 0.0766 265.9
1 42 28 234.29 0.0645 749.5
1 42 36 61.50 0.1047 300.2
1 42 21 156.02 0.0598 721.7
1 42 15 46.56 0.0592 427.4
1 42 37 108.44 0.0616 315.0
1 42 36 111.43 0.0745 52.0
1 42 32 117.84 0.0836 607.2
1 42 39 93.21 0.0789 792.8
1 42 34 50.62 0.1108 91.5
1 42 32 75.99 0.0727 805.9
1 42 31 84.77 0.0576 477.7
1 42 32 125.25 0.0540 433.7
1 42 31 153.29 0.0773 124.0
1 42 23 69.82 0.0724 189.0
1 42 15 98.20 0.0569 798.6
1 42 33 70.03 0.0692 629.8
1 42 34 77.71 0.0649 245.5
1 42 34 157.11 0.0624 721.4
1 42 31 179.54 0.1143 161.9
1 42 31 53.98 0.1032 512.1
1 42 41 120.41 0.0585 478.6
1 42 41 99.49 0.0812 302.5
1 42 27 105.36 0.0722 470.6
1 42 31 79.50 0.0635 207.0
1 42 36 97.19 0.0873 294.6
1 42 31 293.88 0.0599 556.4
1 42 42 60.36 0.1088 298.5
1 42 42 120.06 0.0577 908.9
1 42 38 93.47 0.0724 740.4
1 42 16 82.15 0.0403 42.9
1 42 19 112.85 0.0486 216.8
1 42 29 90.43 0.0706 898.5
1 42 34 48.77 0.1055 357.0
1 42 31 138.35 0.0587 756.2
1 42 44 64.26 0.0979 908.4
1 42 31 47.39 0.0729 500.4
1 42 22 50.96 0.0931 302.6
1 42 34 51.18 0.0910 847.0
1 42 16 113.92 0.0957 500.0
1 42 37 215.74 0.0642 287.0
1 42 31 93.60 0.0765 126.4
1 42 31 65.06 0.1036 663.5
1 42 22 325.55 0.1052 910.7
1 42 29 281.30 0.0817 893.1
1 42 33 127.61 0.0627 70.3
1 42 35 75.58 0.1019 179.9
1 42 36 153.84 0.0569 515.2
1 42 28 72.29 0.0919 304.6
1 42 25 76.60 0.0577 867.6
1 42 28 206.41 0.0531 693.3
1 42 25 83.45 0.0742 625.4
1 42 21 52.81 0.0960 561.9
1 42 34 164.31 0.0921 34.0
1 42 16 89.86 0.0418 610.7
1 42 29 271.70 0.0466 519.4
1 42 28 177.31 0.0788 455.9
1 42 29 334.09 0.0595 387.1
1 42 17 263.04 0.0393 169.1
1 42 18 92.61 0.0627 31.5
1 42 15 877.83 0.1182 706.0
1 42 33 88.97 0.0897 595.3
1 42 35 130.97 0.1066 799.0
1 42 23 410.65 0.0461 90.4
1 42 33 62.61 0.1213 657.3
1 42 18 200.91 0.0260 451.1
1 42 36 179.69 0.0870 800.5
1 42 26 84.46 0.1013 754.4
1 42 27 78.19 0.0792 107.5
1 42 32 98.60 0.0794 305.7
1 42 28 119.24 0.0941 215.8
1 42 32 178.54 0.0558 658.5
1 42 28 121.82 0.0764 201.1
1 42 17 104.81 0.0993 597.4
1 42 19 119.26 0.0477 117.2
1 42 28 61.13 0.0844 462.5
1 42 27 143.21 0.0651 419.0
1 42 26 371.49 0.0436 503.6
1 42 21 402.23 0.0680 274.1
1 42 30 194.36 0.0812 682.7
1 42 14 46.38 0.0826 735.4
1 42 28 61.37 0.1139 216.6
1 42 23 57.26 0.0664 198.3
1 42 33 271.60 0.0675 937.7
1 42 26 170.07 0.0739 842.7
1 42 27 253.31 0.1093 190.5
1 42 38 93.20 0.0980 749.5
1 42 40 168.99 0.0684 565.5
1 42 16 353.03 0.0538 466.7
1 42 24 102.02 0.0896 31.9
1 42 14 59.82 0.1023 28.2
1 42 16 72.01 0.1224 684.5
1 42 14 78.61 0.0755 307.1
1 42 28 88.50 0.0827 767.5
1 42 30 185.02 0.0966 781.5
1 42 30 250.26 0.0830 808.6
1 42 23 161.70 0.0521 625.3
1 42 29 243.75 0.0739 727.9
1 42 20 55.57 0.1221 633.3
1 42 19 50.56 0.0961 55.4
1 42 14 85.57 0.0276 39.6
1 42 27 136.62 0.0803 540.9
1 42 22 118.73 0.1439 834.3
1 42 32 158.74 0.0782 942.5
1 42 14 57.03 0.1321 770.1
1 42 13 56.64 0.1258 681.0
1 42 18 119.85 0.0586 337.5
1 42 24 179.22 0.0748 234.4
1 42 19 45.26 0.0541 380.7
1 42 21 76.70 0.0807 683.6
1 42 30 61.55 0.1220 269.1
1 42 14 67.40 0.0857 312.5
1 42 14 50.28 0.1352 831.1
1 42 29 83.91 0.1058 670.2
1 42 18 87.02 0.0588 236.6
1 42 17 49.02 0.0533 196.0
1 42 18 66.32 0.1440 104.8
1 42 23 115.85 0.0743 48.8
1 42 15 318.00 0.0429 935.8
1 42 20 219.43 0.0796 852.7
1 42 15 163.30 0.0470 208.7
1 42 23 66.64 0.0738 645.6
1 42 36 74.98 0.1202 817.3
1 42 19 102.95 0.0806 37.2
1 42 33 53.41 0.1102 781.7
1 42 35 230.80 0.0680 871.0
1 42 30 68.88 0.1051 147.4
1 42 33 47.44 0.1135 471.2
1 42 42 257.50 0.0561 136.6
1 42 26 167.73 0.0716 877.9
1 42 44 176.54 0.0600 508.9
1 42 37 191.70 0.0572 879.3
1 42 18 99.80 0.0723 76.1
1 42 15 60.16 0.0721 960.7
1 42 16 62.81 0.0527 624.8
1 42 26 48.81 0.1061 43.2
1 42 16 272.59 0.0380 939.6
1 42 18 450.62 0.1200 629.9
1 42 16 293.60 0.0363 605.0
1 42 14 83.38 0.0288 164.4
1 42 16 111.82 0.0967 892.2
1 42 13 65.22 0.1516 400.9
1 42 23 67.55 0.1072 366.5
1 43 16 128.62 0.1157 219.3
1 43 35 93.45 0.0715 361.3
1 43 39 116.98 0.0836 289.9
1 43 27 123.90 0.1054 887.0
1 43 20 106.17 0.0552 447.2
1 43 36 132.48 0.0876 28.8
1 43 22 116.88 0.1155 314.0
1 43 37 202.77 0.0805 190.0
1 43 22 102.94 0.0933 330.0
1 43 17 86.35 0.0730 952.0
1 43 29 94.47 0.0982 381.0
1 43 34 134.30 0.1027 69.2
1 43 26 74.30 0.1171 458.3
1 43 18 64.89 0.0581 7.0
1 43 29 95.80 0.0780 98.2
1 43 25 99.63 0.0791 503.0
1 43 24 178.23 0.0800 199.4
1 43 27 107.28 0.0912 571.0
1 43 28 98.42 0.0885 515.2
1 43 43 153.54 0.0805 62.2
1 43 31 81.53 0.0678 694.7
1 43 24 212.52 0.0526 487.4
1 43 30 184.78 0.0620 57.3
1 43 35 181.93 0.0624 637.7
1 43 23 64.38 0.1078 29.2
1 43 18 194.84 0.0726 764.6
1 43 24 83.38 0.0802 726.6
1 43 31 206.77 0.0806 248.5
1 43 34 59.59 0.1130 854.3
1 43 20 170.12 0.0765 450.2
1 43 17 84.08 0.1147 936.3
1 43 21 122.91 0.0864 103.9
1 43 26 76.67 0.1076 629.7
1 43 27 108.37 0.0694 651.6
1 43 31 80.44 0.0912 810.5
1 43 22 120.92 0.0400 646.5
1 43 27 48.99 0.1339 437.5
1 43 14 51.97 0.0962 467.2
1 43 32 55.60 0.1046 209.2
1 43 27 150.01 0.0646 305.6
1 43 23 231.83 0.0347 732.2
1 43 27 249.28 0.0644 514.7
1 43 28 94.33 0.0629 486.8
1 43 25 201.24 0.0764 955.6
1 43 34 112.55 0.0544 352.5
1 43 37 134.71 0.0743 730.3
1 43 26 53.90 0.1083 544.6
1 43 25 103.54 0.0490 897.2
1 43 26 72.22 0.1183 560.6
1 43 20 247.64 0.0420 717.2
1 43 17 85.31 0.0442 679.4
1 43 24 116.32 0.0758 156.4
1 43 39 87.42 0.1206 685.5
1 43 29 184.90 0.0714 659.0
1 43 17 182.24 0.0398 801.9
1 43 38 182.65 0.0827 698.4
1 43 24 65.59 0.0794 888.1
1 43 20 137.01 0.0963 939.3
1 43 26 117.26 0.0559 121.8
1 43 40 212.86 0.0724 714.7
1 43 29 169.07 0.0654 846.5
1 43 20 90.03 0.0655 67.0
1 43 27 286.67 0.0400 351.6
1 43 39 104.23 0.0628 902.8
1 43 14 147.34 0.0422 647.8
1 43 40 106.93 0.0545 796.7
1 43 46 107.45 0.0669 620.9
1 43 36 344.82 0.0671 307.1
1 43 19 80.90 0.0898 512.5
1 43 27 50.20 0.0913 690.2
1 43 42 131.86 0.0620 418.2
1 43 25 74.47 0.1028 938.9
1 43 17 354.33 0.0588 32.9
1 43 18 48.24 0.1238 666.1
1 43 29 110.66 0.0777 875.8
1 43 36 50.48 0.0895 770.1
1 43 39 100.92 0.0774 104.5
1 43 21 93.68 0.0461 794.6
1 43 27 76.52 0.0895 740.9
1 43 17 75.70 0.1294 449.4
1 43 19 63.83 0.0517 658.7
1 43 14 134.19 0.0836 218.9
1 43 22 101.25 0.0721 656.5
1 43 18 69.74 0.0852 964.6
1 43 31 132.18 0.0801 66.0
1 43 16 75.93 0.0728 293.6
1 43 20 165.57 0.0517 743.5
1 43 24 120.55 0.0618 265.1
1 43 15 45.19 0.0720 427.8
1 43 38 123.78 0.0869 430.9
1 43 21 100.15 0.0745 804.8
1 43 27 49.70 0.1187 962.0
1 43 39 121.01 0.0869 107.1
1 43 18 80.54 0.0985 589.7
1 43 24 146.28 0.1060 136.1
1 43 15 47.28 0.0897 932.2
1 43 31 362.26 0.0655 663.2
1 43 29 195.36 0.0720 345.2
1 43 36 62.12 0.1101 48.5
1 43 24 70.74 0.1319 590.8
1 43 29 60.31 0.1430 349.4
1 43 18 215.70 0.0706 658.1
1 43 27 96.61 0.0974 502.3
1 43 14 108.80 0.0666 838.4
1 43 18 115.86 0.0726 944.0
1 43 15 77.76 0.0952 186.3
1 43 31 71.74 0.1128 601.8
1 43 15 107.65 0.0960 386.3
1 43 39 119.50 0.0694 490.9
1 43 16 94.14 0.0781 719.4
1 43 24 45.97 0.1281 95.8
1 43 19 316.87 0.0503 586.8
1 43 25 80.36 0.0759 389.8
1 43 18 86.49 0.0740 24.6
1 43 26 120.69 0.0940 243.1
1 43 27 178.34 0.0743 152.8
1 43 34 187.43 0.0670 594.7
1 43 26 124.72 0.0564 243.4
1 43 26 137.89 0.0583 223.7
1 43 29 135.40 0.0852 764.1
1 43 45 73.63 0.0704 408.6
1 43 25 137.13 0.0747 596.2
1 43 22 46.09 0.1248 592.5
1 43 30 113.17 0.0815 162.7
1 43 36 85.98 0.1036 126.3
1 43 21 69.53 0.0971 787.2
1 43 35 139.92 0.0848 440.6
1 43 25 178.90 0.0798 456.7
1 43 39 80.51 0.0783 104.6
1 43 37 102.17 0.1029 274.8
1 43 30 109.40 0.0529 671.3
1 43 28 56.68 0.1271 734.2
1 43 38 91.65 0.0850 503.0
1 43 14 524.74 0.1081 85.5
1 43 25 96.32 0.1034 62.9
1 43 23 52.82 0.1150 75.9
1 43 28 124.64 0.0640 466.2
1 43 39 126.94 0.0684 416.7
1 43 28 72.49 0.0785 63.8
1 43 16 77.67 0.0316 272.4
1 43 15 53.80 0.1688 72.0
1 43 13 175.93 0.0524 482.4
1 43 15 171.30 0.0385 826.3
1 43 35 218.26 0.0847 561.0
1 43 35 90.10 0.1070 546.9
1 43 35 60.93 0.1010 507.1
1 43 38 75.05 0.1000 448.3
1 43 16 278.91 0.0561 710.3
1 43 31 134.96 0.0743 943.9
1 43 36 200.23 0.0567 507.4
1 43 21 80.78 0.0897 356.9
1 43 15 669.15 0.0416 14.3
1 43 30 103.23 0.0631 449.7
1 43 43 179.05 0.0729 169.2
1 43 28 203.30 0.0602 924.0
1 43 36 285.24 0.0430 548.1
1 43 30 226.06 0.0613 428.0
1 43 19 91.28 0.0746 934.0
1 43 41 82.76 0.0777 430.4
1 43 14 150.34 0.0549 939.4
1 43 25 113.87 0.0709 946.6
1 43 33 220.39 0.0507 372.4
1 43 28 205.89 0.0477 346.2
1 43 36 90.74 0.0851 509.6
1 43 22 200.23 0.0612 524.6
1 43 36 47.30 0.1336 70.7
1 43 24 227.45 0.0605 743.8
1 43 41 164.50 0.0818 372.0
1 43 37 68.83 0.1077 391.2
1 43 35 126.06 0.0684 371.5
1 43 35 165.13 0.0669 495.0
1 43 28 129.94 0.0774 754.6
1 43 39 48.43 0.1164 491.4
1 43 29 112.25 0.0814 643.6
1 43 22 84.28 0.0476 343.5
1 43 30 132.77 0.0694 178.0
1 43 16 80.40 0.0779 945.9
1 43 24 70.27 0.0856 555.3
1 43 23 54.57 0.1424 97.7
1 43 23 97.19 0.0572 92.8
1 43 36 157.07 0.0571 820.5
1 43 14 95.78 0.1328 236.0
1 43 39 123.40 0.0610 90.8
1 43 35 147.21 0.0455 152.3
1 43 38 95.93 0.0986 98.9
1 43 18 73.39 0.0846 941.4
1 43 34 215.31 0.0645 827.5
1 43 13 68.91 0.1009 542.8
1 43 14 72.46 0.0523 528.8
1 43 17 240.17 0.0939 67.3
1 43 19 63.34 0.1276 229.5
1 43 26 53.31 0.0696 851.1
1 43 41 179.55 0.0703 706.3
1 43 41 98.38 0.0641 359.7
1 43 38 113.47 0.0645 593.9
1 43 29 45.83 0.0723 107.2
1 43 29 96.69 0.0838 33.2
1 43 43 205.09 0.0682 187.5
1 43 43 279.83 0.0778 854.9
1 43 44 184.16 0.0646 390.6
1 43 30 50.91 0.1110 959.9
1 43 36 98.03 0.0689 857.1
1 43 36 110.75 0.0793 202.0
1 43 18 247.75 0.0905 232.7
1 43 32 69.58 0.0935 509.7
1 43 22 78.22 0.1146 705.8
1 43 27 156.47 0.0731 495.9
1 43 23 143.53 0.1052 495.6
1 43 14 78.55 0.1469 493.2
1 43 25 120.37 0.0663 960.5
1 43 24 101.55 0.0776 184.4
1 43 18 72.20 0.0563 393.2
1 43 18 95.73 0.0701 77.8
1 43 45 134.63 0.0925 645.7
1 43 25 194.03 0.1045 580.7
1 43 17 98.01 0.0860 575.7
1 43 28 118.11 0.0512 43.8
1 43 43 145.24 0.0702 666.2
1 43 32 195.25 0.1067 506.4
1 43 14 58.62 0.1021 481.8
1 43 32 171.57 0.0731 123.5
1 43 29 101.74 0.0843 622.1
1 43 33 46.26 0.1106 162.8
1 43 36 97.05 0.0671 774.6
1 43 33 71.75 0.1284 112.7
1 43 44 153.52 0.0775 712.3
1 43 13 302.47 0.1140 21.6
1 43 17 59.23 0.0656 125.8
1 43 30 161.64 0.0772 764.8
1 43 40 105.16 0.0930 694.3
1 43 37 57.16 0.0919 513.9
1 43 16 223.81 0.0488 820.4
1 43 32 152.41 0.0532 421.1
1 43 37 59.40 0.0824 901.8
1 43 15 71.82 0.0383 646.9
1 43 42 196.95 0.0541 805.2
1 43 35 89.25 0.0980 486.2
1 43 38 56.72 0.1489 483.4
1 43 33 52.11 0.0752 51.5
1 43 23 105.33 0.0595 249.5
1 43 35 77.63 0.1263 402.0
1 43 39 98.07 0.0725 157.5
1 43 25 141.38 0.0639 776.9
1 43 37 132.32 0.0730 136.8
1 43 33 64.47 0.0874 215.2
1 43 17 85.09 0.0597 247.4
1 43 36 125.46 0.0795 381.7
1 43 29 90.99 0.0873 326.8
1 43 21 185.35 0.1445 706.8
1 43 36 171.20 0.0612 29.3
1 43 39 220.60 0.0640 145.4
1 43 19 403.33 0.0970 744.0
1 43 16 203.52 0.1159 728.3
1 43 26 98.25 0.0994 749.3
1 43 34 175.45 0.0793 670.0
1 43 36 136.39 0.0593 155.1
1 43 29 117.29 0.0727 390.0
1 43 44 321.27 0.0705 534.1
1 43 29 109.88 0.0741 580.2
1 43 24 46.94 0.1176 120.6
1 43 36 73.54 0.1067 702.8
1 43 43 162.95 0.0616 681.4
1 43 42 107.86 0.0723 694.6
1 43 37 122.04 0.0612 203.0
1 43 28 60.31 0.0996 529.6
1 43 36 131.18 0.0697 182.7
1 43 17 268.44 0.1061 943.1
1 43 32 91.38 0.0609 890.9
1 43 15 90.87 0.0537 453.1
1 43 37 84.07 0.0790 729.0
1 43 26 164.43 0.0760 78.6
1 43 25 79.32 0.1184 656.8
1 43 37 114.87 0.0661 47.4
1 43 33 272.87 0.0576 544.6
1 43 32 239.59 0.0733 590.6
1 43 30 125.54 0.0818 860.1
1 43 17 59.53 0.0497 478.0
1 43 34 182.41 0.0678 662.0
1 43 27 111.31 0.0693 89.9
1 43 28 135.33 0.0599 20.8
1 43 33 251.19 0.0529 739.0
1 43 19 60.30 0.0641 796.7
1 43 14 242.31 0.0509 26.1
1 43 32 169.55 0.0688 122.7
1 43 39 70.65 0.0817 239.3
1 43 37 61.64 0.0909 101.0
1 43 27 48.16 0.1213 776.8
1 43 25 64.10 0.0672 825.4
1 43 23 68.66 0.0914 409.1
1 43 29 100.85 0.0833 138.9
1 43 27 45.49 0.0995 200.5
1 43 37 46.83 0.1060 680.1
1 43 34 66.21 0.1055 77.7
1 43 38 111.33 0.0754 112.8
1 43 36 97.17 0.0822 940.2
1 43 35 96.22 0.0790 94.0
1 43 17 160.77 0.0539 933.7
1 43 28 98.02 0.0631 265.4
1 43 34 96.19 0.0931 687.8
1 43 16 117.18 0.0428 318.4
1 43 38 113.99 0.0788 830.4
1 43 39 158.46 0.0412 117.1
1 43 16 100.34 0.0483 880.1
1 43 35 91.65 0.0733 871.5
1 43 28 75.37 0.0815 59.0
1 43 17 124.23 0.0900 185.6
1 43 20 641.75 0.0554 793.3
1 43 15 63.24 0.0445 453.8
1 43 17 92.22 0.0545 335.0
1 43 22 88.20 0.0754 16.7
1 43 17 134.97 0.0583 447.2
1 43 34 143.21 0.0702 60.9
1 43 28 76.84 0.0738 352.4
1 43 33 49.78 0.1151 179.3
1 43 37 89.70 0.0874 637.3
1 43 17 76.57 0.1385 449.0
1 43 15 78.80 0.0661 39.0
1 43 15 97.74 0.0740 38.6
1 43 14 74.41 0.1088 123.0
1 43 22 64.00 0.0895 885.0
1 43 23 77.83 0.1004 729.3
1 43 19 86.97 0.0924 769.7
1 43 19 112.69 0.0885 938.1
1 43 13 62.05 0.1380 122.6
1 43 26 72.47 0.0854 915.2
1 43 23 60.84 0.1243 708.5
1 43 21 553.88 0.1074 889.7
1 43 15 92.62 0.0774 419.2
1 43 18 114.99 0.0783 86.2
1 43 17 53.45 0.0903 695.8
1 43 25 47.03 0.1196 512.9
1 43 16 47.83 0.0948 686.4
1 43 14 109.39 0.0517 656.9
1 43 16 63.93 0.0631 533.8
1 43 15 166.80 0.1130 510.8
1 43 31 119.18 0.0661 452.5
1 43 19 112.76 0.0548 141.3
1 43 17 66.86 0.0749 185.5
1 43 16 71.80 0.0433 746.1
1 43 21 222.12 0.0798 437.9
1 43 24 70.60 0.1108 534.0
1 43 16 45.54 0.1039 140.5
1 43 28 153.04 0.0691 714.2
1 43 31 123.10 0.1056 804.4
1 43 21 101.39 0.0550 94.2
1 43 27 78.85 0.1026 733.4
1 43 22 118.07 0.0440 44.0
1 43 36 98.21 0.0772 186.6
1 43 41 111.54 0.0745 890.0
1 43 21 80.08 0.0446 296.1
1 43 21 55.21 0.1110 610.0
1 43 23 526.75 0.0510 92.5
1 43 20 127.18 0.0974 146.4
1 43 22 92.45 0.0709 833.8
1 43 23 52.14 0.1186 828.0
1 43 17 319.47 0.0472 467.3
1 43 14 192.91 0.0777 308.7
1 43 21 445.39 0.0505 481.6
1 43 17 46.11 0.0927 933.0
1 43 15 307.62 0.1296 944.8
1 43 13 62.98 0.0858 810.7
1 43 13 74.39 0.0851 13.3
1 44 26 99.07 0.0898 258.8
1 44 18 90.71 0.0963 945.0
1 44 26 51.03 0.1700 757.9
1 44 40 113.81 0.1000 432.8
1 44 32 82.47 0.1128 765.7
1 44 42 180.33 0.0716 301.6
1 44 28 68.52 0.1431 20.9
1 44 14 77.45 0.0639 686.5
1 44 26 45.12 0.1645 842.2
1 44 34 130.65 0.0962 22.4
1 44 27 141.32 0.0682 17.0
1 44 28 138.30 0.0715 173.1
1 44 33 99.65 0.0978 455.8
1 44 28 159.56 0.0639 754.1
1 44 31 107.01 0.0866 217.1
1 44 21 198.33 0.0499 450.2
1 44 19 54.00 0.1313 394.9
1 44 22 68.54 0.0695 676.1
1 44 14 64.70 0.0302 435.4
1 44 27 136.03 0.0719 139.0
1 44 33 58.39 0.1041 42.9
1 44 29 120.34 0.1050 145.5
1 44 34 129.75 0.0690 25.4
1 44 22 242.00 0.0631 335.1
1 44 26 115.89 0.0766 139.5
1 44 32 139.92 0.1072 580.9
1 44 20 108.57 0.0721 583.5
1 44 21 107.99 0.1052 312.9
1 44 28 52.99 0.0850 328.9
1 44 22 79.99 0.0999 641.9
1 44 26 49.40 0.0804 228.7
1 44 29 108.16 0.0555 673.6
1 44 35 159.07 0.0647 759.6
1 44 34 50.63 0.1353 715.1
1 44 34 73.55 0.0854 428.7
1 44 20 181.77 0.0523 918.5
1 44 30 323.85 0.0943 678.6
1 44 29 86.76 0.0530 877.1
1 44 15 72.01 0.0755 621.5
1 44 25 46.94 0.1236 773.8
1 44 13 61.07 0.1636 373.0
1 44 29 91.06 0.0810 340.7
1 44 35 60.14 0.1227 640.0
1 44 33 72.06 0.0961 669.3
1 44 35 138.64 0.1056 793.5
1 44 16 50.84 0.1068 584.4
1 44 16 127.87 0.0521 944.6
1 44 14 106.09 0.0446 710.1
1 44 30 98.89 0.0648 716.9
1 44 24 187.85 0.0567 488.3
1 44 30 48.16 0.0995 76.6
1 44 26 85.89 0.1027 633.9
1 44 36 157.65 0.0653 126.6
1 44 37 83.61 0.0820 690.5
1 44 25 110.28 0.0807 8.1
1 44 32 136.75 0.0970 727.4
1 44 35 61.64 0.1083 156.0
1 44 26 61.84 0.0995 764.2
1 44 23 69.33 0.0901 468.9
1 44 26 73.69 0.1095 626.8
1 44 29 62.19 0.1227 38.5
1 44 30 107.12 0.0677 932.0
1 44 25 104.04 0.0631 943.5
1 44 23 59.30 0.0688 898.5
1 44 25 45.26 0.0644 298.7
1 44 31 311.51 0.0769 393.4
1 44 24 353.24 0.0406 351.0
1 44 20 81.85 0.1164 109.4
1 44 16 78.01 0.0802 937.2
1 44 35 119.25 0.0770 840.0
1 44 22 47.32 0.0816 32.7
1 44 18 120.87 0.0879 655.2
1 44 41 171.24 0.0818 812.6
1 44 24 234.51 0.0589 811.2
1 44 32 94.59 0.0912 671.9
1 44 24 92.53 0.1028 384.0
1 44 16 98.51 0.0359 432.4
1 44 17 176.70 0.0356 349.3
1 44 20 55.74 0.0935 635.9
1 44 32 140.79 0.0814 710.5
1 44 32 48.57 0.0965 93.5
1 44 36 215.50 0.0671 58.5
1 44 36 179.35 0.0754 76.5
1 44 31 123.97 0.0650 555.1
1 44 20 145.99 0.0699 936.8
1 44 36 78.24 0.0926 141.4
1 44 32 160.48 0.1022 271.5
1 44 24 138.07 0.0782 883.5
1 44 38 215.83 0.0832 584.0
1 44 20 109.14 0.0725 655.1
1 44 14 458.95 0.0940 521.4
1 44 27 213.95 0.0834 650.4
1 44 33 125.46 0.0574 769.7
1 44 32 120.49 0.0981 782.5
1 44 13 54.50 0.1600 368.7
1 44 21 90.49 0.0763 728.9
1 44 26 99.37 0.0795 626.8
1 44 21 105.66 0.0741 671.9
1 44 19 90.59 0.0668 823.5
1 44 19 59.63 0.1230 716.2
1 44 39 83.75 0.0926 193.3
1 44 38 115.11 0.0895 310.0
1 44 16 54.70 0.0540 671.0
1 44 34 64.47 0.1356 915.6
1 44 40 58.17 0.1320 779.7
1 44 37 408.38 0.0662 352.4
1 44 33 154.77 0.0688 263.3
1 44 17 50.57 0.1053 123.4
1 44 32 217.25 0.1027 14.1
1 44 17 205.60 0.0536 290.2
1 44 18 153.68 0.0553 34.3
1 44 31 171.83 0.0659 84.0
1 44 15 153.85 0.1077 262.8
1 44 14 88.23 0.0582 478.4
1 44 33 48.07 0.1240 41.8
1 44 38 52.82 0.0966 99.7
1 44 39 122.66 0.0743 717.4
1 44 13 194.80 0.1305 376.4
1 44 13 62.15 0.1397 367.6
1 44 39 94.52 0.0896 470.8
1 44 28 72.22 0.0994 945.0
1 44 40 174.47 0.0659 717.0
1 44 33 125.83 0.0960 443.7
1 44 29 50.93 0.1472 325.1
1 44 26 45.03 0.1118 809.8
1 44 20 129.96 0.0800 394.6
1 44 25 54.18 0.1241 660.0
1 44 36 71.12 0.0897 888.6
1 44 31 95.84 0.0991 848.4
1 44 27 198.08 0.0559 845.6
1 44 19 63.50 0.1087 159.0
1 44 25 217.49 0.0424 624.5
1 44 27 137.61 0.0817 209.0
1 44 30 109.58 0.0996 95.9
1 44 27 60.52 0.0808 768.2
1 44 39 73.81 0.0935 463.7
1 44 27 179.74 0.0752 46.8
1 44 23 161.92 0.0561 57.1
1 44 38 118.80 0.0571 924.2
1 44 34 85.07 0.1017 501.8
1 44 38 131.14 0.0662 469.0
1 44 44 215.00 0.0731 68.5
1 44 28 104.32 0.0724 325.5
1 44 34 45.20 0.1224 121.1
1 44 30 94.12 0.0851 247.5
1 44 16 87.48 0.0712 935.5
1 44 23 49.08 0.0832 204.7
1 44 18 81.14 0.0638 58.5
1 44 20 93.20 0.0598 660.6
1 44 38 115.04 0.0670 415.5
1 44 45 146.39 0.0642 38.2
1 44 44 94.70 0.0654 583.4
1 44 32 49.41 0.1193 731.4
1 44 29 94.66 0.0531 672.8
1 44 42 285.55 0.0579 289.2
1 44 18 46.68 0.1194 58.9
1 44 37 96.26 0.0957 561.2
1 44 20 45.96 0.1077 300.9
1 44 40 53.34 0.0932 89.2
1 44 23 170.80 0.0498 485.2
1 44 38 71.37 0.0928 288.1
1 44 26 214.01 0.0510 634.9
1 44 20 142.86 0.0609 299.1
1 44 18 138.99 0.0757 937.9
1 44 27 129.85 0.0547 605.8
1 44 18 66.45 0.0790 107.6
1 44 16 128.92 0.0609 861.7
1 44 21 77.72 0.1113 941.6
1 44 40 112.61 0.0873 146.6
1 44 24 116.95 0.0747 744.4
1 44 29 71.10 0.0898 708.8
1 44 18 100.77 0.0555 205.0
1 44 36 54.01 0.1019 842.4
1 44 18 172.89 0.0586 8.1
1 44 24 67.04 0.1087 940.1
1 44 34 457.14 0.0565 495.9
1 44 30 154.81 0.0628 277.4
1 44 28 71.33 0.1057 299.2
1 44 22 173.40 0.0611 213.4
1 44 20 112.60 0.0470 936.1
1 44 20 124.02 0.0943 30.6
1 44 38 102.83 0.0943 390.7
1 44 16 57.23 0.0576 727.7
1 44 19 185.89 0.0586 749.0
1 44 32 98.29 0.0833 793.5
1 44 26 110.15 0.0693 591.2
1 44 18 74.41 0.0781 164.4
1 44 21 519.11 0.0638 750.2
1 44 34 60.40 0.1250 256.9
1 44 40 84.62 0.0939 22.2
1 44 29 173.61 0.0581 222.0
1 44 37 110.61 0.0871 32.2
1 44 37 116.03 0.0634 811.3
1 44 31 59.15 0.1046 305.0
1 44 27 180.30 0.0772 663.9
1 44 22 63.77 0.1063 709.1
1 44 38 98.00 0.0438 654.6
1 44 26 100.95 0.1046 16.4
1 44 27 48.72 0.1385 340.9
1 44 19 452.02 0.0638 670.5
1 44 19 300.80 0.0431 930.3
1 44 29 55.65 0.1132 295.3
1 44 15 88.10 0.0834 946.0
1 44 16 58.53 0.1395 577.8
1 44 22 60.26 0.1167 627.6
1 44 34 190.91 0.0594 548.2
1 44 30 237.80 0.0489 60.5
1 44 32 110.94 0.0740 109.2
1 44 30 230.71 0.0691 49.0
1 44 13 76.16 0.0732 48.8
1 44 22 198.97 0.0467 680.6
1 44 28 77.17 0.1163 770.6
1 44 18 75.51 0.0747 768.7
1 44 25 190.62 0.0591 729.4
1 44 36 126.03 0.0808 627.9
1 44 18 46.27 0.1411 954.6
1 44 37 108.53 0.0594 106.3
1 44 21 132.67 0.0693 675.9
1 44 16 104.86 0.0510 734.9
1 44 18 469.76 0.0447 782.3
1 44 34 221.57 0.0717 54.0
1 44 33 93.53 0.1117 929.5
1 44 41 136.02 0.0656 727.7
1 44 40 107.72 0.0845 351.0
1 44 38 70.17 0.1044 751.5
1 44 25 128.48 0.0779 37.9
1 44 38 55.50 0.1352 863.4
1 44 20 216.95 0.1046 15.5
1 44 20 81.12 0.0517 681.3
1 44 24 103.49 0.1059 577.8
1 44 20 201.60 0.0722 779.1
1 44 19 51.31 0.0742 563.4
1 44 16 52.75 0.0635 713.8
1 44 27 61.27 0.0938 128.2
1 44 35 122.11 0.0752 777.7
1 44 40 249.19 0.0598 266.3
1 44 38 101.26 0.0834 315.3
1 44 23 161.13 0.0484 655.0
1 44 26 54.99 0.1049 794.4
1 44 17 91.29 0.0930 17.9
1 44 21 46.18 0.1033 64.6
1 44 40 167.98 0.0842 289.6
1 44 45 223.71 0.0670 307.0
1 44 39 313.88 0.0461 435.6
1 44 39 78.45 0.0860 114.8
1 44 25 75.32 0.1037 37.2
1 44 28 67.96 0.1064 370.4
1 44 21 110.64 0.0754 758.6
1 44 41 158.21 0.0672 759.6
1 44 17 150.31 0.0469 478.9
1 44 24 59.06 0.0580 461.5
1 44 37 256.67 0.0467 419.1
1 44 34 60.16 0.1078 51.0
1 44 23 244.02 0.0488 217.4
1 44 22 86.28 0.1165 37.0
1 44 18 76.60 0.0546 932.9
1 44 21 92.37 0.0464 21.7
1 44 31 331.26 0.0483 235.9
1 44 33 69.03 0.0838 554.9
1 44 33 137.83 0.0690 795.0
1 44 16 56.71 0.0477 649.4
1 44 21 249.59 0.0423 324.0
1 44 28 63.21 0.0946 829.3
1 44 42 54.66 0.0927 497.7
1 44 20 105.82 0.0935 24.4
1 44 31 50.53 0.0948 895.1
1 44 34 117.67 0.0714 644.8
1 44 15 87.25 0.0510 935.6
1 44 40 50.60 0.1368 582.9
1 44 21 151.79 0.0390 793.7
1 44 14 99.30 0.0692 101.8
1 44 34 149.16 0.0630 789.6
1 44 39 77.07 0.1053 762.1
1 44 34 85.83 0.1039 263.3
1 44 37 53.08 0.1030 20.6
1 44 16 50.11 0.0474 861.3
1 44 39 210.77 0.0748 107.5
1 44 30 156.43 0.0594 603.9
1 44 37 98.12 0.0778 746.4
1 44 33 101.37 0.0719 112.4
1 44 18 91.82 0.0528 375.3
1 44 28 133.37 0.0736 883.5
1 44 36 259.28 0.0483 719.9
1 44 23 87.36 0.0984 364.7
1 44 20 68.98 0.1312 724.7
1 44 24 121.73 0.0560 132.3
1 44 23 104.43 0.1258 848.5
1 44 32 309.86 0.0894 733.1
1 44 29 78.75 0.1027 84.0
1 44 18 54.23 0.1240 35.1
1 44 36 223.33 0.0727 39.9
1 44 15 94.08 0.0668 55.0
1 44 29 132.87 0.0696 48.5
1 44 27 63.98 0.1359 338.2
1 44 33 185.74 0.1063 693.1
1 44 28 50.55 0.1033 916.2
1 44 16 603.15 0.0477 659.5
1 44 13 64.09 0.1130 313.5
1 44 24 46.13 0.1352 671.9
1 44 15 124.76 0.0538 942.7
1 44 13 103.57 0.0605 190.9
1 44 16 76.44 0.0655 387.0
1 44 15 117.79 0.0378 488.4
1 44 16 355.73 0.0642 642.9
1 44 27 46.91 0.1342 628.2
1 44 14 61.65 0.0477 803.9
1 44 21 54.33 0.1130 751.2
1 44 19 86.75 0.0900 466.3
1 44 13 64.65 0.0592 305.2
1 44 17 48.10 0.1400 490.4
1 44 22 87.49 0.0580 23.0
1 44 18 103.92 0.0587 933.1
1 44 26 91.82 0.1181 772.9
1 44 34 77.42 0.0900 878.5
1 44 14 173.25 0.0509 653.7
1 44 25 60.51 0.0918 59.0
1 44 22 115.53 0.0657 760.3
1 44 21 135.28 0.1042 497.1
1 44 34 143.75 0.0744 330.7
1 44 13 47.58 0.0764 279.5
1 44 14 298.19 0.0529 11.2
1 44 14 108.93 0.0448 579.3
1 44 16 246.93 0.0626 134.1
1 44 15 85.70 0.0655 645.7
1 44 13 72.59 0.0677 360.4
1 44 19 48.17 0.0641 199.8
1 44 13 124.99 0.0357 31.5
1 44 17 80.80 0.0642 654.1
1 44 15 98.67 0.0806 422.5
1 44 23 50.66 0.1032 144.9
1 44 13 48.17 0.1331 424.3
1 44 17 160.45 0.0724 850.7
1 44 25 125.84 0.0799 329.0
1 45 21 45.76 0.1376 20.8
1 45 24 385.80 0.0658 372.0
1 45 23 141.26 0.0761 505.5
1 45 23 118.34 0.0637 733.0
1 45 29 57.53 0.1142 899.0
1 45 25 88.95 0.1011 308.5
1 45 16 82.84 0.0661 781.5
1 45 44 183.59 0.0628 90.1
1 45 20 144.87 0.0619 900.3
1 45 37 82.15 0.0934 452.6
1 45 20 77.97 0.0764 376.4
1 45 28 288.35 0.0504 854.0
1 45 14 105.45 0.1085 353.9
1 45 28 219.10 0.0527 374.8
1 45 33 360.74 0.0695 858.5
1 45 20 80.39 0.1274 899.8
1 45 21 90.23 0.1090 60.0
1 45 22 123.41 0.0704 84.9
1 45 33 49.29 0.1386 372.7
1 45 29 241.45 0.0509 852.2
1 45 30 105.68 0.1283 342.2
1 45 19 56.01 0.0773 257.4
1 45 31 335.19 0.0599 821.3
1 45 31 128.90 0.0717 833.7
1 45 32 98.03 0.0554 188.9
1 45 30 226.74 0.0700 274.7
1 45 24 107.66 0.0829 898.5
1 45 18 232.39 0.0499 826.5
1 45 19 131.56 0.0687 224.9
1 45 15 542.67 0.0971 917.5
1 45 32 81.26 0.0882 475.1
1 45 22 58.16 0.0772 752.4
1 45 37 87.12 0.0943 702.0
1 45 40 138.10 0.0789 380.5
1 45 21 206.09 0.0751 175.3
1 45 19 96.05 0.0629 58.5
1 45 18 50.47 0.1208 946.0
1 45 15 74.59 0.0995 476.5
1 45 28 52.44 0.0977 273.7
1 45 20 679.96 0.0757 411.0
1 45 17 59.79 0.1017 885.8
1 45 23 157.31 0.0531 320.5
1 45 43 74.70 0.0679 370.3
1 45 20 108.53 0.0709 883.3
1 45 31 178.94 0.0603 776.5
1 45 29 137.49 0.0391 811.1
1 45 26 51.76 0.1018 364.1
1 45 19 124.23 0.1409 282.5
1 45 34 80.26 0.1162 245.4
1 45 39 275.29 0.0641 319.5
1 45 18 381.11 0.1049 861.7
1 45 27 86.15 0.0887 400.4
1 45 25 91.22 0.0917 453.6
1 45 24 86.99 0.0791 343.7
1 45 19 67.56 0.0795 400.6
1 45 26 46.44 0.1472 744.3
1 45 24 98.75 0.0861 380.0
1 45 27 54.53 0.0986 666.2
1 45 21 132.83 0.1014 917.9
1 45 34 102.04 0.0976 801.8
1 45 35 152.98 0.0631 915.2
1 45 29 52.64 0.1230 395.8
1 45 40 97.35 0.0696 338.0
1 45 13 46.76 0.0762 721.7
1 45 20 65.33 0.0720 841.2
1 45 30 235.32 0.0411 216.0
1 45 18 100.93 0.0804 942.7
1 45 16 52.74 0.1183 332.6
1 45 37 435.05 0.0729 348.8
1 45 23 55.44 0.1455 230.0
1 45 38 197.22 0.0756 191.9
1 45 27 48.99 0.1345 809.2
1 45 31 151.20 0.0680 16.1
1 45 31 80.55 0.0701 851.8
1 45 39 121.20 0.0976 309.8
1 45 28 47.88 0.1430 73.8
1 45 15 101.26 0.0558 773.7
1 45 33 317.16 0.0696 953.3
1 45 37 59.88 0.0895 343.6
1 45 15 52.09 0.1180 304.3
1 45 20 89.75 0.0837 297.7
1 45 28 70.77 0.0965 861.1
1 45 25 102.36 0.1137 17.3
1 45 41 81.44 0.0993 135.6
1 45 34 81.94 0.0907 824.6
1 45 27 72.71 0.1002 316.6
1 45 38 178.30 0.0638 827.9
1 45 17 101.03 0.0737 866.9
1 45 40 208.61 0.0783 770.9
1 45 35 130.87 0.0810 248.0
1 45 40 151.67 0.0820 300.5
1 45 28 83.61 0.1076 130.6
1 45 38 149.81 0.0534 406.1
1 45 21 55.62 0.1181 312.6
1 45 39 184.99 0.0655 840.7
1 45 22 105.50 0.0742 58.6
1 45 32 255.31 0.0675 232.4
1 45 32 105.49 0.0755 283.6
1 45 35 116.45 0.0838 741.9
1 45 36 104.12 0.1115 895.3
1 45 20 167.74 0.0513 379.9
1 45 28 164.52 0.0573 918.8
1 45 26 171.70 0.0683 362.0
1 45 39 110.43 0.0982 311.3
1 45 39 112.71 0.0871 411.2
1 45 37 82.15 0.1090 802.0
1 45 15 47.88 0.1230 509.3
1 45 37 222.52 0.0668 847.1
1 45 28 147.14 0.0838 358.5
1 45 25 57.09 0.1051 245.0
1 45 14 635.73 0.0778 303.6
1 45 13 71.05 0.1139 958.9
1 45 39 85.55 0.0988 788.8
1 45 37 360.00 0.0479 239.3
1 45 31 157.71 0.0677 310.3
1 45 35 269.12 0.0791 361.5
1 45 28 46.00 0.1578 947.5
1 45 36 105.89 0.0797 849.3
1 45 14 122.37 0.0661 228.3
1 45 40 233.94 0.0914 24.4
1 45 17 90.90 0.0923 22.0
1 45 16 430.38 0.0356 475.4
1 45 19 165.11 0.0679 519.0
1 45 35 82.77 0.0837 727.6
1 45 39 126.85 0.0792 935.4
1 45 21 89.16 0.1261 357.1
1 45 26 100.56 0.1082 335.4
1 45 17 90.91 0.0687 776.0
1 45 17 59.11 0.1464 326.5
1 45 23 49.65 0.1105 195.8
1 45 45 195.45 0.0762 207.9
1 45 29 49.52 0.0969 298.8
1 45 29 85.95 0.0876 412.5
1 45 33 55.97 0.1025 387.0
1 45 19 120.58 0.0617 231.7
1 45 18 117.38 0.0884 217.6
1 45 43 86.53 0.0930 780.9
1 45 22 48.05 0.1223 315.5
1 45 39 102.99 0.0753 342.1
1 45 18 90.96 0.0764 302.5
1 45 29 187.63 0.0527 180.9
1 45 37 127.35 0.0816 854.6
1 45 20 141.81 0.0557 802.4
1 45 40 133.01 0.0775 926.0
1 45 36 226.14 0.0568 323.0
1 45 19 48.75 0.0942 885.0
1 45 38 92.81 0.0597 968.3
1 45 34 76.01 0.0767 284.2
1 45 32 94.64 0.0954 529.9
1 45 30 146.21 0.0500 120.7
1 45 25 84.36 0.0669 838.4
1 45 34 113.58 0.0847 372.1
1 45 26 138.15 0.0533 387.5
1 45 32 48.51 0.1176 681.1
1 45 28 122.90 0.0661 760.5
1 45 28 138.71 0.0886 40.8
1 45 40 47.63 0.1512 335.7
1 45 36 204.83 0.0713 314.6
1 45 33 74.09 0.0757 886.5
1 45 46 63.28 0.0732 528.6
1 45 32 135.76 0.0819 939.4
1 45 37 152.83 0.0959 922.4
1 45 27 47.27 0.1172 166.6
1 45 38 112.14 0.0676 939.7
1 45 36 55.35 0.1207 338.4
1 45 27 365.97 0.0404 962.6
1 45 26 46.38 0.1247 67.4
1 45 34 73.62 0.0750 204.0
1 45 24 143.96 0.0732 60.9
1 45 36 62.75 0.1027 884.3
1 45 36 124.81 0.0877 232.1
1 45 27 66.94 0.1174 615.5
1 45 40 86.09 0.0955 356.7
1 45 28 158.88 0.0578 370.1
1 45 45 65.71 0.0906 221.6
1 45 37 89.31 0.0885 880.1
1 45 38 152.17 0.0901 647.2
1 45 35 98.97 0.0865 484.0
1 45 24 67.84 0.1171 243.4
1 45 35 140.29 0.0724 190.9
1 45 29 71.02 0.1093 490.2
1 45 17 251.93 0.0437 156.6
1 45 24 494.23 0.0755 969.3
1 45 20 145.66 0.0689 219.3
1 45 29 125.00 0.0818 89.9
1 45 27 61.23 0.0973 723.0
1 45 36 156.22 0.0740 354.9
1 45 27 284.65 0.0745 257.5
1 45 34 84.82 0.1009 944.1
1 45 39 84.63 0.1019 410.3
1 45 20 61.15 0.1138 780.4
1 45 32 143.67 0.0653 846.0
1 45 35 47.82 0.1331 415.3
1 45 22 52.20 0.1004 324.0
1 45 28 81.92 0.1048 413.7
1 45 37 89.67 0.0932 3.4
1 45 40 192.15 0.0656 354.7
1 45 31 181.80 0.0655 446.9
1 45 27 125.16 0.0792 223.0
1 45 24 58.36 0.0882 827.7
1 45 43 289.29 0.0838 820.5
1 45 30 231.98 0.0841 910.0
1 45 15 145.37 0.0880 907.3
1 45 33 262.32 0.0514 241.0
1 45 39 59.96 0.1013 661.1
1 45 27 134.57 0.1014 224.3
1 45 22 147.22 0.0645 727.4
1 45 16 184.98 0.0621 964.0
1 45 33 310.46 0.0657 943.1
1 45 34 211.77 0.0796 826.8
1 45 40 161.81 0.0538 291.6
1 45 36 179.92 0.0702 293.7
1 45 34 95.60 0.1019 355.0
1 45 41 91.16 0.0908 496.2
1 45 30 91.44 0.0918 865.2
1 45 38 69.03 0.0617 178.7
1 45 35 106.26 0.0724 768.8
1 45 35 74.82 0.0854 128.9
1 45 13 156.64 0.0472 266.6
1 45 33 170.19 0.0831 379.4
1 45 26 77.81 0.1029 518.8
1 45 25 147.57 0.0727 247.0
1 45 25 79.58 0.0729 309.9
1 45 23 194.41 0.0435 939.5
1 45 42 130.46 0.0658 516.7
1 45 35 195.45 0.0726 48.8
1 45 34 184.42 0.0808 798.0
1 45 38 74.32 0.0546 845.9
1 45 31 60.02 0.0984 742.0
1 45 37 179.27 0.0800 323.7
1 45 36 90.65 0.0971 930.8
1 45 16 80.38 0.0817 317.5
1 45 26 64.26 0.1282 183.0
1 45 42 201.04 0.0672 459.7
1 45 16 55.00 0.1348 909.6
1 45 33 301.40 0.0714 897.0
1 45 35 219.14 0.0583 799.7
1 45 37 223.31 0.0739 316.3
1 45 26 89.44 0.0695 236.6
1 45 27 100.35 0.1118 467.7
1 45 34 120.59 0.0513 165.6
1 45 40 154.91 0.0691 651.9
1 45 35 111.97 0.0536 426.8
1 45 18 518.80 0.1365 900.6
1 45 31 287.72 0.0693 792.7
1 45 22 143.54 0.0926 292.6
1 45 32 94.35 0.0927 859.4
1 45 42 100.89 0.0833 386.0
1 45 13 91.97 0.0418 765.9
1 45 37 190.15 0.0626 905.5
1 45 33 150.42 0.0589 927.9
1 45 22 51.84 0.0696 810.9
1 45 13 60.83 0.1205 361.1
1 45 30 94.89 0.0713 762.5
1 45 27 66.81 0.1233 678.5
1 45 36 56.38 0.0880 853.3
1 45 28 256.71 0.0657 234.7
1 45 26 112.30 0.0483 75.3
1 45 18 170.61 0.1035 830.0
1 45 36 103.14 0.0589 379.3
1 45 30 67.70 0.1491 298.6
1 45 33 67.34 0.1282 322.4
1 45 25 74.14 0.0959 368.0
1 45 39 124.87 0.0691 312.6
1 45 40 158.49 0.0632 220.1
1 45 34 74.72 0.0605 816.6
1 45 32 138.59 0.1136 341.8
1 45 30 125.43 0.0832 844.0
1 45 33 81.72 0.0961 296.4
1 45 21 66.15 0.0720 819.1
1 45 29 118.07 0.0678 673.1
1 45 24 156.86 0.0667 874.9
1 45 19 61.48 0.0991 830.4
1 45 24 71.09 0.0881 87.7
1 45 25 93.06 0.0475 23.4
1 45 26 380.96 0.0954 906.5
1 45 20 149.73 0.0699 58.1
1 45 24 125.88 0.1465 887.0
1 45 19 72.75 0.0545 359.6
1 45 38 114.32 0.0748 851.3
1 45 28 469.46 0.0342 43.2
1 45 36 147.69 0.0617 336.4
1 45 13 166.62 0.0377 908.5
1 45 17 443.91 0.1033 187.8
1 45 21 73.96 0.1098 384.2
1 45 31 128.14 0.0806 187.6
1 45 36 231.87 0.0596 293.7
1 45 18 159.71 0.0458 945.3
1 45 20 64.50 0.0924 867.1
1 45 36 93.62 0.1144 451.1
1 45 41 165.11 0.0914 29.8
1 45 34 62.99 0.0924 193.6
1 45 32 167.53 0.0597 759.4
1 45 27 177.03 0.0672 240.0
1 45 24 133.43 0.1086 776.4
1 45 31 389.28 0.0612 381.3
1 45 28 131.10 0.0894 871.5
1 45 29 63.33 0.1254 736.1
1 45 23 46.77 0.1346 940.1
1 45 27 55.76 0.0961 82.1
1 45 23 142.08 0.1041 777.6
1 45 29 83.01 0.1117 196.5
1 45 34 62.01 0.1293 621.5
1 45 44 60.31 0.1476 556.3
1 45 34 56.36 0.1064 735.5
1 45 25 68.19 0.0817 191.0
1 45 17 275.03 0.0395 844.5
1 45 27 119.53 0.0601 89.0
1 45 24 128.10 0.0660 341.5
1 45 34 290.31 0.0570 341.4
1 45 22 218.05 0.0540 862.7
1 45 34 71.79 0.1233 337.0
1 45 31 55.94 0.1173 240.5
1 45 31 85.41 0.1147 340.0
1 45 32 160.64 0.0759 169.0
1 45 17 102.63 0.1037 342.7
1 45 27 107.62 0.0883 650.5
1 45 20 715.74 0.1061 753.7
1 45 22 170.25 0.0560 389.1
1 45 16 73.11 0.0593 390.4
1 45 23 90.24 0.1162 856.3
1 45 18 213.23 0.0570 320.5
1 45 20 97.34 0.0876 804.2
1 45 36 89.91 0.1030 842.0
1 45 18 78.06 0.0413 625.8
1 45 19 78.11 0.0525 383.4
1 45 22 69.18 0.1211 349.6
1 45 21 355.89 0.1067 203.8
1 45 13 60.92 0.1402 940.0
1 45 19 59.89 0.0949 389.1
1 45 17 57.47 0.0797 574.2
1 45 16 50.72 0.0435 92.0
1 45 23 180.92 0.1084 854.9
1 45 32 195.04 0.0731 301.9
1 45 18 136.97 0.0652 946.3
1 45 29 102.76 0.1102 19.5
1 45 27 59.08 0.1426 315.3
1 45 16 173.83 0.0814 37.4
1 45 30 185.84 0.0908 920.2
1 45 14 86.64 0.0589 224.5
1 45 19 115.14 0.0558 153.8
1 45 40 59.37 0.1078 277.3
1 45 17 99.99 0.0410 225.4
1 45 14 101.53 0.0427 848.3
1 45 19 206.19 0.0974 342.5
1 45 27 93.67 0.0550 176.0
1 45 24 48.74 0.1257 256.2
1 45 27 98.42 0.0694 308.6
1 45 28 114.67 0.0459 44.0
1 45 22 79.57 0.1028 287.1
1 45 44 46.99 0.0902 331.3
1 45 19 80.30 0.0593 240.6
1 45 16 193.09 0.0551 210.4
1 45 18 83.63 0.0656 751.8
1 45 25 124.85 0.0929 258.2
1 45 31 59.95 0.0790 620.1
1 45 16 147.30 0.1823 874.5
1 45 20 510.53 0.1575 786.6
1 45 13 99.76 0.0655 880.6
1 45 21 157.12 0.0543 720.8
1 45 15 216.53 0.0880 266.6
1 45 18 240.04 0.0793 228.7
1 45 40 142.78 0.0747 447.5
1 45 24 138.55 0.1114 375.0
1 45 16 314.82 0.0329 207.3
1 45 31 53.16 0.1102 647.8
1 45 17 88.47 0.0498 372.2
1 45 18 53.20 0.0937 882.6
1 45 24 55.87 0.0552 887.4
1 45 16 54.90 0.0448 91.3
1 45 26 181.27 0.0382 334.8
1 45 15 91.32 0.1363 788.4
1 45 15 55.23 0.1114 279.1
1 45 16 97.89 0.1193 345.6
1 45 20 55.83 0.0646 967.7
1 45 18 169.56 0.0666 294.7
1 45 21 250.24 0.0466 783.4
1 45 20 47.88 0.0479 970.0
1 45 13 116.67 0.0400 350.5
1 45 21 134.34 0.0494 723.5
1 46 24 121.00 0.0959 237.1
1 46 36 84.20 0.1209 557.7
1 46 38 272.53 0.0590 734.6
1 46 34 124.36 0.1046 735.6
1 46 38 116.85 0.0821 405.6
1 46 23 70.56 0.0940 130.5
1 46 18 68.46 0.1162 291.3
1 46 37 157.28 0.0842 674.4
1 46 43 368.22 0.0928 433.1
1 46 39 97.78 0.0827 789.3
1 46 23 205.29 0.0642 379.7
1 46 43 97.30 0.0946 743.2
1 46 22 133.72 0.0798 910.7
1 46 34 112.86 0.1080 160.6
1 46 28 178.22 0.0450 445.8
1 46 19 46.89 0.1341 490.1
1 46 14 73.89 0.1731 478.5
1 46 20 79.11 0.1261 803.2
1 46 25 403.41 0.0928 372.4
1 46 27 73.92 0.0711 904.0
1 46 23 123.20 0.0589 285.9
1 46 28 110.51 0.0730 726.5
1 46 42 212.69 0.0564 237.7
1 46 36 652.06 0.0507 274.5
1 46 36 61.90 0.1472 698.2
1 46 32 449.96 0.0454 176.4
1 46 18 166.14 0.0698 957.5
1 46 16 763.23 0.1253 881.0
1 46 25 48.65 0.1083 451.1
1 46 16 210.16 0.0393 261.3
1 46 36 68.65 0.0842 325.3
1 46 32 128.08 0.0718 801.5
1 46 33 118.51 0.0561 23.5
1 46 24 164.63 0.0582 679.9
1 46 14 53.95 0.1508 595.6
1 46 22 176.98 0.0882 239.7
1 46 18 60.33 0.1237 731.1
1 46 30 141.26 0.0843 369.1
1 46 31 142.54 0.0655 737.1
1 46 40 178.55 0.0627 146.8
1 46 29 204.76 0.0618 560.2
1 46 32 193.28 0.0732 439.2
1 46 13 49.30 0.0842 924.4
1 46 24 220.20 0.0362 938.5
1 46 20 79.79 0.0528 726.2
1 46 17 171.77 0.0639 441.5
1 46 16 172.83 0.1441 675.2
1 46 21 68.13 0.1178 316.3
1 46 23 234.55 0.0572 184.1
1 46 20 200.16 0.1033 255.1
1 46 38 147.19 0.0670 704.2
1 46 33 78.28 0.1115 407.8
1 46 30 222.06 0.0745 750.2
1 46 16 601.36 0.0722 327.1
1 46 24 94.99 0.0905 430.3
1 46 24 139.08 0.0623 682.5
1 46 35 70.90 0.0774 734.0
1 46 13 90.91 0.1031 291.2
1 46 29 187.25 0.0512 721.4
1 46 34 85.78 0.0928 258.3
1 46 33 116.30 0.1144 472.4
1 46 29 148.03 0.0635 938.0
1 46 20 67.13 0.1121 576.4
1 46 17 419.30 0.1483 966.7
1 46 38 207.65 0.0627 360.5
1 46 32 65.67 0.1041 73.3
1 46 23 97.52 0.0704 296.1
1 46 40 123.98 0.0888 711.2
1 46 32 127.79 0.0701 198.6
1 46 40 312.63 0.0760 600.2
1 46 39 125.86 0.0669 430.7
1 46 41 195.43 0.0758 341.2
1 46 34 63.57 0.0872 574.2
1 46 15 64.28 0.0323 211.4
1 46 30 116.15 0.0642 299.1
1 46 27 400.59 0.1071 808.4
1 46 22 59.04 0.0996 713.3
1 46 27 124.04 0.0570 279.4
1 46 17 90.46 0.1205 823.9
1 46 43 89.88 0.0676 662.5
1 46 24 156.17 0.0714 561.2
1 46 35 321.32 0.1289 444.4
1 46 19 70.87 0.0607 911.0
1 46 34 116.01 0.0649 493.0
1 46 21 45.68 0.0646 887.5
1 46 28 136.14 0.0856 721.5
1 46 38 143.95 0.0718 489.0
1 46 31 50.18 0.1321 617.2
1 46 25 203.10 0.0585 310.6
1 46 17 390.84 0.1168 598.0
1 46 33 162.03 0.0629 661.2
1 46 20 112.99 0.0632 923.7
1 46 18 565.20 0.0397 134.2
1 46 27 118.58 0.0625 319.1
1 46 23 101.36 0.0677 605.4
1 46 32 466.81 0.0962 381.4
1 46 33 101.78 0.1023 424.1
1 46 22 87.78 0.0864 563.1
1 46 30 59.59 0.1178 495.0
1 46 23 233.63 0.0662 565.8
1 46 28 150.38 0.0512 698.4
1 46 36 139.83 0.0892 607.4
1 46 15 85.67 0.0618 942.0
1 46 24 578.44 0.1084 746.4
1 46 38 55.40 0.1029 754.9
1 46 33 57.41 0.1041 802.5
1 46 35 97.06 0.1273 844.9
1 46 37 296.89 0.0685 892.6
1 46 37 56.87 0.1077 165.5
1 46 41 132.21 0.0975 907.7
1 46 14 54.45 0.0404 150.1
1 46 31 124.77 0.0554 669.9
1 46 25 173.32 0.0618 841.8
1 46 21 166.78 0.0554 219.8
1 46 27 130.57 0.0653 612.7
1 46 40 119.86 0.0893 470.1
1 46 32 107.18 0.0817 856.3
1 46 34 92.39 0.0919 391.2
1 46 40 78.93 0.0845 444.2
1 46 24 52.68 0.1350 656.1
1 46 40 130.12 0.0808 488.5
1 46 37 55.11 0.1214 896.1
1 46 30 84.43 0.1205 265.1
1 46 33 84.14 0.0745 300.8
1 46 33 58.78 0.1237 258.4
1 46 26 477.73 0.0544 212.8
1 46 24 205.91 0.0659 125.7
1 46 38 127.20 0.0760 818.8
1 46 36 52.22 0.0988 547.5
1 46 18 119.64 0.0749 834.5
1 46 38 127.62 0.0849 899.7
1 46 35 107.37 0.0875 136.5
1 46 41 215.17 0.0591 479.3
1 46 32 53.30 0.1094 426.4
1 46 14 249.86 0.0743 292.5
1 46 18 66.44 0.0726 698.5
1 46 38 73.22 0.0927 623.7
1 46 23 193.98 0.0573 238.7
1 46 30 128.42 0.0656 329.8
1 46 22 48.40 0.0993 892.2
1 46 32 178.07 0.0933 804.5
1 46 38 135.70 0.0732 501.7
1 46 35 53.80 0.0747 141.7
1 46 24 140.14 0.0612 649.4
1 46 37 222.87 0.0743 815.0
1 46 39 157.30 0.0693 243.9
1 46 31 85.34 0.0811 177.2
1 46 35 95.75 0.0814 587.9
1 46 21 123.99 0.0684 719.0
1 46 27 108.68 0.0812 747.8
1 46 32 88.55 0.0989 281.2
1 46 19 83.09 0.0552 285.6
1 46 23 79.92 0.0940 797.0
1 46 31 103.58 0.0788 211.0
1 46 40 130.90 0.0890 700.5
1 46 26 76.09 0.1254 311.2
1 46 20 257.22 0.0471 280.8
1 46 44 177.18 0.0625 812.3
1 46 18 68.19 0.0606 861.5
1 46 29 207.53 0.0790 683.5
1 46 30 67.96 0.0734 725.5
1 46 43 173.80 0.0569 329.3
1 46 26 188.31 0.0697 795.2
1 46 23 204.02 0.0612 663.3
1 46 45 62.57 0.0804 273.4
1 46 30 129.43 0.0655 935.1
1 46 25 81.55 0.0723 648.3
1 46 22 137.70 0.0627 329.6
1 46 14 228.61 0.1116 397.0
1 46 14 48.41 0.1060 238.9
1 46 21 49.98 0.0845 242.0
1 46 28 197.04 0.0809 801.3
1 46 20 63.60 0.0791 906.6
1 46 17 114.48 0.1080 728.0
1 46 33 81.60 0.1160 511.3
1 46 17 66.08 0.0749 905.5
1 46 30 98.34 0.0963 505.6
1 46 26 49.95 0.1088 616.8
1 46 39 119.15 0.0877 792.6
1 46 27 65.35 0.1231 367.2
1 46 42 88.97 0.0894 320.0
1 46 38 184.31 0.0636 488.3
1 46 22 88.37 0.0947 37.4
1 46 39 121.59 0.0756 900.2
1 46 23 82.74 0.0594 131.2
1 46 34 69.37 0.1049 461.7
1 46 36 204.03 0.0674 735.7
1 46 38 113.58 0.0836 348.6
1 46 33 96.15 0.0734 174.5
1 46 39 157.52 0.0626 797.0
1 46 20 172.60 0.0677 252.2
1 46 36 181.74 0.0613 174.5
1 46 40 149.11 0.0752 355.5
1 46 40 157.42 0.0745 296.1
1 46 17 54.69 0.0759 593.4
1 46 15 261.42 0.0484 442.7
1 46 18 75.96 0.1338 689.0
1 46 16 102.89 0.0584 91.2
1 46 30 138.33 0.0836 835.1
1 46 39 77.97 0.1152 802.2
1 46 26 98.22 0.0739 121.0
1 46 26 60.99 0.1149 187.9
1 46 33 47.17 0.0907 803.0
1 46 30 58.60 0.1373 343.9
1 46 27 111.12 0.0776 440.5
1 46 30 89.49 0.0935 839.5
1 46 37 104.44 0.0654 705.2
1 46 13 113.21 0.0892 539.6
1 46 32 190.59 0.0610 900.9
1 46 13 202.63 0.0804 911.3
1 46 38 61.72 0.0745 209.7
1 46 22 86.36 0.1192 437.6
1 46 38 92.84 0.0971 749.4
1 46 31 92.60 0.0950 554.5
1 46 38 81.34 0.1114 906.2
1 46 35 148.81 0.0548 824.6
1 46 33 93.86 0.0759 191.0
1 46 28 99.56 0.0752 456.3
1 46 25 210.12 0.0657 801.9
1 46 42 67.55 0.1138 791.9
1 46 13 67.61 0.1782 968.4
1 46 20 252.66 0.0885 812.0
1 46 22 272.24 0.1192 950.0
1 46 21 187.80 0.0740 772.4
1 46 35 51.81 0.1192 528.0
1 46 33 53.71 0.1178 698.8
1 46 37 207.04 0.0935 334.0
1 46 34 446.74 0.0949 808.5
1 46 26 141.14 0.0841 774.4
1 46 42 61.09 0.1032 727.0
1 46 24 680.48 0.1072 829.6
1 46 23 59.86 0.0607 951.8
1 46 27 150.01 0.0974 296.1
1 46 23 220.70 0.0639 346.8
1 46 27 505.89 0.0578 721.2
1 46 37 47.41 0.1228 139.8
1 46 15 163.51 0.0410 820.8
1 46 22 69.01 0.0682 8.0
1 46 30 72.35 0.0820 496.2
1 46 39 95.99 0.0699 652.6
1 46 34 124.92 0.0617 829.5
1 46 32 194.35 0.0540 313.8
1 46 15 70.53 0.0786 953.4
1 46 35 184.50 0.0622 515.2
1 46 30 91.02 0.0608 709.1
1 46 24 89.12 0.0540 941.4
1 46 22 81.42 0.1043 921.3
1 46 39 65.00 0.1207 874.5
1 46 33 138.40 0.0804 362.1
1 46 31 105.08 0.0794 822.2
1 46 34 71.48 0.0866 722.5
1 46 34 64.45 0.0722 463.2
1 46 28 54.98 0.1524 710.6
1 46 26 153.81 0.0655 304.0
1 46 27 94.80 0.0542 700.6
1 46 30 111.76 0.0548 216.0
1 46 44 310.82 0.0552 216.7
1 46 43 200.17 0.0663 256.1
1 46 31 63.66 0.0922 378.4
1 46 18 45.81 0.1128 910.3
1 46 38 91.96 0.0696 881.6
1 46 22 191.76 0.0497 651.4
1 46 34 135.94 0.0900 187.8
1 46 15 82.57 0.0714 414.7
1 46 23 64.37 0.0938 782.4
1 46 41 118.89 0.0703 232.1
1 46 26 60.71 0.1100 14.8
1 46 41 54.44 0.0786 358.8
1 46 23 45.22 0.0992 267.4
1 46 33 172.88 0.0554 679.9
1 46 22 45.10 0.1088 21.9
1 46 36 195.99 0.0559 412.3
1 46 37 114.73 0.0796 544.9
1 46 37 76.19 0.0886 717.8
1 46 25 71.93 0.0425 138.2
1 46 21 82.37 0.0971 530.4
1 46 22 114.26 0.0375 778.8
1 46 23 65.76 0.0692 224.1
1 46 18 154.72 0.0364 411.4
1 46 15 63.24 0.1285 371.0
1 46 27 284.08 0.0866 642.8
1 46 21 69.24 0.0897 101.5
1 46 18 224.00 0.0647 938.3
1 46 30 45.37 0.0831 267.0
1 46 42 129.77 0.0646 472.5
1 46 39 60.87 0.0879 309.5
1 46 30 46.84 0.0754 232.5
1 46 16 243.89 0.0866 747.6
1 46 37 119.03 0.0690 49.1
1 46 31 99.37 0.0977 769.5
1 46 22 208.16 0.0750 348.7
1 46 31 63.38 0.0809 231.6
1 46 29 120.15 0.0472 417.0
1 46 38 192.52 0.0633 895.5
1 46 35 62.48 0.1148 520.3
1 46 35 161.88 0.0751 143.5
1 46 32 129.93 0.0634 755.4
1 46 34 88.84 0.0952 851.8
1 46 22 74.21 0.0669 912.0
1 46 24 56.62 0.1298 954.7
1 46 30 75.67 0.0842 385.6
1 46 18 119.17 0.0460 117.7
1 46 40 68.43 0.1045 461.7
1 46 35 127.13 0.0818 304.3
1 46 40 194.44 0.0678 501.3
1 46 41 135.75 0.0722 278.0
1 46 25 150.39 0.0780 165.4
1 46 24 157.92 0.0823 265.4
1 46 33 143.25 0.0697 877.0
1 46 40 45.40 0.1215 273.4
1 46 45 47.84 0.0936 291.4
1 46 38 287.55 0.1031 406.4
1 46 25 163.43 0.0928 516.9
1 46 21 110.64 0.0728 933.9
1 46 34 167.83 0.0631 310.2
1 46 37 66.67 0.0891 110.0
1 46 19 59.93 0.1020 408.5
1 46 29 318.27 0.0461 780.5
1 46 32 175.37 0.0875 908.4
1 46 14 78.06 0.0689 403.1
1 46 28 130.59 0.0890 229.3
1 46 29 736.76 0.0278 470.3
1 46 17 53.93 0.1334 43.0
1 46 23 143.65 0.0502 291.7
1 46 19 140.58 0.0408 97.4
1 46 23 157.41 0.1071 246.6
1 46 15 557.75 0.0663 259.5
1 46 16 48.31 0.1698 943.4
1 46 30 86.79 0.1092 410.8
1 46 33 114.17 0.0636 380.7
1 46 22 131.09 0.0863 934.9
1 46 27 61.20 0.1191 598.6
1 46 16 132.11 0.0554 536.7
1 46 26 115.25 0.1106 195.6
1 46 21 137.44 0.0476 300.3
1 46 23 173.76 0.0551 441.1
1 46 31 160.46 0.0947 397.4
1 46 29 185.01 0.0654 250.2
1 46 16 73.01 0.0752 293.4
1 46 19 48.33 0.1077 64.0
1 46 29 163.04 0.0521 884.9
1 46 16 54.23 0.0733 944.2
1 46 27 127.74 0.0608 710.3
1 46 19 78.59 0.0834 929.9
1 46 17 89.58 0.0938 677.7
1 46 19 182.21 0.0774 429.4
1 46 18 98.36 0.0500 705.9
1 46 22 69.06 0.1106 842.7
1 46 26 50.10 0.1313 463.2
1 46 28 176.66 0.0611 481.2
1 46 16 45.68 0.1175 388.3
1 46 19 53.38 0.0945 841.3
1 46 19 70.78 0.0983 784.6
1 46 25 49.26 0.0875 737.5
1 46 29 85.45 0.0846 793.1
1 46 19 119.44 0.0758 221.0
1 46 26 202.50 0.0786 809.0
1 46 26 49.24 0.0965 649.1
1 46 14 59.29 0.0982 944.2
1 46 24 149.18 0.0948 432.0
1 46 35 64.37 0.0887 718.4
1 46 17 45.39 0.1135 287.6
1 46 26 84.36 0.0964 646.1
1 46 41 67.83 0.0928 189.6
1 46 30 109.04 0.0912 932.6
1 46 28 178.68 0.0904 237.1
1 46 27 115.15 0.0422 854.6
1 46 26 96.60 0.0737 24.4
1 46 18 119.29 0.1130 828.0
1 46 24 376.54 0.0481 333.9
1 46 30 83.95 0.0830 648.7
1 46 27 89.50 0.0562 148.1
1 46 16 258.38 0.0454 550.3
1 46 16 73.11 0.0586 396.4
1 46 25 294.26 0.0612 606.9
1 46 26 69.46 0.0950 323.2
1 46 27 83.52 0.0887 238.8
1 46 16 74.87 0.1412 393.4
1 46 16 70.80 0.1089 382.3
1 46 13 124.30 0.0717 353.0
1 46 23 74.42 0.1267 183.7
1 46 25 101.80 0.0817 389.0
1 46 28 55.64 0.1130 73.0
1 46 16 63.06 0.0640 397.8
1 46 15 56.58 0.0859 598.7
1 46 24 75.01 0.0885 234.2
1 46 27 139.71 0.0736 860.5
1 46 36 127.80 0.0943 694.3
1 46 18 113.37 0.0827 626.2
1 46 16 46.15 0.0544 835.2
1 46 23 161.83 0.0603 588.2
1 46 29 62.44 0.0911 330.8
1 46 22 67.74 0.1070 411.4
1 46 40 150.76 0.0953 428.4
1 46 19 476.42 0.1515 871.8
1 46 32 270.11 0.0538 312.2
1 46 28 71.86 0.1139 740.7
1 46 16 121.95 0.0621 182.0
1 46 29 100.97 0.0767 356.3
1 46 31 49.52 0.1267 326.9
1 46 36 179.08 0.0685 388.0
1 46 15 45.48 0.1890 340.4
1 46 32 49.30 0.1073 277.4
1 46 29 83.65 0.0880 414.1
1 46 37 200.71 0.0597 727.4
1 46 36 135.41 0.0967 269.6
1 46 22 222.16 0.0612 635.9
1 46 40 104.46 0.0901 562.5
1 46 17 207.04 0.0633 768.9
1 46 14 50.97 0.0558 288.7
1 46 28 50.61 0.0641 284.8
1 46 33 162.62 0.0771 777.7
1 46 27 148.81 0.1152 445.1
1 46 20 109.49 0.0684 840.1
1 46 20 104.67 0.1015 930.3
1 46 18 50.00 0.0752 809.8
1 46 24 78.85 0.0615 409.5
1 46 21 51.45 0.1120 305.4
1 46 17 61.05 0.0567 686.6
1 46 19 79.79 0.0828 585.0
1 46 14 189.76 0.0776 709.6
1 46 24 115.46 0.0675 866.7
1 46 36 158.66 0.0635 684.5
1 46 27 64.85 0.0796 345.6
1 46 17 187.09 0.0631 942.1
1 46 34 114.80 0.0719 136.6
1 46 21 52.96 0.0565 698.9
1 46 19 122.61 0.0712 822.5
1 46 17 142.70 0.0781 359.5
1 46 15 416.73 0.0791 490.3
1 47 17 241.99 0.0558 249.1
1 47 45 113.31 0.0930 282.1
1 47 18 176.84 0.0705 201.1
1 47 39 181.62 0.0759 833.3
1 47 44 112.53 0.0934 475.1
1 47 29 101.01 0.0835 725.5
1 47 35 220.19 0.0626 114.6
1 47 31 269.90 0.0743 425.0
1 47 19 138.66 0.0710 735.0
1 47 40 279.51 0.0615 613.3
1 47 36 94.76 0.1225 63.3
1 47 26 69.52 0.0956 165.0
1 47 35 135.62 0.0773 515.8
1 47 19 557.59 0.0863 159.2
1 47 28 78.56 0.0850 221.6
1 47 22 110.26 0.0665 764.9
1 47 14 74.03 0.1458 41.4
1 47 41 144.36 0.0851 576.1
1 47 25 146.55 0.0558 804.1
1 47 18 54.42 0.0976 139.5
1 47 17 197.05 0.0801 353.6
1 47 26 58.76 0.0935 550.3
1 47 17 77.68 0.0982 786.5
1 47 25 85.54 0.1471 607.2
1 47 20 121.02 0.0503 658.6
1 47 29 253.69 0.0817 730.0
1 47 25 160.19 0.0618 754.0
1 47 27 91.04 0.1048 851.0
1 47 23 65.89 0.1179 610.2
1 47 27 123.46 0.1136 721.3
1 47 24 106.38 0.0841 34.4
1 47 16 55.34 0.1226 765.1
1 47 28 53.67 0.1256 763.0
1 47 20 55.56 0.0769 744.5
1 47 19 161.84 0.0667 467.0
1 47 14 208.69 0.1343 665.7
1 47 26 82.81 0.1054 394.7
1 47 36 123.99 0.0662 744.4
1 47 20 76.01 0.0915 746.4
1 47 27 121.79 0.0627 523.5
1 47 39 68.21 0.1168 244.4
1 47 17 110.66 0.0322 675.2
1 47 40 85.45 0.0828 816.9
1 47 36 132.17 0.0819 180.6
1 47 32 65.73 0.0980 700.5
1 47 22 130.42 0.0811 341.0
1 47 24 92.89 0.0625 260.5
1 47 38 152.88 0.1138 534.4
1 47 23 214.22 0.0611 459.7
1 47 29 60.61 0.0785 529.7
1 47 33 112.89 0.1124 703.1
1 47 22 74.18 0.0946 148.5
1 47 24 55.47 0.0896 543.4
1 47 14 94.66 0.0780 445.7
1 47 32 109.06 0.1242 639.3
1 47 37 121.90 0.0562 98.4
1 47 32 198.90 0.0607 783.4
1 47 22 130.74 0.0882 397.3
1 47 29 47.86 0.1307 65.0
1 47 18 130.92 0.0338 526.8
1 47 31 58.10 0.0771 232.6
1 47 29 119.08 0.0829 489.1
1 47 27 74.49 0.0916 511.5
1 47 23 46.31 0.0759 35.8
1 47 30 85.02 0.0912 645.0
1 47 28 125.21 0.0505 173.3
1 47 35 91.93 0.0899 526.2
1 47 34 96.85 0.0862 858.0
1 47 18 134.57 0.0608 691.5
1 47 17 77.18 0.0720 376.1
1 47 31 178.87 0.0666 712.1
1 47 26 164.55 0.0667 852.3
1 47 21 63.39 0.0815 511.3
1 47 42 160.59 0.0697 553.0
1 47 33 87.60 0.1047 455.7
1 47 36 130.25 0.0827 499.7
1 47 21 109.07 0.1225 500.4
1 47 28 215.91 0.0732 440.2
1 47 33 61.62 0.0687 886.8
1 47 34 47.28 0.1053 144.2
1 47 28 122.74 0.0753 477.5
1 47 29 57.89 0.0685 738.7
1 47 39 54.24 0.1133 611.4
1 47 17 88.18 0.1072 681.6
1 47 31 61.50 0.0755 176.7
1 47 34 91.47 0.1044 201.0
1 47 14 93.53 0.1126 531.5
1 47 32 88.10 0.0726 164.1
1 47 39 49.57 0.0902 198.5
1 47 25 346.60 0.0698 172.7
1 47 17 134.32 0.0783 926.3
1 47 35 122.29 0.0995 721.0
1 47 16 105.28 0.0887 850.8
1 47 22 45.98 0.1352 148.5
1 47 38 123.23 0.0775 680.1
1 47 29 172.33 0.0649 572.3
1 47 17 364.58 0.1245 494.5
1 47 25 306.07 0.0480 497.9
1 47 23 74.46 0.1187 504.8
1 47 28 249.82 0.0651 284.2
1 47 22 118.89 0.1383 486.6
1 47 24 416.33 0.0852 685.9
1 47 25 105.56 0.0995 49.7
1 47 14 123.97 0.1614 538.9
1 47 32 222.67 0.0843 389.8
1 47 45 130.27 0.0870 569.4
1 47 33 105.29 0.0998 395.7
1 47 29 141.26 0.0465 734.1
1 47 37 68.12 0.1029 191.6
1 47 15 682.30 0.0388 315.3
1 47 19 329.11 0.1675 527.9
1 47 16 99.30 0.1810 640.1
1 47 23 81.99 0.0757 133.9
1 47 40 147.97 0.0853 630.1
1 47 32 105.75 0.1018 202.7
1 47 26 65.59 0.0890 384.3
1 47 37 77.99 0.1046 548.8
1 47 36 85.18 0.0916 192.0
1 47 38 298.10 0.0988 621.9
1 47 24 69.41 0.1182 70.1
1 47 15 152.25 0.1269 76.6
1 47 14 165.79 0.0269 954.1
1 47 24 80.04 0.0862 612.9
1 47 33 71.70 0.1135 594.7
1 47 35 118.63 0.0957 184.0
1 47 29 99.75 0.0701 181.2
1 47 43 91.93 0.0832 319.4
1 47 15 77.61 0.1287 131.2
1 47 29 93.22 0.0748 275.7
1 47 34 65.03 0.1022 135.0
1 47 34 94.53 0.0799 516.9
1 47 31 62.24 0.0817 837.4
1 47 30 127.59 0.0693 364.5
1 47 22 144.72 0.0806 361.9
1 47 14 217.60 0.0760 648.2
1 47 21 126.67 0.0985 65.2
1 47 33 168.80 0.0784 701.0
1 47 39 198.90 0.0734 846.2
1 47 41 118.97 0.0662 192.4
1 47 43 196.76 0.0590 809.5
1 47 42 59.93 0.0948 147.6
1 47 42 225.71 0.0694 701.3
1 47 42 158.57 0.0638 673.6
1 47 41 67.18 0.1032 390.8
1 47 34 177.71 0.0701 704.8
1 47 38 83.91 0.0880 619.8
1 47 14 112.15 0.0796 622.1
1 47 41 133.67 0.0928 784.6
1 47 43 128.37 0.0829 440.0
1 47 39 63.73 0.1001 437.5
1 47 36 83.53 0.0720 536.7
1 47 44 101.70 0.0830 534.1
1 47 41 55.59 0.0723 539.2
1 47 40 162.83 0.0555 129.8
1 47 44 101.87 0.0843 341.1
1 47 41 82.70 0.0922 649.9
1 47 15 124.04 0.0947 745.9
1 47 44 455.56 0.0523 797.1
1 47 16 120.24 0.1346 665.5
1 47 27 124.40 0.0855 696.9
1 47 34 66.61 0.0746 595.9
1 47 18 128.57 0.0630 631.0
1 47 26 124.30 0.0939 759.1
1 47 31 57.13 0.1165 695.3
1 47 37 62.49 0.1053 394.9
1 47 32 299.51 0.0570 260.8
1 47 32 56.19 0.0955 591.0
1 47 38 272.36 0.0842 845.1
1 47 13 67.78 0.1087 791.1
1 47 38 113.51 0.0778 586.0
1 47 33 77.55 0.0876 730.6
1 47 23 56.20 0.0551 341.9
1 47 37 51.04 0.1113 609.7
1 47 36 105.01 0.0875 811.8
1 47 33 96.82 0.1078 605.4
1 47 35 179.48 0.0717 72.5
1 47 39 140.02 0.0744 799.0
1 47 39 84.88 0.0777 199.3
1 47 34 63.41 0.1253 328.3
1 47 33 58.57 0.1106 563.6
1 47 41 182.68 0.0781 534.3
1 47 34 111.10 0.0766 148.4
1 47 27 87.88 0.0750 684.7
1 47 34 118.74 0.0747 607.3
1 47 17 50.63 0.1088 800.2
1 47 26 66.36 0.0712 581.0
1 47 17 108.73 0.0814 14.3
1 47 19 46.88 0.0794 46.9
1 47 28 75.00 0.0784 258.4
1 47 35 62.57 0.1168 527.3
1 47 29 56.79 0.1102 584.6
1 47 36 95.44 0.0702 805.7
1 47 23 51.78 0.1299 705.4
1 47 33 112.02 0.0876 300.9
1 47 37 48.44 0.1328 197.1
1 47 38 170.30 0.0835 36.6
1 47 22 55.94 0.0998 367.8
1 47 18 838.54 0.0538 503.2
1 47 35 98.94 0.1035 789.2
1 47 35 118.07 0.0624 216.5
1 47 32 154.13 0.0658 889.0
1 47 20 89.70 0.0466 704.0
1 47 41 101.02 0.0964 712.2
1 47 20 66.02 0.0681 688.0
1 47 16 48.73 0.1002 816.7
1 47 31 361.13 0.0590 483.5
1 47 43 101.05 0.0717 713.5
1 47 40 219.69 0.0546 203.0
1 47 36 76.97 0.0901 755.1
1 47 37 149.45 0.0805 770.6
1 47 40 115.35 0.0670 705.6
1 47 39 83.79 0.0860 789.0
1 47 20 65.12 0.1270 604.6
1 47 18 83.42 0.0398 593.9
1 47 20 81.66 0.0913 666.0
1 47 27 54.55 0.0880 356.5
1 47 16 45.21 0.0910 660.7
1 47 13 169.26 0.0814 659.0
1 47 14 57.32 0.0288 588.9
1 47 18 149.53 0.0513 37.3
1 47 32 179.87 0.0943 818.0
1 47 25 97.15 0.0472 205.3
1 47 33 66.94 0.0918 231.6
1 47 27 64.18 0.0772 692.2
1 47 27 168.79 0.0857 695.2
1 47 18 114.60 0.0987 820.8
1 47 15 66.44 0.1414 193.4
1 47 28 326.04 0.0783 780.8
1 47 17 80.40 0.0472 596.5
1 47 22 54.75 0.0966 660.3
1 47 34 71.89 0.0914 90.1
1 47 16 134.66 0.0824 824.3
1 47 42 151.85 0.0571 222.9
1 47 42 97.45 0.0704 124.7
1 47 32 162.99 0.0702 686.6
1 47 33 105.66 0.0683 203.5
1 47 39 84.93 0.0954 219.0
1 47 20 62.63 0.0794 364.3
1 47 39 105.01 0.0672 209.8
1 47 27 224.41 0.0516 94.2
1 47 35 98.28 0.0690 861.5
1 47 36 117.49 0.0632 512.9
1 47 23 109.13 0.0679 488.7
1 47 17 157.51 0.0590 757.0
1 47 25 86.91 0.0596 641.7
1 47 22 53.82 0.0552 100.6
1 47 28 285.45 0.0824 102.4
1 47 42 106.34 0.0695 783.8
1 47 43 90.67 0.0976 612.9
1 47 30 190.35 0.0939 191.3
1 47 43 59.64 0.0679 549.1
1 47 32 247.06 0.0848 599.5
1 47 38 97.75 0.0808 659.9
1 47 19 46.03 0.1118 693.9
1 47 20 73.05 0.0817 171.3
1 47 13 73.95 0.0978 606.3
1 47 30 126.00 0.0901 572.9
1 47 38 151.60 0.0816 850.9
1 47 17 54.26 0.0790 817.7
1 47 15 98.89 0.1494 731.9
1 47 29 47.40 0.1236 657.4
1 47 36 138.59 0.0616 301.8
1 47 32 102.43 0.0713 359.5
1 47 17 74.10 0.1015 167.1
1 47 31 65.32 0.0806 124.4
1 47 43 63.12 0.0823 650.2
1 47 34 106.60 0.0777 794.6
1 47 40 56.15 0.1175 744.9
1 47 36 94.03 0.0932 58.0
1 47 24 117.08 0.0819 418.4
1 47 27 257.48 0.0550 562.2
1 47 23 58.03 0.1000 377.1
1 47 29 62.79 0.0961 685.9
1 47 33 96.43 0.0688 386.8
1 47 33 151.48 0.0627 706.2
1 47 24 114.33 0.0470 624.9
1 47 22 48.09 0.1812 514.4
1 47 25 169.99 0.0707 254.4
1 47 34 215.18 0.0609 620.4
1 47 27 205.97 0.0751 722.0
1 47 35 131.51 0.1151 777.1
1 47 33 68.21 0.1117 626.7
1 47 14 73.86 0.1135 559.6
1 47 17 92.82 0.0814 577.7
1 47 28 91.04 0.0809 647.7
1 47 31 64.42 0.1124 774.9
1 47 29 251.15 0.0410 362.6
1 47 41 68.47 0.1051 859.1
1 47 27 75.07 0.1016 794.2
1 47 36 87.37 0.1176 598.9
1 47 29 68.77 0.1008 125.8
1 47 31 75.07 0.0832 792.6
1 47 38 270.15 0.1324 598.9
1 47 33 50.85 0.0971 607.1
1 47 20 238.72 0.0927 967.3
1 47 39 115.34 0.0786 620.0
1 47 16 225.12 0.0828 655.4
1 47 42 120.62 0.0806 472.1
1 47 32 266.26 0.0604 267.1
1 47 20 252.10 0.0635 245.9
1 47 30 87.86 0.1004 669.4
1 47 22 48.32 0.1167 337.7
1 47 20 66.13 0.0844 356.3
1 47 27 101.03 0.1355 629.3
1 47 14 45.14 0.0946 146.7
1 47 22 49.69 0.1352 660.0
1 47 29 46.37 0.1353 181.5
1 47 18 55.91 0.1257 325.1
1 47 29 61.91 0.1107 768.8
1 47 24 78.05 0.0642 769.6
1 47 23 77.14 0.0715 882.6
1 47 21 272.00 0.0712 716.5
1 47 31 66.46 0.1171 51.3
1 47 20 50.78 0.0663 483.5
1 47 14 69.24 0.1707 531.1
1 47 40 87.26 0.0829 491.0
1 47 25 130.42 0.1106 687.3
1 47 17 78.25 0.0491 605.9
1 47 23 216.55 0.0609 266.7
1 47 24 151.27 0.0573 631.8
1 47 19 265.54 0.1014 586.7
1 47 13 59.56 0.1014 639.1
1 47 25 348.20 0.0713 646.5
1 47 16 48.90 0.1302 650.6
1 47 29 93.59 0.1096 850.0
1 47 14 91.12 0.1216 642.0
1 47 18 140.91 0.0491 370.5
1 47 38 102.32 0.0976 712.1
1 47 31 126.30 0.0486 404.4
1 47 34 77.15 0.0941 618.1
1 47 28 72.57 0.0791 651.4
1 47 18 55.89 0.1060 608.3
1 47 14 509.55 0.1429 684.3
1 47 16 63.07 0.0586 280.3
1 47 40 98.35 0.1074 804.5
1 47 27 97.82 0.0914 711.6
1 47 28 188.87 0.0672 184.7
1 47 30 205.94 0.0762 687.0
1 47 34 80.80 0.0940 735.7
1 47 20 71.23 0.0745 84.5
1 47 30 135.86 0.0576 592.1
1 47 16 120.76 0.0607 162.3
1 47 14 59.32 0.1135 643.1
1 47 19 96.78 0.0951 168.6
1 47 29 45.66 0.1243 658.1
1 47 30 87.56 0.1016 691.0
1 47 27 47.47 0.1349 113.2
1 47 14 161.48 0.0613 647.8
1 47 26 46.80 0.1221 820.3
1 47 16 58.58 0.1067 707.0
1 47 21 97.77 0.0868 849.8
1 47 17 114.94 0.0555 37.1
1 47 13 49.84 0.1410 46.6
1 47 31 101.77 0.1219 755.3
1 47 13 56.39 0.1337 184.4
1 47 15 46.78 0.0648 602.7
1 47 20 83.58 0.0847 664.7
1 47 22 81.80 0.0495 524.4
1 47 13 96.40 0.1234 589.5
1 47 17 66.20 0.1383 818.7
1 47 19 57.25 0.1009 536.3
1 47 13 81.51 0.0800 677.7
1 47 25 58.98 0.0672 181.2
1 47 16 238.55 0.0636 465.7
1 47 24 137.16 0.0523 16.2
1 47 19 56.80 0.0932 609.6
1 47 22 231.07 0.0297 503.6
1 47 36 100.64 0.0709 50.1
1 47 37 77.09 0.0889 599.1
1 47 16 118.80 0.0842 369.3
1 48 37 99.03 0.0822 438.7
1 48 26 264.01 0.0495 143.4
1 48 35 152.14 0.0737 370.4
1 48 14 535.58 0.1181 460.6
1 48 41 375.88 0.0704 356.3
1 48 37 120.89 0.1088 536.9
1 48 14 87.92 0.1497 897.0
1 48 23 163.40 0.0580 449.2
1 48 40 177.59 0.0807 456.0
1 48 26 201.84 0.0666 405.0
1 48 27 65.21 0.1052 473.9
1 48 20 65.69 0.1137 521.7
1 48 29 133.05 0.0885 306.8
1 48 31 142.07 0.0896 463.4
1 48 19 135.10 0.0748 662.4
1 48 32 78.35 0.0978 559.3
1 48 39 298.54 0.0677 580.0
1 48 37 119.33 0.0927 491.8
1 48 39 117.01 0.0904 212.2
1 48 23 55.25 0.1388 48.7
1 48 21 371.01 0.0417 378.2
1 48 18 119.12 0.0627 941.7
1 48 27 55.25 0.1567 534.4
1 48 25 133.08 0.0852 446.5
1 48 20 74.99 0.1253 352.8
1 48 16 84.34 0.0641 484.9
1 48 22 94.96 0.0799 484.0
1 48 21 90.03 0.1159 500.7
1 48 17 193.01 0.0760 48.8
1 48 36 55.51 0.1017 469.2
1 48 29 181.77 0.0631 208.8
1 48 23 75.85 0.1031 516.4
1 48 18 113.91 0.1224 510.6
1 48 40 50.38 0.1011 514.1
1 48 24 122.61 0.1132 474.3
1 48 32 125.05 0.1167 422.7
1 48 30 85.23 0.0561 852.1
1 48 31 59.25 0.0764 130.5
1 48 26 223.50 0.0460 180.3
1 48 17 56.53 0.0738 253.7
1 48 35 123.74 0.0687 140.9
1 48 35 180.21 0.0786 384.6
1 48 25 79.45 0.0716 185.5
1 48 34 163.13 0.0884 531.3
1 48 34 308.20 0.0595 64.5
1 48 30 56.68 0.1223 503.0
1 48 40 135.36 0.0612 590.9
1 48 41 102.82 0.0670 534.1
1 48 17 57.25 0.1282 144.4
1 48 29 80.33 0.0754 60.0
1 48 17 117.79 0.0808 503.4
1 48 18 62.20 0.1055 595.3
1 48 39 56.73 0.1094 541.5
1 48 30 142.02 0.0765 946.8
1 48 35 48.18 0.1192 557.0
1 48 36 116.94 0.0925 487.2
1 48 16 63.54 0.1587 114.2
1 48 21 72.07 0.0675 620.7
1 48 37 164.86 0.0562 523.0
1 48 30 150.71 0.0778 123.2
1 48 34 125.67 0.0893 417.4
1 48 34 620.13 0.0615 568.5
1 48 16 96.20 0.0910 959.6
1 48 26 78.99 0.0934 848.1
1 48 21 720.34 0.0500 144.7
1 48 15 122.30 0.0528 510.2
1 48 14 103.82 0.0354 17.6
1 48 37 164.54 0.0754 16.6
1 48 16 177.70 0.0408 29.3
1 48 22 168.00 0.0674 852.0
1 48 19 79.57 0.0583 321.4
1 48 34 74.93 0.1051 573.1
1 48 15 68.72 0.0381 18.6
1 48 31 89.04 0.0938 530.3
1 48 43 142.46 0.0903 213.0
1 48 39 117.05 0.0917 273.2
1 48 40 82.08 0.0877 446.8
1 48 37 60.93 0.1279 645.5
1 48 31 47.06 0.1151 402.0
1 48 14 111.49 0.0627 627.3
1 48 21 46.79 0.0604 350.5
1 48 20 62.61 0.0453 467.1
1 48 16 61.73 0.0904 210.6
1 48 17 91.87 0.1200 21.9
1 48 30 64.93 0.1068 455.4
1 48 17 282.26 0.0764 713.2
1 48 44 165.79 0.0673 508.4
1 48 25 48.84 0.1122 440.3
1 48 24 291.37 0.0770 4.4
1 48 23 190.59 0.0603 75.6
1 48 16 58.46 0.0756 318.0
1 48 33 60.80 0.1100 488.4
1 48 15 61.10 0.0679 817.3
1 48 17 138.57 0.0491 50.6
1 48 16 172.02 0.0859 480.2
1 48 28 70.45 0.0763 380.2
1 48 28 184.59 0.0693 498.7
1 48 35 148.92 0.0840 186.5
1 48 25 107.31 0.0754 198.1
1 48 16 167.78 0.0467 940.6
1 48 16 56.79 0.1141 401.2
1 48 37 200.45 0.0796 180.1
1 48 32 52.81 0.1192 426.6
1 48 23 121.61 0.0789 409.6
1 48 31 60.74 0.0874 380.8
1 48 31 93.73 0.0975 26.5
1 48 19 74.37 0.0667 57.9
1 48 21 70.08 0.0956 629.4
1 48 39 202.98 0.0884 522.6
1 48 39 88.56 0.0718 273.0
1 48 29 177.40 0.0504 73.6
1 48 35 116.80 0.0992 414.4
1 48 22 101.73 0.0651 422.3
1 48 37 94.11 0.0826 400.6
1 48 35 114.77 0.0957 548.2
1 48 42 87.53 0.0897 99.4
1 48 44 146.50 0.0598 368.0
1 48 21 120.18 0.0563 170.4
1 48 23 162.03 0.0478 418.6
1 48 21 89.77 0.0657 928.2
1 48 32 81.90 0.0594 551.4
1 48 43 152.81 0.0742 50.6
1 48 37 166.68 0.0777 649.0
1 48 34 128.50 0.0742 916.0
1 48 39 51.55 0.1140 519.6
1 48 19 211.47 0.0410 931.3
1 48 19 45.23 0.0858 489.8
1 48 26 64.17 0.1201 59.0
1 48 22 93.97 0.1001 933.0
1 48 32 47.54 0.1363 304.4
1 48 26 97.04 0.0710 269.7
1 48 27 107.56 0.0834 304.7
1 48 23 208.14 0.0533 405.9
1 48 43 63.40 0.0995 302.0
1 48 41 61.32 0.1069 444.4
1 48 42 596.23 0.0531 680.5
1 48 24 55.08 0.1388 625.3
1 48 41 128.97 0.0850 583.1
1 48 32 91.12 0.0942 486.6
1 48 29 81.75 0.0570 72.2
1 48 40 103.80 0.0779 535.5
1 48 13 174.01 0.0687 226.3
1 48 25 145.12 0.0541 791.5
1 48 42 114.95 0.1164 351.6
1 48 25 100.60 0.0670 63.5
1 48 20 135.09 0.1163 922.1
1 48 43 107.51 0.0623 254.1
1 48 34 114.28 0.0894 387.8
1 48 41 53.79 0.1019 375.8
1 48 40 168.08 0.0776 649.7
1 48 40 91.55 0.1028 503.1
1 48 33 245.77 0.0626 383.1
1 48 32 150.80 0.0682 391.3
1 48 37 268.81 0.0563 495.0
1 48 18 132.58 0.0458 43.5
1 48 20 65.96 0.1159 389.3
1 48 18 237.45 0.0551 813.3
1 48 20 418.17 0.0371 930.8
1 48 38 227.44 0.0561 444.1
1 48 31 63.23 0.1269 51.0
1 48 31 116.76 0.0935 382.5
1 48 20 53.05 0.0866 586.9
1 48 13 103.08 0.1091 247.0
1 48 22 62.85 0.1117 468.8
1 48 38 70.16 0.0910 566.4
1 48 22 113.13 0.0858 193.0
1 48 27 61.61 0.1366 455.3
1 48 16 142.10 0.0546 814.3
1 48 20 197.54 0.0736 323.0
1 48 20 82.21 0.1022 348.9
1 48 29 138.50 0.0920 533.1
1 48 20 188.20 0.0983 795.3
1 48 40 163.73 0.0643 169.8
1 48 30 279.04 0.0910 555.8
1 48 20 80.99 0.1161 227.8
1 48 22 85.21 0.0762 929.1
1 48 16 126.12 0.0956 396.2
1 48 27 87.13 0.0677 469.8
1 48 34 275.16 0.0573 115.1
1 48 38 86.74 0.0872 639.2
1 48 18 53.58 0.0973 461.2
1 48 43 196.01 0.0819 506.3
1 48 36 62.33 0.1040 513.0
1 48 37 137.16 0.0650 165.3
1 48 32 272.77 0.0570 489.1
1 48 32 145.15 0.0645 366.7
1 48 14 254.01 0.0694 567.3
1 48 22 121.40 0.0842 509.6
1 48 27 66.79 0.1262 320.7
1 48 20 201.70 0.0539 565.7
1 48 28 103.84 0.0714 375.7
1 48 22 56.99 0.1180 230.4
1 48 39 221.40 0.0723 916.3
1 48 25 278.41 0.0939 82.4
1 48 18 78.49 0.0551 451.7
1 48 37 82.65 0.1043 240.6
1 48 16 245.47 0.0497 305.0
1 48 35 59.66 0.0830 110.4
1 48 16 60.70 0.0486 342.4
1 48 33 158.83 0.0488 131.8
1 48 26 110.25 0.0910 484.0
1 48 26 158.54 0.0832 246.0
1 48 37 269.99 0.0667 531.5
1 48 34 142.16 0.0939 60.3
1 48 25 52.66 0.1239 901.2
1 48 32 188.08 0.0657 219.1
1 48 41 59.30 0.0863 506.7
1 48 15 121.77 0.0701 29.4
1 48 20 108.69 0.0511 233.4
1 48 18 163.29 0.0446 236.5
1 48 35 93.31 0.0895 352.5
1 48 17 441.88 0.0916 44.2
1 48 15 398.53 0.0393 552.0
1 48 20 54.67 0.1041 809.6
1 48 20 52.24 0.1039 69.6
1 48 23 47.38 0.0665 182.3
1 48 32 134.57 0.0683 484.4
1 48 41 89.53 0.0900 90.1
1 48 19 95.09 0.0832 461.4
1 48 38 109.64 0.0804 232.5
1 48 42 120.85 0.0723 452.4
1 48 39 199.53 0.0594 745.5
1 48 37 77.62 0.1031 227.8
1 48 23 119.85 0.0590 425.9
1 48 39 93.05 0.1104 320.9
1 48 21 45.89 0.0967 144.5
1 48 39 223.72 0.0832 495.7
1 48 17 63.27 0.1034 944.0
1 48 20 216.19 0.0491 411.5
1 48 31 115.65 0.0761 41.4
1 48 28 140.19 0.0650 185.8
1 48 29 192.81 0.0510 209.8
1 48 17 45.39 0.1455 365.0
1 48 28 159.16 0.0892 486.8
1 48 29 333.31 0.0891 193.0
1 48 27 91.17 0.1150 608.4
1 48 16 314.58 0.0456 25.5
1 48 32 295.70 0.0776 562.5
1 48 21 48.59 0.1312 457.9
1 48 16 377.40 0.0638 71.2
1 48 18 94.18 0.0630 850.3
1 48 30 56.29 0.1009 514.5
1 48 17 133.20 0.0297 351.8
1 48 15 118.35 0.0525 343.4
1 48 26 49.11 0.1033 402.7
1 48 34 308.36 0.0804 188.9
1 48 14 61.16 0.1102 482.6
1 48 14 48.25 0.0751 510.7
1 48 19 46.20 0.1482 61.6
1 48 16 126.53 0.0509 392.1
1 48 15 130.47 0.0672 11.6
1 48 13 464.31 0.0470 23.7
1 48 13 52.09 0.0737 234.8
1 48 20 167.39 0.0714 195.0
1 48 22 52.43 0.0791 475.8
1 48 20 74.04 0.0483 203.1
1 48 17 180.87 0.0518 405.4
1 48 39 124.79 0.1021 544.6
1 48 40 67.85 0.1006 141.0
1 48 14 45.38 0.1666 247.8
1 48 17 145.53 0.0856 540.5
1 48 23 64.42 0.1061 951.9
1 48 13 56.49 0.0416 86.0
1 48 18 103.52 0.0373 404.7
1 48 16 117.30 0.0573 116.5
1 48 41 52.22 0.1240 370.1
1 49 20 84.82 0.0933 223.9
1 49 26 47.00 0.1401 878.5
1 49 15 98.90 0.0727 773.9
1 49 19 147.71 0.0743 877.1
1 49 22 186.17 0.0836 802.0
1 49 20 167.22 0.0793 357.6
1 49 20 199.23 0.0519 885.6
1 49 35 81.23 0.0977 706.5
1 49 30 351.61 0.0551 435.8
1 49 22 140.34 0.0653 926.4
1 49 32 141.34 0.0617 777.3
1 49 21 77.12 0.0833 539.5
1 49 16 310.65 0.0471 231.1
1 49 20 208.76 0.0649 676.5
1 49 26 197.12 0.0787 856.6
1 49 44 117.51 0.0914 162.6
1 49 24 102.62 0.0756 369.1
1 49 30 107.95 0.0905 864.6
1 49 29 214.48 0.0557 539.0
1 49 42 99.32 0.0816 906.5
1 49 23 94.98 0.0602 241.9
1 49 33 67.86 0.0974 163.0
1 49 17 178.29 0.0832 826.8
1 49 24 57.43 0.1227 74.1
1 49 27 57.02 0.1388 605.7
1 49 15 68.17 0.0743 245.0
1 49 24 199.71 0.0512 436.6
1 49 20 398.70 0.0526 580.3
1 49 29 55.23 0.1212 168.6
1 49 17 90.08 0.0713 342.8
1 49 36 62.14 0.0951 114.2
1 49 27 71.36 0.1342 392.6
1 49 26 95.87 0.0797 395.0
1 49 27 84.93 0.0910 896.0
1 49 20 87.03 0.0777 195.6
1 49 28 79.19 0.0981 676.2
1 49 27 91.20 0.0625 667.0
1 49 27 58.00 0.0670 945.1
1 49 14 46.95 0.1127 135.7
1 49 32 89.96 0.0727 762.8
1 49 33 467.06 0.0481 820.1
1 49 31 105.93 0.0868 621.8
1 49 34 109.26 0.0978 910.4
1 49 33 117.08 0.0686 858.4
1 49 41 58.98 0.1042 449.2
1 49 36 177.95 0.0634 90.1
1 49 36 77.11 0.0936 188.0
1 49 42 54.00 0.0974 277.8
1 49 27 93.81 0.1029 522.9
1 49 40 80.08 0.0869 465.2
1 49 30 250.65 0.0746 417.0
1 49 31 157.08 0.0622 166.5
1 49 23 142.36 0.0525 647.7
1 49 27 82.99 0.1223 207.4
1 49 24 100.94 0.0957 273.3
1 49 33 177.93 0.0757 154.3
1 49 20 69.24 0.0705 577.9
1 49 21 168.36 0.0497 436.9
1 49 20 130.22 0.0678 686.3
1 49 18 75.07 0.0533 189.7
1 49 13 53.45 0.0449 426.6
1 49 24 108.12 0.1012 307.5
1 49 30 97.02 0.1049 910.8
1 49 26 225.84 0.0514 816.3
1 49 16 60.12 0.0326 49.2
1 49 27 118.12 0.0538 824.4
1 49 27 144.06 0.0709 931.7
1 49 24 164.79 0.0586 717.6
1 49 34 147.19 0.0578 921.2
1 49 13 80.84 0.1082 913.0
1 49 36 101.60 0.0989 943.3
1 49 25 60.72 0.0653 169.4
1 49 31 61.86 0.1008 904.2
1 49 17 74.79 0.0519 137.7
1 49 21 54.48 0.0878 207.6
1 49 32 88.88 0.0894 26.9
1 49 15 48.72 0.0434 727.8
1 49 29 141.49 0.0683 579.2
1 49 17 70.92 0.0310 391.4
1 49 20 55.38 0.1027 117.1
1 49 22 138.45 0.0404 251.9
1 49 35 77.38 0.0944 53.4
1 49 23 66.06 0.0972 276.8
1 49 19 58.03 0.0855 540.5
1 49 22 63.83 0.0941 39.4
1 49 17 122.51 0.0969 891.5
1 49 19 241.43 0.0511 41.6
1 49 28 103.23 0.0678 810.4
1 49 25 106.76 0.0715 12.0
1 49 17 84.93 0.0310 436.5
1 49 38 147.27 0.0643 388.0
1 49 22 106.57 0.0610 948.5
1 49 35 111.47 0.1007 543.0
1 49 14 46.41 0.1203 953.3
1 49 14 70.03 0.1208 910.8
1 49 23 78.94 0.0578 483.3
1 49 22 52.32 0.1295 535.4
1 49 25 139.54 0.0466 173.0
1 49 36 159.08 0.0599 282.1
1 49 26 169.59 0.0843 690.2
1 49 39 119.11 0.0703 608.9
1 49 43 178.37 0.0655 118.6
1 49 29 136.57 0.0953 947.6
1 49 13 79.74 0.0883 605.4
1 49 30 81.87 0.1241 872.6
1 49 40 228.67 0.0593 26.3
1 49 22 120.09 0.0478 653.0
1 49 29 100.01 0.1009 395.2
1 49 21 56.49 0.0834 526.3
1 49 36 87.18 0.0680 245.8
1 49 16 50.19 0.0885 573.2
1 49 18 60.75 0.0893 813.7
1 49 23 125.99 0.0672 744.8
1 49 19 60.15 0.0402 604.5
1 49 15 142.82 0.0489 636.3
1 49 19 72.03 0.0472 360.6
1 49 38 312.11 0.0665 878.7
1 49 40 76.16 0.0932 563.3
1 49 35 232.13 0.0681 338.8
1 49 40 81.19 0.0901 317.3
1 49 16 362.64 0.1068 818.8
1 49 38 63.85 0.1087 206.0
1 49 27 76.24 0.0881 291.5
1 49 38 270.34 0.0490 801.3
1 49 33 340.91 0.0539 301.1
1 49 18 110.58 0.0798 112.3
1 49 25 131.53 0.0712 277.5
1 49 25 106.65 0.0656 96.8
1 49 28 162.09 0.0600 89.3
1 49 38 189.88 0.0746 742.3
1 49 32 77.17 0.0920 132.0
1 49 14 432.74 0.1513 254.0
1 49 30 46.43 0.1522 658.0
1 49 22 325.26 0.0490 571.8
1 49 26 154.02 0.0707 353.5
1 49 38 60.81 0.1241 256.8
1 49 36 60.07 0.0961 133.6
1 49 28 118.17 0.0871 384.4
1 49 38 81.22 0.1044 281.0
1 49 27 157.89 0.0939 806.2
1 49 31 234.19 0.0624 894.5
1 49 34 95.30 0.0993 923.6
1 49 24 93.24 0.0521 410.5
1 49 23 133.45 0.0692 879.0
1 49 16 146.25 0.0401 36.6
1 49 14 68.19 0.1050 809.4
1 49 25 74.06 0.0982 508.7
1 49 35 72.88 0.1052 396.4
1 49 39 135.40 0.0635 868.3
1 49 32 79.77 0.1147 894.0
1 49 26 77.20 0.1070 778.1
1 49 24 355.22 0.0607 196.1
1 49 34 157.96 0.0691 524.1
1 49 31 71.19 0.1119 135.3
1 49 36 162.39 0.0737 533.9
1 49 31 93.20 0.0671 905.9
1 49 28 101.98 0.0799 861.6
1 49 39 112.50 0.1000 669.8
1 49 24 125.43 0.0887 394.6
1 49 22 77.49 0.1100 780.8
1 49 35 138.20 0.0750 891.4
1 49 14 55.87 0.1152 464.1
1 49 21 84.24 0.1068 578.0
1 49 26 53.40 0.1204 104.8
1 49 28 162.00 0.0970 708.6
1 49 35 65.66 0.0928 564.9
1 49 26 78.58 0.1090 145.9
1 49 40 105.99 0.0856 212.0
1 49 34 99.29 0.0915 935.3
1 49 29 170.52 0.0724 779.4
1 49 32 258.09 0.0766 24.0
1 49 24 89.85 0.0723 529.2
1 49 21 53.64 0.0683 171.4
1 49 18 46.69 0.0419 842.2
1 49 28 50.03 0.1305 748.6
1 49 22 83.73 0.0730 743.3
1 49 19 201.50 0.1136 725.2
1 49 21 86.32 0.0904 917.2
1 49 31 178.58 0.0730 767.2
1 49 36 133.53 0.0735 565.4
1 49 30 103.13 0.0997 839.1
1 49 36 67.49 0.1241 871.1
1 49 19 231.41 0.0437 755.2
1 49 18 464.54 0.0656 169.6
1 49 18 60.08 0.0483 867.9
1 49 36 70.62 0.1108 437.3
1 49 35 86.14 0.1217 698.1
1 49 33 134.98 0.0510 75.8
1 49 31 525.05 0.0797 482.4
1 49 38 79.79 0.0702 807.3
1 49 29 65.03 0.1106 532.5
1 49 37 94.79 0.1067 574.0
1 49 30 106.31 0.0837 82.9
1 49 34 92.33 0.0855 313.5
1 49 30 46.18 0.0905 344.3
1 49 20 63.88 0.1183 919.3
1 49 19 116.65 0.0589 258.6
1 49 32 51.13 0.1410 773.6
1 49 41 188.45 0.0571 773.1
1 49 32 102.34 0.0657 281.0
1 49 38 95.01 0.0723 315.8
1 49 21 98.34 0.0638 182.5
1 49 40 389.73 0.0615 903.7
1 49 37 253.35 0.0756 777.0
1 49 35 147.28 0.0564 451.2
1 49 26 55.87 0.1085 263.6
1 49 31 117.67 0.0869 636.7
1 49 33 99.22 0.1071 528.9
1 49 31 79.03 0.1315 946.4
1 49 38 50.93 0.1238 890.5
1 49 19 117.56 0.0598 139.5
1 49 42 74.31 0.0804 857.4
1 49 36 83.48 0.0904 754.3
1 49 42 103.12 0.0805 187.4
1 49 25 99.90 0.0628 67.5
1 49 31 182.58 0.0510 210.1
1 49 33 55.07 0.1104 845.0
1 49 39 149.56 0.0908 365.7
1 49 24 54.30 0.0766 900.5
1 49 33 79.47 0.0995 742.2
1 49 32 274.08 0.0543 109.7
1 49 35 175.68 0.0637 182.3
1 49 40 63.68 0.1161 678.8
1 49 20 104.24 0.0522 446.5
1 49 46 54.22 0.1086 402.1
1 49 16 78.01 0.1187 265.6
1 49 15 48.34 0.1114 789.2
1 49 29 50.33 0.1010 820.8
1 49 35 103.27 0.0754 815.6
1 49 42 183.23 0.0663 492.0
1 49 15 52.24 0.1370 251.0
1 49 27 75.81 0.0750 326.5
1 49 15 108.68 0.0818 31.3
1 49 41 237.14 0.0621 135.5
1 49 43 133.71 0.0629 124.0
1 49 36 121.28 0.0760 937.5
1 49 26 153.92 0.0563 97.1
1 49 30 113.79 0.0839 73.6
1 49 25 140.50 0.0497 419.0
1 49 38 90.27 0.0883 369.4
1 49 18 163.97 0.0577 299.4
1 49 18 133.35 0.0904 372.8
1 49 31 168.29 0.0701 172.4
1 49 43 99.32 0.0842 433.3
1 49 27 166.76 0.0637 255.6
1 49 26 234.87 0.0686 328.7
1 49 34 77.34 0.0885 272.8
1 49 40 147.90 0.0852 657.0
1 49 16 54.50 0.1466 48.0
1 49 14 203.40 0.1339 794.5
1 49 21 84.95 0.0578 212.3
1 49 34 91.22 0.0855 149.8
1 49 34 97.40 0.0880 214.9
1 49 37 96.79 0.0878 807.9
1 49 37 91.90 0.0868 85.0
1 49 16 118.12 0.0570 183.5
1 49 21 61.70 0.1041 84.3
1 49 15 202.35 0.0885 43.0
1 49 32 123.78 0.0910 476.0
1 49 30 51.64 0.0893 914.4
1 49 28 57.92 0.0954 435.8
1 49 41 64.27 0.0901 920.1
1 49 14 508.18 0.0330 357.8
1 49 33 116.25 0.0642 477.1
1 49 33 55.78 0.1000 442.7
1 49 20 73.44 0.1084 621.5
1 49 34 250.74 0.0684 620.8
1 49 29 209.32 0.0495 790.4
1 49 38 470.56 0.0633 775.6
1 49 23 81.22 0.0793 28.4
1 49 41 140.79 0.0665 576.4
1 49 35 152.03 0.0907 904.8
1 49 31 257.80 0.0796 382.4
1 49 37 81.67 0.0968 549.2
1 49 27 96.90 0.1044 696.6
1 49 21 51.07 0.0961 596.3
1 49 33 385.69 0.0702 340.7
1 49 27 215.63 0.0571 769.7
1 49 23 124.04 0.0509 448.3
1 49 22 89.26 0.0440 322.1
1 49 32 196.57 0.0863 188.1
1 49 32 64.10 0.0745 785.5
1 49 26 117.33 0.0709 599.9
1 49 23 89.03 0.0465 756.1
1 49 24 65.28 0.1079 929.8
1 49 21 120.61 0.0443 782.0
1 49 37 154.05 0.0767 762.3
1 49 20 49.69 0.1196 899.8
1 49 36 100.90 0.0930 333.0
1 49 33 96.27 0.0743 859.5
1 49 40 118.39 0.0734 513.0
1 49 19 1052.29 0.0938 752.6
1 49 25 65.08 0.0627 591.8
1 49 33 46.05 0.1299 516.6
1 49 38 107.50 0.0793 352.3
1 49 30 143.30 0.0711 600.3
1 49 34 59.21 0.0973 334.0
1 49 40 90.49 0.0757 914.5
1 49 18 1171.74 0.1526 382.8
1 49 16 179.50 0.0766 729.3
1 49 30 57.84 0.1193 306.1
1 49 37 69.25 0.0984 492.6
1 49 17 180.74 0.0720 363.2
1 49 19 61.44 0.0970 958.0
1 49 42 75.57 0.0674 927.8
1 49 38 56.74 0.0908 196.6
1 49 24 73.19 0.0731 123.7
1 49 36 148.02 0.0789 700.8
1 49 19 58.99 0.1554 183.5
1 49 38 184.89 0.0895 739.5
1 49 18 83.04 0.0463 570.8
1 49 24 94.37 0.0371 252.7
1 49 40 177.56 0.0701 757.9
1 49 19 70.58 0.0812 750.4
1 49 30 158.92 0.0994 828.3
1 49 18 192.78 0.0420 719.7
1 49 29 55.76 0.1105 754.6
1 49 17 111.87 0.0419 760.5
1 49 34 93.30 0.0928 856.0
1 49 28 45.05 0.1125 526.6
1 49 22 252.99 0.0809 531.4
1 49 14 258.23 0.1419 253.7
1 49 38 139.90 0.0650 863.2
1 49 47 3217.47 0.0971 293.7
1 49 42 105.96 0.0938 710.9
1 49 30 180.25 0.0668 28.0
1 49 43 70.89 0.1079 474.5
1 49 44 62.49 0.1105 486.8
1 49 31 104.88 0.0661 217.4
1 49 20 288.62 0.0561 835.1
1 49 39 132.24 0.0671 620.3
1 49 27 161.80 0.0586 254.5
1 49 43 154.43 0.0954 468.0
1 49 20 78.43 0.1356 281.8
1 49 41 123.54 0.0696 825.5
1 49 42 56.10 0.0965 883.1
1 49 27 130.11 0.0887 389.7
1 49 14 56.32 0.0708 221.2
1 49 24 112.69 0.0807 915.8
1 49 27 117.87 0.0745 228.9
1 49 28 50.55 0.0772 287.0
1 49 20 133.61 0.0557 504.2
1 49 28 237.79 0.0687 937.4
1 49 29 170.56 0.0847 930.9
1 49 35 162.34 0.0627 579.4
1 49 23 162.40 0.0596 920.5
1 49 30 70.54 0.0809 344.1
1 49 35 86.58 0.1007 202.3
1 49 29 77.57 0.0911 117.3
1 49 18 217.71 0.0536 787.1
1 49 17 121.52 0.0806 915.4
1 49 16 230.12 0.0524 576.8
1 49 41 90.81 0.0810 674.8
1 49 28 69.49 0.0889 743.9
1 49 20 306.22 0.0441 745.6
1 49 13 135.97 0.0573 545.2
1 49 28 83.77 0.1044 862.3
1 49 19 527.69 0.0413 176.3
1 49 21 72.29 0.0778 375.2
1 49 23 149.13 0.0678 952.2
1 49 28 283.43 0.0584 346.2
1 49 29 82.47 0.1083 634.5
1 49 23 79.45 0.0717 422.7
1 49 28 93.73 0.1046 726.7
1 49 20 208.06 0.0832 472.0
1 49 30 72.75 0.1232 269.0
1 49 22 129.04 0.0833 495.5
1 49 19 204.76 0.0672 621.0
1 49 22 76.16 0.1196 742.6
1 49 13 127.12 0.0799 388.4
1 49 23 56.64 0.1059 202.1
1 49 29 57.22 0.1148 633.8
1 49 21 60.41 0.0915 646.0
1 49 23 200.19 0.0948 308.4
1 49 14 171.21 0.1060 461.6
1 49 24 45.90 0.0997 871.6
1 49 13 50.11 0.1317 165.8
1 49 20 127.50 0.1248 213.1
1 49 17 219.94 0.0812 688.2
1 49 14 173.39 0.1539 181.2
1 49 27 138.81 0.0685 630.7
1 49 13 64.35 0.0550 172.4
1 49 17 72.15 0.0486 231.4
1 49 13 82.01 0.0612 333.4
1 49 15 73.48 0.0585 573.0
1 49 17 71.25 0.1142 212.7
1 49 17 46.44 0.0281 516.1
1 49 13 105.40 0.0793 914.4
1 49 18 95.69 0.0414 491.0
1 49 17 68.63 0.0837 165.5
1 49 13 55.96 0.0408 685.8
1 49 22 88.21 0.0860 247.3
1 49 22 80.55 0.1264 452.9
1 49 22 239.43 0.0515 682.5
1 49 28 62.98 0.1163 504.0
1 49 16 196.50 0.1243 896.2
1 49 21 87.12 0.1173 124.3
1 49 14 47.12 0.1858 817.3
1 49 18 78.37 0.0590 777.3
1 49 34 83.10 0.1258 733.0
1 49 24 74.55 0.0662 114.9
1 49 24 45.56 0.1410 192.0
1 49 18 47.23 0.1255 618.0
1 49 16 151.76 0.0590 84.3
1 49 31 45.56 0.1001 699.8
1 49 41 129.98 0.0823 682.6
1 49 18 67.95 0.0740 809.9
1 49 33 97.69 0.0902 417.1
1 49 36 66.62 0.0799 190.3
1 49 28 81.03 0.0937 923.4
1 49 16 62.63 0.0334 598.6
1 49 18 48.66 0.0834 748.4
1 49 16 95.34 0.0523 396.6
1 49 36 87.38 0.0733 428.1
1 49 18 55.46 0.1507 260.9
1 49 16 113.09 0.1104 750.3
1 49 16 116.73 0.0369 428.9
1 49 18 60.49 0.1317 566.4
1 49 31 53.82 0.1130 498.8
1 49 16 105.87 0.0913 743.2
1 49 25 54.88 0.0604 773.0
1 49 35 59.82 0.1034 162.2
1 49 22 53.26 0.0990 595.2
1 49 31 144.41 0.0656 615.2
1 49 32 116.93 0.0761 860.2
1 49 38 148.76 0.0536 876.7
1 49 27 48.44 0.1218 266.8
1 49 40 110.94 0.1023 92.4
1 49 26 134.06 0.0544 84.8
1 49 34 93.62 0.0690 936.0
1 49 41 210.46 0.0669 624.1
1 49 14 83.57 0.0645 590.3
1 49 22 57.72 0.0767 125.4
1 49 18 47.46 0.1150 432.1
1 49 28 132.22 0.1009 596.3
1 49 22 405.22 0.0797 334.9
1 49 17 124.00 0.0648 133.9
1 49 21 63.55 0.0645 837.0
1 49 17 48.41 0.1229 457.1
1 49 40 81.94 0.0698 557.8
1 49 22 148.12 0.0320 81.7
1 49 41 62.95 0.0758 415.4
1 49 40 73.07 0.0735 447.8
1 49 25 121.49 0.0649 524.3
1 49 17 293.47 0.0561 821.0
