# side(0=real,1=sim) event ncl R_cm rms_cm medtb
0 7 16 460.56 0.0270 785.1
0 7 27 126.72 0.0346 937.3
0 7 23 54.52 0.0590 815.6
0 7 39 152.33 0.0754 690.3
0 7 20 132.29 0.0377 25.7
0 7 22 130.03 0.0894 787.0
0 7 16 88.85 0.0379 286.3
0 7 41 112.86 0.0537 724.5
0 7 19 143.40 0.0396 735.7
0 7 31 95.48 0.0603 193.4
0 7 35 92.01 0.0464 396.5
0 7 31 74.67 0.0908 410.9
0 7 38 1121.51 0.0479 717.7
0 7 18 90.80 0.0278 305.8
0 7 17 107.31 0.0481 530.9
0 7 17 55.52 0.1421 698.7
0 7 35 130.67 0.0646 165.3
0 7 20 172.49 0.0283 791.1
0 7 15 49.27 0.1012 652.0
0 7 29 60.04 0.0866 776.0
0 7 43 111.59 0.0648 402.8
0 7 25 93.27 0.0846 551.4
0 7 16 53.12 0.0994 525.3
0 7 33 95.11 0.0805 338.6
0 7 33 61.44 0.0883 738.4
0 7 39 221.31 0.0461 713.5
0 7 36 66.03 0.0507 609.1
0 7 31 80.62 0.0679 214.3
0 7 33 86.01 0.0640 613.8
0 7 24 45.20 0.1213 914.7
0 7 21 56.01 0.1063 918.6
0 7 46 308.46 0.0756 411.6
0 7 32 52.20 0.1239 411.2
0 7 26 83.42 0.0474 475.8
0 7 17 110.37 0.0201 66.1
0 7 17 552.15 0.0270 732.3
0 7 28 105.35 0.0525 118.6
0 7 35 267.32 0.0400 408.0
0 7 16 64.89 0.0530 771.6
0 7 27 97.49 0.0558 788.3
0 7 33 48.12 0.1097 209.9
0 7 34 51.10 0.1059 682.8
0 7 43 61.18 0.1044 451.7
0 7 38 91.13 0.0669 735.0
0 7 33 207.75 0.0511 180.8
0 7 43 299.94 0.0642 694.3
0 7 21 168.15 0.0717 265.2
0 7 18 72.78 0.1068 903.8
0 7 27 74.37 0.1083 233.7
0 7 28 62.75 0.0421 691.9
0 7 22 67.76 0.0789 864.9
0 7 17 101.94 0.0866 246.3
0 7 17 63.10 0.1508 717.7
0 7 25 75.90 0.0541 411.1
0 7 43 97.72 0.0718 465.6
0 7 19 85.28 0.0611 257.8
0 7 32 146.14 0.0508 938.8
0 7 20 52.14 0.0765 212.2
0 7 18 47.05 0.0595 744.5
0 7 20 80.75 0.0434 596.8
0 7 22 90.48 0.0610 692.0
0 7 30 117.75 0.0596 442.3
0 7 24 92.02 0.0900 593.8
0 7 32 81.43 0.0850 370.9
0 7 34 56.32 0.1066 900.6
0 7 17 56.13 0.1210 683.8
0 7 39 546.60 0.0675 731.1
0 7 20 94.49 0.1076 800.5
0 7 16 403.35 0.0985 846.9
0 7 43 106.59 0.0353 145.5
0 7 35 74.50 0.0941 773.8
0 7 39 81.34 0.0674 726.8
0 7 34 115.98 0.0635 422.9
0 7 45 110.08 0.0456 854.2
0 7 32 171.32 0.0452 400.6
0 7 22 308.10 0.0420 911.9
0 7 21 69.36 0.1098 715.9
0 7 25 51.12 0.0547 798.7
0 7 33 859.34 0.0557 742.8
0 7 35 85.36 0.0843 728.8
0 7 24 79.26 0.0677 722.7
0 7 30 414.15 0.0636 454.9
0 7 36 127.79 0.0646 850.1
0 7 20 87.31 0.0493 625.8
0 7 21 201.32 0.0397 619.0
0 7 24 81.27 0.0996 718.3
0 7 22 129.25 0.0488 775.6
0 7 43 116.27 0.0690 755.9
0 7 36 145.70 0.0639 701.5
0 7 15 51.82 0.0638 179.9
0 7 39 67.69 0.0835 312.6
0 7 26 48.55 0.1282 181.9
0 7 13 62.74 0.0339 737.2
0 7 29 63.44 0.0776 117.3
0 7 27 94.78 0.0594 350.8
0 7 42 146.13 0.0583 451.9
0 7 14 555.83 0.1281 37.7
0 7 36 46.60 0.0772 116.3
0 7 23 910.52 0.1201 319.8
0 7 32 64.28 0.0582 761.8
0 7 14 123.83 0.0844 427.3
0 7 22 198.31 0.0905 910.9
0 7 43 120.89 0.0377 501.9
0 7 43 341.89 0.0512 726.5
0 7 30 109.01 0.0393 664.9
0 7 28 181.81 0.0547 770.3
0 7 14 54.84 0.0980 301.3
0 7 21 78.79 0.0463 163.4
0 7 33 59.40 0.0872 394.2
0 7 30 133.77 0.0626 750.6
0 7 34 258.38 0.0551 766.7
0 7 29 185.61 0.0433 558.3
0 7 16 88.58 0.0705 320.3
0 7 24 119.73 0.0472 494.7
0 7 27 53.70 0.0918 184.4
0 7 32 89.20 0.0312 366.7
0 7 25 123.10 0.0520 762.4
0 7 36 62.82 0.0994 911.7
0 7 31 81.85 0.0476 416.0
0 7 39 53.38 0.1192 879.7
0 7 18 61.23 0.0360 574.1
0 7 25 63.89 0.0785 797.0
0 7 40 68.30 0.0715 397.3
0 7 37 91.67 0.0610 496.6
0 7 20 67.94 0.0332 832.7
0 7 28 50.78 0.0536 680.9
0 7 26 79.43 0.0794 862.8
0 7 26 52.08 0.1048 692.6
0 7 33 66.72 0.0664 701.3
0 7 37 48.93 0.0954 934.6
0 7 19 266.24 0.0294 600.6
0 7 24 50.11 0.0711 769.6
0 7 16 87.43 0.0341 644.1
0 7 25 65.14 0.0914 453.8
0 7 29 66.02 0.0770 155.0
0 7 24 136.92 0.0527 559.1
0 7 22 54.36 0.0717 651.7
0 7 28 52.10 0.0872 902.5
0 7 29 92.78 0.0293 708.8
0 7 35 80.22 0.0510 770.7
0 7 16 50.67 0.0386 596.2
0 7 29 45.38 0.0794 295.2
0 7 16 46.37 0.1701 654.3
0 7 29 57.20 0.1081 688.8
0 7 16 315.09 0.0145 252.4
0 7 36 119.46 0.0681 187.6
0 7 15 94.96 0.1392 259.3
0 7 16 325.40 0.0471 939.1
0 7 16 335.55 0.1031 891.6
0 7 36 207.19 0.0819 222.1
0 7 25 91.52 0.0492 726.3
0 7 24 97.53 0.0411 156.8
0 7 29 178.42 0.0531 473.0
0 7 19 106.38 0.0733 564.4
0 7 27 49.10 0.0865 649.1
0 7 26 117.94 0.0426 89.1
0 7 17 59.50 0.0343 821.2
0 7 18 62.86 0.0649 884.7
0 7 24 96.72 0.0342 737.2
0 7 13 45.28 0.1434 705.3
0 8 15 351.08 0.0314 123.5
0 8 16 84.18 0.0551 43.3
0 8 16 123.55 0.0843 507.8
0 8 25 260.75 0.0435 487.9
0 8 15 124.13 0.0282 927.7
0 8 13 64.21 0.0637 867.3
0 8 22 72.94 0.0677 331.3
0 8 26 73.44 0.0757 718.3
0 8 21 132.11 0.0664 656.7
0 8 15 400.95 0.1465 590.9
0 8 27 140.05 0.0630 275.7
0 8 25 78.28 0.0855 840.9
0 8 18 86.50 0.0841 25.4
0 8 16 65.61 0.0185 500.3
0 8 21 78.46 0.0708 621.4
0 8 44 114.48 0.0583 42.6
0 8 24 235.50 0.0471 29.7
0 8 13 164.75 0.0360 703.0
0 8 33 56.32 0.1214 35.7
0 8 31 67.19 0.0739 23.9
0 8 29 147.41 0.0363 889.3
0 8 15 69.45 0.0751 80.7
0 8 25 127.01 0.0453 574.8
0 8 15 621.65 0.0894 6.1
0 8 24 232.43 0.0389 33.3
0 8 16 53.00 0.1072 18.5
0 8 16 97.85 0.0903 167.6
0 8 14 94.66 0.1172 462.9
0 8 17 52.02 0.0995 612.3
0 8 15 80.01 0.1685 14.8
0 8 47 210.53 0.0313 767.1
0 8 20 64.70 0.0641 276.4
0 8 21 254.33 0.0410 817.6
0 8 16 162.12 0.0402 302.8
0 8 15 150.49 0.1322 603.7
0 8 19 66.52 0.1293 173.2
0 8 17 110.46 0.0216 16.6
0 8 16 153.96 0.0279 58.5
0 8 16 131.29 0.0510 395.6
0 8 16 242.07 0.0229 359.0
0 8 22 108.99 0.0489 37.7
0 8 14 772.88 0.0108 241.3
0 8 15 244.10 0.0432 210.3
0 8 16 56.49 0.0248 35.4
0 8 14 70.82 0.0962 57.6
0 8 34 154.40 0.0418 19.5
0 8 17 188.67 0.0258 35.1
0 8 16 206.00 0.0504 471.3
0 8 16 150.60 0.0201 217.2
0 8 16 71.03 0.1098 605.5
0 8 14 100.41 0.0523 642.9
0 8 16 334.25 0.1018 832.9
0 8 18 99.48 0.0554 27.2
0 8 15 151.35 0.0530 319.9
0 8 14 127.35 0.0236 755.4
0 8 14 53.34 0.0986 697.2
0 8 13 280.06 0.0838 470.0
0 8 16 87.19 0.0653 35.8
0 8 16 63.44 0.0551 747.4
0 9 26 185.91 0.0747 679.7
0 9 20 82.65 0.0570 736.2
0 9 25 52.02 0.0901 668.7
0 9 30 107.92 0.0783 348.6
0 9 41 105.84 0.0647 133.2
0 9 39 64.64 0.0804 479.9
0 9 15 167.04 0.0547 682.7
0 9 28 342.93 0.0350 496.7
0 9 14 62.64 0.0200 391.4
0 9 13 223.46 0.0918 613.3
0 9 13 178.56 0.0542 97.2
0 9 36 51.14 0.0872 616.6
0 9 35 66.49 0.0974 478.8
0 9 23 116.17 0.0354 438.1
0 9 27 69.05 0.0441 527.9
0 9 13 49.44 0.0442 602.2
0 9 25 129.53 0.0833 74.2
0 9 31 123.20 0.0510 700.0
0 9 16 92.20 0.0465 462.6
0 9 17 57.76 0.0148 791.6
0 9 16 49.77 0.0310 875.3
0 9 31 184.85 0.0355 683.4
0 9 16 68.91 0.0222 302.8
0 9 28 133.25 0.0352 65.9
0 9 33 66.20 0.1118 622.8
0 9 32 69.46 0.0786 901.1
0 9 13 49.18 0.0896 449.1
0 9 26 51.53 0.1187 686.0
0 9 33 121.92 0.0739 96.1
0 9 18 194.90 0.0450 239.0
0 9 15 176.69 0.0509 510.9
0 9 22 249.73 0.0678 440.6
0 9 14 302.51 0.0298 96.5
0 9 25 73.20 0.0555 356.0
0 9 18 67.32 0.0489 105.5
0 9 16 80.78 0.0262 189.4
0 9 16 118.04 0.0305 507.6
0 9 16 200.21 0.0532 937.9
0 9 17 52.67 0.0336 566.6
0 9 16 71.56 0.0602 651.1
0 9 20 128.51 0.0438 952.5
0 9 17 128.80 0.0559 293.5
0 9 14 74.18 0.0587 239.2
0 9 19 113.59 0.0193 794.0
0 9 30 139.98 0.0467 694.2
0 9 32 78.03 0.0643 911.3
0 9 33 97.05 0.0630 595.1
0 9 29 107.55 0.0824 150.2
0 9 36 99.91 0.0516 117.1
0 9 17 57.35 0.1032 582.4
0 9 37 233.61 0.0443 620.3
0 9 20 79.26 0.0570 153.2
0 9 39 82.30 0.0738 543.1
0 9 23 101.52 0.0597 812.0
0 9 29 99.51 0.0653 722.4
0 9 35 82.35 0.0755 440.4
0 9 27 55.54 0.0848 101.3
0 9 13 132.80 0.1438 82.7
0 9 16 57.94 0.0880 460.0
0 9 14 74.82 0.1076 164.3
0 9 32 93.94 0.0466 799.5
0 9 14 45.19 0.0768 412.5
0 9 33 97.98 0.0797 692.1
0 9 34 73.37 0.0676 488.4
0 9 14 83.25 0.0521 647.8
0 9 21 52.82 0.1154 256.6
0 9 33 94.91 0.0881 392.8
0 9 40 52.71 0.0810 35.0
0 9 21 51.77 0.0807 476.2
0 9 23 52.10 0.0999 788.8
0 9 27 133.78 0.0486 221.6
0 9 15 96.32 0.0348 720.4
0 9 25 118.74 0.0334 518.5
0 9 33 711.06 0.0575 388.0
0 9 40 145.58 0.0659 497.5
0 9 31 133.98 0.0438 602.7
0 9 16 209.28 0.0340 901.2
0 9 21 47.69 0.0620 761.2
0 9 16 1189.82 0.0310 724.6
0 9 29 210.71 0.0816 904.1
0 9 17 123.91 0.1077 65.9
0 9 22 75.96 0.0460 845.4
0 9 20 465.75 0.0704 242.3
0 9 37 142.89 0.0768 225.0
0 9 26 86.16 0.0621 789.4
0 9 19 72.34 0.0863 857.1
0 9 28 87.76 0.0797 212.7
0 9 13 141.65 0.0311 929.8
0 9 29 116.31 0.0438 573.1
0 9 20 109.41 0.0354 395.1
0 9 26 93.83 0.0514 539.1
0 9 16 437.25 0.0366 519.4
0 9 36 134.42 0.0558 630.8
0 9 33 77.32 0.0416 285.8
0 9 16 86.13 0.1549 501.0
0 9 31 92.62 0.0776 831.2
0 9 14 211.31 0.0229 454.7
0 9 16 96.11 0.0815 796.4
0 9 26 99.78 0.0867 136.6
0 9 15 85.81 0.0652 692.7
0 9 17 84.90 0.1493 916.3
0 9 15 71.05 0.0315 319.4
0 9 15 111.63 0.0626 711.2
0 9 15 116.02 0.0948 735.7
0 9 17 63.18 0.0342 365.6
0 9 19 94.54 0.0451 567.3
0 9 21 71.46 0.0679 575.6
0 9 18 72.48 0.0407 498.6
0 9 13 98.78 0.1212 522.2
0 9 16 96.31 0.0155 32.5
0 9 14 57.35 0.0563 397.0
0 9 13 74.33 0.0792 95.4
0 9 13 227.62 0.1017 652.0
0 9 19 204.00 0.0439 880.3
0 9 17 49.44 0.1273 619.8
0 9 24 116.95 0.0299 201.4
0 9 21 137.62 0.0332 473.1
0 9 17 691.08 0.0304 309.2
0 10 43 190.45 0.0521 277.6
0 10 42 68.43 0.0737 869.7
0 10 30 87.27 0.0759 347.7
0 10 29 107.42 0.0482 873.1
0 10 38 107.16 0.0858 191.9
0 10 16 68.85 0.0485 492.7
0 10 45 102.18 0.0406 401.1
0 10 32 152.26 0.0568 789.4
0 10 39 463.63 0.0446 593.9
0 10 23 73.83 0.0717 908.8
0 10 30 54.15 0.0855 179.3
0 10 36 98.45 0.0695 58.1
0 10 14 83.85 0.0607 775.7
0 10 21 163.52 0.0496 432.9
0 10 31 636.57 0.0296 862.8
0 10 13 500.62 0.0627 865.7
0 10 15 60.20 0.0843 924.1
0 10 28 142.91 0.0648 820.2
0 10 37 81.08 0.1049 812.6
0 10 21 106.04 0.0630 288.3
0 10 35 192.85 0.0373 334.6
0 10 32 95.04 0.0498 712.9
0 10 19 86.49 0.0796 293.1
0 10 14 59.50 0.0126 16.5
0 10 24 172.27 0.0318 423.6
0 10 22 70.84 0.0596 119.4
0 10 22 111.90 0.0416 888.5
0 10 21 447.68 0.0393 658.9
0 10 43 96.96 0.0522 257.0
0 10 28 51.69 0.0943 570.6
0 10 36 67.26 0.0637 792.8
0 10 42 64.47 0.0871 151.4
0 10 30 61.64 0.0750 201.7
0 10 20 275.83 0.0363 537.2
0 10 45 76.52 0.0673 816.9
0 10 28 126.15 0.0379 841.0
0 10 15 46.87 0.1432 551.5
0 10 18 94.03 0.0351 62.6
0 10 27 147.75 0.0817 836.3
0 10 27 95.11 0.0912 853.5
0 10 43 126.30 0.0361 718.5
0 10 27 119.56 0.0408 182.0
0 10 42 236.33 0.0464 152.6
0 10 19 80.50 0.0296 793.7
0 10 36 134.01 0.0562 261.3
0 10 39 145.71 0.0622 756.0
0 10 25 203.56 0.0334 302.2
0 10 16 76.85 0.0411 928.1
0 10 23 170.86 0.0417 174.8
0 10 30 116.33 0.0537 587.5
0 10 16 143.31 0.0291 183.0
0 10 18 45.06 0.1253 834.9
0 10 31 148.98 0.0392 15.8
0 10 40 191.65 0.0472 458.1
0 10 32 143.42 0.0565 863.8
0 10 33 90.98 0.0484 851.6
0 10 35 114.29 0.0715 837.0
0 10 37 154.17 0.0577 99.9
0 10 14 45.65 0.1556 166.7
0 10 36 220.18 0.0652 564.2
0 10 33 97.17 0.0647 177.6
0 10 23 115.36 0.0481 601.9
0 10 38 97.73 0.0737 873.5
0 10 19 114.49 0.0245 150.2
0 10 15 59.02 0.0269 943.3
0 10 16 829.16 0.0269 776.5
0 10 20 103.30 0.0509 192.9
0 10 39 107.41 0.0832 237.2
0 10 15 141.13 0.1406 176.6
0 10 30 106.64 0.0848 84.4
0 10 22 58.01 0.0880 66.1
0 10 18 68.66 0.0383 421.8
0 10 43 85.60 0.0524 863.8
0 10 32 319.46 0.0924 872.6
0 10 21 2823.47 0.0401 110.1
0 10 29 62.10 0.1267 837.9
0 10 17 50.66 0.0540 944.0
0 10 25 121.81 0.0380 76.9
0 10 44 143.22 0.0408 148.3
0 10 29 271.58 0.0267 747.3
0 10 24 430.82 0.0414 217.2
0 10 33 176.35 0.0420 39.9
0 10 19 53.60 0.0331 415.8
0 10 29 222.60 0.0429 97.0
0 10 22 71.03 0.0650 305.8
0 10 19 72.00 0.0860 925.9
0 10 18 63.14 0.0776 441.1
0 10 29 56.46 0.0942 782.4
0 10 43 89.44 0.0662 166.9
0 10 21 667.39 0.0403 167.6
0 10 28 140.03 0.0500 201.7
0 10 24 108.12 0.0565 757.9
0 10 20 51.88 0.1104 167.4
0 10 20 61.19 0.0970 125.3
0 10 21 419.37 0.0629 831.7
0 10 34 87.37 0.0677 864.3
0 10 27 73.61 0.0587 372.1
0 10 25 279.10 0.0792 28.0
0 10 32 274.08 0.0455 79.6
0 10 37 98.75 0.0862 77.9
0 10 31 119.00 0.0824 111.9
0 10 26 87.33 0.0579 426.0
0 10 16 175.52 0.1315 805.7
0 10 28 72.72 0.0726 237.3
0 10 15 68.76 0.0597 389.7
0 10 36 188.98 0.0398 443.3
0 10 17 704.58 0.0308 712.7
0 10 34 53.86 0.0893 484.3
0 10 32 81.41 0.0737 174.8
0 10 22 89.79 0.0546 893.6
0 10 20 110.26 0.0535 654.8
0 10 36 73.75 0.0729 208.1
0 10 19 83.93 0.0588 29.5
0 10 28 75.55 0.0818 596.2
0 10 22 167.12 0.1189 789.9
0 10 39 98.98 0.0744 165.2
0 10 29 55.10 0.0650 944.0
0 10 24 280.89 0.0386 102.3
0 10 16 400.57 0.0311 482.5
0 10 44 127.12 0.0656 942.9
0 10 17 86.91 0.1247 905.6
0 10 29 124.10 0.0347 371.4
0 10 29 146.70 0.0503 37.4
0 10 39 79.18 0.0493 119.9
0 10 30 110.04 0.0510 905.7
0 10 38 108.27 0.0551 854.1
0 10 31 55.78 0.1104 881.8
0 10 23 84.85 0.0432 132.6
0 10 15 102.42 0.0541 396.8
0 10 22 79.68 0.0381 12.4
0 10 40 92.10 0.0656 803.7
0 10 24 58.23 0.0777 837.1
0 10 32 177.14 0.0324 451.6
0 10 14 51.53 0.0326 935.7
0 10 35 128.58 0.0780 784.2
0 10 22 171.91 0.0422 827.7
0 10 17 53.18 0.0226 315.4
0 10 46 175.44 0.0528 237.7
0 10 19 282.05 0.1098 128.3
0 10 14 154.73 0.0778 552.3
0 10 16 131.68 0.0463 755.8
0 10 27 72.96 0.1230 191.7
0 10 39 128.49 0.0346 899.4
0 10 35 103.79 0.0467 202.9
0 10 38 75.72 0.0674 851.6
0 10 45 201.73 0.0405 484.2
0 10 15 483.73 0.0195 243.5
0 10 16 114.34 0.0275 179.4
0 10 21 62.94 0.0409 527.0
0 10 38 90.90 0.0642 724.9
0 10 44 112.54 0.0556 534.7
0 10 40 92.39 0.0563 874.2
0 10 37 180.22 0.0790 547.3
0 10 18 46.45 0.1372 710.5
0 10 27 68.72 0.1116 842.8
0 10 14 62.51 0.1116 940.5
0 10 19 73.64 0.0694 719.3
0 10 20 293.94 0.0388 64.6
0 10 25 72.04 0.0598 333.7
0 10 13 199.30 0.1648 934.9
0 10 16 77.33 0.0458 66.4
0 10 31 93.61 0.0459 901.1
0 10 39 157.14 0.0447 62.0
0 10 21 118.69 0.0394 221.2
0 10 25 80.15 0.0773 504.4
0 10 41 54.29 0.0763 767.3
0 10 31 112.32 0.0536 95.2
0 10 18 72.87 0.0438 14.5
0 10 17 48.45 0.0453 238.8
0 10 17 305.95 0.1124 912.8
0 10 41 279.14 0.0510 488.0
0 10 32 68.51 0.0601 419.6
0 10 19 46.65 0.0815 438.8
0 10 35 73.05 0.0746 141.4
0 10 46 120.00 0.0514 341.9
0 10 25 53.61 0.0510 135.0
0 10 38 127.49 0.0566 874.8
0 10 43 113.37 0.0700 322.0
0 10 15 72.80 0.1111 111.7
0 10 20 107.69 0.0970 933.4
0 10 15 75.08 0.0244 807.7
0 10 36 51.75 0.0818 28.5
0 10 37 152.86 0.0275 921.1
0 10 26 65.08 0.0883 650.7
0 10 34 134.19 0.0589 759.6
0 10 18 292.18 0.0390 733.3
0 10 35 77.55 0.0602 869.4
0 10 37 46.93 0.1134 834.3
0 10 29 55.90 0.0807 462.7
0 10 15 61.02 0.0735 835.0
0 10 39 149.64 0.0729 828.9
0 10 33 255.95 0.0414 391.7
0 10 37 61.08 0.1005 222.9
0 10 30 338.81 0.0399 773.7
0 10 24 206.68 0.0477 99.9
0 10 27 87.81 0.0385 735.7
0 10 29 47.42 0.1220 909.5
0 10 16 538.53 0.0753 804.8
0 10 42 122.48 0.0863 139.8
0 10 20 56.50 0.1005 460.1
0 10 31 106.89 0.0469 776.6
0 10 31 99.87 0.0559 209.1
0 10 17 607.11 0.0366 641.5
0 10 24 59.38 0.0927 584.8
0 10 27 49.64 0.1190 868.9
0 10 15 127.91 0.0366 407.2
0 10 16 106.31 0.0304 38.3
0 10 43 748.32 0.0492 412.1
0 10 17 64.71 0.0626 66.3
0 10 21 52.28 0.0675 744.3
0 10 38 51.41 0.1004 132.6
0 10 13 51.09 0.1513 168.3
0 10 13 184.14 0.0220 31.1
0 10 13 53.27 0.1206 709.3
0 10 16 110.95 0.0791 735.2
0 10 30 116.30 0.0537 397.3
0 10 33 46.36 0.0431 563.0
0 10 27 114.44 0.0570 228.6
0 10 13 77.55 0.0181 415.4
0 10 17 50.74 0.1108 145.6
0 10 16 115.37 0.1200 50.7
0 10 26 48.56 0.0726 190.3
0 10 20 89.32 0.0539 352.8
0 10 22 63.54 0.0966 607.1
0 10 21 97.87 0.0516 885.1
0 10 27 103.75 0.0537 626.6
0 10 16 180.28 0.0437 58.2
0 10 26 945.62 0.0398 786.0
0 10 15 58.23 0.0696 454.0
0 10 23 120.45 0.0538 68.8
0 10 18 583.02 0.0411 250.7
0 10 37 61.18 0.1033 196.4
0 10 16 46.09 0.1210 709.2
0 10 26 623.09 0.0369 808.9
0 10 19 47.30 0.0524 826.6
0 10 16 605.48 0.0391 44.5
0 10 15 64.15 0.0726 851.0
0 10 18 86.29 0.0493 598.2
0 10 24 122.96 0.0481 787.3
0 10 20 295.50 0.0311 75.2
0 10 13 69.28 0.0521 123.5
0 10 33 169.49 0.0481 258.6
0 10 19 59.58 0.0908 833.4
0 10 14 166.16 0.0795 814.2
0 10 16 47.75 0.0882 849.6
0 10 18 1011.95 0.0285 951.0
0 10 29 51.80 0.0871 385.7
0 10 18 145.43 0.0599 783.3
0 10 18 73.82 0.1032 789.9
0 10 27 76.76 0.0810 196.8
0 10 14 410.96 0.0927 876.7
0 10 23 102.82 0.0516 953.0
0 11 42 73.02 0.0424 447.1
0 11 31 169.12 0.0573 543.0
0 11 14 63.17 0.1369 221.0
0 11 19 95.15 0.0918 236.9
0 11 25 114.01 0.0639 929.7
0 11 15 145.57 0.0446 35.3
0 11 37 138.32 0.0553 467.6
0 11 17 64.47 0.0466 879.5
0 11 15 81.49 0.0767 19.4
0 11 39 82.63 0.0778 370.7
0 11 28 122.82 0.0587 908.1
0 11 44 421.60 0.0561 338.6
0 11 38 89.49 0.0760 157.5
0 11 27 71.10 0.0987 59.3
0 11 24 79.72 0.0380 110.9
0 11 16 107.63 0.0851 934.3
0 11 35 185.13 0.0456 914.5
0 11 15 66.88 0.0316 769.3
0 11 24 272.95 0.0491 274.0
0 11 23 180.34 0.0372 654.6
0 11 34 123.39 0.0404 912.6
0 11 31 104.02 0.0414 617.1
0 11 13 113.25 0.0515 84.4
0 11 18 781.53 0.0269 248.0
0 11 26 107.45 0.0242 597.2
0 11 16 150.32 0.0190 649.0
0 11 14 78.70 0.0666 36.2
0 11 18 45.54 0.0476 905.2
0 11 28 148.92 0.0600 492.3
0 11 43 74.02 0.0999 179.9
0 11 19 45.89 0.1238 930.4
0 11 23 46.11 0.1116 918.1
0 11 38 92.01 0.0582 528.4
0 11 15 162.46 0.0265 594.3
0 11 16 232.67 0.0379 237.3
0 11 16 110.95 0.0644 197.4
0 11 37 105.93 0.0780 125.1
0 11 22 48.96 0.0837 768.3
0 11 36 71.59 0.0701 102.6
0 11 31 220.96 0.0706 73.3
0 11 25 74.84 0.0621 346.2
0 11 40 355.62 0.0600 185.0
0 11 40 146.93 0.0589 362.7
0 11 29 90.09 0.0463 347.3
0 11 42 56.46 0.0587 576.6
0 11 32 191.61 0.0486 383.7
0 11 21 91.95 0.0356 891.2
0 11 46 91.83 0.0492 554.2
0 11 39 110.69 0.0805 713.3
0 11 33 53.54 0.1097 197.9
0 11 13 71.34 0.1757 302.4
0 11 13 100.11 0.1618 36.6
0 11 28 113.44 0.0797 256.1
0 11 18 100.94 0.0854 871.4
0 11 21 94.32 0.0768 895.0
0 11 23 119.33 0.0677 917.7
0 11 20 574.80 0.0359 137.8
0 11 35 302.71 0.0261 167.8
0 11 19 125.38 0.0616 427.8
0 11 37 164.50 0.0760 313.0
0 11 27 1793.82 0.0402 883.8
0 11 30 71.42 0.0798 24.0
0 11 24 129.63 0.0486 929.9
0 11 32 84.93 0.0727 86.1
0 11 33 297.43 0.0480 326.4
0 11 18 160.86 0.0457 948.3
0 11 36 65.44 0.1070 272.3
0 11 30 99.34 0.0515 85.6
0 11 21 57.64 0.1325 904.0
0 11 29 71.01 0.1214 89.5
0 11 20 63.22 0.1406 268.1
0 11 14 176.21 0.1068 321.0
0 11 24 45.50 0.1625 276.6
0 11 28 52.32 0.0996 189.0
0 11 32 47.02 0.1039 280.3
0 11 36 120.81 0.0423 621.6
0 11 26 278.25 0.0317 918.1
0 11 27 121.92 0.0564 272.3
0 11 26 255.47 0.0459 461.9
0 11 42 241.42 0.0317 83.7
0 11 30 87.58 0.0593 784.2
0 11 41 45.91 0.1227 278.7
0 11 43 169.85 0.0490 578.1
0 11 41 132.71 0.0523 549.9
0 11 45 263.38 0.0552 291.6
0 11 35 89.82 0.0844 409.7
0 11 22 125.18 0.0498 883.2
0 11 16 138.12 0.0235 276.1
0 11 13 61.43 0.1696 197.6
0 11 17 61.21 0.0293 654.1
0 11 17 142.59 0.0399 37.2
0 11 30 117.39 0.0835 422.6
0 11 20 86.22 0.0699 932.6
0 11 35 67.36 0.0772 87.4
0 11 21 151.72 0.0204 262.6
0 11 33 85.57 0.0346 627.8
0 11 35 176.07 0.0436 380.7
0 11 26 75.75 0.0798 374.0
0 11 22 68.05 0.0497 147.1
0 11 29 94.79 0.0665 435.9
0 11 47 149.58 0.0614 629.9
0 11 35 79.63 0.0895 555.6
0 11 36 53.60 0.1132 558.8
0 11 42 52.97 0.1341 221.0
0 11 36 46.50 0.0934 927.7
0 11 26 149.70 0.0434 931.0
0 11 14 45.27 0.1251 824.3
0 11 14 49.72 0.0820 797.4
0 11 35 57.66 0.0934 389.3
0 11 23 111.89 0.0401 348.8
0 11 39 110.45 0.0506 882.2
0 11 33 56.22 0.0781 585.9
0 11 42 102.88 0.0496 273.3
0 11 43 67.57 0.0863 854.5
0 11 30 45.47 0.0923 149.7
0 11 35 76.35 0.0888 941.5
0 11 29 56.33 0.1032 154.3
0 11 24 56.47 0.0545 195.5
0 11 18 48.89 0.0878 216.9
0 11 30 103.16 0.0814 776.5
0 11 17 49.97 0.1007 297.3
0 11 19 133.07 0.0273 813.3
0 11 20 487.76 0.0659 638.7
0 11 16 75.65 0.0445 570.8
0 11 24 88.86 0.0690 900.8
0 11 40 91.03 0.0960 882.3
0 11 31 301.80 0.0441 276.9
0 11 29 143.85 0.0525 537.3
0 11 33 55.16 0.1118 286.7
0 11 25 230.75 0.0443 940.2
0 11 31 95.76 0.0536 12.7
0 11 22 68.83 0.1008 211.5
0 11 44 75.06 0.0684 26.5
0 11 39 47.30 0.1125 845.6
0 11 17 45.83 0.0859 931.6
0 11 20 153.98 0.0750 241.9
0 11 42 162.37 0.0693 70.2
0 11 38 263.36 0.0570 430.1
0 11 22 268.86 0.0750 907.8
0 11 27 60.66 0.1038 336.6
0 11 34 61.53 0.1008 740.4
0 11 17 80.18 0.0487 291.0
0 11 26 78.82 0.0627 247.3
0 11 17 695.88 0.0320 327.1
0 11 14 163.22 0.0718 544.0
0 11 15 110.60 0.0271 30.9
0 11 14 79.59 0.0175 811.6
0 11 19 86.70 0.1090 546.9
0 11 18 369.23 0.0243 938.6
0 11 18 291.97 0.0806 786.0
0 11 17 468.65 0.0830 284.5
0 11 17 58.29 0.0578 437.5
0 11 18 62.15 0.0500 349.3
0 11 13 192.47 0.1438 44.6
0 11 24 62.24 0.0885 50.6
0 11 20 51.40 0.1269 303.5
0 11 33 63.42 0.0716 360.9
0 11 14 48.34 0.1087 924.7
0 11 13 285.83 0.1689 941.9
0 11 16 56.14 0.1228 233.5
0 12 26 60.09 0.1193 203.4
0 12 17 119.68 0.0220 53.5
0 12 34 101.28 0.0628 583.8
0 12 17 55.05 0.0650 498.1
0 12 41 90.03 0.0580 819.6
0 12 35 481.96 0.0550 392.8
0 12 34 45.98 0.0918 529.9
0 12 27 55.61 0.1057 69.2
0 12 34 70.50 0.1099 787.0
0 12 45 198.12 0.0497 749.5
0 12 19 46.38 0.0915 576.1
0 12 30 66.14 0.0831 670.2
0 12 18 197.86 0.0587 858.7
0 12 25 60.38 0.0559 66.2
0 12 40 66.09 0.0770 541.1
0 12 32 48.45 0.0717 79.9
0 12 23 61.03 0.0349 92.3
0 12 30 88.17 0.0759 648.9
0 12 29 92.93 0.0581 933.3
0 12 26 46.79 0.0994 353.4
0 12 24 83.10 0.0813 839.7
0 12 19 77.77 0.0529 2.3
0 12 21 68.40 0.0740 355.2
0 12 19 61.90 0.0949 144.6
0 12 36 121.56 0.1103 64.8
0 12 18 653.19 0.0617 411.1
0 12 34 96.59 0.0877 504.3
0 12 16 66.51 0.0922 530.3
0 12 25 46.08 0.0839 746.3
0 12 17 61.54 0.0803 447.5
0 12 14 50.79 0.1173 680.3
0 12 32 55.49 0.0988 324.8
0 12 32 159.01 0.0536 843.7
0 12 31 88.63 0.0488 75.0
0 12 17 85.03 0.0503 61.0
0 12 41 148.55 0.0552 390.4
0 12 43 639.33 0.0534 44.7
0 12 19 171.31 0.0582 735.8
0 12 47 129.53 0.0475 735.0
0 12 36 143.09 0.0439 699.2
0 12 40 116.58 0.0344 310.8
0 12 29 157.07 0.0420 44.7
0 12 31 280.42 0.0507 532.4
0 12 41 81.72 0.0647 404.6
0 12 27 59.53 0.0970 344.5
0 12 17 81.23 0.0365 484.7
0 12 32 86.80 0.0633 927.9
0 12 31 63.97 0.0741 820.1
0 12 15 717.00 0.0390 135.9
0 12 33 109.42 0.0895 407.9
0 12 20 117.69 0.0504 403.0
0 12 37 56.38 0.1025 604.0
0 12 35 88.93 0.0499 819.2
0 12 27 89.40 0.0724 609.9
0 12 13 241.63 0.0605 254.3
0 12 43 105.14 0.0563 778.6
0 12 42 96.19 0.0610 36.0
0 12 29 71.47 0.0786 566.5
0 12 17 52.02 0.0983 287.8
0 12 41 172.11 0.0484 51.2
0 12 40 124.12 0.0809 236.1
0 12 22 85.95 0.0523 35.3
0 12 17 59.45 0.1380 528.4
0 12 37 158.88 0.0536 804.5
0 12 33 61.43 0.0911 457.0
0 12 16 50.71 0.0433 394.7
0 12 34 92.82 0.0693 413.3
0 12 34 76.30 0.1060 25.3
0 12 41 106.81 0.0752 715.7
0 12 45 118.39 0.0489 450.6
0 12 34 69.40 0.0824 175.8
0 12 21 57.46 0.0729 454.2
0 12 28 88.51 0.0662 589.5
0 12 30 101.73 0.0645 635.3
0 12 18 55.07 0.0298 89.5
0 12 38 147.37 0.0341 649.3
0 12 25 67.60 0.0889 517.5
0 12 18 108.04 0.0468 822.4
0 12 20 533.44 0.0394 661.3
0 12 38 138.99 0.0749 196.9
0 12 18 74.20 0.0332 64.4
0 12 21 73.60 0.0598 418.1
0 12 18 51.09 0.0570 423.6
0 12 13 47.67 0.0585 430.9
0 12 37 106.61 0.0580 357.5
0 12 36 51.21 0.0902 70.8
0 12 36 52.34 0.0816 826.8
0 12 19 139.75 0.0396 305.9
0 12 34 300.05 0.0414 531.7
0 12 28 46.33 0.0592 630.1
0 12 24 47.02 0.0588 436.2
0 12 18 109.01 0.0262 404.0
0 12 34 196.70 0.0640 488.5
0 12 22 79.86 0.0981 39.5
0 12 31 108.58 0.0457 35.5
0 12 14 140.56 0.1177 659.1
0 12 27 97.59 0.0516 749.9
0 12 45 58.15 0.0787 669.0
0 12 37 68.80 0.0710 567.3
0 12 25 60.79 0.0721 341.9
0 12 13 71.51 0.1617 165.7
0 12 35 124.38 0.0556 831.2
0 12 27 56.77 0.0773 613.7
0 12 34 129.79 0.0642 678.1
0 12 30 67.12 0.0945 760.7
0 12 14 59.86 0.1665 204.5
0 12 35 100.92 0.0582 680.8
0 12 35 68.27 0.0715 80.1
0 12 24 56.27 0.0949 658.5
0 12 37 47.11 0.1181 878.3
0 12 40 121.83 0.0635 105.8
0 12 28 46.53 0.0884 486.4
0 12 40 115.32 0.0954 110.0
0 12 22 100.43 0.0561 303.4
0 12 35 421.25 0.0594 440.6
0 12 28 648.25 0.0429 585.1
0 12 29 79.61 0.0793 647.9
0 12 41 82.34 0.0535 138.4
0 12 37 89.14 0.0688 396.6
0 12 27 236.48 0.0640 689.4
0 12 46 48.39 0.1180 58.6
0 12 28 81.95 0.0780 367.0
0 12 39 47.68 0.0961 568.7
0 12 38 147.54 0.0624 24.7
0 12 27 148.44 0.0382 639.4
0 12 23 158.36 0.0527 45.3
0 12 37 46.50 0.1012 695.0
0 12 14 76.17 0.0445 289.8
0 12 17 75.62 0.0705 487.5
0 12 23 103.52 0.0620 99.9
0 12 15 71.42 0.0554 192.8
0 12 42 117.11 0.0674 51.5
0 12 37 73.29 0.0600 732.9
0 12 37 79.15 0.0855 80.7
0 12 21 94.27 0.0461 609.3
0 12 24 85.77 0.0901 59.3
0 12 30 45.57 0.0870 908.5
0 12 32 46.11 0.0964 366.3
0 12 13 46.14 0.1429 744.3
0 12 32 145.73 0.0512 404.9
0 12 13 46.39 0.1138 696.3
0 12 24 222.93 0.0340 118.0
0 12 19 49.22 0.1350 255.4
0 12 14 56.25 0.1054 556.5
0 12 13 68.16 0.1539 245.1
0 12 15 57.06 0.1143 729.3
0 12 34 73.44 0.0914 587.3
0 12 24 70.85 0.0702 438.5
0 12 28 149.83 0.0610 60.0
0 12 14 396.01 0.0627 497.6
0 12 37 127.99 0.0442 614.3
0 12 17 1144.13 0.0326 537.3
0 12 24 102.81 0.0543 375.1
0 12 25 87.69 0.0466 54.3
0 12 18 81.10 0.0696 606.2
0 12 46 277.26 0.0556 793.9
0 12 18 67.02 0.1442 141.7
0 13 41 56.79 0.1252 50.6
0 13 40 178.34 0.0503 789.5
0 13 31 385.75 0.0395 900.7
0 13 31 98.56 0.0637 600.3
0 13 21 46.75 0.1420 131.4
0 13 28 113.67 0.0821 537.7
0 13 28 202.15 0.0400 124.9
0 13 25 80.12 0.0528 89.6
0 13 31 2800.44 0.0461 199.6
0 13 15 48.96 0.0384 858.8
0 13 34 69.64 0.0977 100.4
0 13 42 74.79 0.0722 804.9
0 13 20 57.17 0.1302 797.4
0 13 17 61.87 0.0347 54.1
0 13 41 928.34 0.0429 372.8
0 13 14 70.59 0.0835 45.2
0 13 37 125.03 0.0594 761.3
0 13 39 73.44 0.0689 92.7
0 13 20 57.45 0.0549 103.0
0 13 40 123.23 0.0719 134.1
0 13 40 94.70 0.0576 731.3
0 13 29 193.16 0.0457 441.8
0 13 37 47.83 0.1092 738.6
0 13 26 166.70 0.0513 365.1
0 13 36 140.76 0.0482 806.7
0 13 29 176.24 0.0345 226.4
0 13 43 175.22 0.0483 514.4
0 13 35 89.75 0.0605 901.3
0 13 39 111.74 0.0746 259.5
0 13 39 384.34 0.0399 104.4
0 13 28 67.15 0.0459 862.6
0 13 40 155.97 0.0430 47.8
0 13 25 103.93 0.0554 370.4
0 13 34 165.96 0.0783 181.3
0 13 36 60.75 0.0697 403.2
0 13 31 60.74 0.0604 889.0
0 13 27 114.77 0.0549 578.7
0 13 29 96.58 0.0618 132.2
0 13 22 102.00 0.0333 878.2
0 13 30 66.95 0.1223 294.3
0 13 26 46.73 0.1056 844.1
0 13 38 128.15 0.0906 283.6
0 13 40 115.04 0.0586 361.2
0 13 16 65.34 0.0280 36.3
0 13 42 50.33 0.0996 576.5
0 13 29 62.98 0.1352 54.6
0 13 29 62.38 0.0744 219.5
0 13 23 62.00 0.1076 51.1
0 13 28 63.85 0.1070 722.4
0 13 37 122.82 0.0424 434.0
0 13 33 158.44 0.0336 597.9
0 13 32 76.93 0.0653 397.1
0 13 29 134.24 0.0516 480.7
0 13 21 63.04 0.1448 26.2
0 13 37 88.09 0.0582 768.5
0 13 33 185.84 0.0846 140.8
0 13 29 78.76 0.0999 805.8
0 13 15 54.37 0.0825 924.4
0 13 18 67.82 0.0723 811.5
0 13 24 96.66 0.0558 291.5
0 13 37 181.23 0.0485 2.6
0 13 24 135.65 0.0470 803.7
0 13 28 97.53 0.0517 470.1
0 13 24 58.02 0.0712 827.1
0 13 15 126.31 0.0227 710.8
0 13 34 112.09 0.0635 141.3
0 13 31 86.01 0.0405 64.7
0 13 22 80.98 0.0885 885.5
0 13 27 69.28 0.0665 504.7
0 13 34 76.38 0.0692 238.9
0 13 46 121.53 0.0455 640.4
0 13 18 66.76 0.0932 533.0
0 13 30 148.89 0.0463 480.8
0 13 28 77.77 0.0535 87.5
0 13 31 310.99 0.0538 928.9
0 13 19 83.51 0.0497 209.7
0 13 15 118.81 0.0595 41.5
0 13 30 81.76 0.0584 886.6
0 13 34 60.13 0.0871 295.7
0 13 32 141.54 0.0723 114.2
0 13 18 63.23 0.0677 132.9
0 13 14 65.12 0.1506 633.7
0 13 40 159.34 0.0666 425.8
0 13 16 50.82 0.1200 700.3
0 13 13 51.89 0.1171 714.2
0 13 13 60.95 0.0290 697.5
0 13 17 48.71 0.0355 868.7
0 13 20 89.62 0.0511 896.9
0 13 15 55.24 0.0620 210.3
0 13 18 89.12 0.0232 919.7
0 13 16 106.46 0.0674 214.0
0 13 18 108.92 0.0872 18.5
0 13 30 69.53 0.0675 186.3
0 13 35 103.64 0.0505 277.8
0 13 15 134.25 0.0800 225.3
0 13 42 160.66 0.0743 552.4
0 13 42 112.45 0.0678 93.9
0 13 35 199.64 0.0502 751.7
0 13 32 145.28 0.0532 697.2
0 13 14 412.92 0.0313 923.8
0 13 43 136.63 0.0466 862.3
0 13 39 64.24 0.0775 346.1
0 13 48 153.34 0.0718 767.4
0 13 31 130.83 0.0683 362.4
0 13 32 66.30 0.0973 209.7
0 13 33 78.74 0.0814 202.4
0 13 47 94.14 0.0636 75.1
0 13 17 64.03 0.0567 902.8
0 13 14 114.59 0.0761 431.2
0 13 18 154.75 0.0788 809.9
0 13 44 78.06 0.1047 222.1
0 13 17 61.08 0.0636 892.8
0 13 38 110.96 0.0668 108.7
0 13 35 89.67 0.0495 888.4
0 13 36 82.63 0.0716 92.0
0 13 38 149.25 0.0589 907.5
0 13 26 456.06 0.0839 534.2
0 13 32 119.96 0.0766 893.7
0 13 29 47.93 0.0958 97.6
0 13 29 201.50 0.0371 436.9
0 13 20 96.72 0.0808 933.6
0 13 16 61.83 0.1233 98.2
0 13 43 195.90 0.0572 125.7
0 13 23 97.29 0.0447 198.6
0 13 28 59.64 0.0359 461.8
0 13 24 93.65 0.0393 84.2
0 13 21 69.06 0.0911 266.3
0 13 35 54.57 0.1213 143.5
0 13 40 69.45 0.0753 177.2
0 13 21 68.83 0.1063 309.9
0 13 26 49.61 0.1280 227.5
0 13 14 102.45 0.0533 236.1
0 13 37 159.56 0.0503 409.6
0 13 45 54.08 0.0894 663.8
0 13 32 61.18 0.0666 295.8
0 13 21 116.48 0.0910 32.1
0 13 39 74.57 0.0603 152.3
0 13 33 63.37 0.0702 60.3
0 13 36 85.85 0.0899 719.7
0 13 16 213.32 0.1256 367.4
0 13 32 59.74 0.0911 626.1
0 13 45 156.13 0.0391 933.8
0 13 36 197.33 0.0891 333.0
0 13 16 151.94 0.1230 356.4
0 13 15 211.34 0.0682 550.2
0 13 36 141.30 0.0782 884.4
0 13 42 196.43 0.0461 500.4
0 13 31 51.91 0.0883 275.7
0 13 29 96.56 0.0462 163.6
0 13 20 199.29 0.0358 483.1
0 13 40 106.35 0.0588 638.9
0 13 40 53.59 0.1071 69.7
0 13 46 98.86 0.0517 701.8
0 13 37 50.54 0.0757 872.7
0 13 39 202.90 0.0539 513.5
0 13 30 99.46 0.0621 10.0
0 13 26 72.92 0.0680 183.0
0 13 39 290.97 0.0497 118.4
0 13 37 88.68 0.0767 165.7
0 13 25 219.50 0.0343 881.8
0 13 33 74.11 0.0827 75.2
0 13 41 131.21 0.0480 156.8
0 13 39 62.71 0.0977 807.5
0 13 18 119.00 0.0508 784.3
0 13 23 81.57 0.1009 541.2
0 13 21 64.95 0.0938 213.6
0 13 29 52.41 0.0939 362.4
0 13 19 74.20 0.1094 922.1
0 13 14 124.54 0.1474 923.2
0 13 23 46.04 0.1071 300.6
0 13 32 87.74 0.0828 350.8
0 13 41 173.75 0.0505 49.1
0 13 17 58.14 0.1396 297.2
0 13 36 46.99 0.0840 639.4
0 13 27 74.25 0.0861 412.7
0 13 22 110.35 0.0455 41.4
0 13 38 102.49 0.0621 282.7
0 13 17 52.41 0.1283 677.8
0 13 22 45.75 0.0960 705.0
0 13 21 138.09 0.1062 915.1
0 13 36 61.72 0.1207 582.8
0 13 30 123.79 0.0506 860.7
0 13 33 47.11 0.0997 474.9
0 13 14 264.84 0.1627 684.0
0 13 14 410.25 0.1184 690.0
0 13 20 86.49 0.0467 766.2
0 13 15 217.17 0.1403 744.3
0 13 18 147.30 0.0391 633.5
0 13 19 232.92 0.1039 26.6
0 13 25 129.59 0.0557 184.5
0 13 37 63.85 0.1026 370.9
0 13 18 68.71 0.0931 927.3
0 13 17 50.04 0.1150 876.5
0 13 22 83.30 0.0820 481.3
0 13 28 60.83 0.0656 282.2
0 13 16 78.84 0.0823 930.3
0 13 19 122.27 0.0745 30.2
0 13 28 172.57 0.0591 193.6
0 13 25 71.12 0.0848 143.3
0 13 18 77.58 0.0670 130.7
0 13 29 106.12 0.0789 325.4
0 13 13 96.27 0.1577 634.4
0 13 16 145.42 0.0592 926.7
0 13 16 96.96 0.0867 196.4
0 13 17 52.52 0.1370 208.5
0 13 16 599.91 0.0234 27.5
0 13 16 159.78 0.0392 746.0
0 13 26 565.22 0.0590 82.7
0 13 20 326.07 0.0361 362.5
0 13 15 49.71 0.1389 212.3
0 13 28 71.22 0.1258 328.2
0 13 36 85.57 0.0774 181.3
0 13 14 58.33 0.0205 131.5
0 13 13 797.89 0.0367 194.8
0 13 17 411.78 0.0913 859.0
0 13 15 122.88 0.0568 414.3
0 13 25 310.96 0.0527 502.2
0 13 13 50.76 0.1547 102.3
0 13 22 269.75 0.0497 503.9
0 13 20 48.92 0.0417 254.4
0 13 24 55.79 0.0536 365.7
0 13 42 90.49 0.0731 733.5
0 13 29 140.58 0.0318 698.2
0 13 26 126.31 0.0535 160.2
0 13 17 109.88 0.0785 606.4
0 13 29 107.60 0.0464 340.8
0 13 31 290.73 0.0702 58.5
0 13 20 73.22 0.0424 756.0
0 13 25 86.39 0.0345 794.8
0 13 19 47.62 0.0774 877.9
0 13 21 54.10 0.0488 736.6
0 13 18 85.98 0.0690 863.8
0 13 25 149.51 0.0209 309.1
0 13 15 714.34 0.0802 527.6
0 13 31 106.30 0.0525 797.7
0 13 33 459.76 0.0583 358.1
0 13 32 48.58 0.0850 176.0
0 13 30 95.15 0.0556 925.5
0 13 19 97.35 0.0261 936.8
0 13 15 416.45 0.0797 186.7
0 13 16 129.32 0.0207 883.0
0 13 26 141.08 0.0715 909.0
0 15 34 46.40 0.0402 750.0
0 15 19 237.65 0.0460 438.0
0 15 39 203.52 0.0425 188.9
0 15 20 61.22 0.0555 661.8
0 15 26 63.27 0.0826 835.2
0 15 38 128.89 0.0649 870.9
0 15 30 125.57 0.0623 132.1
0 15 27 78.03 0.0377 91.6
0 15 16 55.54 0.0567 738.7
0 15 23 96.80 0.0350 351.2
0 15 24 96.80 0.0704 843.2
0 15 21 398.75 0.1276 732.0
0 15 37 978.66 0.0546 240.3
0 15 26 171.49 0.0278 540.7
0 15 24 122.67 0.0897 86.2
0 15 15 206.75 0.0417 718.3
0 15 26 252.38 0.0790 105.7
0 15 14 47.37 0.1013 228.4
0 15 39 49.30 0.0741 737.6
0 15 14 1803.02 0.0466 893.8
0 15 29 154.08 0.0615 37.5
0 15 39 515.24 0.0621 462.1
0 15 39 86.06 0.0805 166.1
0 15 28 148.14 0.0318 879.2
0 15 23 54.03 0.0639 812.6
0 15 21 59.59 0.0241 337.0
0 15 45 321.15 0.0564 900.6
0 15 27 122.12 0.0388 437.1
0 15 45 61.25 0.1006 716.6
0 15 31 64.48 0.0799 24.8
0 15 32 70.95 0.1047 829.7
0 15 30 135.30 0.0697 514.9
0 15 37 56.63 0.0998 749.7
0 15 14 505.22 0.1684 809.7
0 15 23 47.33 0.0700 320.4
0 15 30 82.56 0.1007 898.5
0 15 26 91.78 0.0698 346.0
0 15 40 76.26 0.0691 668.0
0 15 19 74.26 0.0621 325.2
0 15 14 45.98 0.0713 306.5
0 15 46 123.76 0.0538 818.7
0 15 15 102.15 0.0461 342.2
0 15 22 59.86 0.0560 263.2
0 15 43 235.98 0.0502 943.9
0 15 24 69.57 0.0615 411.7
0 15 34 122.94 0.0502 84.4
0 15 17 141.38 0.0354 715.3
0 15 32 70.23 0.0439 226.6
0 15 21 86.39 0.0706 266.9
0 15 34 98.15 0.0392 691.9
0 15 32 298.26 0.0376 334.1
0 15 24 84.07 0.0764 913.4
0 15 24 97.58 0.0835 946.9
0 15 32 58.10 0.0654 785.2
0 15 18 60.35 0.1107 334.2
0 15 22 83.12 0.0480 96.2
0 15 21 55.47 0.0502 763.1
0 15 16 76.80 0.0430 901.8
0 15 28 140.03 0.0695 43.0
0 15 21 108.23 0.1354 323.7
0 15 32 101.51 0.0773 689.9
0 15 14 48.79 0.1487 836.7
0 15 26 46.45 0.0844 113.3
0 15 24 70.95 0.0831 468.7
0 15 40 96.94 0.0649 277.7
0 15 37 89.28 0.0843 448.9
0 15 39 52.23 0.0798 112.4
0 15 28 126.12 0.0264 365.4
0 15 30 71.56 0.0926 743.1
0 15 42 275.43 0.0649 297.9
0 15 41 184.30 0.0568 807.7
0 15 42 431.55 0.0593 809.8
0 15 32 82.28 0.0776 887.1
0 15 24 72.96 0.1118 729.8
0 15 28 103.09 0.0571 342.2
0 15 17 90.24 0.0771 753.3
0 15 13 115.71 0.0477 913.9
0 15 27 230.28 0.0516 420.2
0 15 35 66.38 0.0622 823.8
0 15 39 135.82 0.0564 498.0
0 15 15 100.31 0.1540 930.3
0 15 17 214.15 0.0798 916.2
0 15 30 132.90 0.0654 422.1
0 15 14 181.07 0.0539 575.3
0 15 21 75.55 0.0655 563.5
0 15 23 253.77 0.0425 157.8
0 15 15 49.42 0.0372 242.4
0 15 20 60.56 0.0878 311.2
0 15 37 111.14 0.0473 429.7
0 15 33 58.31 0.0728 362.3
0 15 41 65.37 0.0903 744.1
0 15 28 57.44 0.0947 201.9
0 15 32 559.80 0.0789 424.2
0 15 46 112.97 0.0653 494.4
0 15 29 46.36 0.0843 459.3
0 15 42 89.52 0.0650 209.3
0 15 25 136.50 0.0483 763.1
0 15 20 99.07 0.0818 97.0
0 15 22 58.14 0.0715 880.7
0 15 36 117.24 0.0665 220.7
0 15 14 46.76 0.0674 881.3
0 15 28 245.03 0.0328 757.8
0 15 15 120.73 0.0450 352.3
0 15 20 68.03 0.0386 837.8
0 15 19 92.87 0.0560 376.6
0 15 43 96.07 0.0726 168.5
0 15 17 83.16 0.0491 304.9
0 15 31 125.61 0.0608 535.8
0 15 36 271.82 0.0429 129.8
0 15 43 84.58 0.0835 783.6
0 15 29 50.04 0.0960 923.1
0 15 21 54.52 0.0541 38.2
0 15 20 93.88 0.0669 305.3
0 15 18 58.02 0.1270 879.2
0 15 22 83.95 0.0908 829.3
0 15 16 82.21 0.0208 283.3
0 15 27 93.07 0.0352 332.5
0 15 34 51.57 0.1011 394.7
0 15 28 75.52 0.0769 336.7
0 15 32 55.20 0.0901 657.4
0 15 28 52.84 0.0794 930.6
0 15 24 144.14 0.0305 910.5
0 15 22 70.83 0.0504 784.4
0 15 17 67.07 0.1291 514.5
0 15 17 92.60 0.0337 868.9
0 15 24 161.99 0.0463 21.8
0 15 19 823.10 0.0264 103.8
0 15 13 58.14 0.1222 885.3
0 15 14 59.19 0.0383 209.6
0 15 17 117.76 0.0284 490.9
0 15 46 154.38 0.0604 452.0
0 15 20 83.61 0.0720 390.6
0 15 42 158.13 0.0561 477.1
0 15 23 88.23 0.0452 512.7
0 15 20 93.52 0.0260 633.0
0 15 41 83.02 0.0647 752.5
0 15 14 47.32 0.0314 863.4
0 15 30 121.99 0.0210 362.1
0 15 18 46.47 0.0868 614.2
0 15 33 77.45 0.0759 921.9
0 15 28 97.18 0.0585 696.9
0 15 27 74.94 0.0531 458.8
0 15 21 60.36 0.0752 754.1
0 15 22 86.95 0.0404 671.7
0 15 16 168.12 0.0375 343.7
0 15 17 143.74 0.0384 502.5
0 15 23 45.75 0.0816 820.5
0 15 16 67.40 0.0789 809.7
0 15 26 65.92 0.1002 112.3
0 15 18 61.19 0.1549 838.8
0 15 34 65.93 0.1075 376.8
0 15 36 166.28 0.0581 292.1
0 15 19 74.73 0.0613 363.2
0 15 37 68.88 0.1133 358.9
0 15 30 124.73 0.0430 187.9
0 15 30 928.68 0.0608 392.9
0 15 20 102.80 0.0289 295.8
0 15 14 91.35 0.1056 669.3
0 15 20 48.27 0.0213 217.0
0 15 16 48.61 0.1053 409.2
0 15 18 64.47 0.1598 806.4
0 15 34 45.35 0.1189 398.3
0 15 13 104.33 0.1187 818.2
0 15 36 175.00 0.0316 810.3
0 15 38 83.26 0.0709 760.2
0 15 23 80.16 0.0513 772.3
0 15 15 84.32 0.0638 188.3
0 15 15 45.07 0.1004 849.5
0 15 33 89.33 0.0954 922.4
0 15 28 66.77 0.0746 252.5
0 15 24 160.70 0.0380 98.6
0 15 25 96.85 0.0516 172.7
0 15 30 66.40 0.0811 414.4
0 15 25 56.34 0.1200 947.6
0 15 17 56.06 0.0985 932.8
0 15 34 53.68 0.0883 344.4
0 15 15 51.54 0.0690 883.8
0 15 18 864.66 0.0310 689.8
0 15 14 329.73 0.1523 323.5
0 15 17 196.85 0.0392 225.9
0 15 14 106.34 0.0407 841.2
0 15 33 46.63 0.1098 628.2
0 15 27 120.94 0.0476 470.4
0 16 28 235.24 0.0438 537.5
0 16 35 110.79 0.0613 326.1
0 16 28 93.55 0.0695 145.3
0 16 24 78.70 0.0596 777.2
0 16 29 55.85 0.1190 561.4
0 16 40 177.15 0.0806 228.6
0 16 23 77.40 0.1002 229.5
0 16 41 135.50 0.0454 890.7
0 16 20 98.98 0.0567 304.8
0 16 22 119.24 0.0911 175.9
0 16 23 58.52 0.0898 45.7
0 16 32 45.80 0.1008 474.6
0 16 18 57.45 0.1036 566.3
0 16 15 319.73 0.1124 621.5
0 16 23 72.09 0.0684 231.9
0 16 34 70.02 0.0726 200.5
0 16 19 80.14 0.0605 75.6
0 16 40 59.23 0.0870 770.4
0 16 27 138.91 0.0730 592.3
0 16 17 199.68 0.0578 46.0
0 16 16 48.64 0.1051 915.3
0 16 19 62.94 0.0530 496.2
0 16 19 65.09 0.0799 610.1
0 16 16 122.18 0.0593 105.4
0 16 25 48.90 0.1240 160.6
0 16 15 57.20 0.0370 930.0
0 16 36 74.51 0.0923 830.7
0 16 35 136.92 0.0426 320.7
0 16 34 140.86 0.0563 155.0
0 16 22 47.98 0.0945 911.9
0 16 15 63.42 0.0913 295.1
0 16 17 56.13 0.0526 640.7
0 16 21 70.40 0.0394 172.4
0 16 16 63.92 0.0951 916.3
0 16 22 69.16 0.0410 305.8
0 16 39 173.21 0.0703 370.7
0 16 21 164.33 0.0525 922.1
0 16 21 78.53 0.1371 261.1
0 16 28 56.79 0.1168 229.9
0 16 24 76.62 0.0863 259.1
0 16 32 88.57 0.0933 236.4
0 16 41 103.29 0.0362 439.2
0 16 34 170.08 0.0503 117.8
0 16 33 88.19 0.0929 61.7
0 16 31 95.66 0.0778 71.8
0 16 34 252.84 0.0989 164.1
0 16 27 153.43 0.0653 270.4
0 16 26 432.04 0.0317 29.4
0 16 31 228.72 0.0476 491.6
0 16 29 98.50 0.0662 851.7
0 16 36 85.71 0.0627 337.0
0 16 17 60.12 0.0364 262.7
0 16 28 62.14 0.1085 241.0
0 16 25 45.96 0.0998 149.2
0 16 32 355.95 0.0625 330.8
0 16 38 49.10 0.1150 343.0
0 16 22 49.12 0.1248 204.4
0 16 22 70.04 0.0644 698.8
0 16 37 82.67 0.0853 479.1
0 16 22 101.60 0.0705 191.9
0 16 20 129.61 0.0558 280.6
0 16 39 123.89 0.0483 716.8
0 16 39 129.01 0.0434 486.6
0 16 26 47.21 0.0942 703.3
0 16 32 64.54 0.1131 117.0
0 16 16 288.21 0.0902 369.8
0 16 19 55.50 0.0535 565.2
0 16 21 50.63 0.1225 499.1
0 16 25 62.07 0.0811 874.6
0 16 36 85.43 0.0710 491.9
0 16 25 111.49 0.0739 453.7
0 16 30 112.16 0.0561 302.5
0 16 24 48.25 0.1091 247.2
0 16 21 131.27 0.0762 389.5
0 16 32 102.65 0.0576 264.6
0 16 16 133.54 0.0545 216.0
0 16 34 57.08 0.1005 842.3
0 16 22 860.11 0.1056 252.6
0 16 29 57.41 0.0924 512.3
0 16 16 47.35 0.1135 886.9
0 16 32 47.36 0.0834 410.2
0 16 22 75.22 0.0890 123.2
0 16 16 136.30 0.1302 187.5
0 16 42 221.19 0.0422 460.5
0 16 29 97.92 0.0615 255.9
0 16 36 57.02 0.0898 292.7
0 16 42 223.78 0.0603 518.6
0 16 38 171.03 0.0510 250.8
0 16 41 82.73 0.0631 774.7
0 16 32 48.82 0.0717 362.7
0 16 20 248.45 0.0249 480.7
0 16 30 166.78 0.0563 97.7
0 16 45 97.69 0.0890 657.3
0 16 29 53.61 0.0814 927.7
0 16 46 115.11 0.0635 251.7
0 16 20 51.72 0.0756 141.3
0 16 44 130.96 0.0473 933.6
0 16 35 93.75 0.0874 252.5
0 16 38 49.69 0.1014 363.7
0 16 34 50.15 0.0944 432.7
0 16 32 63.07 0.0668 634.3
0 16 22 142.21 0.0990 463.6
0 16 18 86.76 0.0405 438.2
0 16 36 175.78 0.0592 811.9
0 16 24 69.06 0.0572 588.1
0 16 35 92.17 0.0725 138.8
0 16 33 123.34 0.0922 222.7
0 16 30 114.42 0.0389 242.7
0 16 30 88.10 0.0805 478.5
0 16 15 80.58 0.0450 882.7
0 16 14 46.03 0.1515 159.3
0 16 17 65.39 0.0913 228.1
0 16 28 76.79 0.0508 912.8
0 16 17 90.14 0.0614 464.7
0 16 17 53.78 0.1073 186.8
0 16 22 67.71 0.1071 148.3
0 16 34 180.57 0.0505 507.8
0 16 32 162.36 0.0386 140.8
0 16 31 188.06 0.0641 222.4
0 16 20 106.82 0.0382 170.1
0 16 41 62.21 0.0839 473.6
0 16 39 68.39 0.0885 791.7
0 16 35 71.43 0.0896 217.7
0 16 24 2832.39 0.0385 478.4
0 16 36 149.03 0.0592 449.2
0 16 29 75.59 0.0593 285.7
0 16 31 50.12 0.0877 864.4
0 16 14 64.91 0.1293 258.5
0 16 21 52.51 0.0398 380.2
0 16 29 88.90 0.0621 95.3
0 16 42 120.68 0.0580 214.2
0 16 22 60.54 0.1423 905.3
0 16 19 83.50 0.0407 452.5
0 16 40 86.04 0.0750 198.9
0 16 18 153.28 0.0385 243.3
0 16 25 70.45 0.0599 597.7
0 16 23 141.79 0.0331 480.0
0 16 38 105.83 0.0486 668.9
0 16 39 50.63 0.1004 90.7
0 16 24 59.60 0.1526 799.0
0 16 16 113.59 0.0353 326.9
0 16 48 162.54 0.0745 400.7
0 16 41 187.46 0.0548 341.3
0 16 27 52.03 0.0822 191.7
0 16 20 105.24 0.0412 109.6
0 16 33 75.76 0.0290 667.5
0 16 20 47.39 0.1429 215.2
0 16 35 103.03 0.0591 387.9
0 16 28 67.37 0.0301 25.8
0 16 22 316.06 0.0286 14.8
0 16 27 119.10 0.0669 65.1
0 16 35 63.90 0.0642 763.6
0 16 35 172.30 0.0344 428.7
0 16 16 53.29 0.0335 106.5
0 16 29 79.41 0.0671 728.7
0 16 21 53.19 0.0765 184.1
0 16 21 122.16 0.0297 81.1
0 16 21 181.97 0.0361 931.9
0 16 17 129.82 0.0559 941.2
0 16 15 254.70 0.1518 129.8
0 16 17 125.40 0.1248 69.7
0 16 20 89.32 0.0541 876.0
0 16 14 128.76 0.0771 0.8
0 16 40 115.37 0.0618 103.8
0 16 22 93.11 0.0693 164.3
0 16 37 170.11 0.0540 576.6
0 16 17 50.59 0.0272 44.8
0 16 18 60.99 0.1053 719.3
0 16 30 181.46 0.0559 264.3
0 16 28 54.92 0.0885 240.0
0 16 19 55.20 0.1238 363.3
0 16 19 73.31 0.0650 452.2
0 16 17 45.98 0.0779 216.3
0 16 41 130.11 0.0588 257.6
0 16 17 53.61 0.0952 908.1
0 16 17 136.58 0.0284 90.6
0 16 18 82.76 0.0528 675.6
0 16 27 61.69 0.0780 846.3
0 16 17 101.28 0.0493 923.1
0 16 22 108.33 0.0755 116.5
0 16 14 45.91 0.1344 144.0
0 16 21 46.19 0.1142 144.5
0 16 25 65.57 0.0778 129.2
0 16 21 121.33 0.1145 281.2
0 16 27 266.04 0.0464 120.4
0 16 20 260.49 0.0545 162.2
0 16 15 90.22 0.0811 297.0
0 16 40 91.66 0.0987 353.2
0 16 21 85.49 0.0769 153.6
0 16 42 52.95 0.0937 173.7
0 16 15 149.50 0.0433 639.7
0 16 14 151.13 0.1319 926.1
0 18 29 76.07 0.0460 946.1
0 18 19 62.03 0.0957 932.1
0 18 35 57.44 0.0880 870.3
0 18 24 60.59 0.0822 540.8
0 18 20 85.11 0.1013 887.8
0 18 29 54.39 0.0825 539.5
0 18 29 92.91 0.1056 762.8
0 18 38 85.60 0.0674 302.4
0 18 32 136.05 0.0834 897.6
0 18 15 94.06 0.1029 928.3
0 18 16 61.73 0.1648 867.4
0 18 16 92.06 0.0518 216.2
0 18 24 88.53 0.0304 176.8
0 18 29 159.58 0.0410 674.0
0 18 17 62.80 0.0983 919.5
0 18 39 89.83 0.0638 7.3
0 18 33 182.77 0.0325 821.0
0 18 16 49.48 0.0291 619.7
0 18 15 189.96 0.0199 158.6
0 18 34 159.76 0.0516 47.7
0 18 40 102.01 0.0886 890.8
0 18 21 56.84 0.0823 786.2
0 18 17 121.56 0.0540 226.9
0 18 28 77.57 0.0759 737.2
0 18 35 84.36 0.0735 98.6
0 18 29 83.61 0.0426 340.1
0 18 30 53.12 0.0955 727.6
0 18 20 230.08 0.0352 305.4
0 18 43 71.71 0.0770 20.5
0 18 20 101.01 0.0258 17.9
0 18 22 85.17 0.0261 885.2
0 18 34 75.34 0.0794 710.8
0 18 33 143.12 0.0526 112.9
0 18 34 169.43 0.0457 656.6
0 18 28 186.61 0.0379 240.8
0 18 25 56.82 0.0761 97.8
0 18 15 113.70 0.0340 503.0
0 18 19 100.77 0.0196 109.1
0 18 26 132.06 0.0447 695.6
0 18 29 48.69 0.1213 773.3
0 18 14 231.36 0.1505 32.4
0 18 40 123.27 0.0713 587.0
0 18 39 53.98 0.0936 873.3
0 18 41 55.56 0.0861 676.0
0 18 14 101.17 0.1113 812.8
0 18 29 421.01 0.0349 674.3
0 18 19 50.39 0.1208 293.0
0 18 14 46.73 0.0804 248.3
0 18 19 82.83 0.0249 330.0
0 18 17 46.29 0.0355 764.2
0 18 35 106.54 0.0637 326.9
0 18 13 278.95 0.1124 46.2
0 18 31 46.90 0.0600 212.3
0 18 40 66.42 0.0548 11.9
0 18 34 122.63 0.0705 625.9
0 18 17 53.34 0.0677 635.0
0 18 32 175.96 0.0504 433.3
0 18 28 161.18 0.0350 343.5
0 18 37 108.22 0.0721 730.2
0 18 42 71.44 0.0688 272.2
0 18 24 142.05 0.0227 174.6
0 18 14 91.34 0.0251 941.2
0 18 41 231.23 0.0508 892.6
0 18 34 58.89 0.1172 806.6
0 18 24 56.27 0.0977 444.2
0 18 22 67.33 0.0595 165.0
0 18 23 48.97 0.0793 178.0
0 18 18 144.45 0.1162 211.8
0 18 19 94.98 0.0371 742.2
0 18 16 50.48 0.1119 838.8
0 18 39 93.84 0.0909 56.6
0 18 30 68.43 0.0862 431.1
0 18 20 60.78 0.1034 922.0
0 18 41 119.07 0.0620 508.7
0 18 16 103.83 0.0281 806.6
0 18 13 153.34 0.0420 222.3
0 18 30 142.54 0.0385 298.7
0 18 13 308.10 0.0195 641.3
0 18 16 56.39 0.0511 177.0
0 18 47 87.84 0.0722 829.2
0 18 18 51.65 0.1058 351.8
0 18 13 50.49 0.0750 922.3
0 18 17 59.59 0.1153 353.6
0 18 31 69.37 0.0709 631.9
0 18 16 80.88 0.0362 452.8
0 18 31 147.53 0.0385 810.2
0 18 41 138.34 0.0457 686.0
0 18 16 205.08 0.0288 128.1
0 18 23 52.84 0.0691 806.5
0 18 41 185.88 0.0751 857.2
0 18 24 94.20 0.0976 120.6
0 18 28 182.43 0.0570 793.2
0 18 46 223.78 0.0600 364.6
0 18 18 104.75 0.0836 26.8
0 18 44 145.64 0.0554 67.3
0 18 30 54.71 0.0734 549.3
0 18 14 83.75 0.1060 890.1
0 18 35 70.28 0.0734 867.7
0 18 31 77.98 0.0578 897.3
0 18 28 70.94 0.0927 636.8
0 18 37 75.93 0.0752 217.5
0 18 22 233.59 0.0312 472.3
0 18 27 82.26 0.0475 118.9
0 18 38 157.94 0.0380 30.1
0 18 40 75.02 0.0986 680.1
0 18 41 170.49 0.0546 556.3
0 18 15 601.72 0.0873 937.0
0 18 36 86.24 0.0723 160.2
0 18 32 78.86 0.0693 343.4
0 18 37 90.21 0.0896 540.8
0 18 17 102.08 0.0419 437.6
0 18 23 189.68 0.0336 169.9
0 18 17 92.62 0.0341 428.0
0 18 28 93.78 0.0478 903.0
0 18 36 186.46 0.0594 314.3
0 18 32 58.52 0.1003 822.0
0 18 39 101.55 0.0402 113.2
0 18 18 117.19 0.0581 854.3
0 18 23 74.59 0.0601 486.9
0 18 36 74.09 0.0865 118.5
0 18 16 89.73 0.0288 552.2
0 18 21 48.08 0.0732 689.4
0 18 26 62.97 0.0900 704.3
0 18 19 57.50 0.0773 935.1
0 18 32 330.94 0.0544 781.6
0 18 36 400.95 0.0380 187.7
0 18 33 70.26 0.0634 336.8
0 18 16 205.11 0.0688 733.9
0 18 32 134.88 0.0505 236.6
0 18 31 668.54 0.0465 155.9
0 18 14 158.42 0.0197 693.9
0 18 37 76.52 0.0550 494.8
0 18 16 201.39 0.0409 729.3
0 18 29 269.94 0.0447 691.8
0 18 35 171.59 0.0472 807.2
0 18 19 332.72 0.0498 948.9
0 18 28 95.78 0.0512 173.6
0 18 20 56.57 0.1025 229.8
0 18 13 46.61 0.1016 184.2
0 18 25 54.94 0.1223 243.3
0 18 32 62.07 0.0902 754.2
0 18 25 112.64 0.0520 207.6
0 18 29 55.39 0.0994 153.3
0 18 32 141.22 0.0528 106.1
0 18 42 70.50 0.0940 928.6
0 18 40 72.77 0.0829 371.5
0 18 40 153.29 0.0460 16.3
0 18 28 336.02 0.0890 240.0
0 18 41 396.04 0.0619 36.7
0 18 17 54.51 0.0982 667.7
0 18 18 48.99 0.1535 164.3
0 18 34 98.50 0.0761 879.5
0 18 24 244.00 0.0667 62.5
0 18 31 58.33 0.1207 274.8
0 18 20 162.60 0.0373 632.8
0 18 40 54.79 0.0827 142.3
0 18 30 67.36 0.0857 922.3
0 18 30 82.53 0.0405 164.0
0 18 34 101.19 0.0390 712.7
0 18 29 161.72 0.0507 716.7
0 18 25 106.54 0.0599 171.3
0 18 26 181.64 0.0635 826.3
0 18 39 96.17 0.0836 157.8
0 18 13 89.91 0.1665 188.9
0 18 30 86.55 0.0698 636.6
0 18 21 376.30 0.1052 47.2
0 18 32 56.51 0.0968 890.6
0 18 45 93.36 0.0727 718.0
0 18 23 280.36 0.0350 39.5
0 18 43 233.32 0.0643 348.3
0 18 24 97.27 0.0366 864.8
0 18 41 51.10 0.0892 789.3
0 18 41 81.22 0.0521 296.6
0 18 29 105.95 0.0544 779.7
0 18 15 63.36 0.0799 855.9
0 18 32 62.29 0.1127 273.5
0 18 31 56.63 0.0905 847.7
0 18 37 89.31 0.0446 659.3
0 18 16 1492.85 0.0291 866.6
0 18 33 99.85 0.0377 728.7
0 18 19 333.78 0.0459 912.7
0 18 26 49.82 0.0858 663.9
0 18 43 71.48 0.0696 28.0
0 18 36 107.56 0.0756 199.1
0 18 36 329.22 0.0429 210.2
0 18 20 67.17 0.0533 325.4
0 18 22 49.12 0.1442 661.3
0 18 18 876.42 0.0463 195.4
0 18 20 55.97 0.1235 811.1
0 18 25 58.94 0.0996 746.3
0 18 17 139.39 0.0736 840.8
0 18 16 364.12 0.0135 828.4
0 18 30 153.45 0.0743 863.6
0 18 34 134.25 0.0424 666.6
0 18 16 53.39 0.0748 790.0
0 18 19 156.17 0.0949 160.8
0 18 30 140.66 0.0361 195.1
0 18 18 72.34 0.0902 557.4
0 18 24 57.46 0.1026 846.8
0 18 14 98.63 0.0418 234.5
0 18 24 51.60 0.0424 174.2
0 18 26 84.26 0.0541 653.7
0 18 15 315.59 0.1481 905.5
0 18 25 138.72 0.0266 662.5
0 18 16 104.32 0.0114 851.8
0 18 19 61.57 0.0539 300.1
0 18 29 136.23 0.0630 894.9
0 18 24 161.34 0.0363 661.8
0 18 18 233.78 0.0825 708.9
0 18 24 72.59 0.0361 710.5
0 18 21 304.27 0.0519 910.3
0 18 41 66.67 0.0856 104.0
0 18 14 50.28 0.0319 873.6
0 18 19 60.72 0.0360 630.3
0 18 16 45.19 0.0964 626.9
0 18 21 79.91 0.0496 128.9
0 18 14 120.81 0.0917 736.7
0 18 14 979.88 0.1066 745.8
0 18 37 113.26 0.0603 878.5
0 18 23 255.14 0.0718 313.4
0 18 18 266.79 0.1313 326.5
0 18 22 142.65 0.0398 358.6
0 18 20 161.63 0.0483 550.8
0 18 23 84.44 0.0911 161.2
0 18 18 66.26 0.0855 625.0
0 18 18 115.67 0.0271 614.6
0 18 29 45.09 0.0992 789.7
0 18 14 77.89 0.0747 614.7
0 18 19 53.96 0.0436 475.1
0 18 13 102.97 0.0978 731.0
0 18 24 52.71 0.1298 264.3
0 18 14 139.91 0.1325 535.9
0 18 18 156.26 0.0544 228.1
0 18 16 51.84 0.0771 919.2
0 20 24 52.62 0.0619 69.8
0 20 35 84.86 0.0806 505.3
0 20 39 114.37 0.0402 742.8
0 20 44 105.86 0.0623 65.0
0 20 27 143.77 0.0469 18.1
0 20 22 52.32 0.0935 128.3
0 20 29 93.01 0.0690 928.2
0 20 18 719.99 0.0319 483.5
0 20 31 144.15 0.0746 16.9
0 20 16 76.54 0.0305 692.6
0 20 30 189.94 0.0508 592.4
0 20 21 91.70 0.0322 337.4
0 20 18 100.92 0.0709 72.7
0 20 21 116.56 0.0391 851.5
0 20 45 209.69 0.0609 182.1
0 20 33 245.07 0.0703 919.8
0 20 33 134.08 0.0387 869.0
0 20 17 158.96 0.0401 82.8
0 20 22 61.35 0.0206 63.1
0 20 25 306.06 0.0502 809.3
0 20 14 150.72 0.0305 878.0
0 20 17 379.91 0.0294 940.8
0 20 22 62.78 0.0768 195.6
0 20 44 271.01 0.0692 148.5
0 20 29 88.85 0.0906 181.7
0 20 14 410.31 0.1535 175.5
0 20 23 77.84 0.0338 784.9
0 20 20 462.39 0.1348 104.4
0 20 18 925.51 0.1427 147.8
0 20 42 68.97 0.0693 95.4
0 20 33 132.82 0.0422 319.0
0 20 15 50.34 0.1237 190.1
0 20 14 115.97 0.1002 165.8
0 20 23 264.30 0.0432 119.5
0 20 43 355.16 0.0533 420.5
0 20 41 176.54 0.0389 903.3
0 20 36 53.80 0.0971 278.8
0 20 29 69.67 0.0512 872.3
0 20 20 125.53 0.0560 777.4
0 20 25 151.83 0.0464 816.8
0 20 19 94.40 0.0260 368.9
0 20 33 87.82 0.0423 948.2
0 20 16 714.49 0.1391 149.9
0 20 17 79.50 0.0307 882.1
0 20 14 314.24 0.0551 797.0
0 20 14 148.78 0.0334 812.6
0 20 34 88.02 0.1345 202.0
0 20 34 48.84 0.1106 905.3
0 20 31 87.80 0.0660 485.5
0 20 32 46.93 0.1129 718.8
0 20 19 124.17 0.0253 539.2
0 20 19 88.43 0.0904 807.3
0 20 16 58.35 0.0213 487.3
0 20 23 94.93 0.0282 515.6
0 20 34 245.94 0.0564 340.2
0 20 31 111.83 0.0559 815.6
0 20 13 67.10 0.0347 356.7
0 20 34 57.45 0.0949 701.7
0 20 24 591.64 0.1101 488.1
0 20 18 138.67 0.1098 404.3
0 20 38 550.50 0.0546 219.4
0 20 18 82.48 0.1369 499.2
0 20 23 114.95 0.0425 823.9
0 20 31 77.06 0.0784 380.1
0 20 26 50.30 0.1154 401.6
0 20 23 63.39 0.0376 621.5
0 20 31 81.42 0.0715 109.1
0 20 38 137.37 0.0617 197.8
0 20 27 119.97 0.0439 818.3
0 20 19 115.88 0.0655 859.4
0 20 36 81.65 0.0619 427.6
0 20 23 65.73 0.1324 88.8
0 20 29 74.90 0.0858 611.2
0 20 26 76.54 0.0715 11.4
0 20 30 56.56 0.1091 98.2
0 20 25 206.56 0.0844 281.8
0 20 19 64.39 0.1038 282.9
0 20 31 68.39 0.0911 728.3
0 20 23 97.95 0.0538 798.4
0 20 23 283.62 0.0294 369.5
0 20 20 115.20 0.0577 387.6
0 20 22 109.42 0.0707 174.7
0 20 27 252.65 0.1208 277.9
0 20 19 263.92 0.0859 881.7
0 20 28 69.94 0.0793 888.8
0 20 27 129.65 0.0324 206.1
0 20 27 257.57 0.0684 744.0
0 20 20 389.14 0.0754 215.9
0 20 41 134.06 0.0609 187.7
0 20 23 127.55 0.0543 649.8
0 20 17 263.50 0.1106 299.9
0 20 27 121.61 0.0525 516.0
0 20 34 65.35 0.0897 918.1
0 20 35 58.51 0.1031 743.1
0 20 24 64.02 0.0571 170.1
0 20 42 93.71 0.0829 741.4
0 20 42 53.14 0.1076 478.7
0 20 21 227.83 0.0305 737.0
0 20 15 73.54 0.0411 211.6
0 20 33 190.75 0.0497 82.5
0 20 18 219.30 0.0335 358.7
0 20 36 53.56 0.1171 306.4
0 20 17 131.54 0.0646 283.8
0 20 31 67.08 0.0601 188.6
0 20 26 108.70 0.0431 932.0
0 20 16 185.43 0.0389 650.9
0 20 19 90.72 0.0776 119.7
0 20 23 86.82 0.0652 734.2
0 20 33 139.35 0.0609 346.6
0 20 32 139.91 0.0412 757.8
0 20 22 76.96 0.0530 700.3
0 20 33 84.76 0.0563 879.3
0 20 14 79.57 0.1188 366.5
0 20 34 52.36 0.1229 792.1
0 20 16 528.07 0.0298 838.3
0 20 28 77.50 0.0686 370.2
0 20 22 98.70 0.0356 492.0
0 20 20 133.47 0.0420 843.6
0 20 17 82.18 0.0413 12.5
0 20 18 65.66 0.0491 660.1
0 20 33 111.37 0.0754 909.7
0 20 19 51.66 0.1059 754.3
0 20 39 77.45 0.0720 196.2
0 20 36 55.40 0.1001 781.4
0 20 39 143.80 0.0564 623.9
0 20 19 51.84 0.0283 835.9
0 20 21 45.01 0.0681 314.0
0 20 36 190.08 0.0522 540.0
0 20 34 63.95 0.1138 926.7
0 20 36 125.96 0.0566 847.3
0 20 47 102.95 0.0473 135.5
0 20 23 93.93 0.0447 409.9
0 20 44 181.74 0.0440 276.0
0 20 40 214.10 0.0393 696.0
0 20 14 288.30 0.0506 680.6
0 20 15 61.71 0.0291 857.7
0 20 29 108.30 0.0482 892.3
0 20 24 1525.82 0.0268 776.3
0 20 27 190.61 0.0360 23.7
0 20 29 158.52 0.0553 877.0
0 20 30 58.93 0.0940 811.8
0 20 33 91.78 0.0850 941.8
0 20 28 125.55 0.0455 888.8
0 20 32 52.38 0.1210 449.8
0 20 24 60.06 0.0871 247.7
0 20 18 61.55 0.0268 709.5
0 20 27 45.57 0.1074 718.9
0 20 39 132.89 0.0392 591.7
0 20 34 84.97 0.0687 118.4
0 20 23 77.41 0.0798 742.7
0 20 20 62.42 0.0466 608.6
0 20 25 226.30 0.0371 816.3
0 20 35 182.15 0.0597 321.3
0 20 24 94.31 0.0518 127.9
0 20 19 161.31 0.0474 191.6
0 20 21 434.78 0.0238 881.7
0 20 23 105.96 0.0507 142.2
0 20 18 45.03 0.1148 645.6
0 20 18 63.57 0.0357 884.2
0 20 17 107.50 0.0543 861.9
0 20 28 51.43 0.1078 59.3
0 20 35 140.28 0.0542 71.5
0 20 33 86.39 0.0769 388.8
0 20 33 74.51 0.0998 739.9
0 20 36 98.50 0.0660 766.4
0 20 20 71.85 0.0500 37.7
0 20 24 81.72 0.1091 901.3
0 20 25 139.65 0.0504 318.7
0 20 29 407.62 0.0471 457.2
0 20 25 222.92 0.0648 881.4
0 20 45 194.16 0.0526 195.4
0 20 28 115.93 0.0583 797.6
0 20 35 48.77 0.0643 46.3
0 20 19 123.65 0.0980 791.5
0 20 29 51.43 0.1211 297.2
0 20 30 156.20 0.0997 882.6
0 20 48 290.51 0.0332 503.9
0 20 38 120.02 0.0468 263.9
0 20 43 168.27 0.0642 871.7
0 20 39 205.07 0.0525 158.1
0 20 27 72.32 0.0730 18.9
0 20 30 110.64 0.0686 115.7
0 20 23 240.63 0.0452 940.5
0 20 26 72.15 0.0245 105.6
0 20 24 802.52 0.0333 726.8
0 20 19 107.03 0.0409 916.4
0 20 17 74.37 0.0397 932.0
0 20 15 163.63 0.0754 860.8
0 20 24 491.20 0.0608 163.5
0 20 22 111.39 0.0507 907.5
0 20 16 121.96 0.0352 108.1
0 20 25 71.38 0.0961 815.9
0 20 18 317.54 0.0267 302.5
0 20 17 55.55 0.1068 914.5
0 20 25 108.31 0.0783 442.0
0 20 16 154.86 0.0965 452.6
0 20 42 197.39 0.0349 186.6
0 20 29 132.73 0.0334 176.6
0 20 16 176.23 0.0378 484.9
0 20 45 170.36 0.0396 300.3
0 20 28 386.90 0.0303 922.9
0 20 35 66.05 0.0870 144.3
0 20 31 63.05 0.0776 702.6
0 20 32 66.33 0.0865 335.8
0 20 38 70.88 0.0722 659.0
0 20 13 62.86 0.1451 376.7
0 20 36 56.05 0.0880 271.6
0 20 26 47.03 0.1080 727.3
0 20 28 72.94 0.0912 446.3
0 20 20 47.08 0.0830 486.3
0 20 15 67.51 0.0803 133.7
0 20 14 111.87 0.0377 147.8
0 20 13 56.58 0.0513 644.0
0 20 14 113.24 0.0451 948.6
0 20 13 65.01 0.1027 293.7
0 20 21 55.40 0.0807 400.6
0 20 15 117.22 0.0815 44.9
0 20 25 150.95 0.0685 906.0
0 20 18 322.26 0.0487 355.0
0 20 16 56.82 0.0370 39.2
0 20 17 84.66 0.0416 947.6
0 20 16 73.40 0.0308 464.9
0 20 16 91.03 0.0750 929.2
0 20 17 68.90 0.1376 250.7
0 20 13 188.20 0.0637 878.1
0 20 14 63.67 0.0212 476.9
0 20 19 173.95 0.0288 48.2
0 20 17 92.70 0.1111 128.3
0 20 18 109.37 0.0259 782.1
0 20 24 58.52 0.0943 9.2
0 20 18 751.99 0.1008 946.0
0 20 29 819.53 0.0331 83.8
0 20 26 64.17 0.0278 849.5
0 20 24 45.38 0.0280 341.8
0 20 26 129.35 0.0484 522.3
0 20 13 120.54 0.0986 858.7
0 20 16 166.61 0.0508 178.5
0 20 14 49.28 0.1073 925.6
0 20 18 67.90 0.0951 43.2
0 21 36 78.42 0.0711 70.0
0 21 42 82.29 0.0773 391.5
0 21 34 68.13 0.0765 921.7
0 21 27 454.52 0.1023 739.7
0 21 34 191.72 0.0696 606.6
0 21 28 199.33 0.0566 896.5
0 21 21 52.56 0.1211 686.8
0 21 28 117.92 0.0663 360.0
0 21 38 67.53 0.0631 732.6
0 21 28 113.02 0.0617 563.2
0 21 33 74.52 0.0787 576.6
0 21 38 214.19 0.0507 626.8
0 21 21 115.31 0.0487 823.8
0 21 34 54.63 0.0863 788.7
0 21 18 102.45 0.0611 163.4
0 21 16 152.02 0.0657 822.8
0 21 32 136.59 0.0685 917.3
0 21 25 85.52 0.0670 784.7
0 21 20 347.04 0.1178 919.3
0 21 26 55.14 0.0470 413.3
0 21 34 163.77 0.0437 500.3
0 21 14 55.35 0.1269 345.3
0 21 21 55.76 0.1329 669.3
0 21 26 142.65 0.0645 659.4
0 21 40 2213.58 0.0671 301.6
0 21 24 337.12 0.0418 320.7
0 21 34 131.83 0.0446 215.6
0 21 14 329.53 0.0973 510.9
0 21 45 80.55 0.0588 279.7
0 21 23 226.82 0.1539 468.3
0 21 36 77.78 0.0936 285.3
0 21 24 79.12 0.1120 926.3
0 21 40 113.25 0.0517 198.1
0 21 26 268.73 0.0438 259.5
0 21 35 187.84 0.0443 226.5
0 21 15 70.96 0.1426 483.7
0 21 34 87.90 0.0478 910.6
0 21 38 85.84 0.0927 884.1
0 21 24 47.92 0.1011 328.7
0 21 32 610.57 0.0624 262.2
0 21 28 119.75 0.0661 29.8
0 21 19 106.98 0.0312 240.0
0 21 18 54.59 0.0593 502.0
0 21 24 87.65 0.0489 25.1
0 21 27 2251.76 0.0382 677.6
0 21 30 156.27 0.0743 399.4
0 21 31 92.96 0.0800 706.4
0 21 47 72.33 0.0760 764.7
0 21 30 231.65 0.0311 523.7
0 21 25 197.12 0.0339 195.9
0 21 40 129.39 0.0817 185.6
0 21 25 80.20 0.0361 243.5
0 21 40 194.93 0.0732 807.3
0 21 15 84.01 0.0554 502.7
0 21 34 96.97 0.0539 669.2
0 21 42 53.96 0.0879 306.6
0 21 37 88.90 0.0745 774.6
0 21 23 75.02 0.0636 351.6
0 21 20 45.44 0.0659 244.7
0 21 28 527.95 0.0318 404.3
0 21 34 73.39 0.0696 708.3
0 21 37 112.03 0.0537 675.3
0 21 29 103.26 0.0739 197.1
0 21 32 88.66 0.0422 363.8
0 21 24 65.29 0.0724 779.5
0 21 33 132.60 0.0533 711.6
0 21 33 72.72 0.0884 60.8
0 21 31 142.99 0.0475 95.7
0 21 43 190.48 0.0502 398.4
0 21 32 259.99 0.0432 13.5
0 21 31 1958.15 0.0267 867.0
0 21 42 62.33 0.0816 61.0
0 21 36 81.82 0.0584 555.9
0 21 17 51.71 0.0452 669.2
0 21 18 70.16 0.0310 708.1
0 21 37 243.52 0.0363 450.7
0 21 34 53.27 0.0808 230.4
0 21 35 59.12 0.0988 679.5
0 21 19 87.12 0.0992 655.4
0 21 34 85.98 0.0933 685.4
0 21 33 130.92 0.0519 505.5
0 21 18 73.34 0.1046 843.3
0 21 32 110.39 0.0437 446.3
0 21 19 78.69 0.0503 184.4
0 21 20 171.94 0.0403 427.5
0 21 31 51.31 0.0976 692.9
0 21 16 124.77 0.0861 602.7
0 21 22 105.90 0.0459 643.6
0 21 30 96.88 0.0715 249.7
0 21 33 86.57 0.0841 177.7
0 21 42 153.07 0.0824 139.4
0 21 26 104.89 0.0330 315.9
0 21 14 122.20 0.1309 920.6
0 21 15 108.31 0.0991 632.6
0 21 23 247.74 0.0488 117.5
0 21 20 241.26 0.0461 223.1
0 21 38 203.04 0.0800 160.3
0 21 23 744.65 0.0683 719.8
0 21 37 118.60 0.0703 490.3
0 21 27 79.07 0.0456 442.8
0 21 15 126.75 0.0750 519.3
0 21 32 54.24 0.0909 124.4
0 21 27 48.67 0.0867 421.3
0 21 21 76.36 0.0954 223.5
0 21 19 114.50 0.0794 500.8
0 21 30 93.34 0.0446 357.1
0 21 27 340.40 0.0909 804.6
0 21 37 79.29 0.0530 601.0
0 21 14 63.43 0.1136 198.8
0 21 18 224.16 0.1131 134.5
0 21 23 106.88 0.0264 680.0
0 21 30 352.24 0.0453 62.6
0 21 30 94.93 0.0256 560.4
0 21 18 283.33 0.0448 472.9
0 21 40 210.69 0.0357 689.7
0 21 43 91.14 0.0534 772.0
0 21 31 168.16 0.0431 694.7
0 21 22 148.81 0.1122 164.5
0 21 23 91.42 0.0898 817.4
0 21 29 115.36 0.0783 403.1
0 21 27 65.98 0.0724 2.1
0 21 25 301.45 0.0412 792.5
0 21 28 75.54 0.1017 156.2
0 21 21 567.78 0.1280 60.7
0 21 38 115.07 0.0364 358.5
0 21 15 52.46 0.0905 394.3
0 21 35 268.56 0.0482 792.3
0 21 25 75.79 0.0409 354.5
0 21 38 215.41 0.0558 663.9
0 21 39 878.03 0.0402 856.9
0 21 18 151.66 0.1003 83.7
0 21 21 126.93 0.0227 17.6
0 21 24 197.42 0.0888 497.8
0 21 18 147.05 0.1406 495.6
0 21 37 140.06 0.0462 697.0
0 21 16 71.41 0.1165 877.5
0 21 36 65.44 0.0778 651.0
0 21 26 49.79 0.0670 33.6
0 21 17 79.13 0.0984 774.2
0 21 27 56.57 0.0760 570.2
0 21 27 112.26 0.0505 694.1
0 21 13 55.08 0.1371 655.6
0 21 20 97.48 0.0359 105.4
0 21 16 49.13 0.0502 638.3
0 21 28 53.32 0.1145 91.4
0 21 20 50.93 0.0862 526.2
0 21 36 160.77 0.0442 880.1
0 21 13 52.14 0.1458 483.3
0 21 39 62.58 0.0572 901.7
0 21 17 80.37 0.0384 55.4
0 21 18 51.00 0.0300 818.2
0 21 14 313.19 0.1645 464.3
0 21 17 66.88 0.0844 683.6
0 21 17 97.40 0.0784 715.6
0 21 25 165.13 0.0326 521.8
0 21 16 60.41 0.1126 263.9
0 21 17 48.55 0.1198 184.3
0 21 35 191.36 0.0553 240.7
0 21 18 118.89 0.1007 383.8
0 21 17 74.64 0.0288 656.0
0 21 27 53.18 0.0486 836.4
0 21 42 165.58 0.0557 262.6
0 21 16 100.96 0.0875 822.8
0 21 27 72.36 0.0641 627.6
0 21 17 501.90 0.0626 142.5
0 21 27 155.63 0.0527 763.6
0 22 15 95.91 0.1119 483.5
0 22 29 248.61 0.0457 664.5
0 22 42 183.54 0.0661 637.5
0 22 21 125.15 0.0879 666.6
0 22 14 65.36 0.1006 810.0
0 22 32 469.81 0.0431 179.9
0 22 41 86.19 0.0626 287.4
0 22 37 67.28 0.0846 281.3
0 22 33 106.29 0.0597 875.3
0 22 40 78.26 0.0593 577.2
0 22 33 51.59 0.1029 81.8
0 22 14 97.20 0.1313 663.8
0 22 43 80.62 0.0721 739.2
0 22 25 104.30 0.0360 449.7
0 22 40 115.18 0.0511 130.8
0 22 35 95.04 0.0379 27.2
0 22 13 148.59 0.1669 113.2
0 22 38 58.86 0.0937 543.1
0 22 17 45.74 0.0473 62.9
0 22 40 74.32 0.0762 231.5
0 22 28 126.88 0.0678 73.6
0 22 27 69.45 0.1075 747.2
0 22 42 98.90 0.0687 63.9
0 22 41 122.48 0.0816 753.5
0 22 24 58.19 0.0732 125.9
0 22 20 61.52 0.0651 209.5
0 22 38 80.52 0.0651 817.9
0 22 16 52.25 0.0919 935.9
0 22 34 53.37 0.0824 951.8
0 22 43 45.43 0.0905 643.3
0 22 38 52.15 0.0897 804.3
0 22 14 165.48 0.0883 678.3
0 22 18 101.22 0.0622 671.8
0 22 23 82.40 0.0564 835.5
0 22 20 156.38 0.0314 98.3
0 22 24 118.78 0.0350 232.8
0 22 18 433.67 0.1008 806.7
0 22 42 108.00 0.0551 809.9
0 22 24 49.99 0.0861 133.4
0 22 34 65.52 0.0919 517.2
0 22 25 106.52 0.0630 185.5
0 22 44 100.96 0.0459 562.5
0 22 16 60.66 0.0828 151.2
0 22 15 46.67 0.0935 365.3
0 22 18 60.22 0.1099 933.3
0 22 16 45.60 0.1141 106.7
0 22 44 201.57 0.0459 107.1
0 22 23 51.30 0.0985 346.9
0 22 33 51.48 0.1220 181.4
0 22 32 181.13 0.0575 823.8
0 22 38 67.39 0.1140 199.6
0 22 16 124.91 0.1208 483.2
0 22 29 182.83 0.0272 480.7
0 22 20 424.00 0.0662 203.7
0 22 41 58.12 0.0983 240.3
0 22 20 151.47 0.0930 696.3
0 22 29 67.78 0.0756 532.8
0 22 31 194.70 0.0700 671.7
0 22 31 54.92 0.0841 64.3
0 22 44 81.06 0.0746 162.7
0 22 26 73.58 0.0704 222.0
0 22 47 220.13 0.0602 783.5
0 22 19 98.38 0.0542 135.0
0 22 27 89.51 0.0672 336.0
0 22 15 109.22 0.0662 780.0
0 22 25 84.41 0.0638 198.8
0 22 28 82.24 0.0413 215.3
0 22 18 133.81 0.0666 456.1
0 22 36 132.85 0.0697 167.8
0 22 37 54.89 0.0775 560.8
0 22 37 136.94 0.0498 790.1
0 22 34 68.12 0.0471 356.6
0 22 27 86.86 0.0562 888.1
0 22 21 252.68 0.0428 520.4
0 22 22 237.49 0.0657 919.3
0 22 25 92.52 0.0648 231.3
0 22 34 84.17 0.0459 917.7
0 22 40 129.17 0.0556 554.6
0 22 19 58.27 0.0723 508.2
0 22 28 225.55 0.0328 179.6
0 22 36 109.93 0.0459 539.6
0 22 36 70.02 0.0929 139.8
0 22 18 228.84 0.0397 752.0
0 22 39 107.62 0.0605 240.7
0 22 14 66.88 0.1112 895.4
0 22 40 86.45 0.0702 509.1
0 22 44 88.58 0.0944 935.7
0 22 36 333.43 0.0467 655.9
0 22 19 150.37 0.0647 669.8
0 22 17 68.04 0.0439 516.2
0 22 20 67.87 0.0505 824.3
0 22 13 69.51 0.1361 799.8
0 22 42 95.03 0.0635 118.5
0 22 18 62.80 0.0338 591.7
0 22 16 100.21 0.0319 821.2
0 22 19 64.68 0.0903 92.4
0 22 37 64.07 0.0748 205.2
0 22 42 83.75 0.0563 837.8
0 22 46 239.07 0.0351 145.2
0 22 14 186.92 0.1205 766.6
0 22 22 64.09 0.1278 558.5
0 22 21 262.35 0.1191 604.0
0 22 35 88.82 0.0773 625.1
0 22 25 120.38 0.0524 698.2
0 22 21 79.39 0.1096 710.3
0 22 25 50.71 0.1325 870.5
0 22 40 222.07 0.0433 226.0
0 22 35 150.47 0.0532 692.7
0 22 17 67.01 0.0903 30.6
0 22 37 66.38 0.0754 534.2
0 22 22 74.32 0.0826 718.8
0 22 40 84.70 0.0781 238.3
0 22 19 66.50 0.0390 699.5
0 22 23 103.81 0.1135 614.5
0 22 31 61.35 0.1051 508.3
0 22 36 74.27 0.0757 104.5
0 22 14 67.31 0.0220 790.5
0 22 19 52.87 0.0757 561.3
0 22 18 87.57 0.0610 557.2
0 22 38 174.95 0.0475 782.7
0 22 14 404.26 0.0377 307.7
0 22 20 143.50 0.0465 330.2
0 22 32 45.30 0.1004 147.2
0 22 15 155.84 0.0582 101.3
0 22 20 184.90 0.0909 546.8
0 22 23 251.22 0.0431 620.0
0 22 19 56.98 0.0789 795.0
0 22 15 86.54 0.0476 202.9
0 22 21 68.47 0.0947 32.7
0 22 25 66.95 0.0774 281.7
0 22 18 328.42 0.0750 114.6
0 22 19 51.87 0.0757 59.0
0 22 20 134.90 0.0317 109.0
0 22 13 54.98 0.0367 184.7
0 22 18 107.27 0.0606 116.8
0 22 35 178.15 0.0559 221.1
0 22 22 65.42 0.0407 265.3
0 22 28 59.38 0.0989 674.5
0 22 15 53.07 0.0183 784.0
0 22 19 60.48 0.0857 541.3
0 22 23 57.60 0.0884 83.3
0 24 31 88.57 0.0914 661.3
0 24 42 109.28 0.0597 537.3
0 24 38 91.01 0.0425 457.4
0 24 33 114.82 0.0486 773.7
0 24 23 75.55 0.0792 429.8
0 24 27 113.89 0.1056 513.1
0 24 17 55.63 0.0931 378.1
0 24 30 53.31 0.1038 671.3
0 24 27 150.27 0.0706 596.6
0 24 28 52.16 0.0403 705.1
0 24 32 261.93 0.0448 852.6
0 24 42 102.46 0.0643 372.6
0 24 41 424.93 0.0441 430.1
0 24 22 139.25 0.0533 110.5
0 24 28 89.82 0.0500 616.8
0 24 29 121.31 0.0425 614.8
0 24 16 126.81 0.0243 287.2
0 24 18 488.70 0.0343 552.4
0 24 36 131.15 0.0479 764.2
0 24 30 83.80 0.0474 531.0
0 24 16 80.77 0.0315 383.7
0 24 14 166.35 0.0642 956.7
0 24 22 46.08 0.0640 76.7
0 24 28 117.89 0.0420 673.9
0 24 17 95.91 0.0866 381.2
0 24 33 84.96 0.0496 589.8
0 24 30 106.45 0.0582 859.2
0 24 29 93.81 0.0546 753.9
0 24 29 174.89 0.0638 604.1
0 24 15 77.76 0.0504 526.0
0 24 16 66.51 0.0176 804.6
0 24 16 79.29 0.0163 539.3
0 24 20 187.48 0.0323 941.5
0 24 37 283.59 0.0562 666.5
0 24 34 556.36 0.0716 361.3
0 24 43 187.26 0.0574 175.7
0 24 24 52.47 0.1035 452.3
0 24 23 58.17 0.1045 786.9
0 24 41 229.61 0.0623 329.8
0 24 35 112.12 0.0559 721.9
0 24 17 49.20 0.0622 561.9
0 24 27 147.09 0.0675 665.3
0 24 43 186.13 0.0631 597.5
0 24 26 75.67 0.0595 530.3
0 24 20 94.69 0.0654 592.5
0 24 32 70.13 0.0901 484.2
0 24 27 253.89 0.0353 534.7
0 24 34 152.17 0.0812 710.8
0 24 39 96.47 0.0491 209.7
0 24 41 81.91 0.0702 299.1
0 24 32 51.03 0.1135 554.2
0 24 31 91.59 0.0714 216.4
0 24 36 88.64 0.0927 822.3
0 24 40 49.84 0.0918 287.2
0 24 47 94.32 0.0505 766.6
0 24 32 80.20 0.0672 485.3
0 24 20 166.60 0.0464 864.6
0 24 19 67.72 0.1322 504.3
0 24 19 121.36 0.0395 198.8
0 24 25 69.39 0.0704 72.9
0 24 25 87.20 0.0341 801.2
0 24 25 133.37 0.0850 429.7
0 24 38 147.52 0.0490 925.3
0 24 35 114.59 0.0556 638.2
0 24 15 91.40 0.0719 925.3
0 24 27 51.80 0.0417 656.8
0 24 14 60.44 0.0443 604.3
0 24 36 69.94 0.0832 788.0
0 24 16 93.15 0.0587 582.9
0 24 25 110.24 0.0729 488.2
0 24 27 163.01 0.0676 484.2
0 24 21 167.25 0.0412 905.3
0 24 37 67.99 0.0903 701.8
0 24 25 119.80 0.0870 465.2
0 24 19 97.90 0.0844 907.7
0 24 18 95.42 0.0455 916.2
0 24 20 66.47 0.0332 472.6
0 24 20 66.43 0.1098 393.1
0 24 14 53.40 0.0980 857.3
0 24 35 100.26 0.0514 723.7
0 24 38 355.05 0.0512 156.0
0 24 32 94.19 0.0735 537.3
0 24 19 88.49 0.0457 192.7
0 24 31 90.65 0.0565 917.8
0 24 33 175.10 0.0554 231.6
0 24 28 241.24 0.0418 643.4
0 24 41 106.75 0.0419 474.1
0 24 16 61.52 0.0426 812.3
0 24 14 49.87 0.1028 572.9
0 24 35 66.49 0.0787 60.9
0 24 21 233.76 0.0630 832.9
0 24 30 115.22 0.0418 400.6
0 24 41 95.36 0.0837 431.5
0 24 25 103.04 0.0758 675.6
0 24 34 78.25 0.0513 766.5
0 24 20 124.07 0.0965 758.3
0 24 19 51.21 0.1004 783.7
0 24 35 118.97 0.0480 86.7
0 24 17 50.58 0.1299 562.4
0 24 29 56.85 0.1137 589.1
0 24 18 72.01 0.0777 596.7
0 24 22 123.98 0.0951 773.2
0 24 15 226.14 0.1051 713.7
0 24 36 114.16 0.0482 601.2
0 24 41 156.74 0.0577 766.9
0 24 27 68.94 0.0938 636.3
0 24 15 56.66 0.0516 786.6
0 24 26 75.94 0.0496 104.5
0 24 29 57.03 0.0687 373.3
0 24 43 56.66 0.0824 928.6
0 24 17 92.65 0.0478 813.8
0 24 20 116.42 0.1177 655.9
0 24 18 69.72 0.0848 817.5
0 24 14 49.87 0.1131 885.5
0 24 19 93.67 0.1045 480.0
0 24 40 157.27 0.0430 540.6
0 24 37 90.16 0.0803 602.6
0 24 22 63.59 0.0702 951.7
0 24 35 113.01 0.0708 631.6
0 24 43 156.15 0.0447 536.8
0 24 18 76.01 0.0625 897.9
0 24 41 117.31 0.0666 814.1
0 24 28 132.79 0.0371 97.2
0 24 38 55.17 0.0710 886.1
0 24 36 110.34 0.0714 531.7
0 24 32 83.14 0.0890 637.9
0 24 41 267.86 0.0668 666.1
0 24 28 52.24 0.1105 836.9
0 24 29 77.49 0.0490 48.1
0 24 18 72.98 0.0435 46.1
0 24 33 61.33 0.0908 179.7
0 24 18 60.40 0.1341 820.3
0 24 18 60.71 0.0706 899.0
0 24 15 64.60 0.0738 528.4
0 24 32 46.13 0.0801 454.1
0 24 26 90.69 0.0620 482.4
0 24 27 57.18 0.0909 880.7
0 24 16 198.46 0.0778 876.7
0 24 13 46.91 0.0956 522.0
0 24 19 53.66 0.1349 774.8
0 24 44 165.24 0.0590 516.8
0 24 19 95.83 0.0778 360.0
0 24 21 58.25 0.0397 494.1
0 24 28 259.93 0.0434 306.3
0 24 23 121.04 0.0348 943.6
0 24 24 53.47 0.1071 548.7
0 24 14 152.52 0.1119 769.0
0 24 38 104.38 0.0485 454.3
0 24 41 120.17 0.0636 437.8
0 24 22 55.81 0.0766 690.4
0 24 14 185.80 0.0490 731.1
0 24 25 135.69 0.0473 353.8
0 24 34 94.62 0.0808 840.6
0 24 27 63.31 0.1279 552.3
0 24 39 61.71 0.1016 757.0
0 24 33 383.39 0.0595 721.5
0 24 15 61.49 0.0948 551.1
0 24 31 97.04 0.0705 848.4
0 24 37 127.73 0.0476 430.5
0 24 27 53.82 0.1087 154.8
0 24 20 72.83 0.0680 521.3
0 24 17 177.69 0.0896 814.3
0 24 42 194.63 0.0613 728.2
0 24 14 58.15 0.1011 103.7
0 24 27 83.68 0.0789 177.6
0 24 44 82.84 0.0617 96.3
0 24 30 68.09 0.0834 236.9
0 24 40 63.84 0.0962 318.0
0 24 22 1323.33 0.0499 507.3
0 24 24 81.92 0.0644 460.4
0 24 29 64.09 0.0745 236.2
0 24 34 114.15 0.0564 841.3
0 24 20 189.80 0.0484 359.8
0 24 39 83.94 0.0648 899.6
0 24 43 183.84 0.0679 641.7
0 24 30 107.81 0.0547 339.2
0 24 22 117.28 0.0505 50.1
0 24 37 58.53 0.0964 774.2
0 24 33 120.31 0.0685 735.0
0 24 30 66.10 0.0380 408.9
0 24 18 123.66 0.0406 444.3
0 24 36 61.89 0.1148 496.1
0 24 17 60.29 0.0771 730.3
0 24 16 59.08 0.0586 74.9
0 24 37 74.52 0.0818 550.3
0 24 33 121.46 0.0768 367.3
0 24 18 45.88 0.0688 916.4
0 24 14 138.33 0.0355 180.8
0 24 16 56.31 0.0477 915.8
0 24 15 48.40 0.1303 72.4
0 24 16 111.07 0.0252 682.3
0 24 27 96.71 0.0292 9.1
0 24 15 55.97 0.1267 591.3
0 24 30 450.69 0.0451 830.6
0 24 34 55.67 0.1105 302.3
0 24 15 72.93 0.0341 493.2
0 24 20 96.00 0.0669 380.9
0 24 15 92.31 0.1482 419.3
0 24 15 84.05 0.0638 731.9
0 24 17 92.63 0.1211 467.2
0 24 15 49.81 0.0603 198.4
0 24 24 426.64 0.0772 359.5
0 24 30 334.66 0.0639 844.2
0 24 28 145.39 0.0916 765.1
0 24 34 666.69 0.0480 712.6
0 24 37 470.16 0.0365 318.3
0 24 16 51.11 0.0833 195.5
0 24 18 117.65 0.0445 736.3
0 24 15 148.25 0.0662 898.3
0 24 18 109.36 0.0284 181.5
0 24 15 50.23 0.0463 651.4
0 24 19 156.68 0.0545 707.7
0 24 26 172.09 0.0483 327.6
0 24 15 52.34 0.0884 522.3
0 24 16 53.43 0.0359 625.3
0 24 39 56.28 0.0933 704.3
0 24 15 60.14 0.0425 529.3
0 24 30 68.56 0.0771 155.0
0 24 36 53.62 0.0780 740.2
0 24 18 133.43 0.0483 459.2
0 25 21 60.39 0.1055 918.9
0 25 32 108.74 0.0975 139.1
0 25 41 170.78 0.0620 258.2
0 25 27 74.15 0.0688 948.4
0 25 45 143.62 0.0660 40.1
0 25 36 160.13 0.0352 470.1
0 25 28 67.60 0.0840 210.4
0 25 25 75.52 0.1005 241.3
0 25 27 87.85 0.0375 165.5
0 25 30 223.51 0.1064 745.3
0 25 18 124.17 0.0533 784.2
0 25 19 70.10 0.0535 909.2
0 25 32 73.62 0.0857 738.0
0 25 23 77.32 0.0825 314.8
0 25 19 229.61 0.0836 946.6
0 25 26 68.57 0.1037 223.1
0 25 17 149.47 0.0587 141.0
0 25 16 120.26 0.1508 527.5
0 25 31 73.19 0.0472 418.7
0 25 40 61.70 0.0968 792.0
0 25 39 181.64 0.0359 612.9
0 25 34 73.76 0.0805 756.3
0 25 33 75.53 0.0846 316.8
0 25 23 84.78 0.0788 892.9
0 25 36 126.87 0.0409 599.1
0 25 37 167.20 0.0408 853.3
0 25 47 285.43 0.0558 737.8
0 25 25 150.38 0.0235 643.4
0 25 19 137.91 0.0306 509.9
0 25 29 134.08 0.0621 234.3
0 25 45 82.96 0.0567 725.1
0 25 21 54.33 0.0721 888.0
0 25 41 67.83 0.1014 284.0
0 25 41 83.33 0.0606 930.8
0 25 29 79.68 0.1052 381.8
0 25 32 74.92 0.0600 514.4
0 25 37 59.45 0.0811 269.0
0 25 13 55.72 0.1686 230.3
0 25 17 85.45 0.1232 434.3
0 25 28 57.43 0.1030 294.2
0 25 28 175.11 0.0544 658.4
0 25 31 68.12 0.0754 745.5
0 25 29 84.46 0.0808 217.8
0 25 24 78.98 0.0615 415.1
0 25 29 55.11 0.0809 916.1
0 25 25 132.03 0.0404 756.6
0 25 28 99.04 0.0735 850.1
0 25 34 98.92 0.0569 265.3
0 25 22 55.82 0.0895 140.2
0 25 31 86.30 0.0621 511.0
0 25 20 57.45 0.0943 530.8
0 25 39 67.40 0.1207 231.7
0 25 43 363.98 0.0578 747.6
0 25 22 86.83 0.0747 184.7
0 25 29 77.18 0.0703 458.7
0 25 36 59.25 0.0815 411.8
0 25 17 86.50 0.0703 158.8
0 25 31 544.34 0.0496 217.0
0 25 41 172.14 0.0708 515.9
0 25 43 209.48 0.0481 127.1
0 25 16 71.35 0.1356 898.6
0 25 15 66.89 0.1524 758.9
0 25 34 90.46 0.0655 861.8
0 25 27 96.32 0.0350 50.0
0 25 22 63.61 0.0852 894.0
0 25 28 77.77 0.0554 760.6
0 25 28 109.27 0.0269 227.8
0 25 34 232.39 0.0538 726.8
0 25 14 48.73 0.1383 831.8
0 25 17 97.97 0.1274 819.3
0 25 35 57.55 0.0994 473.3
0 25 36 79.54 0.0688 735.5
0 25 29 64.46 0.0659 301.8
0 25 23 1303.92 0.1067 146.1
0 25 35 133.55 0.0966 804.7
0 25 16 266.55 0.0835 21.7
0 25 26 80.01 0.0303 59.2
0 25 41 282.76 0.0694 501.3
0 25 14 171.57 0.1293 207.3
0 25 22 118.30 0.0217 36.9
0 25 28 62.94 0.1078 641.9
0 25 34 214.13 0.0383 456.0
0 25 15 48.30 0.1318 826.5
0 25 23 53.49 0.0355 845.7
0 25 21 158.02 0.0836 883.1
0 25 29 72.30 0.1073 426.5
0 25 36 48.07 0.0947 249.9
0 25 17 398.23 0.1105 825.6
0 25 17 106.41 0.0953 81.0
0 25 19 64.34 0.0625 464.6
0 25 21 50.51 0.0977 371.4
0 25 45 104.55 0.0645 807.0
0 25 27 202.78 0.0408 824.0
0 25 39 56.87 0.0865 904.2
0 25 23 214.20 0.0324 646.1
0 25 47 233.32 0.0652 371.5
0 25 21 65.84 0.0578 733.7
0 25 39 237.51 0.0649 267.5
0 25 34 63.80 0.0862 61.0
0 25 24 58.32 0.0742 308.7
0 25 34 96.51 0.0567 699.7
0 25 26 124.62 0.0560 115.2
0 25 44 67.62 0.0696 505.2
0 25 17 128.49 0.0484 181.8
0 25 35 95.68 0.0740 443.4
0 25 20 57.02 0.1131 621.1
0 25 39 205.04 0.0532 855.5
0 25 41 180.73 0.0516 249.2
0 25 35 68.44 0.0922 790.5
0 25 45 68.14 0.0767 572.8
0 25 19 59.06 0.1286 793.3
0 25 38 61.08 0.0796 293.1
0 25 13 75.88 0.1108 180.1
0 25 25 79.67 0.0954 563.9
0 25 16 130.91 0.1134 231.5
0 25 30 56.51 0.0650 329.3
0 25 24 75.17 0.1437 186.0
0 25 17 64.26 0.0268 908.6
0 25 23 419.29 0.0377 833.9
0 25 24 64.32 0.1062 754.7
0 25 30 79.53 0.0594 637.4
0 25 15 93.48 0.1117 467.3
0 25 20 382.22 0.0691 605.7
0 25 15 80.75 0.0739 201.7
0 25 40 83.86 0.0543 43.9
0 25 20 107.75 0.0527 35.0
0 25 16 57.86 0.0282 702.1
0 25 37 122.80 0.0488 759.5
0 25 15 83.31 0.1328 870.3
0 25 21 51.90 0.0674 641.0
0 25 36 74.39 0.0765 490.9
0 25 23 47.48 0.0768 237.2
0 25 16 53.55 0.0874 587.3
0 25 27 127.77 0.0678 755.2
0 25 17 269.93 0.0678 887.8
0 25 28 48.16 0.0976 466.7
0 25 29 63.73 0.0990 916.2
0 25 15 48.62 0.1185 764.9
0 25 22 96.16 0.1098 858.9
0 25 17 50.84 0.1470 197.9
0 25 36 249.32 0.0494 240.6
0 25 31 83.40 0.0351 638.9
0 25 24 166.50 0.0566 447.0
0 25 35 116.18 0.0646 532.1
0 25 21 337.46 0.0494 814.2
0 25 13 58.03 0.1184 823.4
0 25 20 57.25 0.0971 438.5
0 25 16 59.54 0.1330 147.7
0 25 23 71.57 0.1075 851.0
0 25 30 52.46 0.1195 472.5
0 25 28 53.18 0.1283 604.9
0 25 16 66.84 0.0212 569.8
0 25 40 554.69 0.0449 376.3
0 25 32 77.57 0.0533 872.9
0 25 24 61.02 0.0705 277.8
0 25 15 263.33 0.0398 946.5
0 25 18 46.73 0.1275 381.3
0 25 13 68.42 0.1388 148.0
0 25 22 62.36 0.1115 256.4
0 25 19 120.54 0.0587 606.7
0 25 34 107.71 0.0597 468.2
0 26 14 611.22 0.0222 82.0
0 26 29 225.48 0.0469 808.1
0 26 14 70.46 0.0321 648.5
0 26 18 1425.41 0.0273 604.4
0 26 16 457.30 0.1255 537.2
0 26 30 353.57 0.0596 164.0
0 26 15 84.42 0.0766 363.4
0 26 14 82.57 0.0643 523.0
0 26 18 139.72 0.0472 520.6
0 26 16 98.58 0.0943 687.5
0 26 29 90.03 0.0592 246.3
0 26 36 98.01 0.0698 179.9
0 26 31 78.86 0.0858 618.7
0 26 20 68.86 0.0854 724.3
0 26 16 56.41 0.1377 89.7
0 26 16 50.64 0.0565 543.1
0 26 13 159.00 0.1322 115.9
0 26 24 62.43 0.1124 615.8
0 26 23 87.75 0.0459 784.7
0 26 29 114.74 0.0380 559.3
0 26 30 158.65 0.0563 84.5
0 26 16 164.35 0.0262 8.8
0 26 20 101.50 0.0729 634.8
0 26 20 136.84 0.0398 743.6
0 26 31 227.64 0.0392 171.2
0 26 20 53.81 0.0643 138.7
0 26 31 96.26 0.0560 687.1
0 26 23 47.45 0.0805 56.4
0 26 14 235.67 0.0829 447.4
0 26 22 59.14 0.0425 274.1
0 26 28 67.72 0.0766 162.6
0 26 19 106.16 0.0719 10.4
0 26 14 59.71 0.0778 592.4
0 26 29 107.64 0.0555 671.5
0 26 20 66.16 0.0438 647.8
0 26 16 179.34 0.0236 42.5
0 26 15 263.67 0.0900 687.9
0 26 16 107.20 0.0228 604.2
0 26 15 79.41 0.0286 793.2
0 26 14 100.68 0.0172 99.3
0 26 15 433.97 0.0273 62.8
0 26 16 53.56 0.0296 706.7
0 26 16 206.24 0.0101 436.8
0 26 26 125.76 0.0541 776.4
0 26 15 106.97 0.0335 316.6
0 26 20 89.61 0.0340 815.2
0 26 16 192.62 0.0244 674.6
0 26 20 71.98 0.1090 799.4
0 26 14 60.02 0.0246 951.2
0 26 14 54.18 0.1036 564.0
0 26 19 45.13 0.1296 660.7
0 26 13 186.76 0.0258 549.9
0 26 34 67.40 0.0945 654.9
0 26 16 108.17 0.0324 65.2
0 26 13 76.14 0.0772 182.7
0 27 26 45.14 0.0963 855.3
0 27 30 69.21 0.0550 332.1
0 27 30 169.60 0.0402 929.7
0 27 17 126.33 0.0240 49.4
0 27 14 52.84 0.0890 375.5
0 27 27 52.24 0.0943 107.3
0 27 24 95.89 0.0967 728.8
0 27 16 53.51 0.0617 567.7
0 27 24 88.18 0.0809 148.5
0 27 27 92.42 0.0618 68.2
0 27 19 65.25 0.0591 736.7
0 27 24 167.35 0.0612 698.0
0 27 17 57.12 0.0440 610.1
0 27 22 250.97 0.0667 729.0
0 27 31 88.42 0.0358 125.4
0 27 20 49.41 0.0959 371.7
0 27 16 235.02 0.0672 621.4
0 27 27 51.57 0.0754 697.1
0 27 22 99.44 0.0365 927.8
0 27 29 153.07 0.0609 170.3
0 27 16 71.53 0.0300 516.2
0 27 23 69.18 0.0456 172.8
0 27 24 125.92 0.0907 69.3
0 27 14 222.97 0.0279 253.4
0 27 13 75.32 0.1354 371.5
0 27 33 76.93 0.0883 141.8
0 27 14 431.66 0.0704 264.9
0 27 17 51.57 0.1196 99.7
0 27 30 48.35 0.1140 615.9
0 27 18 45.52 0.1168 79.4
0 27 17 46.52 0.1315 591.7
0 27 17 54.93 0.0998 399.1
0 27 18 54.22 0.0677 783.3
0 27 36 130.71 0.0647 118.3
0 27 20 56.93 0.0816 604.3
0 27 18 46.36 0.1320 581.9
0 27 24 140.77 0.1022 629.7
0 27 39 228.07 0.0621 765.9
0 27 22 77.87 0.1038 128.7
0 27 18 97.62 0.1544 604.2
0 27 22 103.43 0.0891 590.7
0 27 36 137.99 0.0440 707.7
0 27 18 80.36 0.1211 235.7
0 27 24 137.87 0.0590 661.1
0 27 26 109.69 0.0688 492.3
0 27 21 61.18 0.1262 73.6
0 27 33 232.36 0.0334 795.9
0 27 27 1626.96 0.0818 79.3
0 27 32 248.26 0.0388 663.7
0 27 29 110.84 0.0631 163.5
0 27 34 172.83 0.0467 314.8
0 27 35 76.72 0.0936 806.7
0 27 22 48.12 0.0669 631.5
0 27 16 103.87 0.0422 59.5
0 27 30 123.44 0.0678 163.8
0 27 28 89.95 0.0502 613.9
0 27 38 59.82 0.1012 700.3
0 27 22 68.15 0.0533 803.1
0 27 38 254.23 0.0423 46.7
0 27 39 71.73 0.0859 778.5
0 27 40 100.34 0.0511 828.4
0 27 30 48.25 0.0791 143.8
0 27 44 140.35 0.0357 720.4
0 27 37 122.95 0.0936 153.8
0 27 35 65.85 0.1128 678.9
0 27 23 263.43 0.0421 47.4
0 27 25 65.01 0.0863 239.5
0 27 22 80.63 0.0433 647.8
0 27 19 195.73 0.0480 534.1
0 27 33 135.75 0.0706 748.6
0 27 13 79.44 0.1200 518.7
0 27 46 92.57 0.0738 561.3
0 27 40 62.41 0.0943 583.7
0 27 33 69.45 0.0998 783.4
0 27 16 64.86 0.0198 272.7
0 27 29 47.31 0.0842 761.5
0 27 19 105.11 0.0655 605.3
0 27 24 72.19 0.0788 628.7
0 27 17 48.91 0.0415 827.2
0 27 17 381.77 0.0702 821.3
0 27 39 174.86 0.0504 808.1
0 27 33 80.66 0.0638 887.9
0 27 26 103.60 0.0631 696.3
0 27 20 46.16 0.1031 76.8
0 27 25 88.49 0.0819 786.9
0 27 20 51.09 0.1532 596.7
0 27 13 56.06 0.1560 620.7
0 27 19 225.64 0.0313 889.2
0 27 22 92.82 0.0466 191.7
0 27 24 71.98 0.0402 435.2
0 27 15 80.98 0.1298 860.2
0 29 23 73.31 0.0525 474.8
0 29 33 59.84 0.0521 268.4
0 29 40 58.89 0.0874 239.5
0 29 22 58.94 0.0526 21.9
0 29 45 473.97 0.0814 159.1
0 29 27 49.72 0.0942 947.7
0 29 31 47.43 0.1234 910.3
0 29 19 65.14 0.1314 129.7
0 29 24 65.88 0.0843 816.0
0 29 40 110.37 0.0798 212.3
0 29 33 67.92 0.0837 582.3
0 29 27 81.80 0.1127 593.4
0 29 21 47.01 0.1137 309.0
0 29 27 104.25 0.0564 618.3
0 29 16 50.01 0.0487 404.1
0 29 42 119.49 0.0386 409.4
0 29 23 66.26 0.0719 322.5
0 29 41 106.14 0.0571 659.7
0 29 40 107.80 0.0810 887.9
0 29 39 123.73 0.0770 784.3
0 29 32 250.77 0.0631 345.0
0 29 28 195.97 0.0492 912.9
0 29 29 108.49 0.0562 928.5
0 29 18 105.51 0.1003 124.1
0 29 29 70.32 0.0767 317.6
0 29 18 56.58 0.1210 177.4
0 29 30 98.71 0.1027 726.7
0 29 43 67.09 0.0989 129.5
0 29 23 635.76 0.0297 838.2
0 29 18 95.09 0.0493 73.9
0 29 31 58.69 0.0830 766.0
0 29 29 56.91 0.1099 935.3
0 29 15 46.03 0.1391 152.6
0 29 23 134.38 0.0618 154.3
0 29 39 120.39 0.0569 74.8
0 29 35 375.19 0.0460 182.3
0 29 31 219.93 0.0382 428.7
0 29 35 318.85 0.0578 121.0
0 29 18 63.59 0.1146 948.7
0 29 25 47.99 0.0923 842.7
0 29 26 302.22 0.0319 103.4
0 29 31 426.52 0.0319 602.1
0 29 39 139.45 0.0601 908.1
0 29 31 374.55 0.0494 195.2
0 29 16 156.62 0.0276 572.2
0 29 37 317.53 0.0622 939.3
0 29 31 54.23 0.0593 111.5
0 29 26 45.60 0.1255 318.8
0 29 30 52.23 0.1096 103.8
0 29 19 92.76 0.0495 209.0
0 29 29 1236.58 0.1051 836.3
0 29 20 54.27 0.0822 771.7
0 29 36 127.52 0.0553 434.6
0 29 25 123.50 0.0465 304.3
0 29 25 75.84 0.0895 802.7
0 29 16 83.32 0.0181 394.1
0 29 21 119.51 0.0574 692.4
0 29 28 82.13 0.0723 934.4
0 29 16 52.44 0.0787 504.2
0 29 31 152.90 0.0487 898.7
0 29 16 69.69 0.0347 752.7
0 29 35 161.58 0.0468 135.3
0 29 23 145.30 0.0355 861.5
0 29 29 63.73 0.0897 428.5
0 29 17 187.24 0.0302 847.2
0 29 20 56.02 0.0442 232.8
0 29 16 57.72 0.0325 515.0
0 29 33 121.44 0.0365 112.0
0 29 30 114.62 0.0617 885.5
0 29 36 49.10 0.1066 301.0
0 29 26 55.58 0.0786 95.3
0 29 18 65.86 0.0620 240.7
0 29 23 89.05 0.0687 212.9
0 29 15 103.21 0.0554 649.5
0 29 24 608.20 0.0455 741.3
0 29 41 141.19 0.0552 165.9
0 29 32 150.87 0.0294 180.9
0 29 32 75.31 0.0809 870.5
0 29 38 80.08 0.0820 246.5
0 29 44 94.18 0.0441 879.7
0 29 35 52.04 0.0943 227.9
0 29 25 57.12 0.0522 41.3
0 29 24 63.20 0.0680 938.6
0 29 28 108.93 0.0649 916.7
0 29 25 99.25 0.0436 537.7
0 29 33 51.66 0.0893 82.3
0 29 34 54.39 0.0763 434.0
0 29 26 113.61 0.0650 446.2
0 29 22 86.13 0.0294 622.0
0 29 17 79.82 0.1167 226.5
0 29 17 1094.21 0.0256 204.1
0 29 19 66.34 0.0500 578.5
0 29 19 49.23 0.0581 59.8
0 29 20 48.49 0.1323 89.2
0 29 34 66.18 0.0743 83.2
0 29 21 91.27 0.0313 673.9
0 29 19 61.70 0.0397 81.2
0 29 15 138.44 0.0502 619.8
0 29 26 112.12 0.0751 310.0
0 29 25 94.21 0.0572 855.9
0 29 22 172.10 0.0277 77.7
0 29 29 448.58 0.0440 282.3
0 29 33 57.43 0.0962 148.3
0 29 23 72.69 0.0534 799.9
0 29 21 163.41 0.0719 216.8
0 29 23 59.23 0.0763 953.8
0 29 19 105.78 0.0203 286.8
0 29 24 86.71 0.0209 332.5
0 29 20 54.42 0.0762 78.8
0 29 24 96.89 0.0932 226.9
0 29 28 59.08 0.0843 198.6
0 29 17 123.46 0.0683 129.9
0 29 24 47.02 0.1172 868.3
0 29 31 72.05 0.0754 623.6
0 29 31 77.52 0.0752 482.2
0 29 40 51.73 0.0623 263.5
0 29 31 458.61 0.0377 424.9
0 29 27 84.26 0.0746 526.9
0 29 40 144.21 0.0518 509.8
0 29 18 104.16 0.0252 743.0
0 29 26 47.89 0.1136 833.5
0 29 30 65.18 0.0776 880.4
0 29 31 110.55 0.0735 181.3
0 29 28 72.51 0.0945 930.2
0 29 19 50.30 0.1437 264.9
0 29 28 126.10 0.0402 188.1
0 29 13 65.60 0.0849 536.9
0 29 20 125.56 0.0520 158.9
0 29 23 103.83 0.0561 599.0
0 29 35 165.97 0.0684 836.7
0 29 44 201.78 0.0611 520.3
0 29 38 145.81 0.0803 599.5
0 29 27 143.40 0.0366 835.6
0 29 37 101.39 0.0712 868.9
0 29 27 56.02 0.0576 826.2
0 29 43 50.43 0.0845 215.8
0 29 29 76.10 0.0917 31.3
0 29 21 91.44 0.1531 552.9
0 29 23 63.12 0.0587 954.8
0 29 31 66.38 0.0904 198.0
0 29 22 55.20 0.0628 511.0
0 29 29 338.80 0.0387 465.3
0 29 31 164.80 0.0431 917.7
0 29 36 398.98 0.0480 237.1
0 29 16 71.23 0.1001 935.6
0 29 24 137.09 0.0911 768.8
0 29 32 93.73 0.0388 491.1
0 29 24 62.49 0.1133 475.8
0 29 19 65.55 0.0902 152.6
0 29 48 151.37 0.0559 521.6
0 29 43 225.66 0.0437 472.1
0 29 34 72.07 0.0615 280.8
0 29 32 133.63 0.0315 353.6
0 29 13 401.53 0.0911 926.4
0 29 34 493.56 0.0363 158.9
0 29 32 105.05 0.0561 851.9
0 29 31 92.27 0.0649 578.7
0 29 23 188.06 0.0383 654.3
0 29 20 194.78 0.0402 762.9
0 29 34 294.73 0.0434 558.6
0 29 32 87.41 0.0589 633.5
0 29 19 87.91 0.0793 83.3
0 29 27 60.10 0.1080 846.9
0 29 19 94.35 0.0368 713.0
0 29 26 55.63 0.1040 313.6
0 29 30 132.56 0.0513 208.5
0 29 14 84.31 0.1153 124.5
0 29 26 199.76 0.0451 413.4
0 29 17 203.65 0.0369 312.1
0 29 20 46.37 0.0945 819.1
0 29 15 291.34 0.1001 22.5
0 29 16 364.82 0.1063 147.9
0 29 33 270.40 0.0759 911.3
0 29 24 45.33 0.0868 939.8
0 29 24 63.31 0.0898 709.2
0 29 14 57.24 0.1074 128.3
0 29 29 75.90 0.0476 223.1
0 29 29 125.83 0.0558 465.0
0 29 44 158.31 0.0488 253.6
0 29 26 54.20 0.0396 303.7
0 29 26 91.86 0.0527 79.0
0 29 40 84.50 0.0654 272.0
0 29 30 81.26 0.0847 34.1
0 29 40 217.56 0.0596 819.8
0 29 31 284.82 0.0309 935.3
0 29 23 107.96 0.0604 24.4
0 29 21 147.20 0.0365 935.9
0 29 30 45.77 0.1153 122.4
0 29 30 314.50 0.0383 871.7
0 29 31 90.68 0.0910 769.3
0 29 46 136.87 0.0359 424.4
0 29 45 57.53 0.0954 140.3
0 29 36 109.37 0.0610 175.9
0 29 43 138.38 0.0716 896.0
0 29 29 93.04 0.0783 874.4
0 29 20 51.27 0.0646 851.5
0 29 42 129.09 0.0719 923.7
0 29 24 74.69 0.0821 100.2
0 29 24 65.30 0.0446 629.0
0 29 34 66.20 0.0747 483.3
0 29 44 103.21 0.0683 775.4
0 29 41 268.42 0.0547 324.6
0 29 42 138.97 0.0446 614.4
0 29 21 179.59 0.1134 916.8
0 29 17 73.63 0.1279 389.8
0 29 21 66.31 0.0674 101.6
0 29 39 94.60 0.0662 933.7
0 29 13 72.12 0.1054 887.3
0 29 26 108.81 0.0417 185.0
0 29 18 47.49 0.0948 856.2
0 29 13 505.05 0.1638 922.1
0 29 25 60.49 0.1081 935.6
0 29 32 49.15 0.0963 781.3
0 29 32 171.86 0.0590 469.9
0 29 39 234.89 0.0611 442.9
0 29 41 87.93 0.0560 687.0
0 29 35 92.25 0.0859 353.0
0 29 42 242.90 0.0490 582.7
0 29 19 1290.43 0.0295 204.1
0 29 38 85.00 0.0754 232.2
0 29 42 48.03 0.0905 580.8
0 29 15 45.76 0.1353 880.6
0 29 34 98.93 0.0631 207.7
0 29 18 63.52 0.0654 60.2
0 29 21 116.13 0.0667 952.1
0 29 20 1374.80 0.0266 28.5
0 29 20 92.99 0.0698 304.2
0 29 40 80.03 0.0894 225.5
0 29 16 58.79 0.0283 604.1
0 29 35 67.34 0.0591 726.5
0 29 25 233.21 0.0340 211.0
0 29 17 88.22 0.0287 77.6
0 29 21 77.07 0.0444 174.4
0 29 33 111.55 0.0555 428.1
0 29 17 61.91 0.1168 391.0
0 29 13 103.04 0.0922 266.0
0 29 33 113.01 0.0554 935.3
0 29 21 192.84 0.0305 164.9
0 29 14 456.28 0.0353 220.7
0 29 23 172.09 0.0422 96.8
0 29 30 69.67 0.0379 831.2
0 29 13 46.85 0.1014 150.5
0 29 20 288.94 0.0530 145.1
0 29 22 116.70 0.0894 94.7
0 29 31 50.43 0.0687 523.5
0 29 20 45.97 0.1465 281.0
0 29 39 58.51 0.0925 180.3
0 29 21 75.81 0.0806 330.5
0 29 16 90.71 0.0211 310.4
0 29 14 59.67 0.0902 49.2
0 29 21 323.14 0.0357 207.3
0 29 25 68.88 0.1166 222.1
0 29 27 115.61 0.0790 174.6
0 29 34 50.10 0.1183 146.4
0 29 16 45.19 0.0533 305.3
0 29 22 94.88 0.0512 74.1
0 29 43 145.14 0.0424 528.8
0 29 21 49.97 0.0983 870.1
0 29 18 55.14 0.0947 266.6
0 29 18 77.74 0.1146 796.3
0 29 32 45.91 0.0967 69.9
0 29 19 96.16 0.0508 801.6
0 29 16 190.69 0.0351 944.4
0 29 13 92.78 0.0441 526.5
0 29 31 222.46 0.0356 201.7
0 29 24 151.02 0.0558 503.2
0 29 14 153.64 0.1632 916.1
0 29 17 67.87 0.0472 142.9
0 29 22 141.16 0.0351 584.2
0 29 20 65.74 0.0549 299.5
0 29 16 162.85 0.0604 326.2
0 29 13 50.60 0.0927 176.8
0 29 30 79.90 0.1055 84.3
0 29 18 83.63 0.0561 703.8
0 29 16 194.83 0.0429 345.1
0 29 15 82.53 0.0943 700.5
0 29 18 212.64 0.0338 142.8
0 29 25 53.96 0.0348 211.2
0 29 21 132.19 0.0670 88.0
0 29 28 178.08 0.0597 180.4
0 29 17 323.55 0.0424 301.6
0 30 45 62.21 0.0887 284.6
0 30 46 174.38 0.0723 765.7
0 30 31 60.61 0.0723 851.6
0 30 48 231.52 0.0603 158.9
0 30 31 71.72 0.0632 453.1
0 30 24 48.73 0.1201 130.0
0 30 30 65.22 0.0449 800.3
0 30 20 116.00 0.0809 82.9
0 30 36 50.86 0.0666 624.4
0 30 15 46.02 0.0700 223.8
0 30 33 93.35 0.0892 853.8
0 30 33 216.29 0.0373 796.8
0 30 24 132.88 0.0387 296.9
0 30 24 68.42 0.0694 303.7
0 30 19 58.61 0.0748 900.3
0 30 27 71.51 0.1067 218.5
0 30 44 58.03 0.0715 569.6
0 30 16 81.13 0.0773 928.3
0 30 16 67.90 0.0466 41.6
0 30 13 175.99 0.0355 63.0
0 30 39 52.49 0.0821 588.6
0 30 18 60.77 0.1060 954.8
0 30 28 109.61 0.0477 393.8
0 30 17 111.27 0.0279 814.2
0 30 35 210.36 0.0536 88.8
0 30 25 68.36 0.0642 373.1
0 30 33 63.90 0.0793 556.7
0 30 18 68.74 0.0884 289.2
0 30 24 227.49 0.0302 860.6
0 30 24 45.84 0.0621 317.7
0 30 13 98.05 0.0754 913.4
0 30 31 190.99 0.0554 143.1
0 30 20 50.40 0.0362 330.7
0 30 25 53.00 0.1025 60.0
0 30 31 72.00 0.1102 113.0
0 30 13 45.49 0.0949 896.8
0 30 45 54.83 0.0773 572.1
0 30 16 59.05 0.0567 581.9
0 30 28 319.59 0.0684 935.6
0 30 35 145.78 0.0418 87.9
0 30 20 113.48 0.0439 445.1
0 30 45 94.90 0.0522 460.5
0 30 32 110.71 0.0694 283.8
0 30 29 107.59 0.0384 925.5
0 30 23 65.95 0.0709 784.0
0 30 17 59.98 0.0750 263.1
0 30 39 63.85 0.0885 405.7
0 30 29 124.81 0.0424 189.7
0 30 21 366.73 0.0377 58.8
0 30 21 57.09 0.0458 609.8
0 30 28 173.59 0.0577 509.4
0 30 16 127.50 0.0335 380.3
0 30 30 75.90 0.0897 456.7
0 30 35 64.80 0.0910 824.7
0 30 38 201.08 0.0570 656.7
0 30 44 114.81 0.0428 484.9
0 30 42 233.78 0.0769 731.6
0 30 40 373.65 0.0575 705.9
0 30 41 104.30 0.0697 193.2
0 30 28 121.94 0.0636 895.7
0 30 16 441.00 0.0248 668.8
0 30 23 55.94 0.0832 465.6
0 30 22 50.93 0.0760 227.5
0 30 24 91.21 0.0380 625.9
0 30 15 51.16 0.0889 332.7
0 30 20 74.56 0.0263 562.2
0 30 25 134.48 0.0597 118.2
0 30 21 177.23 0.0673 133.0
0 30 23 94.68 0.0853 76.3
0 30 23 204.21 0.0511 876.7
0 30 17 91.97 0.0905 909.0
0 30 17 296.72 0.1150 582.7
0 30 16 96.05 0.0224 104.3
0 30 21 64.19 0.0329 696.0
0 30 25 97.83 0.0395 187.6
0 30 41 92.49 0.0675 582.8
0 30 35 48.78 0.0950 373.8
0 30 32 47.52 0.1204 502.9
0 30 17 50.37 0.1398 389.0
0 30 44 258.31 0.0478 178.9
0 30 24 73.37 0.0797 108.8
0 30 23 46.38 0.0870 481.0
0 30 38 288.86 0.0324 603.0
0 30 14 59.30 0.0604 60.3
0 30 18 58.34 0.0993 491.9
0 30 34 101.28 0.0447 335.3
0 30 30 122.47 0.0531 906.8
0 30 39 114.76 0.0723 401.1
0 30 16 74.93 0.0403 445.9
0 30 20 241.72 0.0396 831.3
0 30 27 92.59 0.0587 21.5
0 30 36 74.40 0.0832 830.9
0 30 14 48.32 0.0863 32.3
0 30 20 73.46 0.0503 949.2
0 30 21 110.59 0.0930 194.6
0 30 31 59.33 0.0597 258.7
0 30 26 69.07 0.0943 778.0
0 30 22 131.68 0.1264 195.5
0 30 45 377.49 0.0301 524.3
0 30 40 122.14 0.0706 930.6
0 30 43 153.42 0.0714 686.5
0 30 41 93.63 0.0702 682.7
0 30 24 120.29 0.0513 832.8
0 30 28 60.21 0.0863 501.8
0 30 31 82.71 0.0933 750.7
0 30 30 142.17 0.0684 458.1
0 30 24 50.35 0.0846 920.7
0 30 37 99.92 0.0604 159.4
0 30 24 108.97 0.0419 291.8
0 30 17 54.89 0.0356 281.2
0 30 17 53.06 0.0986 721.3
0 30 22 127.01 0.0444 15.5
0 30 31 61.17 0.0790 620.8
0 30 33 101.91 0.0517 124.6
0 30 30 65.36 0.0713 52.0
0 30 15 52.74 0.1210 907.6
0 30 31 67.70 0.0924 245.0
0 30 16 89.52 0.0313 676.1
0 30 26 281.14 0.0391 20.1
0 30 35 91.76 0.0523 889.4
0 30 16 223.90 0.0279 380.2
0 30 21 114.19 0.0336 630.4
0 30 18 60.85 0.0275 308.4
0 30 18 62.27 0.0350 398.6
0 30 20 132.80 0.0329 675.8
0 30 37 146.69 0.0377 937.0
0 30 39 144.87 0.0351 503.9
0 30 40 154.32 0.0663 251.7
0 30 18 66.25 0.0335 661.9
0 30 39 72.43 0.0657 677.4
0 30 30 107.63 0.0917 655.5
0 30 19 136.78 0.0518 290.8
0 30 19 453.66 0.0409 915.0
0 30 14 135.01 0.0548 94.9
0 30 16 103.65 0.1117 591.8
0 30 19 58.70 0.0536 583.1
0 30 13 66.85 0.0548 110.8
0 30 14 197.37 0.0423 593.5
0 30 20 49.00 0.0686 702.6
0 30 36 92.11 0.0459 773.9
0 30 17 379.87 0.0275 18.8
0 30 15 65.84 0.0546 834.6
0 30 19 412.50 0.0515 427.5
0 30 26 441.63 0.0508 743.6
0 30 20 831.86 0.0374 861.4
0 30 24 207.88 0.0252 224.8
0 30 19 47.52 0.0745 273.7
0 30 13 85.20 0.0918 668.0
0 30 25 114.87 0.0493 843.6
0 31 17 66.85 0.1020 778.9
0 31 24 132.85 0.0426 876.9
0 31 40 128.79 0.0434 773.9
0 31 28 79.30 0.0520 44.0
0 31 35 95.55 0.0951 820.3
0 31 32 257.82 0.0313 330.0
0 31 28 140.08 0.0299 108.0
0 31 32 47.64 0.0844 207.1
0 31 17 108.68 0.0300 272.1
0 31 35 91.80 0.0580 223.2
0 31 35 2832.20 0.0424 423.6
0 31 14 60.07 0.0905 786.8
0 31 31 52.95 0.0763 769.6
0 31 35 61.51 0.0882 468.6
0 31 16 67.32 0.0162 27.7
0 31 16 155.11 0.0472 664.5
0 31 35 156.24 0.0503 785.0
0 31 41 131.12 0.0509 95.8
0 31 37 180.19 0.0477 440.6
0 31 15 93.76 0.0212 879.5
0 31 23 56.50 0.0412 911.9
0 31 22 89.55 0.0673 154.4
0 31 13 249.55 0.1332 237.0
0 31 43 144.03 0.0585 167.2
0 31 30 58.57 0.0989 677.1
0 31 17 67.09 0.0680 620.5
0 31 40 59.27 0.0618 799.9
0 31 34 132.37 0.0399 132.5
0 31 37 163.76 0.0416 477.0
0 31 22 137.61 0.0257 8.0
0 31 32 61.56 0.0770 88.5
0 31 33 62.62 0.1075 62.3
0 31 21 213.77 0.0397 777.1
0 31 30 92.66 0.0847 52.5
0 31 23 90.40 0.0580 425.3
0 31 16 57.42 0.0880 254.6
0 31 17 172.13 0.0479 430.8
0 31 25 78.53 0.0920 853.2
0 31 27 149.09 0.0815 118.4
0 31 14 58.39 0.0922 247.6
0 31 30 81.72 0.0616 96.7
0 31 21 46.53 0.0844 361.8
0 31 26 131.53 0.0772 924.2
0 31 27 169.48 0.0372 829.7
0 31 20 109.25 0.0712 39.6
0 31 24 203.95 0.0405 227.5
0 31 25 170.32 0.0544 261.5
0 31 29 155.10 0.0390 773.3
0 31 45 48.99 0.0830 887.2
0 31 16 63.27 0.0241 787.6
0 31 33 142.33 0.0559 444.8
0 31 20 63.62 0.0820 915.9
0 31 21 165.40 0.0521 858.2
0 31 32 60.67 0.0954 145.6
0 31 16 116.85 0.0320 817.8
0 31 30 301.81 0.0309 402.1
0 31 29 226.72 0.0577 100.6
0 31 38 193.24 0.0411 119.7
0 31 37 67.66 0.1008 231.4
0 31 15 78.29 0.0663 148.0
0 31 18 199.35 0.0296 347.6
0 31 17 94.62 0.1158 759.0
0 31 43 111.33 0.0561 439.4
0 31 21 100.74 0.0659 300.8
0 31 32 67.09 0.0799 82.6
0 31 39 83.22 0.0741 466.8
0 31 15 117.45 0.0425 738.9
0 31 35 85.61 0.0871 447.1
0 31 30 101.58 0.0614 195.0
0 31 31 120.66 0.0596 141.7
0 31 32 116.31 0.0737 239.2
0 31 39 48.95 0.1195 364.3
0 31 16 51.57 0.0502 910.9
0 31 28 600.90 0.0430 412.3
0 31 25 109.99 0.0712 81.8
0 31 37 542.67 0.0834 341.4
0 31 24 63.87 0.0354 73.4
0 31 31 56.42 0.1083 169.8
0 31 17 233.83 0.0366 744.5
0 31 16 488.88 0.1030 836.8
0 31 24 98.32 0.0756 771.7
0 31 27 50.70 0.1116 63.2
0 31 19 90.15 0.0389 315.8
0 31 28 65.71 0.0577 765.6
0 31 44 46.86 0.1137 166.7
0 31 38 97.76 0.0483 228.4
0 31 34 166.39 0.1177 775.9
0 31 37 233.31 0.0462 166.0
0 31 26 60.67 0.0487 66.5
0 31 32 72.24 0.0795 120.2
0 31 24 117.57 0.0508 820.8
0 31 40 67.56 0.0676 338.8
0 31 39 48.55 0.1155 319.9
0 31 18 155.79 0.0672 792.7
0 31 33 156.55 0.0489 77.1
0 31 37 125.97 0.0619 291.5
0 31 37 372.68 0.0375 203.4
0 31 31 174.20 0.0511 341.8
0 31 30 76.00 0.1082 221.0
0 31 41 73.10 0.1038 704.4
0 31 20 208.91 0.0552 190.5
0 31 37 56.22 0.0606 409.5
0 31 34 118.89 0.0903 739.1
0 31 29 122.15 0.0785 178.1
0 31 26 86.44 0.0388 866.5
0 31 21 142.81 0.0993 839.2
0 31 27 100.62 0.0765 57.8
0 31 43 83.81 0.0722 422.4
0 31 32 58.11 0.0936 731.2
0 31 30 79.38 0.0830 216.7
0 31 39 139.52 0.0580 61.4
0 31 35 312.33 0.0404 394.5
0 31 14 102.25 0.1241 204.7
0 31 37 97.85 0.0510 122.3
0 31 29 210.89 0.0340 414.7
0 31 19 66.11 0.1212 33.8
0 31 35 104.92 0.0530 897.7
0 31 39 142.83 0.0673 325.4
0 31 34 123.59 0.0501 843.6
0 31 41 103.14 0.0602 318.7
0 31 45 160.76 0.0630 81.7
0 31 17 55.96 0.1396 387.7
0 31 29 164.26 0.0991 444.1
0 31 30 118.87 0.0405 62.9
0 31 27 284.98 0.0583 206.1
0 31 28 109.31 0.0552 507.3
0 31 41 76.82 0.0820 459.7
0 31 36 141.25 0.0435 278.4
0 31 36 75.83 0.0722 896.7
0 31 37 193.79 0.0481 542.1
0 31 19 1060.03 0.0849 476.1
0 31 39 54.35 0.0975 194.8
0 31 40 46.76 0.0983 47.5
0 31 26 146.68 0.0532 935.4
0 31 38 217.77 0.0584 664.7
0 31 26 210.18 0.0456 456.5
0 31 15 101.13 0.1486 369.3
0 31 16 140.07 0.0512 14.2
0 31 30 62.46 0.0917 774.3
0 31 29 67.54 0.0634 48.7
0 31 22 114.49 0.0780 245.4
0 31 26 66.55 0.0992 722.3
0 31 34 100.78 0.0487 858.2
0 31 40 65.34 0.0901 866.4
0 31 25 107.35 0.0527 96.5
0 31 40 151.65 0.0605 549.6
0 31 19 86.79 0.1025 764.0
0 31 39 106.88 0.0901 867.8
0 31 21 93.68 0.0285 750.5
0 31 16 56.01 0.0176 77.5
0 31 29 45.92 0.1099 152.5
0 31 14 230.22 0.0563 392.3
0 31 24 151.88 0.0331 618.0
0 31 20 130.56 0.0665 59.6
0 31 15 51.82 0.0714 108.4
0 31 24 103.56 0.0838 89.7
0 31 48 134.07 0.0490 366.8
0 31 17 77.31 0.0646 171.7
0 31 15 169.97 0.1341 608.9
0 31 17 115.89 0.0552 336.8
0 31 19 49.39 0.0351 669.4
0 31 18 171.31 0.0454 277.7
0 31 18 56.79 0.0936 60.9
0 31 16 478.26 0.1615 94.3
0 31 29 157.51 0.0370 416.7
0 31 19 89.88 0.0385 103.1
0 31 18 345.56 0.0742 357.3
0 31 24 117.06 0.0457 41.9
0 31 23 111.35 0.0492 105.0
0 31 40 98.80 0.0835 192.4
0 31 14 321.27 0.0824 373.7
0 31 43 142.94 0.0642 52.8
0 31 16 289.44 0.0359 928.7
0 31 18 51.62 0.0848 613.9
0 31 15 45.10 0.1499 925.5
0 31 18 47.58 0.0790 70.3
0 31 13 54.46 0.0912 25.6
0 31 17 134.48 0.0897 164.5
0 31 35 280.77 0.0401 913.4
0 32 22 95.29 0.0892 393.3
0 32 26 106.77 0.0690 315.3
0 32 14 70.24 0.0720 553.7
0 32 48 252.83 0.0664 702.2
0 32 33 71.96 0.0660 576.7
0 32 36 119.92 0.0676 496.8
0 32 35 87.62 0.0939 48.4
0 32 37 141.92 0.0746 503.2
0 32 27 57.66 0.0983 844.5
0 32 27 101.92 0.0602 473.8
0 32 36 70.79 0.1019 331.3
0 32 18 53.03 0.0301 228.9
0 32 32 137.77 0.0641 639.0
0 32 17 57.90 0.0465 367.2
0 32 22 163.32 0.0349 192.3
0 32 32 126.38 0.0567 427.6
0 32 30 128.38 0.0539 726.2
0 32 38 559.95 0.0568 178.8
0 32 26 183.91 0.0312 421.3
0 32 29 102.36 0.0647 927.1
0 32 21 214.80 0.0406 557.4
0 32 23 59.85 0.0791 695.3
0 32 18 171.11 0.0419 606.7
0 32 37 119.07 0.0701 81.9
0 32 28 64.24 0.0966 65.6
0 32 40 217.15 0.0916 390.2
0 32 15 62.20 0.0468 40.3
0 32 29 58.70 0.1028 418.5
0 32 38 59.63 0.0856 269.5
0 32 14 48.95 0.0571 770.4
0 32 37 52.82 0.1162 631.9
0 32 20 55.39 0.0791 212.5
0 32 25 105.97 0.0720 375.7
0 32 38 58.52 0.0837 518.3
0 32 34 106.02 0.0436 669.5
0 32 16 64.51 0.0778 373.7
0 32 15 321.35 0.0602 315.7
0 32 17 52.58 0.0792 642.6
0 32 40 166.25 0.0440 302.3
0 32 32 303.52 0.0525 571.5
0 32 19 124.69 0.0320 619.3
0 32 37 173.36 0.0392 290.2
0 32 37 45.59 0.1054 381.0
0 32 18 106.40 0.0420 933.7
0 32 20 158.69 0.0840 484.2
0 32 30 260.55 0.0268 167.7
0 32 20 140.20 0.1145 682.5
0 32 38 214.71 0.0426 684.7
0 32 38 75.06 0.0790 251.9
0 32 32 58.97 0.0974 859.7
0 32 14 105.45 0.0367 496.7
0 32 36 81.84 0.0548 590.8
0 32 35 88.82 0.0489 121.3
0 32 18 65.06 0.0219 302.7
0 32 27 61.74 0.0559 146.9
0 32 29 91.77 0.0591 542.7
0 32 26 57.13 0.0654 847.0
0 32 16 67.25 0.0626 348.7
0 32 41 143.04 0.0540 429.4
0 32 36 64.22 0.0960 600.2
0 32 18 45.51 0.1013 530.7
0 32 41 50.13 0.0914 431.7
0 32 27 65.25 0.0795 471.3
0 32 41 83.21 0.0539 453.2
0 32 45 122.89 0.0500 527.2
0 32 15 48.77 0.0673 716.6
0 32 25 72.46 0.0660 755.5
0 32 38 51.22 0.0938 653.7
0 32 21 48.27 0.1178 631.5
0 32 22 93.11 0.0459 362.6
0 32 37 120.74 0.0601 615.8
0 32 18 268.36 0.0728 489.3
0 32 15 69.47 0.1073 293.9
0 32 28 176.66 0.0350 430.5
0 32 22 303.69 0.0487 320.9
0 32 15 48.15 0.0912 359.1
0 32 34 114.90 0.0448 5.0
0 32 35 111.04 0.0584 482.1
0 32 38 66.23 0.0852 388.5
0 32 32 191.48 0.0727 162.8
0 32 33 155.07 0.0457 55.4
0 32 34 98.36 0.0622 432.2
0 32 27 88.81 0.0661 101.6
0 32 31 75.73 0.0582 66.2
0 32 20 55.00 0.0687 788.3
0 32 32 56.93 0.0968 512.6
0 32 29 70.78 0.1123 162.7
0 32 32 53.63 0.0902 472.5
0 32 23 80.56 0.0815 703.7
0 32 25 61.69 0.1100 551.0
0 32 36 83.00 0.0788 484.6
0 32 21 57.91 0.0881 829.9
0 32 17 815.37 0.1195 102.2
0 32 19 76.80 0.0366 681.4
0 32 31 48.32 0.1427 666.1
0 32 28 214.34 0.0452 365.4
0 32 33 219.92 0.0476 825.0
0 32 35 140.24 0.0412 78.6
0 32 35 89.63 0.0861 197.9
0 32 16 199.98 0.0438 916.6
0 32 36 58.31 0.1047 509.5
0 32 33 138.00 0.0611 296.2
0 32 20 87.45 0.0729 691.7
0 32 18 61.34 0.0541 351.7
0 32 29 117.34 0.0522 290.9
0 32 27 92.49 0.0418 347.5
0 32 37 65.41 0.0768 292.0
0 32 39 278.30 0.0496 115.5
0 32 34 99.20 0.0621 297.4
0 32 36 97.54 0.0847 732.6
0 32 31 1074.20 0.0601 210.3
0 32 24 96.36 0.0434 173.9
0 32 36 83.70 0.0818 635.2
0 32 31 120.19 0.0378 347.8
0 32 21 57.21 0.0919 650.3
0 32 30 95.12 0.0821 772.7
0 32 33 79.90 0.0686 225.6
0 32 21 45.57 0.1028 466.9
0 32 34 62.10 0.0963 508.6
0 32 32 61.85 0.0948 68.5
0 32 20 84.90 0.0971 207.1
0 32 23 246.81 0.0903 496.9
0 32 23 56.90 0.0955 829.3
0 32 27 156.06 0.0407 258.2
0 32 36 83.38 0.0807 470.3
0 32 27 62.46 0.0566 708.1
0 32 17 66.06 0.1065 817.3
0 32 31 51.59 0.0783 521.2
0 32 21 95.28 0.0187 318.4
0 32 33 167.80 0.1005 163.8
0 32 38 88.37 0.0688 137.6
0 32 22 118.55 0.0793 96.8
0 32 41 110.51 0.0723 425.7
0 32 19 52.99 0.1290 410.2
0 32 18 146.63 0.0500 118.1
0 32 29 60.59 0.0798 64.3
0 32 38 137.93 0.0464 648.8
0 32 31 149.50 0.0582 538.4
0 32 24 64.86 0.1042 351.5
0 32 34 72.05 0.0837 441.3
0 32 21 435.10 0.0370 697.9
0 32 19 47.21 0.0681 237.2
0 32 28 48.55 0.0835 423.6
0 32 33 3037.74 0.0489 620.9
0 32 27 351.54 0.0433 522.1
0 32 23 142.41 0.0550 675.8
0 32 41 62.35 0.1341 501.1
0 32 32 81.43 0.0822 305.6
0 32 20 108.03 0.0514 280.1
0 32 41 83.10 0.0873 300.6
0 32 28 171.62 0.0395 675.6
0 32 14 179.65 0.1331 441.8
0 32 40 76.83 0.0736 563.3
0 32 22 76.37 0.0939 459.3
0 32 46 119.86 0.0530 388.1
0 32 21 77.38 0.1218 839.8
0 32 46 135.20 0.0506 345.9
0 32 34 46.74 0.1273 65.1
0 32 17 161.87 0.0184 350.8
0 32 29 124.27 0.0376 444.9
0 32 19 487.01 0.1174 450.3
0 32 34 74.84 0.0827 854.1
0 32 42 62.39 0.0742 137.3
0 32 32 190.83 0.0386 122.3
0 32 35 125.19 0.0631 494.4
0 32 37 74.35 0.0916 462.3
0 32 15 93.73 0.0657 190.9
0 32 15 283.22 0.1456 832.5
0 32 23 497.72 0.0472 555.7
0 32 37 173.73 0.0644 713.7
0 32 38 176.44 0.1175 381.0
0 32 31 70.52 0.0790 423.2
0 32 43 184.07 0.0399 354.3
0 32 32 64.09 0.1320 392.5
0 32 36 102.63 0.0868 372.3
0 32 18 57.54 0.1071 423.3
0 32 30 99.85 0.0658 294.9
0 32 24 90.95 0.0626 263.1
0 32 36 190.11 0.0503 311.0
0 32 38 417.05 0.0342 399.9
0 32 41 951.75 0.0320 84.2
0 32 14 65.25 0.1112 745.0
0 32 23 62.84 0.0597 913.1
0 32 26 95.86 0.0445 852.3
0 32 34 166.04 0.0571 229.7
0 32 24 77.85 0.0757 487.6
0 32 26 107.37 0.0871 623.8
0 32 40 107.81 0.0554 345.9
0 32 36 173.21 0.0501 408.9
0 32 16 237.59 0.0357 482.0
0 32 13 51.74 0.1058 465.3
0 32 21 88.34 0.0426 116.3
0 32 15 82.33 0.0220 324.2
0 32 24 90.95 0.0576 421.6
0 32 14 60.67 0.0889 661.9
0 32 14 72.41 0.0191 234.2
0 32 25 205.32 0.0555 640.0
0 32 17 381.90 0.0334 557.1
0 32 17 308.42 0.0330 352.3
0 32 21 64.12 0.0894 445.7
0 32 17 58.78 0.0774 417.1
0 32 16 73.24 0.0175 716.5
0 32 13 184.08 0.0230 189.4
0 32 17 61.49 0.0366 56.5
0 32 24 128.21 0.0318 323.7
0 32 16 66.98 0.1064 112.7
0 32 33 69.65 0.0887 649.7
0 32 22 51.13 0.1028 923.9
0 32 19 54.61 0.0865 368.9
0 32 25 80.58 0.0707 372.7
0 32 22 79.60 0.0336 341.9
0 32 14 198.93 0.0307 398.4
0 32 16 149.12 0.1468 434.3
0 32 27 50.43 0.1234 231.2
0 32 16 336.15 0.0381 904.5
0 32 23 101.69 0.0966 646.0
0 32 23 71.14 0.0889 651.1
0 32 20 53.97 0.0917 678.7
0 32 27 112.72 0.0874 594.0
0 32 30 161.00 0.0632 531.6
0 32 21 46.69 0.1265 493.0
0 32 18 74.67 0.0329 683.0
0 32 25 69.20 0.1021 452.9
0 32 16 126.97 0.0319 298.2
0 32 16 46.32 0.0512 42.7
0 32 15 59.76 0.0841 30.0
0 32 15 164.12 0.1074 851.5
0 32 26 56.05 0.0826 585.2
0 32 35 201.60 0.0566 554.3
0 32 18 61.48 0.0738 850.4
0 32 14 71.14 0.0718 521.0
0 32 24 131.40 0.0643 640.1
0 32 13 118.26 0.0705 794.3
0 32 24 64.77 0.0888 69.6
0 32 19 57.69 0.1167 229.2
0 32 30 61.78 0.0892 380.5
0 32 21 83.23 0.0741 233.4
0 32 32 66.97 0.0851 450.3
0 32 41 78.41 0.0757 827.5
0 32 19 289.84 0.0401 232.0
0 32 21 73.79 0.0817 296.9
0 32 17 90.44 0.0247 415.0
0 33 16 88.49 0.0671 46.6
0 33 31 325.73 0.0730 799.4
0 33 42 84.77 0.0581 396.2
0 33 22 102.40 0.0615 860.5
0 33 17 397.79 0.0873 442.0
0 33 24 71.52 0.0846 585.6
0 33 19 65.74 0.0401 764.8
0 33 45 248.64 0.0459 747.0
0 33 18 119.89 0.0444 478.4
0 33 38 109.96 0.0685 458.4
0 33 22 49.05 0.0785 627.5
0 33 37 90.31 0.0845 775.3
0 33 39 104.80 0.0647 212.1
0 33 41 175.20 0.0501 842.4
0 33 39 118.71 0.0634 692.0
0 33 33 67.94 0.0939 831.7
0 33 44 113.99 0.0631 135.2
0 33 39 83.05 0.0708 690.3
0 33 40 102.59 0.0671 535.1
0 33 31 224.76 0.0451 745.4
0 33 23 340.35 0.0456 511.9
0 33 29 78.52 0.0697 450.4
0 33 20 182.50 0.0416 24.6
0 33 18 47.80 0.0618 930.3
0 33 15 52.51 0.0277 31.2
0 33 35 138.13 0.0597 541.2
0 33 21 77.62 0.0752 563.1
0 33 27 77.44 0.0345 910.5
0 33 38 482.87 0.0557 834.0
0 33 25 73.05 0.0478 344.6
0 33 35 123.84 0.0681 730.3
0 33 14 60.84 0.1129 915.0
0 33 23 56.43 0.0422 424.6
0 33 17 82.47 0.0274 728.7
0 33 43 249.78 0.0487 798.0
0 33 27 190.12 0.0359 204.9
0 33 25 70.21 0.0677 96.0
0 33 30 88.91 0.0451 62.7
0 33 35 125.82 0.0574 876.3
0 33 37 192.70 0.0445 537.2
0 33 21 57.34 0.0717 875.4
0 33 18 87.06 0.0434 33.4
0 33 23 203.64 0.0556 818.2
0 33 38 82.39 0.0606 518.3
0 33 16 483.77 0.0893 394.3
0 33 28 74.92 0.0952 936.6
0 33 19 59.93 0.0339 359.6
0 33 24 55.94 0.0610 841.1
0 33 21 69.82 0.0341 235.4
0 33 25 54.64 0.0970 650.7
0 33 16 53.98 0.0210 285.9
0 33 17 49.80 0.0224 680.2
0 33 28 117.41 0.0567 385.6
0 33 44 101.91 0.0659 883.1
0 33 29 62.64 0.0885 50.3
0 33 39 201.74 0.0486 644.8
0 33 16 67.61 0.0970 399.0
0 33 31 144.25 0.0600 39.9
0 33 29 105.15 0.0588 128.3
0 33 18 100.59 0.0711 573.7
0 33 31 67.32 0.1010 766.5
0 33 27 205.25 0.0564 753.6
0 33 18 536.80 0.0273 401.0
0 33 16 76.16 0.0171 866.5
0 33 21 73.36 0.0614 779.2
0 33 33 67.56 0.0766 202.6
0 33 40 198.18 0.0482 482.7
0 33 16 56.14 0.0165 58.8
0 33 32 191.95 0.0295 796.6
0 33 17 130.73 0.0533 40.6
0 33 18 93.49 0.0778 923.5
0 33 25 110.00 0.0745 776.1
0 33 25 120.07 0.0281 596.4
0 33 36 67.38 0.0816 763.3
0 33 40 54.46 0.0996 840.7
0 33 24 51.25 0.1039 783.3
0 33 37 76.24 0.0893 917.9
0 33 18 164.92 0.0337 853.3
0 33 38 94.10 0.0651 328.9
0 33 19 249.81 0.0461 452.5
0 33 48 123.62 0.0723 854.2
0 33 46 163.43 0.0455 466.8
0 33 35 134.37 0.0487 93.0
0 33 36 114.95 0.0526 933.6
0 33 37 71.13 0.0827 511.3
0 33 18 51.05 0.0379 809.1
0 33 33 149.53 0.0742 824.4
0 33 30 110.41 0.0539 878.9
0 33 41 81.41 0.1003 318.0
0 33 36 71.18 0.0775 730.8
0 33 22 50.77 0.1369 799.0
0 33 25 103.81 0.0517 151.4
0 33 16 99.00 0.0433 523.3
0 33 15 194.18 0.1110 574.7
0 33 20 55.17 0.1057 459.5
0 33 31 72.40 0.0808 787.9
0 33 23 139.44 0.0284 120.9
0 33 39 865.29 0.0454 834.0
0 33 30 206.56 0.0570 564.1
0 33 28 57.44 0.0719 57.7
0 33 24 101.45 0.0783 271.5
0 33 19 125.32 0.1270 587.1
0 33 21 198.00 0.0975 945.1
0 33 31 104.36 0.0623 201.0
0 33 24 60.19 0.0685 420.1
0 33 32 138.05 0.0543 776.6
0 33 37 69.53 0.0775 715.5
0 33 20 138.98 0.0612 256.9
0 33 24 106.00 0.0591 87.5
0 33 35 57.15 0.0740 921.2
0 33 21 126.99 0.0232 84.2
0 33 36 103.35 0.0638 439.9
0 33 28 278.68 0.0595 910.2
0 33 15 88.83 0.0614 7.4
0 33 31 65.51 0.0879 459.3
0 33 28 80.71 0.0624 590.7
0 33 34 82.20 0.0464 859.3
0 33 25 138.36 0.0307 40.9
0 33 28 89.96 0.0580 297.9
0 33 26 59.65 0.0791 906.6
0 33 17 215.67 0.1449 189.2
0 33 18 824.27 0.1040 58.1
0 33 26 109.70 0.0275 219.0
0 33 17 50.09 0.0824 940.0
0 33 15 81.87 0.1138 186.7
0 33 13 89.94 0.1078 175.4
0 33 32 48.16 0.1005 482.0
0 33 30 167.49 0.0560 206.6
0 33 19 654.36 0.0380 470.5
0 33 31 100.36 0.0910 489.9
0 33 15 93.39 0.1312 891.2
0 33 19 59.96 0.1002 174.7
0 33 13 77.84 0.1197 911.6
0 33 21 61.80 0.1048 132.9
0 33 15 96.91 0.0389 355.8
0 33 17 95.61 0.0542 46.1
0 33 16 48.25 0.0881 818.9
0 33 27 178.80 0.0674 68.9
0 33 25 50.38 0.1201 827.3
0 33 17 104.66 0.0428 19.3
0 33 27 78.90 0.0350 75.8
0 33 16 59.00 0.0258 255.7
0 33 29 162.36 0.0537 930.2
0 33 24 105.55 0.0853 831.3
0 33 15 64.57 0.1040 428.8
0 33 13 66.37 0.1485 523.9
0 33 19 75.27 0.0729 436.2
0 33 18 89.60 0.0838 55.0
0 35 28 60.34 0.0973 826.8
0 35 33 105.44 0.0636 237.6
0 35 46 96.57 0.0780 535.6
0 35 46 194.40 0.0401 67.9
0 35 24 142.69 0.0387 405.8
0 35 38 95.52 0.0500 924.8
0 35 30 58.85 0.1088 762.6
0 35 31 102.91 0.0701 562.1
0 35 28 355.81 0.0301 901.1
0 35 23 85.34 0.0733 741.2
0 35 39 198.07 0.0707 397.3
0 35 36 49.88 0.1063 696.3
0 35 23 81.80 0.0188 445.7
0 35 34 73.43 0.0668 111.2
0 35 39 54.33 0.0912 579.1
0 35 19 176.74 0.0626 271.9
0 35 40 49.00 0.0878 559.6
0 35 17 101.35 0.0464 784.0
0 35 31 67.49 0.0683 456.2
0 35 19 704.48 0.0388 434.8
0 35 33 71.37 0.0745 606.0
0 35 41 79.68 0.0830 527.1
0 35 19 393.89 0.0297 597.9
0 35 19 63.25 0.0426 132.4
0 35 26 91.06 0.0451 543.7
0 35 27 77.70 0.0836 32.8
0 35 41 108.71 0.0440 905.4
0 35 36 114.06 0.0640 165.3
0 35 30 147.66 0.0468 771.4
0 35 28 117.35 0.0893 891.3
0 35 37 49.26 0.0924 865.8
0 35 28 140.74 0.0657 82.1
0 35 23 143.87 0.0501 528.7
0 35 16 157.94 0.0895 213.2
0 35 32 182.96 0.0341 841.3
0 35 23 92.54 0.0407 567.7
0 35 16 45.96 0.1000 931.1
0 35 14 85.03 0.0656 664.5
0 35 41 72.54 0.0600 508.3
0 35 41 59.63 0.0857 529.6
0 35 24 46.33 0.1007 796.6
0 35 37 104.94 0.0363 298.6
0 35 14 57.88 0.1258 760.7
0 35 28 205.88 0.0446 654.3
0 35 43 108.03 0.0478 568.4
0 35 18 51.48 0.0996 652.1
0 35 23 140.76 0.0509 223.5
0 35 25 167.43 0.0577 770.1
0 35 41 141.14 0.0682 952.6
0 35 44 139.29 0.0695 693.3
0 35 25 235.19 0.0409 804.1
0 35 37 63.00 0.0949 579.0
0 35 22 82.92 0.0673 656.8
0 35 22 102.40 0.0534 333.9
0 35 21 81.59 0.0734 473.7
0 35 28 465.75 0.0665 917.4
0 35 27 193.99 0.0553 911.4
0 35 32 66.14 0.0543 716.7
0 35 13 50.81 0.0819 904.3
0 35 33 64.52 0.1135 501.1
0 35 22 85.11 0.0690 491.7
0 35 46 446.90 0.0365 926.0
0 35 20 47.16 0.0525 165.8
0 35 30 148.98 0.0581 151.1
0 35 14 59.00 0.1333 523.4
0 35 16 220.38 0.0980 121.7
0 35 29 167.05 0.0305 784.0
0 35 27 104.68 0.0608 934.4
0 35 19 414.60 0.0237 503.0
0 35 17 74.76 0.0590 41.8
0 35 34 252.34 0.0850 92.6
0 35 17 68.63 0.0312 17.4
0 35 22 253.05 0.0869 38.1
0 35 24 65.95 0.0855 126.8
0 35 20 73.30 0.0745 90.7
0 35 30 102.86 0.0569 699.4
0 35 31 127.93 0.0522 897.6
0 35 20 313.94 0.0533 916.9
0 35 27 56.79 0.1157 550.2
0 35 22 138.52 0.0465 669.5
0 35 23 74.70 0.1007 525.1
0 35 44 165.50 0.0648 896.5
0 35 33 86.89 0.0757 376.8
0 35 40 95.20 0.0741 158.8
0 35 31 84.91 0.1122 716.3
0 35 30 47.24 0.1143 700.5
0 35 18 74.55 0.1276 527.5
0 35 33 70.38 0.0963 546.7
0 35 30 47.28 0.1169 405.8
0 35 32 229.50 0.0581 568.2
0 35 27 50.59 0.1053 60.7
0 35 20 90.75 0.0179 543.9
0 35 35 63.60 0.1025 610.7
0 35 18 86.82 0.1169 777.4
0 35 21 48.68 0.0945 268.9
0 35 41 237.16 0.0534 209.4
0 35 28 202.81 0.0463 297.9
0 35 43 133.44 0.0580 925.3
0 35 35 63.99 0.0902 99.6
0 35 39 66.81 0.0902 230.8
0 35 41 161.73 0.1077 733.5
0 35 33 136.30 0.0515 938.6
0 35 35 59.13 0.0734 106.7
0 35 31 80.93 0.0545 158.8
0 35 21 73.88 0.0466 558.1
0 35 29 88.60 0.0682 518.1
0 35 23 641.83 0.0857 607.4
0 35 26 46.23 0.1174 710.3
0 35 20 78.22 0.0487 750.9
0 35 33 107.01 0.0787 576.4
0 35 21 48.66 0.0974 268.5
0 35 22 62.12 0.0555 514.5
0 35 41 257.39 0.0780 657.7
0 35 25 91.22 0.0566 883.2
0 35 22 256.64 0.0332 559.5
0 35 16 46.92 0.0422 694.6
0 35 22 87.25 0.0919 565.2
0 35 19 69.26 0.0319 517.0
0 35 14 107.13 0.1439 322.6
0 35 27 67.59 0.0436 14.2
0 35 25 54.84 0.0643 861.6
0 35 40 74.28 0.0872 29.5
0 35 29 122.47 0.0793 903.6
0 35 31 326.41 0.0339 819.1
0 35 29 62.07 0.0836 557.3
0 35 19 167.10 0.0216 352.5
0 35 28 200.98 0.0573 478.3
0 35 39 80.87 0.0609 629.3
0 35 26 70.85 0.0598 508.5
0 35 31 112.58 0.0408 627.3
0 35 27 47.28 0.0766 626.8
0 35 44 45.03 0.1164 290.3
0 35 28 60.71 0.1152 530.1
0 35 43 65.83 0.0694 567.3
0 35 19 94.49 0.0383 827.5
0 35 44 543.41 0.0516 405.4
0 35 36 136.17 0.0438 543.8
0 35 17 48.63 0.1198 223.2
0 35 16 197.80 0.0301 232.5
0 35 43 462.77 0.0669 235.2
0 35 18 58.41 0.1086 245.7
0 35 41 182.12 0.0677 694.3
0 35 44 126.50 0.0430 219.7
0 35 36 104.35 0.0656 572.8
0 35 33 126.11 0.0771 47.9
0 35 19 50.98 0.0497 871.8
0 35 37 212.02 0.0417 779.9
0 35 38 104.89 0.0934 139.6
0 35 39 178.10 0.0427 81.5
0 35 34 189.49 0.0643 935.7
0 35 37 96.74 0.0648 892.6
0 35 34 91.30 0.0546 150.6
0 35 16 310.10 0.0422 908.5
0 35 19 146.94 0.0228 84.9
0 35 16 55.40 0.0553 905.2
0 35 38 51.18 0.1004 739.1
0 35 32 786.97 0.0560 695.7
0 35 22 60.14 0.1248 37.7
0 35 16 121.45 0.0519 47.2
0 35 16 286.58 0.0447 811.3
0 35 16 46.63 0.1140 692.3
0 35 16 67.90 0.1411 436.4
0 35 16 109.09 0.0175 830.4
0 35 15 90.40 0.0406 755.6
0 35 14 703.92 0.0965 709.9
0 35 17 209.93 0.0418 20.8
0 35 18 162.66 0.0812 787.6
0 35 21 95.38 0.0760 623.6
0 35 20 555.60 0.0336 247.5
0 35 39 100.88 0.0611 708.7
0 35 22 70.09 0.1130 733.0
0 35 21 55.86 0.0405 785.4
0 35 21 92.90 0.0838 639.2
0 35 47 133.91 0.0481 386.2
0 35 22 143.28 0.0697 637.6
0 35 22 111.66 0.0584 640.3
0 35 18 298.62 0.0778 696.7
0 35 25 71.33 0.0654 62.2
0 35 35 178.44 0.0338 537.8
0 35 42 64.00 0.0943 49.4
0 35 18 53.04 0.0609 630.3
0 35 35 154.78 0.0597 52.7
0 35 24 135.16 0.0324 474.6
0 35 14 61.58 0.0686 240.2
0 35 22 64.44 0.0704 825.7
0 35 17 138.62 0.1123 324.8
0 35 19 181.55 0.0379 720.1
0 35 15 61.32 0.0854 37.0
0 35 39 112.80 0.0623 852.6
0 35 29 61.73 0.0618 636.2
0 35 24 81.06 0.0308 273.4
0 35 33 152.57 0.0539 642.3
0 36 39 501.07 0.0455 643.9
0 36 35 137.86 0.0547 430.3
0 36 43 255.73 0.0360 857.6
0 36 36 80.17 0.0807 92.6
0 36 33 84.21 0.1274 326.3
0 36 20 85.72 0.0398 501.9
0 36 27 135.65 0.0218 173.0
0 36 15 53.46 0.1045 330.9
0 36 17 60.36 0.0684 494.7
0 36 18 63.56 0.0295 333.5
0 36 18 51.77 0.0591 926.5
0 36 30 63.52 0.0787 334.3
0 36 34 99.95 0.0626 927.5
0 36 18 142.50 0.0377 837.8
0 36 28 51.54 0.0977 365.3
0 36 31 3367.51 0.0259 339.6
0 36 31 53.61 0.1105 365.1
0 36 19 73.69 0.0905 186.3
0 36 17 45.48 0.0576 340.7
0 36 37 189.03 0.0604 554.7
0 36 39 336.81 0.0566 223.6
0 36 33 76.72 0.0779 920.2
0 36 33 58.14 0.0775 116.2
0 36 26 94.47 0.0944 179.2
0 36 13 52.28 0.0415 505.6
0 36 14 46.46 0.1162 149.3
0 36 18 47.81 0.1249 286.2
0 36 23 98.50 0.0435 439.5
0 36 19 141.94 0.0440 567.0
0 36 40 302.57 0.0524 218.3
0 36 38 127.44 0.0365 838.7
0 36 37 113.34 0.0487 170.0
0 36 16 131.29 0.0494 141.6
0 36 17 72.13 0.1122 127.2
0 36 35 85.04 0.0727 531.8
0 36 36 228.54 0.0431 351.4
0 36 39 229.16 0.0535 100.6
0 36 29 115.95 0.0614 174.8
0 36 31 72.17 0.0681 547.5
0 36 39 154.38 0.0799 899.0
0 36 42 92.26 0.0692 179.5
0 36 37 52.17 0.0991 920.7
0 36 17 53.66 0.0311 807.3
0 36 37 113.65 0.0739 163.6
0 36 33 317.87 0.0708 59.1
0 36 28 267.29 0.0404 916.9
0 36 36 90.66 0.0690 133.5
0 36 28 131.63 0.0722 260.9
0 36 17 55.82 0.0213 523.9
0 36 28 80.99 0.0745 44.3
0 36 29 230.39 0.0363 940.1
0 36 30 71.54 0.0588 261.8
0 36 39 156.46 0.0457 763.6
0 36 19 176.05 0.0417 741.9
0 36 15 150.59 0.0240 291.5
0 36 35 46.74 0.1036 538.7
0 36 37 53.27 0.0908 304.5
0 36 38 175.52 0.0520 421.2
0 36 44 188.18 0.0494 217.4
0 36 33 185.25 0.0306 163.3
0 36 18 119.06 0.0920 178.6
0 36 36 236.31 0.0495 697.0
0 36 35 90.85 0.0908 50.6
0 36 30 67.04 0.0840 917.7
0 36 39 94.86 0.0521 217.4
0 36 41 78.72 0.0881 623.5
0 36 31 55.03 0.0790 339.1
0 36 25 343.37 0.0394 363.1
0 36 18 84.91 0.0195 244.7
0 36 16 53.44 0.0186 733.3
0 36 30 57.77 0.0928 372.8
0 36 38 91.38 0.0563 263.2
0 36 43 195.88 0.0526 286.5
0 36 29 89.49 0.0390 320.9
0 36 22 61.20 0.0745 521.0
0 36 14 68.29 0.1327 905.1
0 36 25 65.55 0.1157 507.2
0 36 13 54.52 0.0957 351.4
0 36 19 114.89 0.0306 22.7
0 36 14 62.73 0.0679 883.8
0 36 36 238.00 0.0620 21.7
0 36 22 55.86 0.0843 891.4
0 36 24 321.74 0.0224 506.6
0 36 27 56.67 0.0588 87.6
0 36 26 194.40 0.0220 563.3
0 36 45 273.83 0.0480 191.4
0 36 36 305.63 0.0460 392.2
0 36 25 45.74 0.1367 784.7
0 36 36 85.63 0.0543 190.2
0 36 22 214.58 0.0487 38.0
0 36 16 110.04 0.0353 24.7
0 36 38 155.20 0.0753 98.4
0 36 18 615.32 0.1161 295.1
0 36 36 126.16 0.0344 339.3
0 36 40 59.79 0.0893 109.0
0 36 29 122.36 0.0378 17.2
0 36 39 62.51 0.0683 87.7
0 36 24 68.85 0.1265 322.2
0 36 17 58.44 0.0512 180.7
0 36 38 139.55 0.0446 280.5
0 36 38 100.34 0.0461 147.8
0 36 29 202.05 0.0368 175.9
0 36 20 615.54 0.0340 917.5
0 36 24 94.15 0.0503 727.0
0 36 19 128.24 0.0706 35.2
0 36 22 124.80 0.0308 63.2
0 36 18 243.05 0.0283 190.6
0 36 33 130.57 0.1011 506.8
0 36 26 119.24 0.0455 50.3
0 36 25 167.89 0.0363 556.4
0 36 40 85.97 0.0594 213.3
0 36 32 119.16 0.0680 356.6
0 36 23 55.06 0.0693 111.2
0 36 27 879.92 0.0432 671.8
0 36 26 70.83 0.1057 659.8
0 36 24 175.69 0.0593 40.6
0 36 42 247.80 0.0511 315.8
0 36 36 202.97 0.0344 235.2
0 36 29 90.44 0.0638 172.1
0 36 47 309.91 0.0637 823.8
0 36 23 48.29 0.0582 486.8
0 36 17 61.96 0.0789 859.7
0 36 32 2787.22 0.1002 742.3
0 36 14 125.33 0.0428 936.5
0 36 17 130.66 0.0312 899.3
0 36 17 50.02 0.0577 500.4
0 36 23 74.61 0.0972 42.7
0 36 15 62.87 0.1431 86.2
0 36 16 203.21 0.0344 641.1
0 36 20 46.96 0.0819 679.3
0 36 16 47.54 0.0420 194.1
0 36 28 198.88 0.0513 928.9
0 36 19 88.45 0.0459 665.3
0 36 31 2005.95 0.0298 47.9
0 36 23 54.81 0.0366 477.1
0 36 24 60.90 0.0778 422.7
0 36 15 59.41 0.1123 524.5
0 36 29 105.91 0.0490 683.1
0 36 17 188.73 0.0349 300.7
0 36 23 45.89 0.0816 859.4
0 36 24 47.12 0.0689 505.3
0 36 14 75.71 0.1283 322.2
0 36 41 62.54 0.0334 285.1
0 36 41 248.49 0.0573 807.3
0 36 32 70.14 0.0852 844.2
0 39 20 107.89 0.0255 891.8
0 39 22 187.51 0.0464 596.1
0 39 39 62.05 0.0674 152.0
0 39 24 110.52 0.0428 101.3
0 39 33 71.65 0.0964 203.1
0 39 24 62.61 0.0525 799.8
0 39 28 50.77 0.0580 781.7
0 39 35 165.64 0.0696 100.0
0 39 24 151.89 0.0600 729.2
0 39 20 80.42 0.0516 691.1
0 39 23 80.35 0.0635 33.3
0 39 19 96.55 0.0308 591.2
0 39 18 63.74 0.1066 283.9
0 39 20 207.68 0.0222 101.5
0 39 34 102.65 0.0638 942.7
0 39 23 98.07 0.0915 940.5
0 39 31 106.42 0.0663 440.5
0 39 33 75.29 0.0700 866.1
0 39 25 50.27 0.0666 240.8
0 39 16 565.91 0.0381 47.8
0 39 19 60.37 0.0781 209.7
0 39 31 48.37 0.0742 156.8
0 39 35 257.19 0.0536 627.2
0 39 21 53.24 0.0385 53.1
0 39 21 77.59 0.0705 935.0
0 39 38 68.62 0.0838 766.2
0 39 23 286.74 0.0349 54.7
0 39 23 84.73 0.0952 920.4
0 39 15 90.43 0.0742 635.4
0 39 20 66.41 0.0954 44.9
0 39 22 71.85 0.0813 870.9
0 39 26 167.21 0.0398 882.3
0 39 36 84.52 0.0786 53.7
0 39 19 96.15 0.0809 152.0
0 39 19 76.99 0.0851 491.8
0 39 17 100.17 0.0498 606.1
0 39 25 78.71 0.0832 828.6
0 39 26 100.67 0.0752 510.3
0 39 35 81.74 0.0324 318.3
0 39 26 154.34 0.0702 76.2
0 39 32 93.89 0.0951 171.5
0 39 28 57.54 0.0824 271.6
0 39 32 116.74 0.0628 958.8
0 39 29 96.49 0.0454 74.3
0 39 43 224.84 0.0354 278.1
0 39 27 62.59 0.0928 589.3
0 39 20 73.58 0.0904 493.5
0 39 32 68.21 0.0997 849.7
0 39 32 85.28 0.1229 752.6
0 39 31 68.63 0.0578 686.4
0 39 30 191.56 0.0393 929.8
0 39 35 153.21 0.0530 59.0
0 39 24 131.08 0.0363 166.6
0 39 34 104.07 0.0567 393.1
0 39 29 74.75 0.0861 425.4
0 39 18 156.37 0.0581 346.7
0 39 15 75.40 0.0339 948.2
0 39 30 64.34 0.0823 711.7
0 39 38 53.15 0.1068 115.0
0 39 27 61.46 0.0911 67.7
0 39 33 167.97 0.0620 66.3
0 39 18 67.25 0.1225 265.9
0 39 28 72.98 0.0672 191.3
0 39 33 136.18 0.0587 212.2
0 39 17 53.63 0.1035 82.2
0 39 34 71.15 0.0795 253.3
0 39 18 52.01 0.0901 356.7
0 39 19 51.17 0.1367 195.2
0 39 38 79.11 0.0896 246.6
0 39 37 144.18 0.0463 857.3
0 39 27 389.38 0.0402 635.7
0 39 26 616.20 0.0355 210.2
0 39 25 47.90 0.0975 30.2
0 39 34 109.00 0.0594 311.9
0 39 22 55.46 0.0251 304.3
0 39 23 215.03 0.0476 209.2
0 39 37 132.14 0.0613 369.7
0 39 35 142.74 0.0346 790.5
0 39 27 88.73 0.1216 343.0
0 39 33 246.33 0.0610 901.6
0 39 18 116.26 0.0410 33.0
0 39 20 119.46 0.0316 653.4
0 39 44 191.98 0.0607 721.6
0 39 32 104.20 0.1147 89.1
0 39 31 116.82 0.0753 802.6
0 39 16 152.50 0.0692 477.9
0 39 27 91.27 0.0446 29.4
0 39 32 87.44 0.0663 537.7
0 39 26 131.27 0.0816 528.7
0 39 17 172.60 0.0474 189.9
0 39 40 137.33 0.0575 828.7
0 39 17 395.91 0.0325 79.7
0 39 15 68.45 0.1241 933.9
0 39 19 48.00 0.0998 925.9
0 39 16 2459.51 0.0316 85.7
0 39 20 63.38 0.0538 370.7
0 39 19 94.19 0.0567 756.9
0 39 15 45.99 0.1215 902.1
0 39 29 125.70 0.0521 850.1
0 39 27 108.77 0.0507 591.3
0 39 16 99.69 0.0858 198.6
0 39 37 141.15 0.0521 905.4
0 39 41 73.09 0.0724 407.8
0 39 37 79.49 0.0713 94.0
0 39 42 69.48 0.0897 92.6
0 39 39 67.81 0.0420 589.1
0 39 37 72.56 0.0951 820.6
0 39 44 94.65 0.0663 292.1
0 39 29 96.30 0.0504 219.7
0 39 39 66.35 0.0916 756.7
0 39 43 116.21 0.0353 630.4
0 39 15 182.90 0.0410 196.0
0 39 23 50.63 0.0760 88.8
0 39 26 55.17 0.0952 173.1
0 39 17 47.89 0.1267 151.9
0 39 25 81.46 0.0801 251.6
0 39 30 118.73 0.0843 491.9
0 39 38 864.02 0.0433 257.4
0 39 29 80.42 0.0725 159.2
0 39 19 101.21 0.0496 44.6
0 39 45 186.24 0.0457 523.7
0 39 41 176.57 0.0598 658.7
0 39 35 57.61 0.0742 327.6
0 39 47 160.58 0.0396 107.1
0 39 20 48.76 0.0638 100.6
0 39 37 422.46 0.0512 800.2
0 39 42 91.83 0.0609 622.3
0 39 34 130.25 0.0429 155.5
0 39 19 134.94 0.0453 836.2
0 39 28 126.13 0.0539 407.1
0 39 23 86.05 0.0534 840.6
0 39 33 153.35 0.0506 906.9
0 39 28 103.32 0.0526 954.4
0 39 34 89.43 0.0474 289.3
0 39 34 230.79 0.0610 433.9
0 39 40 59.83 0.0916 878.1
0 39 21 59.02 0.0358 21.0
0 39 41 87.33 0.0663 617.5
0 39 16 67.62 0.0264 431.0
0 39 28 90.72 0.0786 256.4
0 39 32 194.83 0.0442 627.6
0 39 19 56.86 0.1249 443.9
0 39 36 301.32 0.0536 851.7
0 39 17 59.32 0.0364 74.7
0 39 17 470.83 0.0271 630.7
0 39 23 46.08 0.0970 817.8
0 39 23 192.51 0.0509 625.9
0 39 19 54.24 0.1205 126.7
0 39 21 177.99 0.0548 855.7
0 39 38 203.05 0.0484 582.3
0 39 17 68.01 0.0337 83.4
0 39 13 49.02 0.0456 468.0
0 39 14 45.61 0.1147 231.0
0 39 27 57.78 0.0767 904.2
0 39 21 107.65 0.0699 225.1
0 39 27 93.87 0.0729 322.5
0 39 18 53.67 0.0451 76.2
0 39 21 89.40 0.0586 194.9
0 39 16 86.02 0.0492 180.4
0 39 23 76.04 0.0297 710.4
0 39 27 74.24 0.0508 916.3
0 39 15 253.19 0.0416 16.8
0 39 14 445.27 0.1187 911.8
0 39 17 46.25 0.0566 774.1
0 39 15 55.50 0.0627 82.7
0 39 30 51.18 0.0866 145.2
0 39 14 123.41 0.1492 300.6
0 39 33 58.59 0.0722 788.0
0 39 21 55.50 0.0445 761.1
0 39 30 117.88 0.0480 661.4
0 39 35 94.44 0.0676 824.0
0 39 38 93.74 0.0800 837.6
0 39 15 112.38 0.0690 832.2
0 39 31 193.44 0.0434 823.7
0 39 33 521.36 0.0364 129.1
0 39 18 63.94 0.0353 679.7
0 39 17 142.16 0.0480 64.0
0 39 17 53.59 0.0529 802.6
0 40 43 119.65 0.0479 132.5
0 40 40 77.92 0.0567 88.1
0 40 39 146.55 0.0453 600.9
0 40 32 159.11 0.0705 505.3
0 40 41 150.34 0.0546 221.9
0 40 43 115.42 0.0682 512.4
0 40 29 72.70 0.0667 578.8
0 40 40 456.51 0.0818 879.3
0 40 21 83.95 0.1108 244.4
0 40 34 68.17 0.0734 444.2
0 40 15 91.90 0.1052 615.8
0 40 24 99.84 0.0795 931.5
0 40 19 191.98 0.1288 293.8
0 40 19 171.08 0.0369 75.8
0 40 41 87.70 0.0611 371.9
0 40 29 294.17 0.0616 635.8
0 40 17 89.80 0.0412 322.7
0 40 27 69.04 0.0577 165.8
0 40 28 231.80 0.0589 595.2
0 40 43 178.70 0.0445 502.6
0 40 28 102.08 0.0647 572.2
0 40 33 83.95 0.0663 862.6
0 40 27 107.41 0.0512 717.7
0 40 39 118.55 0.0480 826.3
0 40 18 63.66 0.0507 372.3
0 40 28 181.41 0.0462 349.9
0 40 33 134.59 0.0502 817.2
0 40 30 197.84 0.0882 181.4
0 40 21 101.56 0.0740 542.9
0 40 19 460.29 0.0386 608.2
0 40 24 46.59 0.1256 667.7
0 40 34 69.76 0.0903 199.2
0 40 33 47.51 0.1116 498.0
0 40 15 520.21 0.0539 638.6
0 40 20 53.06 0.0442 423.0
0 40 30 63.30 0.0772 499.7
0 40 14 49.55 0.1195 886.4
0 40 14 506.17 0.0616 540.0
0 40 29 84.20 0.0475 905.6
0 40 22 796.47 0.1023 336.8
0 40 24 72.20 0.0844 516.6
0 40 37 184.73 0.0647 134.8
0 40 37 165.78 0.0612 803.1
0 40 40 164.91 0.0679 562.8
0 40 20 76.81 0.0582 253.1
0 40 36 111.39 0.0526 633.7
0 40 32 81.22 0.0942 277.6
0 40 30 54.41 0.1022 854.3
0 40 35 237.88 0.0634 802.8
0 40 26 47.88 0.0990 485.4
0 40 34 195.38 0.0486 503.7
0 40 31 237.04 0.0429 319.6
0 40 27 919.62 0.0548 608.2
0 40 41 103.41 0.0786 832.2
0 40 30 111.23 0.0391 546.5
0 40 46 274.53 0.0548 690.7
0 40 28 113.77 0.0883 178.7
0 40 38 52.33 0.0978 607.0
0 40 22 125.20 0.0243 427.9
0 40 31 66.13 0.1073 574.1
0 40 29 56.54 0.0746 552.8
0 40 22 79.66 0.0497 504.2
0 40 21 128.38 0.0955 49.5
0 40 20 180.62 0.0527 402.9
0 40 40 108.87 0.0598 560.5
0 40 34 79.70 0.0865 443.4
0 40 36 68.00 0.0910 802.2
0 40 37 109.74 0.0454 698.5
0 40 39 110.33 0.0459 909.2
0 40 28 63.72 0.0939 579.3
0 40 37 95.61 0.0660 315.1
0 40 40 110.14 0.0625 95.3
0 40 25 47.59 0.1192 398.4
0 40 29 170.16 0.0494 251.2
0 40 33 105.24 0.0651 540.4
0 40 25 46.90 0.0929 450.4
0 40 31 59.01 0.0933 380.8
0 40 24 82.05 0.0876 938.8
0 40 18 476.07 0.0336 830.3
0 40 24 61.07 0.0860 814.2
0 40 19 272.26 0.0327 715.5
0 40 27 71.92 0.1017 552.1
0 40 39 306.66 0.0973 806.0
0 40 36 536.41 0.0418 863.3
0 40 26 122.02 0.0483 178.4
0 40 32 85.27 0.1373 232.9
0 40 38 68.32 0.0665 165.8
0 40 18 216.92 0.1682 352.3
0 40 33 84.75 0.0797 460.5
0 40 34 116.57 0.0772 540.4
0 40 32 175.16 0.0547 842.2
0 40 19 64.41 0.1122 828.3
0 40 27 163.85 0.0890 357.5
0 40 34 210.50 0.0521 530.4
0 40 39 62.22 0.1098 416.9
0 40 33 112.32 0.0594 121.5
0 40 30 132.74 0.0533 313.0
0 40 27 51.93 0.0748 51.8
0 40 36 66.14 0.1021 567.8
0 40 34 126.15 0.0591 807.0
0 40 28 53.41 0.1278 889.8
0 40 32 87.97 0.0957 615.2
0 40 36 435.50 0.0414 465.1
0 40 31 122.68 0.0607 532.2
0 40 28 107.13 0.0353 513.2
0 40 40 86.61 0.0712 457.0
0 40 32 80.35 0.0727 537.6
0 40 21 54.76 0.0825 897.8
0 40 27 66.33 0.0677 484.3
0 40 24 171.84 0.0615 526.7
0 40 27 102.48 0.0575 457.8
0 40 32 96.26 0.0626 659.1
0 40 35 78.93 0.0900 821.8
0 40 15 52.19 0.0552 212.1
0 40 28 113.46 0.0453 626.0
0 40 27 64.18 0.0753 783.4
0 40 19 71.29 0.0841 232.3
0 40 43 176.67 0.0538 641.2
0 40 19 53.30 0.0461 719.8
0 40 20 486.84 0.0507 551.6
0 40 19 63.08 0.0703 89.4
0 40 21 93.19 0.0675 261.8
0 40 16 55.60 0.0230 600.0
0 40 41 289.49 0.0542 120.4
0 40 21 53.16 0.0834 305.1
0 40 26 106.63 0.0312 908.2
0 40 24 96.35 0.0933 764.1
0 40 22 45.36 0.1109 260.7
0 40 29 53.67 0.0867 420.7
0 40 25 65.98 0.1063 62.2
0 40 44 335.07 0.0474 507.4
0 40 38 68.88 0.0998 546.6
0 40 39 120.75 0.0518 732.3
0 40 42 169.59 0.0486 685.8
0 40 47 176.11 0.0628 340.7
0 40 43 72.95 0.0733 525.7
0 40 26 126.08 0.0559 416.2
0 40 30 213.39 0.0598 861.2
0 40 21 58.79 0.0402 116.8
0 40 27 81.06 0.0797 493.5
0 40 16 136.69 0.1039 660.7
0 40 27 51.69 0.1044 769.3
0 40 21 55.09 0.0621 243.0
0 40 24 50.02 0.1116 771.0
0 40 28 157.32 0.0673 496.3
0 40 38 83.17 0.0856 263.3
0 40 25 69.09 0.0559 457.5
0 40 30 334.56 0.0537 564.0
0 40 15 180.78 0.0779 232.1
0 40 31 64.36 0.0964 665.9
0 40 41 114.49 0.0637 142.4
0 40 16 91.62 0.0279 406.0
0 40 26 106.02 0.0625 245.5
0 40 35 77.67 0.0804 470.0
0 40 14 84.09 0.1641 344.8
0 40 19 120.32 0.0873 519.8
0 40 19 58.74 0.1322 905.3
0 40 14 102.41 0.1113 363.4
0 40 36 147.78 0.0633 812.6
0 40 26 70.99 0.0634 413.8
0 40 31 57.55 0.1096 538.8
0 40 25 116.76 0.0485 474.7
0 40 18 447.43 0.0376 548.8
0 40 24 54.32 0.0845 482.1
0 40 22 74.63 0.0625 843.0
0 40 14 169.33 0.1008 88.8
0 40 23 66.11 0.0459 54.4
0 40 31 51.17 0.0829 546.1
0 40 14 415.52 0.0474 757.8
0 40 45 256.33 0.0707 515.7
0 40 13 260.58 0.1862 321.3
0 40 22 1178.03 0.1113 350.2
0 40 25 71.53 0.1112 437.2
0 40 16 95.78 0.1193 709.1
0 40 29 56.33 0.0916 697.4
0 40 18 47.86 0.1149 684.3
0 40 21 98.89 0.0733 537.8
0 40 20 112.86 0.0651 428.7
0 40 23 92.52 0.0462 457.1
0 40 13 49.15 0.1371 258.6
0 40 27 86.28 0.0800 111.8
0 40 31 59.16 0.0723 379.8
0 40 24 443.48 0.0724 271.6
0 40 29 920.21 0.0570 834.6
0 41 26 315.07 0.0893 92.4
0 41 13 270.19 0.1540 317.1
0 41 18 401.90 0.1334 296.3
0 41 30 70.41 0.0899 649.7
0 41 18 129.26 0.0445 924.7
0 41 38 192.39 0.0509 258.1
0 41 35 207.69 0.0879 214.7
0 41 25 98.40 0.1109 105.3
0 41 35 159.76 0.0904 249.9
0 41 27 71.13 0.0658 200.3
0 41 36 71.09 0.0668 158.3
0 41 46 142.97 0.0555 585.6
0 41 25 129.38 0.0774 357.6
0 41 28 46.72 0.0757 410.8
0 41 15 102.75 0.0896 241.4
0 41 24 50.87 0.1009 53.3
0 41 36 97.91 0.0652 367.7
0 41 15 76.20 0.1070 217.5
0 41 24 242.09 0.0719 182.7
0 41 15 130.11 0.0557 242.6
0 41 27 54.20 0.0943 423.6
0 41 18 193.57 0.0224 61.7
0 41 24 60.61 0.1081 114.3
0 41 34 145.01 0.0366 448.6
0 41 36 82.02 0.0778 97.0
0 41 28 73.42 0.1274 168.9
0 41 20 198.15 0.1614 286.9
0 41 36 67.69 0.0738 116.8
0 41 17 63.29 0.0755 303.2
0 41 21 70.66 0.0865 313.2
0 41 34 153.56 0.0446 364.6
0 41 26 76.13 0.0740 249.8
0 41 29 95.83 0.0708 395.0
0 41 18 103.75 0.0502 952.1
0 41 25 285.30 0.0371 644.3
0 41 39 279.19 0.0557 887.1
0 41 26 59.32 0.0950 69.6
0 41 25 101.34 0.0696 511.6
0 41 21 54.84 0.1104 567.6
0 41 27 47.16 0.0768 355.5
0 41 37 277.87 0.0412 525.3
0 41 30 186.03 0.0529 156.0
0 41 38 299.94 0.0656 895.7
0 41 26 53.07 0.1118 496.8
0 41 25 55.08 0.0765 454.7
0 41 24 46.14 0.1144 541.3
0 41 20 575.89 0.0242 687.8
0 41 29 107.92 0.0585 264.3
0 41 18 55.36 0.0589 911.3
0 41 23 45.29 0.0847 570.2
0 41 36 46.97 0.1247 270.1
0 41 19 93.05 0.0553 930.5
0 41 27 134.61 0.0403 254.2
0 41 13 75.66 0.0906 263.6
0 41 39 142.13 0.0785 651.4
0 41 31 50.45 0.0652 253.1
0 41 31 169.15 0.0499 303.4
0 41 27 290.16 0.0401 805.2
0 41 28 47.27 0.1603 77.6
0 41 25 50.43 0.0536 166.1
0 41 20 60.56 0.0667 201.3
0 41 21 94.39 0.0655 357.8
0 41 16 61.51 0.0408 912.7
0 41 29 324.90 0.0608 461.2
0 41 30 74.43 0.0560 750.6
0 41 15 61.15 0.0764 56.7
0 41 26 75.53 0.0743 453.3
0 41 36 56.11 0.0943 141.8
0 41 43 139.03 0.0749 551.1
0 41 21 68.39 0.0863 326.3
0 41 22 139.51 0.0583 308.4
0 41 37 53.00 0.0918 6.0
0 41 23 92.86 0.0410 777.8
0 41 24 176.35 0.0512 718.3
0 41 17 45.03 0.1326 487.4
0 41 33 118.28 0.0719 212.6
0 41 19 46.17 0.1364 484.5
0 41 33 488.55 0.0605 208.4
0 41 45 167.07 0.0855 354.4
0 41 20 130.86 0.1317 489.8
0 41 13 496.32 0.1397 488.5
0 41 14 82.23 0.1637 232.2
0 41 35 65.96 0.0654 229.2
0 41 22 58.89 0.0526 292.3
0 41 43 50.49 0.0963 214.7
0 41 13 63.39 0.1338 488.6
0 41 19 48.04 0.1455 489.5
0 41 15 55.23 0.1078 501.5
0 41 16 50.72 0.1177 485.6
0 41 17 53.16 0.1114 485.2
0 41 39 230.08 0.0427 668.0
0 41 19 50.80 0.0683 184.0
0 41 18 138.05 0.1207 185.9
0 41 26 93.91 0.0679 199.0
0 41 24 127.46 0.0669 745.8
0 41 13 1410.82 0.0307 149.2
0 41 18 87.33 0.0344 80.2
0 41 32 153.72 0.0354 694.7
0 41 17 1025.94 0.1493 66.2
0 41 27 86.93 0.0781 254.0
0 41 33 86.17 0.0816 847.2
0 41 16 225.41 0.0288 219.0
0 41 23 124.33 0.0710 230.2
0 41 15 286.79 0.1435 35.5
0 41 17 187.17 0.1362 486.2
0 41 13 78.35 0.1270 491.4
0 41 19 65.00 0.0515 71.5
0 41 23 62.98 0.0737 295.5
0 41 39 84.76 0.0586 328.8
0 41 16 46.52 0.0625 134.7
0 41 44 63.86 0.0648 313.5
0 41 25 178.42 0.0654 471.7
0 41 29 74.12 0.0666 667.0
0 41 25 204.17 0.0857 565.8
0 41 44 240.32 0.0622 128.6
0 41 13 47.13 0.0637 149.0
0 41 40 341.66 0.0430 134.5
0 41 17 124.73 0.0772 200.9
0 41 19 62.91 0.0532 529.9
0 41 33 109.60 0.0511 687.6
0 41 25 178.16 0.1125 244.2
0 41 28 85.90 0.0480 269.7
0 41 19 76.45 0.0162 229.3
0 41 29 102.27 0.0500 661.8
0 41 20 121.81 0.0408 67.2
0 41 26 92.56 0.0235 486.4
0 41 21 157.25 0.0333 518.2
0 41 31 88.20 0.1101 285.1
0 41 40 106.49 0.0751 51.7
0 41 20 92.13 0.0990 327.7
0 41 20 46.29 0.0453 737.3
0 41 21 60.03 0.1072 210.4
0 41 32 88.11 0.0521 906.2
0 41 29 53.06 0.0829 231.5
0 41 28 58.70 0.1180 212.5
0 41 18 145.91 0.0503 753.9
0 41 24 223.66 0.0717 633.0
0 41 15 48.41 0.0384 22.7
0 41 35 80.03 0.0664 394.0
0 41 16 65.58 0.0169 262.1
0 41 18 214.82 0.0233 790.9
0 41 41 314.70 0.0517 132.7
0 41 46 154.58 0.0427 219.1
0 41 32 221.27 0.0565 119.2
0 41 16 65.08 0.0426 344.3
0 41 23 51.34 0.0983 246.0
0 41 34 563.86 0.0370 455.0
0 41 18 464.44 0.0891 234.0
0 41 38 65.64 0.0768 186.9
0 41 14 168.94 0.0989 257.2
0 41 29 65.53 0.0793 396.5
0 41 41 148.19 0.0606 273.9
0 41 38 197.62 0.0648 168.2
0 41 41 84.04 0.0740 706.3
0 41 22 52.21 0.0801 46.9
0 41 36 86.80 0.0792 711.6
0 41 20 127.94 0.0526 44.5
0 41 28 147.02 0.0534 213.9
0 41 21 145.28 0.0726 129.5
0 41 27 86.97 0.0602 275.0
0 41 27 59.70 0.1150 549.5
0 41 46 73.18 0.0815 112.5
0 41 26 89.66 0.0900 258.5
0 41 43 138.98 0.0735 55.8
0 41 29 88.32 0.0883 362.8
0 41 14 48.08 0.1270 96.0
0 41 40 161.74 0.0585 499.3
0 41 29 185.13 0.0898 114.8
0 41 33 71.59 0.0829 158.7
0 41 36 133.72 0.1088 843.8
0 41 23 61.34 0.0971 292.3
0 41 42 157.82 0.0535 854.8
0 41 13 62.35 0.1552 134.9
0 41 28 133.75 0.0712 121.9
0 41 27 122.26 0.0724 324.9
0 41 14 182.90 0.1297 70.3
0 41 15 345.55 0.1652 291.3
0 41 16 68.74 0.0389 394.1
0 41 31 83.51 0.0750 122.0
0 41 35 123.09 0.0711 759.0
0 41 15 170.62 0.0557 285.6
0 41 31 459.87 0.0513 689.1
0 41 25 260.77 0.0359 445.3
0 41 20 46.20 0.1251 242.3
0 41 17 111.16 0.0321 470.9
0 41 16 45.50 0.0448 636.6
0 41 19 65.62 0.0312 548.6
0 41 13 61.54 0.0714 239.3
0 41 29 77.49 0.0764 574.1
0 41 16 300.22 0.0804 84.6
0 41 26 45.85 0.0946 137.3
0 41 31 46.64 0.0971 188.3
0 41 19 73.94 0.0469 629.7
0 41 18 48.93 0.0540 81.9
0 41 21 76.55 0.0653 226.6
0 41 13 113.51 0.1322 530.7
0 41 17 135.43 0.1364 489.3
0 41 38 107.07 0.0611 608.0
0 41 31 83.74 0.0674 564.0
0 41 23 59.91 0.1095 799.6
0 41 15 109.13 0.0942 282.7
0 41 22 136.53 0.0506 311.3
0 41 20 442.53 0.0332 98.4
0 41 16 548.22 0.0272 61.8
0 41 15 58.94 0.0938 186.1
0 41 20 277.22 0.0327 780.7
0 41 29 226.79 0.0966 81.0
0 41 13 149.29 0.0580 204.4
0 41 17 52.64 0.1159 76.7
0 41 44 68.19 0.0756 814.1
0 41 14 99.70 0.1009 180.1
0 41 13 88.15 0.1637 106.2
0 41 45 102.67 0.0677 159.0
0 41 15 198.29 0.1262 218.9
0 41 31 72.39 0.1071 850.8
0 41 38 92.89 0.0787 722.2
0 43 31 204.53 0.0618 81.1
0 43 23 76.71 0.0765 708.8
0 43 29 104.28 0.0459 549.1
0 43 17 127.85 0.0484 81.3
0 43 42 94.28 0.0597 920.3
0 43 24 69.45 0.0487 536.8
0 43 16 521.40 0.0320 27.6
0 43 32 90.34 0.0689 589.6
0 43 23 95.23 0.0368 110.3
0 43 30 91.07 0.0799 61.6
0 43 20 145.95 0.0506 940.5
0 43 17 123.91 0.0422 215.6
0 43 15 170.32 0.0480 666.2
0 43 29 181.34 0.0767 646.0
0 43 20 109.76 0.0258 799.9
0 43 15 113.91 0.0743 124.9
0 43 24 132.08 0.0786 166.7
0 43 17 302.72 0.1179 18.8
0 43 32 79.48 0.0691 554.0
0 43 41 130.52 0.0572 224.2
0 43 31 302.51 0.0422 880.9
0 43 16 194.75 0.0309 44.1
0 43 31 163.29 0.0632 194.6
0 43 42 135.90 0.0670 537.9
0 43 27 69.66 0.0671 59.3
0 43 19 92.45 0.0276 760.6
0 43 17 249.88 0.0494 739.3
0 43 40 284.39 0.0602 140.3
0 43 24 100.03 0.0571 901.0
0 43 43 75.59 0.0814 611.6
0 43 19 103.86 0.0323 487.7
0 43 39 259.79 0.0718 181.9
0 43 23 45.06 0.0637 593.7
0 43 19 64.11 0.0309 172.3
0 43 16 61.95 0.0358 567.6
0 43 17 46.45 0.1387 555.6
0 43 35 61.04 0.0833 569.9
0 43 27 106.92 0.0280 43.9
0 43 42 199.22 0.0470 173.5
0 43 34 270.81 0.0490 500.7
0 43 21 140.98 0.0652 49.6
0 43 23 142.50 0.0759 62.1
0 43 24 110.19 0.0376 295.3
0 43 29 68.74 0.0577 160.7
0 43 31 145.88 0.0688 592.0
0 43 15 142.64 0.1261 36.7
0 43 24 65.93 0.0728 144.8
0 43 13 46.11 0.0412 132.8
0 43 36 51.86 0.0560 712.7
0 43 22 118.36 0.0509 203.8
0 43 17 72.45 0.0358 876.8
0 43 14 256.64 0.0761 46.8
0 43 18 55.59 0.0654 31.7
0 43 20 161.88 0.0304 475.4
0 43 31 172.43 0.0551 143.4
0 43 25 733.38 0.0358 544.5
0 43 13 145.93 0.1182 904.6
0 43 21 1581.07 0.0264 516.4
0 43 28 77.51 0.0628 518.1
0 43 31 514.59 0.0345 637.8
0 43 26 69.30 0.0627 56.6
0 43 39 101.48 0.0708 113.5
0 43 30 225.51 0.0613 238.2
0 43 26 139.44 0.0440 828.1
0 43 22 96.65 0.0536 833.0
0 43 20 51.17 0.0338 420.4
0 43 15 90.31 0.0468 481.6
0 43 13 203.99 0.1234 5.4
0 43 24 111.43 0.0343 249.4
0 43 16 119.13 0.0255 255.1
0 43 39 85.30 0.0632 922.1
0 43 32 101.23 0.0403 530.6
0 43 16 344.10 0.0355 599.3
0 43 16 221.43 0.0303 125.3
0 43 36 76.74 0.0704 282.8
0 43 24 126.70 0.0799 482.1
0 43 14 91.18 0.0560 139.6
0 43 17 169.10 0.0481 23.0
0 43 44 197.33 0.0618 562.9
0 43 25 65.19 0.0750 889.4
0 43 32 57.99 0.0883 474.7
0 43 42 85.73 0.1019 656.5
0 43 29 140.29 0.0479 11.6
0 43 34 314.89 0.0373 184.7
0 43 29 65.43 0.1029 873.2
0 43 25 105.80 0.0713 547.8
0 43 38 188.11 0.0634 365.4
0 43 39 146.59 0.0639 547.8
0 43 25 177.45 0.0243 92.9
0 43 18 235.15 0.0511 595.1
0 43 22 85.69 0.0816 917.5
0 43 17 87.41 0.0793 391.0
0 43 25 66.22 0.0231 25.3
0 43 17 103.70 0.0358 98.8
0 43 33 102.65 0.0729 606.7
0 43 34 143.62 0.0547 559.4
0 43 24 60.64 0.0756 918.4
0 43 21 106.35 0.0757 896.8
0 43 31 65.08 0.1127 568.2
0 43 28 82.70 0.0515 564.8
0 43 31 91.12 0.0760 614.9
0 43 28 45.55 0.1252 318.3
0 43 32 48.91 0.0990 827.3
0 43 30 58.44 0.1179 53.8
0 43 24 76.56 0.0645 42.7
0 43 27 47.73 0.1017 177.0
0 43 44 199.38 0.0451 111.1
0 43 31 170.46 0.0224 404.1
0 43 35 71.82 0.0790 242.7
0 43 24 132.23 0.0560 99.9
0 43 17 69.80 0.1066 218.6
0 43 21 89.91 0.0763 370.6
0 43 15 74.14 0.1131 287.9
0 43 26 73.58 0.0730 889.3
0 43 28 50.30 0.0913 595.1
0 43 36 290.23 0.0933 65.0
0 43 21 836.72 0.0526 643.0
0 43 28 119.03 0.0489 482.4
0 43 35 77.72 0.0694 521.1
0 43 24 378.60 0.0333 57.5
0 43 17 135.28 0.0364 940.4
0 43 23 65.70 0.0923 350.3
0 43 33 166.78 0.0650 894.5
0 43 13 64.65 0.1153 344.4
0 43 37 231.65 0.0380 626.6
0 43 28 59.99 0.0971 69.5
0 43 30 103.19 0.0815 131.0
0 43 38 67.77 0.0699 163.6
0 43 27 48.55 0.0926 955.9
0 43 23 119.86 0.0435 908.1
0 43 33 149.67 0.0450 289.9
0 43 29 112.49 0.0637 462.2
0 43 17 47.67 0.1126 22.1
0 43 34 159.46 0.0743 419.4
0 43 15 51.14 0.0755 65.9
0 43 18 203.88 0.0404 241.5
0 43 37 121.74 0.0596 419.5
0 43 33 171.73 0.0626 260.9
0 43 17 48.43 0.1436 117.4
0 43 19 349.17 0.0298 865.5
0 43 13 69.41 0.0906 874.4
0 43 29 236.23 0.1133 238.3
0 43 14 269.30 0.1293 143.3
0 43 15 517.38 0.1682 237.6
0 43 17 98.87 0.0299 207.2
0 43 18 94.62 0.0603 659.5
0 43 19 129.09 0.0949 548.9
0 43 36 113.50 0.0533 315.8
0 43 16 139.12 0.0272 361.3
0 43 35 51.92 0.0962 523.0
0 43 15 133.80 0.0294 912.3
0 43 31 108.94 0.0774 550.9
0 43 34 60.31 0.0730 165.3
0 43 13 61.54 0.1230 142.9
0 43 23 77.70 0.0496 893.1
0 43 30 410.63 0.0350 681.7
0 43 36 97.41 0.0943 896.1
0 43 18 132.00 0.0409 682.9
0 43 32 115.21 0.0448 454.5
0 43 24 112.93 0.0295 377.6
0 43 38 109.17 0.0743 273.0
0 43 40 71.90 0.0672 594.5
0 43 15 154.16 0.1176 939.6
0 43 15 69.38 0.0520 445.5
0 43 14 268.99 0.0836 250.1
0 43 27 261.88 0.0662 223.5
0 43 28 51.00 0.1154 499.9
0 43 22 86.43 0.0421 143.6
0 43 20 91.80 0.0527 911.7
0 43 36 49.60 0.0966 111.6
0 43 36 224.97 0.0350 689.4
0 43 18 56.91 0.0484 917.7
0 43 19 443.57 0.0348 383.0
0 43 19 72.49 0.0959 475.9
0 43 17 54.81 0.0416 889.3
0 43 17 47.62 0.0530 64.7
0 43 16 329.94 0.0267 273.4
0 43 14 91.65 0.0770 62.9
0 43 13 131.56 0.0975 130.3
0 43 28 51.86 0.1132 150.5
0 43 13 60.72 0.1001 849.4
0 43 14 48.04 0.1272 128.3
0 43 28 112.49 0.0406 394.4
0 43 35 102.62 0.0473 30.5
0 43 13 136.29 0.1684 141.9
0 43 13 379.53 0.1045 156.5
0 43 22 738.00 0.0361 866.0
0 43 17 172.42 0.0474 66.4
0 43 18 391.29 0.0985 156.9
0 43 15 90.46 0.0676 774.7
0 45 34 70.34 0.0590 529.0
0 45 35 85.63 0.0682 451.6
0 45 13 69.34 0.1513 262.3
0 45 28 101.67 0.0436 375.7
0 45 35 56.43 0.1055 765.3
0 45 16 140.27 0.0528 837.2
0 45 28 137.76 0.0507 392.1
0 45 32 182.20 0.0685 296.3
0 45 27 137.81 0.0335 15.2
0 45 32 95.45 0.0876 426.9
0 45 46 113.11 0.0717 144.5
0 45 38 49.17 0.1329 147.8
0 45 26 60.49 0.0864 96.9
0 45 32 76.68 0.0694 136.5
0 45 35 180.96 0.0609 765.4
0 45 27 81.61 0.0752 209.9
0 45 18 365.70 0.0546 416.8
0 45 33 224.83 0.0550 908.3
0 45 36 200.50 0.0511 628.1
0 45 35 54.80 0.0803 185.5
0 45 42 89.03 0.0737 28.5
0 45 34 143.59 0.0749 274.3
0 45 20 62.69 0.0952 768.0
0 45 16 122.97 0.0729 458.5
0 45 26 164.91 0.0785 217.9
0 45 45 399.09 0.0554 456.8
0 45 39 177.19 0.0492 486.0
0 45 37 66.05 0.0790 432.2
0 45 32 56.35 0.0962 480.0
0 45 18 85.28 0.0578 918.5
0 45 38 58.41 0.0980 208.6
0 45 36 131.64 0.0704 228.5
0 45 18 61.28 0.0574 358.8
0 45 22 91.04 0.0382 640.4
0 45 31 221.09 0.0747 236.8
0 45 38 141.36 0.0435 401.5
0 45 14 72.66 0.0162 222.0
0 45 38 63.85 0.0865 708.0
0 45 31 69.91 0.1207 420.7
0 45 36 47.78 0.0833 231.0
0 45 23 113.62 0.0834 365.5
0 45 34 262.48 0.0316 361.9
0 45 18 104.44 0.0644 351.9
0 45 37 128.59 0.0742 556.2
0 45 25 84.74 0.0473 352.7
0 45 27 55.57 0.0833 395.9
0 45 33 361.89 0.0331 429.0
0 45 35 77.39 0.0678 231.8
0 45 24 105.42 0.0779 68.4
0 45 31 55.30 0.0635 817.1
0 45 23 57.45 0.0553 119.6
0 45 27 157.41 0.0423 612.2
0 45 22 63.01 0.0921 75.6
0 45 19 83.84 0.0669 754.6
0 45 24 57.13 0.1154 316.0
0 45 26 124.64 0.0549 205.2
0 45 30 77.41 0.0649 269.2
0 45 38 91.95 0.0688 524.2
0 45 45 115.69 0.0436 401.0
0 45 34 68.68 0.0759 216.8
0 45 20 64.91 0.0730 388.2
0 45 38 66.66 0.0846 65.6
0 45 28 58.11 0.1167 716.2
0 45 21 57.98 0.0775 181.0
0 45 23 197.03 0.0286 480.9
0 45 43 70.40 0.0914 471.6
0 45 18 83.38 0.0797 26.6
0 45 13 299.94 0.0832 241.5
0 45 28 66.00 0.0905 80.6
0 45 38 82.64 0.0612 183.2
0 45 16 277.88 0.0408 782.9
0 45 36 92.88 0.0791 485.5
0 45 28 53.82 0.0984 571.3
0 45 36 255.96 0.0658 171.4
0 45 24 219.73 0.0461 615.3
0 45 35 109.69 0.0371 456.9
0 45 30 176.88 0.0612 504.3
0 45 36 99.67 0.0688 200.4
0 45 32 81.11 0.0685 299.8
0 45 37 81.54 0.0648 252.4
0 45 34 74.59 0.0672 455.8
0 45 25 59.08 0.1096 268.7
0 45 38 172.19 0.0396 459.0
0 45 31 54.53 0.1014 219.3
0 45 35 85.29 0.0586 772.2
0 45 14 48.36 0.0794 377.9
0 45 17 158.02 0.0350 358.5
0 45 13 245.22 0.1564 109.6
0 45 39 4287.20 0.0669 230.0
0 45 32 59.93 0.0788 138.8
0 45 34 71.34 0.0912 140.8
0 45 28 165.36 0.0515 205.8
0 45 31 102.98 0.0479 405.0
0 45 34 162.04 0.0398 46.2
0 45 21 48.35 0.1192 406.1
0 45 29 54.38 0.0634 130.0
0 45 18 62.30 0.0974 441.5
0 45 26 45.83 0.1160 361.8
0 45 43 990.08 0.0461 460.8
0 45 41 178.96 0.0371 421.7
0 45 17 78.81 0.0941 897.3
0 45 32 94.03 0.0593 771.2
0 45 33 62.35 0.0987 786.3
0 45 48 192.59 0.0508 399.7
0 45 43 234.76 0.0496 516.0
0 45 32 183.78 0.0749 24.8
0 45 19 117.17 0.0879 552.9
0 45 29 143.08 0.0538 125.9
0 45 36 229.74 0.0588 418.7
0 45 34 132.69 0.0506 631.3
0 45 21 296.27 0.0359 328.1
0 45 15 245.48 0.0553 80.6
0 45 25 70.36 0.0855 20.1
0 45 37 92.32 0.0589 296.2
0 45 32 160.27 0.0314 323.0
0 45 21 93.69 0.0772 174.3
0 45 32 104.89 0.0522 43.4
0 45 13 104.51 0.0579 259.4
0 45 37 130.68 0.0520 713.3
0 45 45 108.09 0.0618 762.5
0 45 17 224.62 0.0835 555.7
0 45 41 352.78 0.0556 51.4
0 45 25 80.72 0.0857 500.9
0 45 32 52.62 0.0902 408.4
0 45 28 62.96 0.0807 509.4
0 45 16 89.94 0.1007 459.2
0 45 21 54.54 0.1295 452.7
0 45 18 111.96 0.0886 67.6
0 45 37 64.45 0.0964 771.9
0 45 21 80.14 0.0816 269.4
0 45 44 100.62 0.0651 179.4
0 45 38 195.58 0.0823 625.2
0 45 42 54.66 0.0748 172.3
0 45 46 78.56 0.0748 168.8
0 45 23 257.16 0.0351 500.2
0 45 27 63.80 0.0563 392.7
0 45 19 80.64 0.0313 284.4
0 45 18 91.74 0.0690 402.3
0 45 32 135.12 0.0389 868.4
0 45 42 133.16 0.0668 487.9
0 45 24 144.90 0.0411 285.5
0 45 38 123.20 0.1244 453.6
0 45 18 87.12 0.0865 54.2
0 45 27 195.96 0.0524 327.1
0 45 36 116.74 0.0745 159.1
0 45 23 93.47 0.0744 785.5
0 45 26 56.17 0.0719 525.2
0 45 18 90.27 0.0771 779.2
0 45 35 140.57 0.0624 529.8
0 45 44 52.89 0.1084 255.6
0 45 39 129.95 0.0584 152.5
0 45 17 55.26 0.1239 485.3
0 45 33 80.07 0.0625 570.9
0 45 38 150.63 0.0470 681.1
0 45 14 77.40 0.0905 520.0
0 45 40 122.20 0.0560 203.8
0 45 38 85.51 0.0818 464.8
0 45 24 54.17 0.0999 144.5
0 45 45 115.00 0.0781 99.5
0 45 20 50.86 0.0447 182.2
0 45 22 45.63 0.0751 174.0
0 45 29 51.64 0.0837 732.1
0 45 15 63.68 0.1435 163.0
0 45 18 120.41 0.0289 47.3
0 45 20 53.29 0.1038 676.0
0 45 30 59.76 0.0816 179.5
0 45 42 60.66 0.1094 714.7
0 45 15 88.19 0.0772 830.7
0 45 43 178.15 0.0584 172.7
0 45 40 134.99 0.0683 489.8
0 45 27 77.42 0.1109 924.5
0 45 16 58.83 0.0437 318.5
0 45 43 80.63 0.0774 324.6
0 45 39 81.38 0.0764 500.7
0 45 33 56.77 0.0774 890.3
0 45 38 106.16 0.0550 52.9
0 45 30 103.38 0.1232 227.9
0 45 38 142.86 0.0626 473.1
0 45 36 49.54 0.1057 127.8
0 45 41 108.42 0.0720 62.9
0 45 40 146.29 0.0537 708.8
0 45 22 110.73 0.0313 184.0
0 45 41 125.55 0.0450 414.2
0 45 23 109.19 0.0343 214.7
0 45 39 77.92 0.0658 572.8
0 45 29 66.33 0.0763 129.9
0 45 28 457.94 0.0785 119.1
0 45 37 138.99 0.0523 339.6
0 45 35 72.79 0.0827 471.9
0 45 39 135.81 0.0737 186.0
0 45 37 82.94 0.0563 126.9
0 45 36 87.53 0.0735 417.8
0 45 28 75.84 0.0986 136.8
0 45 14 61.89 0.1927 118.6
0 45 20 77.00 0.0753 253.0
0 45 17 60.24 0.1250 217.7
0 45 22 183.95 0.0425 112.0
0 45 21 107.26 0.0721 352.7
0 45 14 128.90 0.0995 585.7
0 45 28 113.44 0.0878 475.6
0 45 28 131.38 0.0446 108.2
0 45 21 180.16 0.0294 29.8
0 45 15 212.27 0.0605 284.4
0 45 16 47.79 0.0509 915.4
0 45 15 192.44 0.0945 119.5
0 45 20 248.68 0.0456 117.7
0 45 27 66.33 0.1130 223.0
0 45 19 59.83 0.0965 53.3
0 45 22 88.71 0.0634 348.4
0 45 13 95.91 0.0590 268.8
0 45 27 220.10 0.0411 599.2
0 45 19 125.70 0.0901 161.4
0 45 28 233.59 0.0341 11.3
0 45 32 70.26 0.0797 246.9
0 45 38 263.31 0.0549 698.9
0 45 14 76.73 0.0699 13.5
0 45 19 45.88 0.1102 391.7
0 45 25 79.21 0.0547 166.4
0 45 14 79.26 0.0657 378.8
0 45 17 828.36 0.0404 778.7
0 45 20 159.46 0.0524 23.3
0 45 19 69.15 0.0362 43.5
0 45 16 381.53 0.0402 552.0
0 45 15 45.56 0.1556 301.9
0 45 26 464.49 0.0247 862.5
0 45 20 45.27 0.0435 268.2
0 45 29 103.19 0.0706 276.8
0 45 16 147.57 0.0417 28.9
0 45 17 47.66 0.0504 166.0
0 45 24 103.90 0.0578 752.4
0 45 34 89.70 0.0543 776.4
0 45 24 46.76 0.0912 68.9
0 45 15 68.78 0.0691 461.8
0 45 27 86.07 0.0434 140.2
0 45 19 88.78 0.0478 32.4
0 45 14 222.08 0.0421 941.9
0 45 28 102.96 0.0743 429.0
0 45 17 106.56 0.0641 51.5
0 45 41 64.69 0.1071 455.3
0 45 24 96.30 0.0288 129.9
0 45 28 205.66 0.0478 701.0
0 45 31 56.63 0.0896 169.9
0 45 28 50.01 0.1270 330.9
0 45 19 52.94 0.0940 132.3
0 45 22 65.07 0.0882 438.7
0 45 20 64.05 0.0501 808.8
0 45 16 70.21 0.0172 142.0
0 45 20 87.18 0.0703 328.3
0 45 20 108.39 0.0274 348.1
0 45 33 65.91 0.1267 208.3
0 45 25 104.70 0.0697 456.5
0 48 29 65.84 0.1003 917.1
0 48 31 121.77 0.0818 832.0
0 48 36 87.70 0.0737 310.9
0 48 21 85.31 0.0478 561.8
0 48 43 107.68 0.0676 430.1
0 48 24 138.08 0.0553 773.2
0 48 27 89.92 0.0845 245.8
0 48 34 371.78 0.0537 252.7
0 48 28 91.87 0.0528 83.3
0 48 23 72.22 0.1125 454.6
0 48 23 108.18 0.0754 100.6
0 48 14 64.04 0.0312 189.0
0 48 36 115.28 0.0718 79.7
0 48 25 55.46 0.0552 902.9
0 48 31 54.37 0.0990 219.6
0 48 33 96.81 0.0572 286.4
0 48 34 150.70 0.0597 363.2
0 48 47 84.34 0.0421 551.2
0 48 31 170.70 0.0713 510.0
0 48 44 56.79 0.0953 417.7
0 48 30 90.53 0.0785 143.5
0 48 26 111.83 0.0635 563.6
0 48 27 116.70 0.0437 166.7
0 48 32 124.60 0.0746 173.9
0 48 13 196.01 0.1809 561.3
0 48 20 213.45 0.0755 663.9
0 48 20 128.54 0.0356 234.2
0 48 37 167.04 0.0541 120.9
0 48 26 54.70 0.0442 533.3
0 48 30 115.15 0.0602 123.0
0 48 27 84.06 0.0775 339.2
0 48 26 125.69 0.1073 917.1
0 48 37 198.91 0.0412 899.0
0 48 30 67.50 0.0832 604.2
0 48 30 1068.64 0.0476 70.4
0 48 18 135.15 0.0968 364.0
0 48 19 107.27 0.0769 705.6
0 48 14 66.90 0.1213 903.4
0 48 24 274.43 0.0344 264.8
0 48 25 51.17 0.0556 262.2
0 48 32 52.71 0.1160 245.4
0 48 14 111.19 0.0495 59.7
0 48 35 54.28 0.0503 942.6
0 48 32 122.97 0.0825 628.0
0 48 29 95.46 0.0702 794.2
0 48 29 159.97 0.0382 473.1
0 48 32 58.00 0.1047 665.7
0 48 34 430.42 0.0588 548.0
0 48 39 211.04 0.0608 147.6
0 48 39 66.66 0.0820 228.7
0 48 27 58.54 0.0891 198.9
0 48 32 853.51 0.0513 313.2
0 48 32 72.50 0.0795 167.1
0 48 44 171.48 0.0414 465.4
0 48 33 85.22 0.0468 318.6
0 48 29 110.83 0.0650 662.3
0 48 29 60.86 0.0962 538.3
0 48 23 115.65 0.0720 190.1
0 48 26 77.04 0.1193 772.2
0 48 35 94.82 0.0599 390.7
0 48 35 160.58 0.0476 551.3
0 48 39 103.61 0.0520 429.7
0 48 35 213.25 0.0578 258.4
0 48 35 52.97 0.0755 423.6
0 48 31 288.02 0.0893 212.7
0 48 41 205.88 0.0439 531.7
0 48 36 86.36 0.0809 805.2
0 48 40 116.52 0.0489 324.9
0 48 14 736.96 0.0326 456.8
0 48 44 129.79 0.0554 549.6
0 48 40 267.73 0.0369 224.3
0 48 42 125.22 0.0642 653.0
0 48 27 122.42 0.0512 51.2
0 48 25 132.13 0.0420 779.4
0 48 27 135.03 0.0401 62.6
0 48 16 133.04 0.0615 868.8
0 48 33 78.05 0.0496 940.5
0 48 17 172.57 0.0847 944.1
0 48 33 175.24 0.0359 348.3
0 48 24 110.41 0.0469 387.8
0 48 30 96.47 0.0627 174.3
0 48 15 69.43 0.0986 498.7
0 48 13 67.50 0.1471 524.5
0 48 35 77.84 0.0964 242.5
0 48 22 67.93 0.1063 397.2
0 48 16 82.44 0.0352 673.7
0 48 29 81.54 0.0581 85.7
0 48 25 102.19 0.0402 894.1
0 48 31 78.09 0.0667 360.3
0 48 27 141.18 0.0829 672.0
0 48 44 95.40 0.0562 437.8
0 48 46 66.80 0.0996 293.8
0 48 24 199.57 0.0649 882.5
0 48 38 126.57 0.0480 747.7
0 48 31 225.29 0.0681 155.7
0 48 32 63.33 0.0768 642.2
0 48 19 47.35 0.0749 885.6
0 48 45 108.03 0.0506 397.3
0 48 36 67.03 0.0959 644.4
0 48 23 57.58 0.1147 156.7
0 48 23 58.76 0.1167 331.5
0 48 26 74.42 0.0547 48.8
0 48 34 128.73 0.0624 92.5
0 48 13 64.20 0.0455 40.6
0 48 17 67.49 0.0832 193.6
0 48 40 114.88 0.0827 902.4
0 48 19 131.21 0.1064 229.4
0 48 36 72.31 0.0819 85.7
0 48 30 85.58 0.0385 751.9
0 48 13 91.74 0.0744 491.8
0 48 27 106.80 0.0397 34.4
0 48 45 58.21 0.0703 533.2
0 48 35 84.75 0.0706 97.7
0 48 28 62.62 0.0928 267.8
0 48 35 117.09 0.0522 548.8
0 48 43 169.76 0.0479 909.1
0 48 24 524.44 0.0570 282.7
0 48 25 50.69 0.1264 432.7
0 48 26 366.33 0.0416 453.6
0 48 36 117.52 0.0684 655.1
0 48 29 98.95 0.0401 788.9
0 48 35 107.29 0.0724 662.4
0 48 46 107.80 0.0691 495.9
0 48 38 95.59 0.0564 198.9
0 48 35 107.42 0.0706 51.8
0 48 39 58.25 0.1066 742.5
0 48 44 112.70 0.0729 613.2
0 48 15 51.06 0.0993 68.5
0 48 40 59.39 0.1050 723.1
0 48 39 206.12 0.0411 426.6
0 48 24 78.15 0.1643 596.3
0 48 19 335.40 0.0930 542.0
0 48 19 134.55 0.0803 303.2
0 48 22 78.04 0.0431 650.2
0 48 40 67.77 0.0937 76.3
0 48 36 48.89 0.0938 596.3
0 48 33 83.75 0.0753 890.5
0 48 17 82.47 0.0329 600.7
0 48 39 86.30 0.0902 661.6
0 48 29 139.14 0.0513 328.7
0 48 37 213.35 0.0735 678.5
0 48 19 105.41 0.0331 246.0
0 48 38 128.14 0.0704 287.0
0 48 32 70.46 0.0914 721.6
0 48 36 79.11 0.0741 507.9
0 48 37 148.44 0.0808 697.7
0 48 38 113.77 0.0452 645.0
0 48 24 59.00 0.0414 717.0
0 48 26 56.66 0.0699 59.4
0 48 24 117.84 0.0534 675.9
0 48 36 121.19 0.0723 356.3
0 48 35 151.34 0.0599 607.6
0 48 44 48.68 0.0890 339.7
0 48 14 347.09 0.0580 142.1
0 48 36 64.18 0.1073 765.8
0 48 20 50.77 0.0450 34.8
0 48 19 130.34 0.0551 88.9
0 48 40 170.66 0.0571 883.6
0 48 22 1644.15 0.0500 242.1
0 48 21 51.55 0.0512 319.6
0 48 20 86.25 0.0412 137.3
0 48 17 78.75 0.0807 151.5
0 48 20 71.44 0.0999 701.9
0 48 35 59.51 0.0736 48.4
0 48 31 113.02 0.0525 107.4
0 48 37 65.99 0.0769 404.3
0 48 24 86.62 0.0431 320.7
0 48 29 61.08 0.0642 455.2
0 48 43 203.68 0.0759 855.7
0 48 15 55.57 0.1500 705.0
0 48 36 86.20 0.0809 440.7
0 48 35 91.81 0.0525 369.7
0 48 41 61.94 0.0735 195.3
0 48 34 172.42 0.0658 451.2
0 48 13 108.32 0.1357 786.9
0 48 13 412.81 0.0401 611.2
0 48 15 50.23 0.0400 605.7
0 48 39 144.22 0.0528 427.0
0 48 24 61.24 0.0643 275.3
0 48 16 52.87 0.1105 916.3
0 48 18 54.37 0.1003 151.5
0 48 16 168.54 0.0293 549.9
0 48 28 46.17 0.0632 651.2
0 48 31 86.97 0.0693 540.8
0 48 28 143.92 0.0812 757.4
0 48 25 72.58 0.1045 572.3
0 48 36 116.38 0.0855 411.8
0 48 20 115.38 0.0747 246.0
0 48 21 88.71 0.0180 559.0
0 48 19 187.59 0.0366 234.5
0 48 44 102.80 0.0592 356.1
0 48 24 68.22 0.0418 393.6
0 48 23 63.64 0.1148 624.8
0 48 18 92.01 0.0549 281.5
0 48 16 70.10 0.1298 608.6
0 48 38 199.03 0.0744 532.9
0 48 15 311.61 0.1250 282.9
0 48 16 230.34 0.0527 47.2
0 48 15 433.56 0.0731 449.8
0 48 38 45.77 0.0974 265.3
0 48 26 69.97 0.0707 900.3
0 48 38 45.45 0.0912 736.8
0 48 22 68.78 0.0798 591.0
0 48 13 179.61 0.0716 563.4
0 48 16 61.88 0.0402 610.6
0 48 23 90.40 0.0906 196.0
0 48 38 138.77 0.0538 164.2
0 48 26 105.48 0.0700 647.0
0 48 16 94.85 0.1016 53.1
0 48 22 106.06 0.0810 600.9
0 48 15 59.63 0.1108 934.4
0 48 14 61.14 0.0896 14.3
0 48 31 64.23 0.0672 725.0
0 48 19 78.36 0.1121 299.5
0 48 14 466.45 0.1131 811.0
0 48 18 49.20 0.1297 62.6
0 48 36 50.40 0.0713 465.6
0 48 38 180.59 0.0517 486.1
0 48 39 69.98 0.0750 67.1
0 48 23 88.05 0.0595 187.7
0 48 19 135.08 0.0320 315.7
0 52 15 88.97 0.0405 18.8
0 52 32 160.58 0.0599 754.9
0 52 32 119.36 0.1190 717.8
0 52 39 80.65 0.0934 449.2
0 52 42 141.36 0.0459 244.0
0 52 36 57.82 0.0875 539.7
0 52 32 118.66 0.0746 814.8
0 52 30 99.13 0.1180 835.1
0 52 33 70.38 0.1145 272.5
0 52 28 206.99 0.1020 798.7
0 52 41 57.18 0.0848 321.3
0 52 26 83.58 0.0636 562.7
0 52 40 95.11 0.0379 558.2
0 52 23 294.93 0.0401 252.5
0 52 33 97.70 0.0667 216.1
0 52 43 1209.25 0.1095 470.9
0 52 38 77.40 0.0789 943.2
0 52 35 86.30 0.0513 863.9
0 52 37 71.27 0.0867 397.5
0 52 21 75.14 0.0892 924.4
0 52 16 70.75 0.0932 400.9
0 52 16 50.07 0.1007 404.7
0 52 35 137.13 0.0709 503.3
0 52 32 69.67 0.0635 337.4
0 52 25 142.78 0.0519 289.4
0 52 29 163.97 0.0276 713.9
0 52 26 119.16 0.0451 634.8
0 52 35 69.55 0.0781 887.9
0 52 31 55.70 0.0665 584.0
0 52 18 259.94 0.0554 360.1
0 52 36 150.20 0.0633 356.7
0 52 40 53.65 0.0793 805.5
0 52 38 121.40 0.0538 712.8
0 52 40 235.14 0.0461 909.2
0 52 31 104.46 0.0508 176.6
0 52 20 370.58 0.0307 488.4
0 52 30 58.42 0.1181 404.3
0 52 25 52.19 0.0932 400.3
0 52 20 72.76 0.0705 648.1
0 52 30 118.86 0.0606 517.3
0 52 32 67.25 0.0496 878.1
0 52 29 94.78 0.0658 274.3
0 52 19 47.25 0.0324 487.7
0 52 24 89.40 0.1050 909.6
0 52 26 77.10 0.0654 735.3
0 52 19 92.61 0.0520 605.4
0 52 31 51.68 0.0964 845.7
0 52 28 64.56 0.0659 245.2
0 52 28 56.75 0.1063 854.9
0 52 15 84.63 0.0413 916.9
0 52 20 294.84 0.0593 467.3
0 52 20 116.64 0.0709 382.1
0 52 13 54.10 0.1081 832.8
0 52 13 72.93 0.0974 588.9
0 52 14 342.74 0.1678 564.3
0 52 41 179.31 0.0579 341.6
0 52 19 68.63 0.1041 601.7
0 52 22 80.04 0.0756 223.3
0 52 15 103.47 0.1292 573.1
0 52 39 90.00 0.0784 591.4
0 52 26 122.44 0.0678 465.0
0 52 38 268.73 0.0728 409.3
0 52 21 67.11 0.0501 752.1
0 52 26 120.59 0.0592 712.5
0 52 25 93.86 0.0600 434.9
0 52 28 82.97 0.0729 442.0
0 52 24 63.81 0.0627 897.4
0 52 29 146.40 0.0347 178.7
0 52 13 113.46 0.1208 840.8
0 52 16 69.16 0.0317 558.9
0 52 19 92.12 0.0878 402.0
0 52 47 151.31 0.0609 853.0
0 52 15 81.60 0.0967 617.6
0 52 15 64.62 0.1059 604.9
0 52 15 53.75 0.1400 617.3
0 52 34 63.63 0.1175 883.7
0 52 27 67.30 0.0249 177.0
0 52 15 66.68 0.1027 604.7
0 52 29 64.07 0.1306 812.5
0 52 24 74.56 0.0786 249.2
0 52 26 74.69 0.0519 739.3
0 52 38 115.06 0.0577 500.5
0 52 21 65.51 0.1065 921.8
0 52 18 562.97 0.0570 473.8
0 52 39 177.94 0.0615 381.3
0 52 27 120.11 0.0973 686.4
0 52 22 112.51 0.1034 767.1
0 52 16 136.41 0.1012 598.4
0 52 16 126.08 0.0412 333.8
0 52 36 167.01 0.0623 805.6
0 52 42 201.33 0.0418 330.5
0 52 21 193.06 0.0296 489.9
0 52 23 100.11 0.0483 504.2
0 52 30 61.41 0.0532 578.4
0 52 31 88.41 0.0930 850.3
0 52 28 148.85 0.0532 185.4
0 52 32 94.28 0.0492 301.4
0 52 26 105.27 0.1137 775.1
0 52 16 321.49 0.0536 725.3
0 52 42 147.57 0.0329 164.7
0 52 29 65.34 0.0996 276.3
0 52 16 64.44 0.0214 577.5
0 52 17 69.51 0.0432 753.3
0 52 21 215.08 0.0342 387.7
0 52 22 79.90 0.0402 497.7
0 52 28 76.85 0.0620 391.0
0 52 43 152.57 0.0693 877.5
0 52 17 51.22 0.0590 779.4
0 52 18 111.66 0.0379 617.3
0 52 25 62.15 0.0599 177.6
0 52 27 99.78 0.0521 373.8
0 52 42 194.36 0.0592 596.6
0 52 39 186.40 0.0477 775.3
0 52 47 90.95 0.0461 395.3
0 52 27 91.36 0.0620 482.8
0 52 28 101.32 0.0749 708.1
0 52 44 121.31 0.0734 113.5
0 52 38 128.42 0.0556 248.8
0 52 18 205.03 0.0974 515.8
0 52 29 4044.58 0.0415 427.9
0 52 32 202.63 0.0508 158.7
0 52 33 79.62 0.0690 255.9
0 52 23 101.47 0.0641 558.1
0 52 40 246.67 0.0684 794.5
0 52 22 92.49 0.0916 251.9
0 52 19 48.25 0.1156 664.9
0 52 38 78.07 0.0522 485.2
0 52 29 497.79 0.0644 565.0
0 52 41 159.24 0.0535 731.5
0 52 23 53.74 0.0768 230.8
0 52 18 354.91 0.0396 678.3
0 52 19 277.60 0.1125 812.8
0 52 35 189.43 0.0540 328.7
0 52 19 78.63 0.0609 699.0
0 52 25 69.50 0.0559 111.6
0 52 17 148.18 0.1279 23.4
0 52 13 97.00 0.1682 124.3
0 52 38 270.89 0.0657 868.0
0 52 23 90.85 0.1185 142.5
0 52 32 174.10 0.0384 321.9
0 52 41 210.42 0.0711 477.0
0 52 15 45.38 0.1147 489.1
0 52 21 184.94 0.0501 149.7
0 52 19 115.92 0.0672 383.4
0 52 22 58.32 0.0615 932.9
0 52 16 109.43 0.0979 678.9
0 52 20 130.21 0.0558 334.5
0 52 15 145.75 0.0408 793.1
0 52 14 74.95 0.0502 872.5
0 52 13 71.33 0.1282 154.1
0 52 15 65.34 0.0989 563.7
0 52 14 61.52 0.1068 579.0
0 52 18 50.56 0.1434 908.4
0 52 25 128.32 0.0381 743.9
0 52 23 90.04 0.0665 746.7
0 52 45 88.60 0.0576 221.2
0 52 30 51.84 0.0930 694.7
0 52 28 45.35 0.0924 183.7
0 52 37 88.87 0.0565 883.1
0 52 13 134.10 0.0659 919.9
0 52 14 51.95 0.1324 592.8
0 52 14 495.80 0.1254 605.0
0 52 16 45.21 0.0861 46.8
0 52 16 82.75 0.0750 182.6
0 52 16 55.41 0.1067 872.2
0 52 14 70.37 0.1435 764.9
0 52 29 2640.99 0.0449 366.4
0 52 20 229.99 0.0867 718.5
0 52 36 103.25 0.0476 189.8
0 52 33 60.07 0.0896 899.8
0 52 20 72.16 0.0769 667.9
0 52 34 56.43 0.0976 879.6
0 52 15 113.45 0.0729 719.7
0 52 16 45.25 0.0554 418.2
0 53 32 498.20 0.0577 170.6
0 53 46 99.48 0.0618 117.3
0 53 47 148.67 0.0460 526.7
0 54 23 86.47 0.0743 766.5
0 54 39 191.15 0.0643 686.8
0 54 40 188.28 0.0775 282.9
0 54 20 308.52 0.0686 71.2
0 54 27 165.22 0.0613 155.8
0 54 23 49.90 0.0892 39.5
0 54 32 112.18 0.0436 684.9
0 54 16 126.07 0.0312 723.1
0 54 19 269.33 0.0159 114.3
0 54 22 129.53 0.0486 237.4
0 54 18 103.14 0.0516 366.5
0 54 20 82.37 0.0397 951.3
0 54 22 227.74 0.0596 320.7
0 55 31 187.69 0.0442 564.6
0 55 32 125.01 0.0566 302.0
0 55 44 118.55 0.0621 527.2
0 55 31 137.05 0.0743 764.5
0 55 39 107.71 0.0550 591.7
0 55 29 124.91 0.0542 307.8
0 55 14 273.14 0.0509 278.2
0 55 31 62.13 0.0703 235.9
0 55 21 98.84 0.0789 369.8
0 55 34 50.31 0.0856 241.7
0 55 29 81.37 0.0631 491.1
0 55 31 74.79 0.0630 193.2
0 55 35 45.32 0.0870 332.5
0 55 41 122.33 0.0594 354.7
0 55 22 99.92 0.0718 63.5
0 55 39 139.92 0.0531 473.9
0 55 24 58.16 0.1148 368.7
0 55 24 71.87 0.0861 352.5
0 55 18 50.38 0.1217 397.3
0 55 21 47.75 0.0674 924.6
0 55 38 192.84 0.0596 796.7
0 55 43 251.93 0.0710 294.1
0 55 24 49.33 0.0773 131.2
0 55 34 57.46 0.1008 817.2
0 55 23 89.93 0.0593 890.3
0 55 24 107.15 0.1100 867.0
0 55 31 99.25 0.0734 406.8
0 55 28 181.08 0.0719 851.3
0 55 20 89.04 0.1058 855.3
0 55 24 74.38 0.0409 17.4
0 55 24 156.89 0.0484 373.3
0 55 18 56.61 0.0444 955.4
0 55 14 48.10 0.0861 134.6
0 55 18 59.84 0.0912 822.0
0 55 25 47.84 0.0746 772.8
0 55 42 133.77 0.0460 841.6
0 55 33 71.74 0.0734 784.7
0 55 28 73.00 0.0936 587.1
0 55 34 153.12 0.0511 393.4
0 55 16 233.73 0.1322 911.3
0 55 32 88.89 0.0926 464.6
0 55 15 854.26 0.1376 426.3
0 55 22 76.67 0.0400 213.3
0 55 21 900.57 0.0398 297.6
0 55 42 115.60 0.0510 823.2
0 55 29 86.87 0.1184 236.4
0 55 33 103.64 0.0613 94.5
0 55 36 114.37 0.0743 484.7
0 55 31 109.20 0.0523 259.7
0 55 41 197.88 0.0549 857.0
0 55 21 62.41 0.0882 738.2
0 55 26 182.79 0.0447 465.8
0 55 28 112.95 0.0779 585.5
0 55 18 56.50 0.0778 499.4
0 55 15 96.06 0.0342 555.2
0 55 47 153.86 0.0491 633.1
0 55 15 47.24 0.1150 236.4
0 55 28 112.37 0.0809 498.7
0 55 16 48.13 0.0642 708.5
0 55 23 381.76 0.0363 198.5
0 55 46 77.76 0.0650 474.1
0 55 37 325.37 0.0636 121.8
0 55 23 135.61 0.0878 241.9
0 55 48 287.04 0.0567 362.7
0 55 13 82.57 0.0646 25.8
0 55 48 187.78 0.0565 776.9
0 55 46 73.87 0.0789 265.4
0 55 20 68.79 0.0899 941.6
0 55 17 45.32 0.0529 387.7
0 55 24 81.01 0.0827 861.3
0 55 25 160.69 0.0708 290.9
0 55 23 154.82 0.0950 499.9
0 55 29 48.86 0.0829 239.6
0 55 34 53.03 0.0960 32.9
0 55 14 48.91 0.0872 47.7
0 55 38 177.54 0.0679 584.7
0 55 31 62.06 0.1098 475.3
0 55 27 66.97 0.0718 157.3
0 55 32 60.44 0.0765 106.4
0 55 38 96.77 0.0591 735.4
0 55 22 58.83 0.0552 737.3
0 55 23 52.28 0.0887 390.9
0 55 30 86.66 0.0455 320.8
0 55 17 132.34 0.0546 681.5
0 55 33 47.55 0.1158 331.3
0 55 33 209.51 0.0641 156.1
0 55 28 114.18 0.0596 542.0
0 55 42 102.07 0.0634 619.8
0 55 33 997.54 0.0499 440.1
0 55 20 85.04 0.0442 931.2
0 55 21 74.95 0.0949 341.6
0 55 20 63.21 0.0778 776.5
0 55 26 89.31 0.1080 422.3
0 55 15 75.04 0.1177 299.7
0 55 19 114.33 0.1267 188.6
0 55 42 84.92 0.0781 386.2
0 55 36 132.65 0.0463 836.0
0 55 34 59.40 0.1037 725.2
0 55 17 80.87 0.1117 340.7
0 55 18 50.69 0.0950 752.4
0 55 24 90.57 0.0534 168.2
0 55 23 189.68 0.0631 355.6
0 55 24 204.28 0.0571 872.1
0 55 35 219.97 0.0356 739.6
0 55 29 139.80 0.0429 407.9
0 55 36 145.01 0.0632 220.6
0 55 38 237.77 0.0400 790.9
0 55 30 63.56 0.1002 303.7
0 55 35 124.79 0.0717 97.9
0 55 35 136.30 0.0933 111.9
0 55 33 76.87 0.0727 278.2
0 55 41 173.58 0.0506 543.3
0 55 32 102.41 0.0550 535.3
0 55 38 60.90 0.0904 572.7
0 55 38 52.10 0.0949 538.0
0 55 25 105.89 0.0326 241.8
0 55 21 128.80 0.0422 673.1
0 55 14 117.54 0.0451 535.2
0 55 17 111.89 0.0627 171.3
0 55 41 56.81 0.0921 290.5
0 55 16 88.52 0.0417 726.9
0 55 41 103.28 0.0658 211.8
0 55 21 107.57 0.0629 448.9
0 55 23 76.60 0.1192 759.2
0 55 32 68.69 0.0815 476.0
0 55 30 53.42 0.0787 307.5
0 55 27 76.66 0.0898 623.0
0 55 16 70.19 0.0238 571.3
0 55 16 85.24 0.0456 42.7
0 55 31 178.22 0.0494 137.0
0 55 16 99.33 0.0792 322.7
0 55 22 57.64 0.0536 173.9
0 55 30 47.52 0.1275 356.9
0 55 40 103.38 0.0750 628.6
0 55 35 69.54 0.0761 395.3
0 55 19 51.38 0.0553 303.1
0 55 14 109.84 0.0321 98.6
0 55 25 48.55 0.1300 395.3
0 55 15 92.41 0.1462 295.7
0 55 22 135.67 0.1148 830.0
0 55 17 52.34 0.0551 366.8
0 55 20 60.69 0.1448 782.6
0 55 20 128.39 0.0690 297.0
0 55 19 111.88 0.0414 690.6
0 55 26 53.10 0.0947 825.4
0 55 19 130.29 0.0857 666.4
0 55 30 206.21 0.0437 261.3
0 55 23 49.28 0.0682 464.7
0 55 15 108.71 0.1289 261.8
0 55 33 122.04 0.0588 757.6
0 55 24 309.99 0.0452 698.1
0 55 39 98.86 0.0655 406.8
0 55 39 57.35 0.0930 151.4
0 55 30 174.23 0.0646 529.9
0 55 37 275.83 0.0397 417.5
0 55 30 52.85 0.1171 174.4
0 55 30 149.59 0.0548 172.3
0 55 44 264.48 0.0563 582.0
0 55 35 85.05 0.0877 781.8
0 55 22 64.72 0.0721 56.8
0 55 45 162.33 0.0718 851.9
0 55 26 119.03 0.0260 24.9
0 55 36 287.19 0.0805 129.9
0 55 34 650.47 0.0319 169.6
0 55 42 73.65 0.0665 540.9
0 55 20 181.74 0.0864 430.9
0 55 38 62.09 0.0989 834.3
0 55 23 217.18 0.0595 403.6
0 55 31 60.01 0.0692 390.3
0 55 26 94.59 0.0757 853.8
0 55 37 56.73 0.0905 307.6
0 55 36 88.71 0.0670 252.6
0 55 44 117.49 0.0524 680.4
0 55 34 47.60 0.0737 803.3
0 55 24 59.65 0.1048 129.8
0 55 30 350.13 0.0710 116.7
0 55 26 198.61 0.0519 901.5
0 55 15 70.02 0.0788 944.8
0 55 41 112.55 0.0673 210.6
0 55 37 272.10 0.0619 818.0
0 55 38 95.06 0.0489 46.7
0 55 26 56.51 0.0937 336.2
0 55 34 73.68 0.0633 90.6
0 55 34 63.01 0.1089 384.6
0 55 30 47.85 0.1261 328.8
0 55 17 90.26 0.0698 701.3
0 55 20 51.40 0.1233 304.1
0 55 37 168.42 0.0630 785.1
0 55 18 149.75 0.0727 479.3
0 55 17 74.76 0.0285 485.0
0 55 23 62.71 0.0496 230.5
0 55 22 422.85 0.1268 826.5
0 55 17 73.04 0.0827 547.9
0 55 26 102.40 0.0429 769.8
0 55 19 71.27 0.0350 833.5
0 55 27 98.76 0.0578 455.7
0 55 16 56.85 0.0331 814.3
0 55 15 64.99 0.0945 168.9
0 55 18 75.19 0.0977 788.8
0 55 16 538.03 0.1175 139.9
0 55 17 192.41 0.0815 287.7
0 55 16 203.11 0.0295 135.2
0 55 16 115.94 0.0176 264.4
0 55 21 107.55 0.0385 25.9
0 55 30 106.93 0.0431 725.6
0 55 24 93.90 0.0646 518.8
0 55 40 59.99 0.0857 208.9
0 55 18 60.12 0.1336 355.2
0 55 15 95.87 0.0648 403.5
0 55 33 105.93 0.0793 375.1
0 55 32 85.36 0.0872 316.2
0 55 22 100.05 0.0498 921.0
0 55 19 137.39 0.0533 829.8
0 55 31 47.91 0.1018 723.8
0 55 33 58.71 0.0853 726.9
0 55 36 117.59 0.0507 257.1
0 55 36 126.94 0.1064 317.2
0 55 21 165.89 0.0369 311.6
0 55 15 87.64 0.0657 808.5
0 55 18 378.15 0.1183 799.5
0 55 26 85.56 0.0482 255.1
0 55 35 174.85 0.0351 849.6
0 55 17 105.62 0.0489 722.8
0 55 20 62.42 0.0447 244.5
0 56 30 48.12 0.1052 286.7
0 56 36 64.91 0.0968 112.3
0 56 32 48.78 0.1058 61.8
0 56 35 161.32 0.0562 638.5
0 56 35 187.28 0.0494 577.4
0 56 33 61.66 0.0595 169.7
0 56 30 146.13 0.0819 145.0
0 56 36 140.82 0.0392 264.2
0 56 31 51.87 0.0828 742.8
0 56 15 108.64 0.0361 784.4
0 56 27 76.77 0.0829 126.2
0 56 33 98.99 0.0954 655.0
0 56 39 107.56 0.0676 619.4
0 56 29 100.36 0.0712 395.9
0 56 30 146.51 0.0326 229.8
0 56 26 131.83 0.0340 76.6
0 56 17 47.43 0.1875 267.9
0 56 16 209.09 0.0546 343.3
0 56 47 115.83 0.0494 885.1
0 56 30 69.65 0.0959 636.1
0 56 32 55.20 0.1052 175.3
0 56 21 231.93 0.0414 875.3
0 56 16 528.95 0.0877 230.5
0 56 34 120.74 0.0580 619.3
0 56 20 212.70 0.1097 817.1
0 56 20 204.15 0.0662 574.1
0 56 13 51.26 0.1410 871.3
0 56 19 265.51 0.0391 781.7
0 56 15 62.15 0.1359 834.5
0 56 15 110.20 0.0565 899.5
0 56 37 191.15 0.0439 605.7
0 56 33 224.72 0.0723 773.0
0 56 14 51.45 0.0862 256.4
0 56 23 130.32 0.0622 625.6
0 56 28 80.73 0.0619 75.7
0 56 32 75.10 0.0542 243.5
0 56 32 137.77 0.0341 492.4
0 56 40 78.00 0.0544 941.6
0 56 36 129.89 0.0524 776.2
0 56 31 98.01 0.0645 663.5
0 56 30 100.73 0.0623 51.0
0 56 24 86.38 0.0362 510.1
0 56 31 121.82 0.0454 672.1
0 56 19 65.36 0.0446 1.1
0 56 32 174.52 0.0416 725.0
0 56 28 95.81 0.0453 18.1
0 56 17 70.59 0.0999 141.8
0 56 30 48.02 0.1069 74.1
0 56 43 77.13 0.0734 531.2
0 56 19 136.06 0.0438 270.0
0 56 37 140.97 0.0623 583.2
0 56 22 134.42 0.0468 693.9
0 56 22 63.08 0.0355 901.1
0 56 17 64.78 0.0495 469.4
0 56 35 103.61 0.0486 488.5
0 56 14 60.21 0.1202 33.5
0 56 15 280.86 0.0417 841.4
0 56 28 59.19 0.1008 577.2
0 56 38 90.99 0.0659 555.8
0 56 24 110.97 0.0480 705.0
0 56 32 95.53 0.0491 839.9
0 56 29 46.17 0.0509 51.7
0 56 37 155.44 0.0583 588.7
0 56 25 174.84 0.0602 886.7
0 56 29 106.58 0.0434 765.4
0 56 16 63.34 0.0881 12.8
0 56 15 49.85 0.0994 20.2
0 56 35 83.60 0.0604 529.7
0 56 39 166.01 0.0430 435.6
0 56 23 167.04 0.0479 664.1
0 56 28 143.17 0.0700 688.6
0 56 27 74.52 0.0610 911.6
0 56 39 92.65 0.0565 337.4
0 56 28 114.68 0.0680 682.5
0 56 15 220.20 0.0701 952.9
0 56 32 83.04 0.0508 601.7
0 56 31 95.35 0.0304 601.6
0 56 32 86.36 0.0919 522.4
0 56 27 90.34 0.0812 576.9
0 56 19 50.02 0.0921 478.6
0 56 31 208.84 0.0487 581.7
0 56 29 103.54 0.0710 360.3
0 56 24 218.55 0.0361 33.3
0 56 44 61.04 0.0852 616.3
0 56 40 134.34 0.0616 777.2
0 56 28 78.21 0.0501 623.2
0 56 22 116.21 0.0233 119.3
0 56 20 53.94 0.0458 256.5
0 56 17 123.22 0.1006 378.6
0 56 31 174.89 0.0885 435.0
0 56 21 79.99 0.0647 825.7
0 56 17 92.15 0.0173 853.1
0 56 15 93.02 0.1109 565.8
0 56 14 96.19 0.0745 761.8
0 56 16 210.53 0.0227 910.3
0 56 33 68.86 0.0724 213.2
0 56 40 156.42 0.0544 732.2
0 56 36 52.20 0.0877 601.5
0 56 19 50.71 0.0516 741.2
0 56 32 66.61 0.0652 675.2
0 56 48 205.46 0.0472 90.2
0 56 26 101.49 0.0464 471.8
0 56 33 61.88 0.0834 401.1
0 56 22 100.23 0.0711 749.4
0 56 34 66.52 0.0970 891.8
0 56 19 196.36 0.1115 585.4
0 56 24 109.19 0.0747 243.5
0 56 34 132.84 0.0693 705.5
0 56 28 142.14 0.0686 424.6
0 56 19 60.33 0.0510 93.0
0 56 27 85.96 0.0802 511.3
0 56 16 70.46 0.0926 629.2
0 56 37 323.71 0.0506 723.1
0 56 16 59.50 0.0297 74.2
0 56 27 87.73 0.0703 597.6
0 56 28 118.42 0.0507 186.0
0 56 25 209.99 0.0525 911.0
0 56 33 82.29 0.0679 130.2
0 56 29 66.89 0.0609 238.7
0 56 31 72.57 0.0695 786.8
0 56 23 74.77 0.0982 80.5
0 56 43 116.88 0.0503 832.5
0 56 35 78.09 0.0397 455.1
0 56 20 105.65 0.0434 572.3
0 56 15 71.18 0.0739 511.4
0 56 24 95.58 0.0737 900.4
0 56 38 493.76 0.0580 44.3
0 56 22 92.67 0.0512 676.8
0 56 14 50.10 0.1071 580.0
0 56 26 51.81 0.1448 231.0
0 56 13 94.06 0.1214 536.3
0 56 17 50.55 0.0578 153.1
0 56 34 63.09 0.0577 878.9
0 56 43 63.38 0.0692 520.5
0 56 33 165.32 0.0634 789.1
0 56 35 84.64 0.0927 838.7
0 56 26 165.58 0.0609 546.9
0 56 45 56.12 0.0620 78.6
0 56 43 144.96 0.0473 588.3
0 56 27 227.08 0.0308 790.0
0 56 21 59.27 0.0542 53.8
0 56 34 139.39 0.0443 134.0
0 56 38 104.98 0.0813 661.7
0 56 17 115.15 0.0570 781.7
0 56 21 96.01 0.0373 61.8
0 56 32 65.45 0.1111 611.0
0 56 27 79.42 0.0980 644.7
0 56 21 60.35 0.0916 889.2
0 56 24 147.08 0.0898 91.9
0 56 38 81.02 0.0837 664.7
0 56 15 1064.65 0.1527 473.4
0 56 28 128.77 0.0464 287.8
0 56 31 151.98 0.0934 667.0
0 56 27 259.66 0.0409 730.1
0 56 30 70.50 0.0844 49.8
0 56 20 58.75 0.1262 518.8
0 56 35 117.51 0.0661 79.2
0 56 26 152.26 0.0533 511.1
0 56 14 135.46 0.0762 498.9
0 56 27 103.48 0.0570 751.3
0 56 19 46.53 0.1480 600.0
0 56 31 52.68 0.0918 760.8
0 56 16 64.73 0.1242 597.9
0 56 26 64.36 0.1058 606.6
0 56 15 61.27 0.0917 547.7
0 56 18 47.16 0.0992 246.3
0 56 30 75.75 0.0791 563.4
0 56 24 87.55 0.1295 512.9
0 56 31 64.99 0.0787 554.3
0 56 38 80.79 0.0896 132.7
0 56 31 66.71 0.0759 402.9
0 56 42 189.13 0.0784 663.9
0 56 48 82.25 0.0500 797.1
0 56 44 466.36 0.0621 144.5
0 56 27 47.85 0.0480 466.3
0 56 37 55.34 0.0863 657.5
0 56 24 57.51 0.0937 261.8
0 56 33 116.00 0.0771 716.6
0 56 36 136.25 0.0457 675.1
0 56 34 54.82 0.1066 95.5
0 56 43 292.99 0.0571 556.7
0 56 46 58.13 0.0838 73.7
0 56 21 175.64 0.0447 897.2
0 56 39 102.56 0.0537 511.0
0 56 23 149.95 0.0306 458.2
0 56 30 196.00 0.0471 550.6
0 56 41 132.52 0.0626 687.2
0 56 38 102.81 0.0671 826.0
0 56 25 75.41 0.0696 490.9
0 56 40 54.45 0.0829 609.0
0 56 26 60.35 0.0569 485.8
0 56 35 87.73 0.0708 28.7
0 56 18 81.18 0.0694 668.2
0 56 19 67.19 0.0696 546.7
0 56 32 73.87 0.0568 444.4
0 56 40 147.56 0.0612 841.5
0 56 42 53.02 0.0875 469.5
0 56 23 87.16 0.0605 516.6
0 56 38 75.60 0.0935 672.3
0 56 13 109.61 0.0800 421.3
0 56 16 58.16 0.1164 22.6
0 56 17 69.29 0.1109 476.5
0 56 30 91.10 0.0877 229.3
0 56 13 47.42 0.0276 846.0
0 56 21 110.54 0.0826 89.6
0 56 16 395.27 0.0293 120.7
0 56 20 54.07 0.1321 250.9
0 56 22 131.80 0.0561 929.7
0 56 29 88.17 0.0734 35.6
0 56 13 71.66 0.1107 228.4
0 56 15 257.15 0.1471 176.3
0 56 14 49.77 0.1056 892.6
0 56 29 133.86 0.0592 884.9
0 56 15 109.29 0.0925 509.4
0 56 18 48.73 0.0562 686.2
0 56 14 158.59 0.1535 579.1
0 56 23 248.86 0.0745 112.3
0 56 14 49.31 0.1152 538.8
0 56 19 156.84 0.0497 587.4
0 56 20 77.18 0.1168 122.0
0 56 14 62.99 0.0438 204.1
0 56 18 139.40 0.0315 195.9
0 56 21 54.35 0.1022 704.0
0 56 25 2411.99 0.0712 694.1
0 56 25 58.62 0.1546 924.7
0 56 24 81.39 0.0399 115.6
0 56 15 85.63 0.0537 615.3
0 56 21 109.36 0.0584 265.1
0 56 19 78.18 0.0705 61.7
0 56 23 52.34 0.1054 64.3
0 56 40 94.43 0.0829 568.9
0 56 15 48.53 0.0728 19.6
0 56 17 330.22 0.0534 60.5
0 56 15 58.90 0.1171 895.8
0 56 21 114.80 0.0294 551.6
0 56 25 49.79 0.0619 394.3
0 56 17 50.98 0.0902 919.6
0 57 38 168.73 0.0623 180.7
0 57 38 80.31 0.0686 238.6
0 57 15 79.16 0.0457 285.6
0 57 22 102.58 0.1257 303.9
0 57 26 136.86 0.0723 100.7
0 57 29 52.02 0.0862 802.1
0 57 15 55.15 0.0401 420.9
0 57 24 104.86 0.0587 761.0
0 57 22 139.35 0.0329 796.2
0 57 20 89.53 0.1466 488.7
0 57 27 45.26 0.1307 277.9
0 57 22 124.58 0.0425 556.8
0 57 17 127.29 0.0599 655.6
0 57 21 58.52 0.1305 416.5
0 57 22 259.01 0.0297 717.4
0 57 19 144.42 0.0661 249.6
0 57 22 112.56 0.0344 193.3
0 57 42 48.48 0.1010 116.0
0 57 40 89.96 0.0666 609.8
0 57 37 489.06 0.0393 299.4
0 57 19 71.02 0.1120 760.3
0 57 23 105.49 0.0559 715.7
0 57 38 92.63 0.0889 123.7
0 57 25 86.99 0.0519 838.2
0 57 19 45.46 0.0915 312.0
0 57 37 114.19 0.0457 583.7
0 57 33 62.97 0.0855 322.6
0 57 29 93.35 0.0441 420.5
0 57 19 49.91 0.0305 499.8
0 57 23 47.05 0.0836 181.6
0 57 34 95.57 0.0584 763.9
0 57 21 163.57 0.0251 496.0
0 57 17 85.42 0.0565 557.3
0 57 31 83.95 0.0852 155.1
0 57 33 92.43 0.0866 147.3
0 57 30 55.27 0.0948 552.7
0 57 16 219.55 0.0732 860.2
0 57 24 57.93 0.0816 208.3
0 57 17 49.07 0.1159 225.9
0 57 17 47.24 0.0369 28.5
0 57 17 281.37 0.1129 229.0
0 57 21 55.26 0.0910 731.0
0 57 21 1317.76 0.1106 259.1
0 57 41 65.58 0.0721 168.6
0 57 19 49.32 0.0490 54.8
0 57 39 139.92 0.0473 591.8
0 57 15 151.20 0.0552 904.1
0 57 17 53.12 0.1103 645.3
0 57 25 77.79 0.0619 554.1
0 57 30 87.40 0.0550 493.6
0 57 32 113.77 0.0777 346.8
0 57 31 100.09 0.0589 596.8
0 57 27 142.46 0.0241 807.4
0 57 25 448.78 0.0399 272.1
0 57 17 57.74 0.0928 496.3
0 57 34 67.94 0.0922 188.7
0 57 23 107.08 0.0353 936.5
0 57 19 245.30 0.0236 514.3
0 57 24 68.89 0.0610 341.3
0 57 25 96.13 0.0513 865.1
0 57 16 88.85 0.0658 33.4
0 57 32 102.46 0.0595 884.5
0 57 18 82.51 0.0938 919.3
0 57 20 393.10 0.0533 599.2
0 57 36 54.78 0.0859 445.4
0 57 31 78.67 0.0744 498.5
0 57 48 110.39 0.0761 622.5
0 57 23 104.10 0.0567 951.8
0 57 22 84.52 0.0360 237.5
0 57 17 81.19 0.0573 884.3
0 57 15 91.39 0.0903 13.4
0 57 27 159.68 0.0486 615.4
0 57 23 82.98 0.0769 236.3
0 57 27 160.46 0.0503 626.0
0 57 40 220.93 0.0537 715.2
0 57 36 107.65 0.0633 352.3
0 57 37 159.22 0.0284 571.3
0 57 18 78.52 0.0255 221.4
0 57 31 51.45 0.1125 225.5
0 57 31 106.05 0.0561 911.3
0 57 21 271.90 0.0284 198.7
0 57 22 71.19 0.0295 322.7
0 57 24 97.73 0.0566 645.9
0 57 16 64.83 0.0155 470.1
0 57 35 125.74 0.0514 926.6
0 57 37 142.08 0.0343 250.6
0 57 26 315.05 0.0379 104.2
0 57 32 277.46 0.0363 491.1
0 57 35 115.87 0.0602 161.5
0 57 34 160.26 0.0569 215.5
0 57 32 54.94 0.0732 143.8
0 57 38 220.87 0.0561 800.0
0 57 15 66.92 0.0700 764.6
0 57 32 139.08 0.0635 191.1
0 57 27 87.07 0.0532 113.6
0 57 38 75.91 0.0695 236.4
0 57 16 161.91 0.0503 127.3
0 57 31 93.54 0.0450 69.1
0 57 35 72.16 0.0921 672.2
0 57 33 176.66 0.0454 336.7
0 57 20 120.44 0.0764 567.5
0 57 44 98.46 0.0669 224.2
0 57 23 73.51 0.1051 752.9
0 57 23 146.43 0.0589 912.7
0 57 42 118.25 0.0612 965.1
0 57 13 83.82 0.0613 476.3
0 57 44 104.11 0.0603 217.0
0 57 24 782.11 0.1025 663.9
0 57 22 48.17 0.1416 205.8
0 57 25 73.84 0.0591 454.8
0 57 28 48.14 0.1083 208.4
0 57 16 292.61 0.1043 674.3
0 57 18 57.13 0.0972 602.6
0 57 35 124.33 0.0594 621.8
0 57 33 126.00 0.0520 313.9
0 57 38 118.23 0.0508 154.3
0 57 16 105.76 0.0292 34.3
0 57 34 78.18 0.0597 650.2
0 57 16 401.38 0.1098 565.0
0 57 16 116.29 0.0436 466.5
0 57 19 45.27 0.1276 9.8
0 57 16 114.45 0.0405 206.8
0 57 24 55.00 0.0745 101.2
0 57 16 83.60 0.1579 428.0
0 57 13 51.75 0.1176 215.2
0 57 32 56.15 0.1238 113.2
0 57 34 45.27 0.0953 957.7
0 57 21 162.59 0.0448 905.0
0 57 15 189.38 0.0804 153.3
0 57 16 172.64 0.0449 495.5
0 57 43 273.62 0.0450 641.1
0 57 25 72.56 0.0496 480.5
0 57 38 87.45 0.0624 777.0
0 57 25 47.89 0.0703 84.0
0 57 18 72.28 0.0465 871.5
0 57 18 82.35 0.0614 32.4
0 57 22 62.36 0.1426 613.9
0 57 16 335.38 0.0737 59.8
0 57 22 75.99 0.0641 56.1
0 57 15 403.23 0.1043 63.7
0 57 16 97.57 0.0226 383.9
0 57 14 65.99 0.0720 257.9
0 57 13 160.27 0.0603 571.4
0 57 17 177.42 0.0712 155.5
0 57 31 48.33 0.1168 174.3
0 57 14 59.22 0.0450 836.6
0 58 30 98.61 0.0671 196.6
0 58 22 76.22 0.0486 866.4
0 58 16 134.30 0.0218 601.9
0 58 36 131.21 0.0527 721.3
0 58 28 77.47 0.0748 882.2
0 58 13 146.18 0.1081 15.3
0 58 19 47.42 0.1000 66.6
0 58 24 70.28 0.0900 146.6
0 58 16 118.13 0.1410 660.9
0 58 32 51.90 0.0936 629.6
0 58 26 61.23 0.0540 853.7
0 58 25 121.72 0.0459 772.8
0 58 21 58.43 0.0819 260.5
0 58 19 338.79 0.1055 772.9
0 58 38 68.40 0.0865 529.2
0 58 13 45.25 0.0503 456.0
0 58 43 139.62 0.0335 249.6
0 58 17 79.01 0.0469 655.4
0 58 26 92.16 0.0281 326.9
0 58 13 46.31 0.0734 93.5
0 58 28 242.58 0.0549 79.1
0 58 23 85.94 0.0684 936.7
0 58 17 62.21 0.0610 453.8
0 58 14 46.12 0.1068 480.3
0 58 20 520.72 0.0899 118.7
0 58 24 235.34 0.0385 696.2
0 58 16 45.49 0.1044 665.2
0 58 32 131.36 0.0478 357.5
0 58 34 121.84 0.0980 737.7
0 58 29 181.56 0.0420 535.8
0 58 19 48.90 0.0632 621.6
0 58 48 102.78 0.0501 836.8
0 58 17 117.21 0.0481 203.6
0 58 18 92.55 0.1059 411.1
0 58 28 56.41 0.0933 683.7
0 58 40 206.08 0.0574 86.0
0 58 19 106.93 0.0495 272.1
0 58 37 396.83 0.0611 201.6
0 58 17 120.92 0.0361 859.1
0 58 28 82.14 0.0773 904.2
0 58 27 161.96 0.0536 929.3
0 58 15 51.05 0.0249 171.3
0 58 33 122.01 0.0514 729.2
0 58 29 143.07 0.0340 745.5
0 58 38 66.16 0.0923 803.1
0 58 23 115.99 0.0855 328.2
0 58 15 55.15 0.1108 371.3
0 58 25 103.12 0.0875 914.0
0 58 36 118.52 0.0591 102.4
0 58 16 157.26 0.0247 661.4
0 58 32 117.30 0.0775 118.4
0 58 36 189.02 0.0852 58.9
0 58 19 81.82 0.0576 904.0
0 58 41 97.93 0.0592 50.8
0 58 28 118.90 0.0436 927.1
0 58 29 120.50 0.0599 918.6
0 58 40 120.56 0.0472 335.2
0 58 28 277.14 0.0578 211.4
0 58 17 64.63 0.0273 882.8
0 58 16 78.91 0.0268 516.7
0 58 23 93.23 0.0705 293.6
0 58 17 76.57 0.0293 814.6
0 58 24 70.38 0.0324 472.4
0 58 33 128.59 0.0406 903.9
0 58 27 65.74 0.0791 647.3
0 58 15 738.87 0.0185 70.9
0 58 33 49.73 0.0982 351.0
0 58 32 79.19 0.0797 755.5
0 58 28 214.81 0.0513 348.8
0 58 16 59.88 0.0307 712.2
0 58 15 178.35 0.0565 51.7
0 58 27 59.68 0.0904 62.5
0 58 22 78.03 0.1233 726.9
0 58 23 111.10 0.0686 812.7
0 58 27 88.42 0.1053 56.6
0 58 16 143.79 0.1369 116.1
0 58 14 123.24 0.1190 835.7
0 58 17 66.94 0.0926 98.9
0 58 20 90.77 0.0308 955.5
0 58 18 46.00 0.1314 811.0
0 58 41 387.31 0.0531 45.6
0 58 39 119.37 0.0578 700.8
0 58 26 511.39 0.0490 371.3
0 58 22 155.23 0.0562 520.1
0 58 41 99.03 0.0713 376.2
0 58 35 180.32 0.0524 657.5
0 58 14 191.98 0.0502 345.8
0 58 38 270.92 0.0849 658.8
0 58 16 47.24 0.0342 207.7
0 58 20 72.42 0.0456 888.3
0 58 42 163.78 0.0675 102.5
0 58 34 71.86 0.0997 523.1
0 58 21 57.99 0.0367 665.8
0 58 19 257.64 0.0296 904.3
0 58 44 190.90 0.0798 757.7
0 58 40 75.35 0.0688 808.8
0 58 32 81.72 0.0522 502.6
0 58 21 453.47 0.0407 119.0
0 58 22 94.88 0.0500 62.1
0 58 17 593.48 0.0393 434.8
0 58 16 224.81 0.0292 73.1
0 58 17 239.11 0.0570 50.4
0 58 25 69.14 0.0531 296.4
0 58 19 83.85 0.0551 716.7
0 58 26 86.59 0.1077 370.2
0 58 25 117.90 0.0480 447.0
0 58 19 69.16 0.1011 81.0
0 58 18 119.50 0.0499 196.8
0 58 33 57.06 0.0644 32.9
0 58 23 136.23 0.0349 751.6
0 58 22 124.39 0.0528 939.3
0 58 38 84.55 0.0979 526.4
0 58 14 107.61 0.0977 620.6
0 58 31 138.35 0.0728 23.9
0 58 15 759.28 0.0344 73.6
0 58 18 477.55 0.0945 771.1
0 58 14 97.56 0.1156 434.3
0 58 34 110.19 0.0561 554.7
0 58 15 87.84 0.0443 59.4
0 58 15 109.51 0.1252 332.5
0 58 15 334.59 0.1162 408.1
0 58 16 72.44 0.0180 362.5
0 58 14 82.22 0.1014 53.7
0 58 17 126.62 0.0451 365.4
0 58 13 47.16 0.0358 452.0
0 58 13 192.51 0.0510 724.3
0 58 18 48.58 0.0492 64.0
0 58 27 156.73 0.0630 925.9
0 58 28 206.15 0.0348 257.3
0 58 28 45.75 0.1054 192.2
0 59 46 84.81 0.0668 150.2
0 59 31 56.73 0.0794 165.8
0 59 26 170.09 0.0575 822.3
0 59 42 62.84 0.0929 342.8
0 59 29 124.24 0.0835 795.0
0 59 28 84.89 0.0793 279.8
0 59 14 596.25 0.0861 794.3
0 59 37 63.10 0.0769 359.7
0 59 29 209.91 0.0629 637.7
0 59 31 160.19 0.0743 400.8
0 59 19 56.31 0.1047 336.1
0 59 19 51.02 0.1180 209.9
0 59 33 84.61 0.0518 313.0
0 59 31 372.20 0.0375 342.9
0 59 27 121.35 0.0460 144.2
0 59 20 107.64 0.0621 173.8
0 59 21 193.91 0.0737 882.1
0 59 41 128.88 0.0557 312.0
0 59 33 106.63 0.0536 886.0
0 59 39 124.56 0.0670 234.3
0 59 41 109.11 0.0545 328.3
0 59 33 123.75 0.0582 74.8
0 59 18 217.98 0.0752 671.2
0 59 18 104.29 0.0679 830.4
0 59 39 161.30 0.0606 691.9
0 59 41 231.68 0.0398 520.7
0 59 21 273.50 0.0284 444.1
0 59 20 108.06 0.0519 203.0
0 59 25 72.25 0.0503 134.4
0 59 15 114.87 0.0385 35.4
0 59 33 50.17 0.1198 819.1
0 59 27 352.46 0.0966 132.6
0 59 32 145.90 0.0692 139.0
0 59 24 146.65 0.0514 215.7
0 59 14 78.29 0.1291 933.3
0 59 32 119.29 0.0412 800.5
0 59 40 118.20 0.0810 253.1
0 59 23 56.52 0.0449 821.8
0 59 17 91.55 0.0504 29.3
0 59 21 54.16 0.0524 900.6
0 59 38 57.82 0.0947 812.4
0 59 35 88.31 0.0560 94.6
0 59 38 48.32 0.0878 617.0
0 59 31 58.57 0.1122 740.8
0 59 18 61.87 0.0910 753.3
0 59 16 193.92 0.1226 753.1
0 59 35 81.55 0.0919 361.0
0 59 20 100.88 0.0671 813.3
0 59 31 55.00 0.1028 239.8
0 59 32 48.61 0.1108 298.7
0 59 23 48.10 0.1226 805.0
0 59 21 67.84 0.0946 282.6
0 59 30 92.64 0.0626 720.6
0 59 31 119.13 0.0535 496.9
0 59 24 69.61 0.0555 905.2
0 59 25 175.37 0.0844 328.1
0 59 37 167.98 0.0522 812.5
0 59 25 112.12 0.0583 747.2
0 59 17 62.68 0.0859 786.3
0 59 25 94.09 0.0868 189.8
0 59 30 143.67 0.0569 920.2
0 59 31 58.98 0.1012 193.7
0 59 34 3561.07 0.0561 179.7
0 59 26 47.68 0.1070 477.3
0 59 13 864.42 0.1077 46.2
0 59 24 106.89 0.0608 187.6
0 59 29 45.01 0.0782 891.7
0 59 17 73.98 0.0256 83.1
0 59 32 83.53 0.0451 457.6
0 59 14 49.82 0.0230 541.0
0 59 32 94.68 0.0838 744.2
0 59 20 87.90 0.0459 329.3
0 59 44 171.66 0.0484 571.0
0 59 28 206.94 0.0641 101.1
0 59 24 109.23 0.0577 190.1
0 59 21 113.51 0.0785 454.6
0 59 36 83.54 0.0690 915.7
0 59 31 117.61 0.0710 717.3
0 59 16 57.20 0.1470 679.1
0 59 32 136.66 0.0962 938.1
0 59 19 77.95 0.0749 705.2
0 59 17 78.21 0.0332 296.8
0 59 42 200.81 0.0699 409.8
0 59 15 116.42 0.1283 466.9
0 59 36 159.58 0.0743 876.7
0 59 13 70.48 0.0262 496.3
0 59 39 148.29 0.0596 729.5
0 59 25 449.52 0.1220 299.0
0 59 27 110.82 0.0560 735.5
0 59 35 147.93 0.0566 112.5
0 59 21 77.10 0.0432 822.3
0 59 48 77.37 0.0514 622.6
0 59 28 92.47 0.0668 436.3
0 59 25 115.92 0.0501 275.0
0 59 35 81.40 0.0456 903.8
0 59 39 83.94 0.0595 841.6
0 59 22 82.18 0.0637 42.3
0 59 31 120.88 0.0402 860.3
0 59 23 119.30 0.0614 91.9
0 59 21 1545.02 0.0527 76.1
0 59 24 51.68 0.0809 781.5
0 59 13 180.07 0.1066 846.5
0 59 25 115.88 0.0238 462.8
0 59 17 45.44 0.1311 132.3
0 59 27 153.36 0.1160 645.0
0 59 25 124.43 0.0629 770.9
0 59 27 166.51 0.0415 730.1
0 59 29 241.01 0.0688 820.7
0 59 22 92.93 0.0470 764.1
0 59 27 107.75 0.0503 170.8
0 59 18 180.99 0.0586 811.1
0 59 26 87.97 0.0716 241.7
0 59 25 86.94 0.1078 175.9
0 59 23 80.99 0.0641 705.8
0 59 38 316.22 0.0468 151.3
0 59 46 112.73 0.0478 505.8
0 59 19 76.57 0.0694 762.2
0 59 37 438.79 0.0624 907.3
0 59 25 54.69 0.0821 225.3
0 59 23 45.30 0.1213 873.2
0 59 29 119.46 0.0477 227.3
0 59 21 280.76 0.0226 632.6
0 59 27 316.55 0.0265 857.3
0 59 22 80.40 0.0404 683.7
0 59 38 80.33 0.0796 195.7
0 59 16 109.43 0.0432 496.0
0 59 17 47.11 0.1015 856.3
0 59 28 486.54 0.0305 351.7
0 59 29 72.07 0.0619 60.5
0 59 31 82.45 0.0606 650.5
0 59 40 77.66 0.0533 840.4
0 59 14 417.05 0.0872 58.9
0 59 32 47.43 0.1141 795.8
0 59 41 133.75 0.0528 548.6
0 59 26 79.75 0.1161 836.0
0 59 31 69.71 0.0697 726.0
0 59 36 54.06 0.0879 499.5
0 59 17 52.54 0.1112 38.8
0 59 42 66.76 0.0696 479.6
0 59 46 144.86 0.0468 431.0
0 59 18 62.99 0.0848 327.0
0 59 38 115.16 0.0722 826.8
0 59 41 72.24 0.1314 847.9
0 59 16 56.63 0.0715 771.6
0 59 44 312.59 0.0606 820.7
0 59 41 83.25 0.0646 101.4
0 59 15 995.73 0.0621 795.7
0 59 17 228.39 0.0470 368.9
0 59 25 273.61 0.0441 642.8
0 59 37 137.66 0.0620 715.1
0 59 28 68.00 0.0611 768.8
0 59 39 102.69 0.0675 411.1
0 59 29 89.42 0.0936 227.9
0 59 23 315.29 0.0418 395.9
0 59 37 96.97 0.0517 904.1
0 59 25 368.59 0.0496 183.5
0 59 14 138.20 0.1540 236.0
0 59 25 51.32 0.0966 219.8
0 59 46 114.71 0.0905 776.7
0 59 29 116.10 0.0417 245.0
0 59 18 74.53 0.0920 700.1
0 59 35 103.87 0.0559 730.4
0 59 22 46.51 0.0365 927.8
0 59 27 47.30 0.0900 805.0
0 59 41 129.85 0.1015 361.9
0 59 30 54.29 0.0977 825.8
0 59 40 115.73 0.1184 356.3
0 59 27 148.40 0.0410 322.6
0 59 23 584.12 0.0440 34.1
0 59 28 83.30 0.0304 378.7
0 59 34 63.34 0.1200 551.8
0 59 19 94.24 0.0669 193.6
0 59 28 131.56 0.0528 820.4
0 59 31 183.53 0.0493 230.8
0 59 28 75.80 0.0854 732.7
0 59 21 64.25 0.0585 178.2
0 59 19 236.00 0.0616 322.1
0 59 18 57.12 0.1369 206.5
0 59 16 175.40 0.0302 80.1
0 59 32 241.52 0.0601 904.4
0 59 13 58.42 0.1445 774.8
0 59 28 84.72 0.0724 247.3
0 59 20 45.26 0.1284 687.1
0 59 31 55.45 0.0721 444.0
0 59 29 56.04 0.0795 366.4
0 59 32 64.07 0.1181 849.6
0 59 20 254.81 0.0326 925.5
0 59 13 231.08 0.1468 197.3
0 59 20 54.35 0.1022 276.6
0 59 22 62.73 0.0657 653.9
0 59 20 62.91 0.1014 683.0
0 59 15 89.29 0.0723 699.7
0 59 19 46.07 0.0948 837.3
0 59 19 64.20 0.1098 886.6
0 59 29 52.70 0.1070 188.0
0 59 16 68.93 0.0130 99.6
0 59 16 357.68 0.0389 122.7
0 59 18 61.59 0.0518 535.5
0 59 26 93.71 0.0811 638.0
0 59 17 79.41 0.0911 426.8
0 59 19 72.72 0.0360 219.4
0 59 26 98.41 0.0735 241.3
0 59 35 181.09 0.0479 335.3
0 59 22 61.89 0.0488 432.2
0 59 34 588.90 0.0349 361.1
0 59 33 69.82 0.0827 206.4
0 59 15 474.85 0.0549 71.9
0 59 16 53.21 0.0908 798.9
0 59 26 50.15 0.0830 189.0
0 59 26 87.50 0.1027 834.1
0 59 13 117.67 0.0768 206.5
0 59 17 46.49 0.0582 806.6
0 59 16 48.08 0.1374 856.6
0 59 38 50.03 0.1031 886.6
0 59 22 69.61 0.1026 634.4
0 59 19 46.01 0.0883 913.1
0 59 24 316.76 0.0522 786.1
0 59 41 70.18 0.0805 257.3
0 59 22 139.73 0.0771 325.9
0 59 24 103.72 0.0380 753.9
0 59 15 109.80 0.1010 659.3
0 59 29 181.46 0.0472 738.1
0 59 30 51.70 0.0899 211.6
0 59 37 182.48 0.0614 480.2
0 60 38 154.60 0.0658 218.0
0 60 21 116.66 0.0537 29.9
0 60 44 193.51 0.0740 276.5
0 60 19 178.00 0.0682 296.4
0 60 30 54.23 0.1065 117.3
0 60 29 110.35 0.0563 545.7
0 60 20 63.93 0.0686 22.6
0 60 17 455.20 0.0291 650.9
0 60 39 98.75 0.0786 435.7
0 60 36 128.73 0.0640 702.7
0 60 38 265.59 0.0355 277.5
0 60 45 767.62 0.0530 181.9
0 60 31 81.83 0.0543 547.0
0 60 27 101.21 0.0694 229.1
0 60 36 82.69 0.0621 343.5
0 60 19 55.57 0.0942 506.6
0 60 29 105.81 0.0465 81.0
0 60 29 169.28 0.0278 117.4
0 60 33 66.89 0.0836 453.5
0 60 25 85.18 0.0444 67.2
0 60 38 47.89 0.0994 149.7
0 60 18 45.44 0.0786 843.7
0 60 29 69.18 0.0691 315.1
0 60 18 62.45 0.1062 499.3
0 60 39 56.58 0.0805 142.6
0 60 14 54.85 0.0310 897.2
0 60 37 72.56 0.0991 666.9
0 60 22 68.53 0.0859 362.5
0 60 20 363.85 0.0324 489.6
0 60 33 80.18 0.0894 194.3
0 60 32 153.05 0.0612 228.1
0 60 23 65.19 0.0406 476.2
0 60 26 99.11 0.0480 653.8
0 60 32 115.42 0.0540 892.7
0 60 29 87.76 0.0769 919.0
0 60 17 106.17 0.0640 388.3
0 60 27 54.15 0.1043 252.5
0 60 42 54.92 0.0745 610.0
0 60 35 100.54 0.0491 116.2
0 60 20 54.70 0.0371 754.3
0 60 29 94.24 0.0499 363.1
0 60 37 74.61 0.1027 408.3
0 60 41 60.01 0.1033 607.6
0 60 15 59.01 0.0466 938.9
0 60 34 56.83 0.0818 324.7
0 60 34 108.48 0.0547 894.0
0 60 32 118.41 0.0442 17.8
0 60 15 74.50 0.0483 660.0
0 60 20 125.59 0.0332 60.2
0 60 33 106.98 0.0578 332.8
0 60 25 190.31 0.0313 460.7
0 60 36 74.13 0.0488 201.3
0 60 40 156.02 0.0397 804.9
0 60 31 68.89 0.0687 346.7
0 60 28 177.34 0.0596 187.6
0 60 14 97.46 0.0738 935.4
0 60 15 56.95 0.1247 150.3
0 60 23 194.76 0.0577 266.3
0 60 44 118.22 0.0683 457.7
0 60 33 108.06 0.0750 188.8
0 60 13 68.61 0.0637 315.3
0 60 23 77.91 0.0980 624.5
0 60 26 92.73 0.0706 391.5
0 60 31 189.08 0.0455 797.3
0 60 15 900.44 0.0330 219.3
0 60 28 87.03 0.0592 88.4
0 60 13 69.44 0.0610 402.7
0 60 36 90.60 0.0776 920.3
0 60 18 107.42 0.0758 619.5
0 60 35 86.81 0.0976 79.8
0 60 39 146.40 0.0657 384.1
0 60 36 77.79 0.0625 57.9
0 60 29 104.63 0.0447 134.3
0 60 16 82.17 0.0231 437.7
0 60 18 185.37 0.0391 465.6
0 60 33 104.91 0.0609 387.2
0 60 22 98.51 0.0598 542.6
0 60 39 52.21 0.0990 616.7
0 60 17 77.20 0.0192 785.8
0 60 24 168.40 0.0974 65.1
0 60 24 129.89 0.0415 323.1
0 60 18 89.31 0.1065 506.6
0 60 22 54.01 0.0698 828.3
0 60 30 695.67 0.0418 244.7
0 60 27 82.25 0.0527 418.6
0 60 29 151.58 0.0433 374.3
0 60 14 384.10 0.1043 690.6
0 60 35 155.92 0.0626 176.1
0 60 17 507.79 0.0223 690.7
0 60 33 52.02 0.0900 400.8
0 60 29 136.36 0.0485 564.3
0 60 25 79.54 0.0938 783.8
0 60 40 79.07 0.0721 285.6
0 60 16 123.61 0.0891 797.1
0 60 37 126.99 0.0853 169.7
0 60 33 62.92 0.0853 446.8
0 60 17 50.14 0.0530 491.0
0 60 16 47.13 0.1025 368.0
0 60 27 83.25 0.0802 845.3
0 60 23 89.47 0.0496 394.0
0 60 23 68.92 0.0312 64.9
0 60 40 380.96 0.0411 102.8
0 60 39 61.26 0.1021 239.3
0 60 27 215.91 0.0751 403.8
0 60 19 68.64 0.1037 928.3
0 60 23 223.93 0.0508 328.1
0 60 27 165.51 0.0490 276.3
0 60 19 69.87 0.0715 347.7
0 60 34 129.16 0.0825 374.3
0 60 29 97.00 0.0707 285.2
0 60 24 93.28 0.0966 568.5
0 60 30 58.26 0.0881 94.3
0 60 41 70.92 0.0753 849.9
0 60 35 133.25 0.0646 271.0
0 60 22 45.63 0.0793 236.0
0 60 33 84.85 0.0754 397.2
0 60 23 387.19 0.0411 439.1
0 60 33 189.21 0.0639 220.7
0 60 19 71.92 0.0582 51.2
0 60 20 61.73 0.0296 819.3
0 60 16 87.43 0.0423 100.1
0 60 42 127.28 0.0527 386.4
0 60 37 67.71 0.0863 261.8
0 60 23 78.36 0.0809 740.7
0 60 31 74.17 0.0805 242.7
0 60 43 59.66 0.1135 939.5
0 60 43 116.75 0.0531 119.0
0 60 19 664.19 0.0379 236.1
0 60 17 135.76 0.0331 724.7
0 60 46 146.43 0.0458 860.7
0 60 47 275.05 0.0425 173.2
0 60 24 112.16 0.1120 625.7
0 60 45 95.35 0.0657 241.1
0 60 40 66.71 0.0698 412.3
0 60 30 71.10 0.0760 88.7
0 60 24 54.84 0.1046 52.5
0 60 17 61.72 0.0951 206.1
0 60 13 58.21 0.0402 19.7
0 60 16 71.00 0.0184 37.5
0 60 26 73.05 0.0558 224.6
0 60 30 155.81 0.0514 286.7
0 60 21 85.12 0.0453 859.7
0 60 22 113.52 0.0729 57.4
0 60 35 84.05 0.0947 412.3
0 60 34 91.23 0.0623 414.9
0 60 30 111.35 0.0720 299.9
0 60 33 125.87 0.0441 243.7
0 60 35 104.99 0.0738 371.8
0 60 39 63.00 0.0879 739.1
0 60 26 67.78 0.0273 189.4
0 60 17 122.16 0.0274 152.9
0 60 32 90.85 0.0664 386.1
0 60 39 116.90 0.0740 327.9
0 60 18 439.46 0.0847 66.4
0 60 42 159.55 0.0783 454.0
0 60 28 115.82 0.0381 98.4
0 60 33 81.26 0.0894 8.0
0 60 31 88.39 0.0716 713.6
0 60 36 71.56 0.1011 798.4
0 60 24 114.86 0.0323 251.4
0 60 13 49.52 0.0671 93.9
0 60 21 99.55 0.0655 945.3
0 60 29 108.50 0.0643 791.0
0 60 15 128.29 0.1026 840.9
0 60 15 76.55 0.1322 177.1
0 60 24 75.54 0.0495 223.0
0 60 28 178.44 0.0313 110.2
0 60 28 79.63 0.1021 120.5
0 60 31 105.44 0.0346 336.9
0 60 44 59.41 0.0927 807.6
0 60 25 49.53 0.0769 375.2
0 60 16 50.81 0.0664 370.3
0 60 34 122.66 0.0728 127.5
0 60 47 85.61 0.0661 675.8
0 60 40 139.07 0.0748 130.2
0 60 16 84.41 0.0838 10.7
0 60 36 386.44 0.0471 430.6
0 60 38 166.60 0.0606 359.5
0 60 44 325.85 0.0517 358.9
0 60 37 73.04 0.0594 64.8
0 60 31 86.36 0.0790 229.8
0 60 20 278.26 0.1133 943.2
0 60 20 542.65 0.0325 287.9
0 60 38 199.03 0.0447 124.8
0 60 29 55.80 0.0868 635.2
0 60 23 209.23 0.0574 655.7
0 60 13 296.83 0.0731 86.7
0 60 39 547.60 0.0656 214.5
0 60 45 196.06 0.0468 419.2
0 60 19 123.85 0.0673 535.8
0 60 44 70.69 0.0788 402.9
0 60 19 90.02 0.0409 29.0
0 60 18 186.02 0.0730 110.0
0 60 21 79.52 0.0204 45.7
0 60 33 81.50 0.0813 207.2
0 60 21 155.70 0.0421 288.0
0 60 32 102.55 0.0525 167.8
0 60 45 236.04 0.0428 60.5
0 60 31 102.19 0.0405 214.8
0 60 25 187.88 0.0520 144.2
0 60 23 57.24 0.0389 884.7
0 60 36 92.51 0.0799 694.0
0 60 26 103.58 0.0635 911.3
0 60 13 95.18 0.0246 277.9
0 60 24 68.00 0.0721 199.6
0 60 19 93.64 0.0576 456.8
0 60 32 100.32 0.0399 550.2
0 60 22 95.65 0.0367 45.7
0 60 14 107.33 0.0329 12.9
0 60 17 89.40 0.0456 67.3
0 60 17 604.87 0.0255 865.9
0 60 16 46.31 0.0468 477.4
0 60 44 145.73 0.0397 144.7
0 60 18 67.68 0.0489 648.7
0 60 17 89.05 0.0320 802.8
0 60 14 85.01 0.0277 166.2
0 60 23 97.61 0.0444 614.8
0 60 14 46.53 0.1522 675.3
0 60 17 73.51 0.0458 32.0
0 60 15 62.28 0.0367 166.6
0 60 14 45.20 0.1200 141.3
0 60 16 46.10 0.0648 506.0
0 60 17 118.47 0.1076 413.9
0 60 13 87.21 0.0755 539.4
0 60 28 50.94 0.0761 144.6
0 60 25 114.96 0.0483 84.9
0 60 16 61.11 0.0339 71.0
0 60 15 187.02 0.0298 444.4
0 60 13 57.47 0.0997 331.0
0 60 20 69.77 0.0677 763.8
0 60 41 254.58 0.0960 206.3
0 60 28 186.23 0.0557 385.5
0 60 19 278.98 0.0443 66.1
0 60 16 71.68 0.0596 35.8
0 63 18 906.73 0.0418 841.5
0 63 38 248.39 0.0534 899.4
0 63 23 66.68 0.0930 705.7
0 63 17 412.70 0.0490 303.7
0 63 13 231.55 0.0562 839.7
0 63 38 155.99 0.0535 329.1
0 63 29 56.01 0.1205 173.0
0 63 24 121.78 0.0425 849.6
0 63 37 101.61 0.0842 22.3
0 63 35 73.60 0.0654 384.8
0 63 14 74.90 0.0967 260.8
0 63 29 72.36 0.0701 381.8
0 63 14 84.11 0.1201 130.6
0 63 28 100.48 0.0549 581.4
0 63 26 78.76 0.0566 598.8
0 63 26 87.95 0.0480 933.7
0 63 32 64.18 0.0874 494.4
0 63 30 142.57 0.0521 465.4
0 63 43 102.08 0.0693 325.4
0 63 17 394.02 0.0461 365.6
0 63 22 600.87 0.0787 855.8
0 63 28 149.39 0.0439 682.9
0 63 19 51.49 0.0429 606.9
0 63 38 151.04 0.0600 491.5
0 63 21 50.69 0.1024 16.5
0 63 13 51.47 0.1527 460.8
0 63 29 45.34 0.0915 640.3
0 63 22 64.38 0.0870 16.6
0 63 41 61.37 0.0854 158.9
0 63 33 87.63 0.0787 640.5
0 63 24 161.09 0.0482 609.7
0 63 37 214.78 0.0365 538.5
0 63 33 95.27 0.0698 336.4
0 63 27 52.45 0.1232 140.5
0 63 36 110.77 0.0572 750.3
0 63 30 180.49 0.0593 107.4
0 63 22 216.33 0.0181 548.1
0 63 27 57.07 0.1118 408.7
0 63 33 118.52 0.0771 317.8
0 63 14 80.79 0.0335 14.0
0 63 40 82.73 0.0595 653.8
0 63 18 68.27 0.0426 574.2
0 63 14 108.89 0.0530 6.9
0 63 27 81.57 0.0624 714.6
0 63 24 142.68 0.0229 634.4
0 63 27 64.05 0.0608 182.3
0 63 23 60.49 0.0911 386.3
0 63 23 66.59 0.0938 319.4
0 63 33 85.12 0.0656 106.1
0 63 34 120.40 0.0732 774.2
0 63 39 110.19 0.0726 161.5
0 63 32 137.88 0.0357 217.7
0 63 16 401.71 0.0483 102.5
0 63 18 120.51 0.0691 695.7
0 63 28 46.56 0.1132 644.5
0 63 30 738.63 0.0365 567.4
0 63 13 309.76 0.0417 270.6
0 63 18 145.86 0.0395 714.1
0 63 43 84.47 0.0533 524.8
0 63 30 101.37 0.0507 275.6
0 63 18 247.03 0.0569 136.9
0 63 24 49.78 0.0661 545.3
0 63 24 133.25 0.1054 222.4
0 63 33 103.82 0.0493 871.9
0 63 30 140.85 0.0546 583.0
0 63 19 49.32 0.0863 94.9
0 63 27 120.68 0.0391 356.5
0 63 28 282.42 0.0353 935.7
0 63 33 449.43 0.0299 358.2
0 63 24 45.75 0.0470 472.0
0 63 34 145.54 0.0565 15.3
0 63 36 47.50 0.0999 486.1
0 63 40 110.19 0.0847 601.0
0 63 25 89.02 0.0780 521.9
0 63 45 212.62 0.0536 159.4
0 63 16 48.49 0.0864 448.5
0 63 16 161.77 0.1741 66.6
0 63 33 54.71 0.1028 441.2
0 63 17 135.65 0.1522 19.5
0 63 37 74.71 0.0549 22.9
0 63 30 87.81 0.0572 501.1
0 63 27 57.01 0.0729 137.2
0 63 27 59.81 0.0815 789.8
0 63 23 50.57 0.0746 857.5
0 63 21 121.30 0.0427 165.5
0 63 16 74.41 0.0337 443.7
0 63 36 129.78 0.0755 159.0
0 63 25 46.21 0.0740 360.3
0 63 22 136.64 0.0514 229.7
0 63 29 139.85 0.0404 275.1
0 63 30 84.79 0.0694 911.0
0 63 40 169.16 0.0473 427.3
0 63 35 145.28 0.0538 460.7
0 63 37 73.07 0.0672 572.0
0 63 26 69.59 0.0540 84.5
0 63 31 53.02 0.1048 426.7
0 63 18 304.64 0.0832 581.4
0 63 23 62.38 0.0624 56.3
0 63 20 123.79 0.0421 317.0
0 63 14 81.75 0.0681 928.2
0 63 38 151.10 0.0431 346.4
0 63 16 86.15 0.0433 248.9
0 63 36 88.95 0.0737 170.7
0 63 40 490.47 0.0436 181.5
0 63 35 168.98 0.0588 736.3
0 63 27 56.19 0.0820 45.3
0 63 18 68.59 0.0402 327.3
0 63 24 61.05 0.0817 602.9
0 63 19 73.95 0.0571 431.4
0 63 18 57.07 0.0285 431.2
0 63 13 62.66 0.0732 25.3
0 63 14 58.15 0.0428 925.1
0 63 19 300.30 0.0297 913.4
0 63 29 79.04 0.0548 681.2
0 63 42 86.17 0.0718 95.8
0 63 19 855.54 0.0497 170.7
0 63 35 84.40 0.0686 601.6
0 63 29 53.18 0.0938 720.9
0 63 43 109.53 0.0765 166.1
0 63 28 214.13 0.0448 512.7
0 63 38 56.46 0.0607 654.6
0 63 33 197.46 0.0450 364.9
0 63 38 82.47 0.0795 561.0
0 63 18 205.58 0.0325 871.5
0 63 16 152.29 0.0155 879.1
0 63 13 50.49 0.1089 9.4
0 63 16 55.70 0.0536 841.9
0 63 38 52.75 0.1071 927.0
0 63 21 48.05 0.0606 634.5
0 63 31 51.29 0.0680 127.3
0 63 24 124.88 0.0619 121.0
0 63 29 47.59 0.1085 200.3
0 63 37 51.31 0.0926 657.9
0 63 33 69.52 0.0736 635.1
0 63 33 92.52 0.0711 736.9
0 63 30 47.91 0.0857 203.6
0 63 39 99.04 0.0680 875.6
0 63 18 54.06 0.0616 323.1
0 63 29 142.40 0.0430 44.6
0 63 30 71.16 0.0529 584.0
0 63 37 97.96 0.0842 410.8
0 63 19 130.40 0.0957 472.3
0 63 21 50.33 0.0482 819.0
0 63 44 368.47 0.0495 301.6
0 63 16 80.86 0.0879 521.3
0 63 27 108.37 0.0319 908.1
0 63 27 72.90 0.0392 735.4
0 63 23 193.32 0.0297 426.7
0 63 31 114.18 0.0889 373.6
0 63 13 52.33 0.1326 158.6
0 63 14 59.67 0.0834 134.8
0 63 13 189.39 0.1620 191.0
0 63 40 55.47 0.1159 317.0
0 63 18 65.71 0.0715 716.6
0 63 19 145.92 0.0452 471.2
0 63 29 127.27 0.0315 551.0
0 63 13 235.70 0.1117 233.2
0 63 32 99.36 0.1065 700.5
0 63 20 48.33 0.0638 781.0
0 63 21 104.96 0.0695 19.3
0 63 23 110.88 0.0401 609.1
0 63 16 49.61 0.1444 729.2
0 63 21 139.16 0.1031 655.8
0 63 14 112.42 0.1398 190.6
0 63 31 270.76 0.0458 177.5
0 63 37 93.12 0.0594 242.0
0 63 21 124.81 0.0318 826.6
0 63 20 2004.81 0.0405 76.1
0 63 17 68.67 0.0310 438.8
0 63 13 193.01 0.1426 79.3
0 63 39 98.16 0.0850 88.6
0 63 24 118.29 0.0580 444.9
0 63 31 108.77 0.0562 461.0
0 63 29 171.68 0.0405 403.7
0 63 22 126.47 0.0541 627.5
0 63 15 62.29 0.1133 535.2
0 63 23 80.36 0.0614 45.7
0 63 38 227.55 0.0586 919.2
0 63 27 131.98 0.0569 66.1
0 63 16 91.49 0.1164 32.4
0 63 13 122.74 0.1407 264.5
0 63 16 58.45 0.0861 757.2
0 63 15 46.68 0.1008 609.3
0 63 14 180.37 0.1130 489.7
0 64 13 52.66 0.0743 72.3
0 64 25 63.91 0.0688 165.5
0 64 43 211.63 0.0711 39.9
0 64 35 609.37 0.0625 122.1
0 64 26 127.47 0.0325 650.7
0 64 37 291.47 0.0266 471.9
0 64 13 212.59 0.1251 912.3
0 64 22 900.25 0.0297 694.0
0 64 19 55.44 0.0446 778.5
0 64 22 48.38 0.0414 540.3
0 64 33 76.05 0.0730 252.6
0 64 26 79.58 0.0853 633.1
0 64 42 203.83 0.0500 330.3
0 64 33 92.40 0.0708 535.2
0 64 18 64.95 0.0553 636.0
0 64 18 75.33 0.0655 423.9
0 64 17 54.92 0.0589 771.7
0 64 13 81.35 0.0250 677.3
0 64 21 47.61 0.1145 524.3
0 64 37 54.77 0.0827 201.0
0 64 23 136.19 0.0423 358.1
0 64 39 83.27 0.0669 110.0
0 64 33 378.04 0.0387 342.2
0 64 34 110.28 0.0408 546.8
0 64 27 328.99 0.0336 227.0
0 64 37 73.31 0.0698 202.5
0 64 43 154.92 0.0812 905.6
0 64 31 89.91 0.0702 461.3
0 64 30 814.83 0.0445 692.3
0 64 18 98.86 0.0384 685.4
0 64 33 193.22 0.0392 551.7
0 64 28 50.47 0.0892 440.9
0 64 16 167.67 0.0298 298.3
0 64 30 140.76 0.0676 351.3
0 64 26 51.43 0.0620 183.4
0 64 45 113.91 0.0545 733.2
0 64 32 185.25 0.0504 332.7
0 64 37 215.87 0.0517 493.6
0 64 29 103.52 0.0616 107.3
0 64 22 65.78 0.0705 53.2
0 64 21 85.37 0.0435 274.3
0 64 17 49.37 0.0775 732.5
0 64 15 71.13 0.0954 928.3
0 64 35 65.69 0.0670 704.1
0 64 19 153.24 0.0384 93.4
0 64 20 48.98 0.0706 390.7
0 64 21 57.25 0.1268 49.9
0 64 33 76.03 0.0647 378.0
0 64 34 80.83 0.0940 269.0
0 64 25 50.31 0.0888 591.3
0 64 36 128.24 0.0637 706.7
0 64 36 97.23 0.0805 176.9
0 64 15 115.31 0.0991 368.1
0 64 19 50.43 0.0988 919.2
0 64 38 56.03 0.0565 949.0
0 64 30 104.72 0.0322 271.6
0 64 16 51.10 0.0858 295.7
0 64 27 93.46 0.0748 751.2
0 64 26 710.02 0.0321 683.0
0 64 37 166.59 0.0472 466.4
0 64 18 56.17 0.0450 392.4
0 64 16 397.07 0.0296 30.8
0 64 42 199.92 0.0423 291.7
0 64 32 107.25 0.0617 326.1
0 64 17 53.99 0.0603 899.3
0 64 19 48.07 0.1483 684.3
0 64 24 47.79 0.0657 678.0
0 64 47 284.57 0.0612 66.8
0 64 40 123.44 0.0607 635.3
0 64 19 89.35 0.0459 920.0
0 64 24 54.67 0.1032 388.6
0 64 30 158.58 0.0501 410.1
0 64 19 64.86 0.0369 379.8
0 64 20 65.38 0.0752 755.1
0 64 15 62.64 0.1506 781.6
0 64 43 148.10 0.0599 768.0
0 64 16 178.32 0.0203 917.9
0 64 27 89.07 0.0590 260.4
0 64 15 69.84 0.0874 914.3
0 64 15 70.29 0.1643 875.8
0 64 20 270.83 0.0611 444.3
0 64 40 83.79 0.0427 614.5
0 64 35 109.81 0.0594 602.1
0 64 21 174.20 0.0317 404.6
0 64 16 98.04 0.0278 646.3
0 64 34 177.42 0.0897 747.7
0 64 20 128.83 0.0680 517.6
0 64 21 177.75 0.0458 918.2
0 64 28 165.79 0.0767 421.5
0 64 34 59.92 0.0721 321.1
0 64 25 92.04 0.0576 274.8
0 64 32 164.67 0.0366 878.2
0 64 28 138.11 0.1130 808.6
0 64 29 78.46 0.0834 373.3
0 64 29 225.72 0.0318 440.3
0 64 26 76.63 0.0822 44.2
0 64 32 139.11 0.0646 555.9
0 64 28 78.62 0.0593 910.0
0 64 34 91.06 0.0684 580.2
0 64 38 106.49 0.0754 828.0
0 64 30 134.08 0.0543 126.9
0 64 35 77.82 0.0583 705.6
0 64 33 531.99 0.0535 274.1
0 64 15 405.32 0.0487 328.6
0 64 41 92.09 0.0522 428.5
0 64 40 180.59 0.0563 609.9
0 64 34 45.25 0.1207 250.9
0 64 30 94.82 0.0647 895.3
0 64 17 129.41 0.0531 888.9
0 64 17 75.98 0.0793 713.2
0 64 17 144.86 0.0361 936.2
0 64 15 72.83 0.1142 31.1
0 64 17 121.39 0.0731 577.4
0 64 15 257.14 0.0335 336.0
0 64 20 333.82 0.0453 250.0
0 64 17 182.49 0.0591 666.2
0 64 14 68.77 0.0301 375.7
0 64 37 46.57 0.1235 737.8
0 64 17 150.44 0.0147 877.0
0 64 13 65.11 0.0816 789.1
0 64 22 63.69 0.0857 713.3
0 64 18 46.03 0.0817 235.9
0 64 30 98.70 0.0687 712.3
0 64 20 68.56 0.0956 548.9
0 64 32 51.36 0.0973 673.2
0 64 17 117.93 0.0970 163.0
0 64 34 55.60 0.1071 763.0
0 66 43 125.73 0.0590 39.9
0 66 32 112.84 0.0530 789.3
0 66 35 120.80 0.0667 188.4
0 66 23 95.52 0.0769 599.0
0 66 38 152.11 0.0651 63.8
0 66 22 124.64 0.0362 180.5
0 66 29 160.78 0.0596 253.8
0 66 19 122.02 0.1269 536.1
0 66 37 83.76 0.0620 153.3
0 66 32 557.83 0.0311 186.0
0 66 36 82.33 0.1123 520.8
0 66 28 116.31 0.0602 550.8
0 66 16 81.06 0.0753 550.4
0 66 14 92.76 0.0986 934.4
0 66 35 133.76 0.0669 86.5
0 66 32 62.95 0.1130 133.3
0 66 37 117.79 0.0844 39.3
0 66 25 66.37 0.0791 139.5
0 66 34 67.25 0.0963 882.2
0 66 16 78.20 0.1208 697.3
0 66 32 102.43 0.0616 615.2
0 66 26 75.77 0.0635 299.6
0 66 21 412.27 0.1030 338.5
0 66 22 154.33 0.0417 506.2
0 66 23 172.69 0.0393 338.6
0 66 16 61.84 0.0683 12.3
0 66 41 122.56 0.0566 115.1
0 66 32 136.32 0.0483 369.1
0 66 14 51.31 0.0996 921.3
0 66 29 338.33 0.0570 774.9
0 66 24 69.95 0.0594 612.9
0 66 30 136.25 0.0760 245.2
0 66 31 68.51 0.0776 762.8
0 66 40 251.10 0.0726 275.1
0 66 28 62.33 0.0445 866.4
0 66 18 75.38 0.0794 942.1
0 66 34 81.61 0.0834 190.5
0 66 26 99.33 0.0703 648.5
0 66 39 155.02 0.0376 785.7
0 66 26 155.71 0.0424 148.5
0 66 38 88.60 0.0618 673.4
0 66 35 79.81 0.0560 916.6
0 66 16 62.00 0.0609 48.1
0 66 17 118.24 0.1068 944.3
0 66 29 62.15 0.1039 596.1
0 66 21 70.29 0.0304 68.9
0 66 21 46.23 0.0805 136.5
0 66 25 84.40 0.0941 720.1
0 66 31 70.37 0.0715 918.7
0 66 20 60.88 0.0848 733.9
0 66 13 111.84 0.1029 93.6
0 66 44 49.48 0.1158 843.5
0 66 29 152.72 0.0328 356.5
0 66 28 79.42 0.0960 495.2
0 66 26 78.24 0.0761 7.7
0 66 35 78.46 0.0606 690.8
0 66 14 77.76 0.1626 642.6
0 66 25 78.32 0.1309 660.6
0 66 35 403.09 0.0530 10.2
0 66 43 103.21 0.0805 786.7
0 66 23 46.18 0.1362 619.1
0 66 31 54.12 0.0731 547.6
0 66 39 123.20 0.0498 612.8
0 66 18 55.83 0.0398 99.4
0 66 41 324.33 0.0536 59.7
0 66 21 102.82 0.0488 70.1
0 66 38 238.88 0.0453 783.4
0 66 31 47.25 0.1442 694.9
0 66 40 72.57 0.0967 845.8
0 66 22 64.22 0.0867 771.3
0 66 26 231.03 0.1003 10.9
0 66 40 96.04 0.0689 24.6
0 66 44 110.73 0.0605 44.8
0 66 34 80.94 0.0737 197.0
0 66 43 69.63 0.0599 847.7
0 66 24 175.52 0.0494 627.6
0 66 41 100.37 0.0493 113.6
0 66 29 48.34 0.0981 721.9
0 66 26 133.51 0.0429 587.8
0 66 38 89.54 0.0667 601.0
0 66 37 195.44 0.0360 571.0
0 66 38 239.10 0.0515 835.2
0 66 31 148.01 0.0374 749.7
0 66 27 83.00 0.0504 46.1
0 66 35 55.11 0.0812 786.7
0 66 32 113.35 0.0669 935.7
0 66 14 49.21 0.0866 290.6
0 66 37 120.27 0.0674 744.6
0 66 25 127.85 0.0312 501.3
0 66 21 98.80 0.0674 23.1
0 66 28 81.22 0.0779 85.5
0 66 18 76.20 0.1252 674.8
0 66 13 65.46 0.0586 942.2
0 66 34 70.95 0.0779 844.0
0 66 13 81.08 0.0856 758.8
0 66 33 62.51 0.1072 55.3
0 66 24 116.29 0.0331 514.7
0 66 38 57.23 0.0848 706.7
0 66 17 117.84 0.0377 354.2
0 66 13 75.88 0.1056 748.8
0 66 23 125.81 0.0600 253.3
0 66 14 134.43 0.1060 73.1
0 66 16 51.43 0.1391 644.4
0 66 16 50.69 0.0454 55.3
0 66 16 85.43 0.0421 111.1
0 66 15 62.04 0.0596 944.1
0 66 24 100.04 0.0685 225.0
0 66 15 262.83 0.0872 850.3
0 66 19 114.32 0.0529 5.2
0 66 16 64.33 0.0262 838.0
0 66 25 180.90 0.0609 100.0
0 66 18 708.12 0.0273 740.5
0 66 29 108.77 0.0525 822.2
0 66 31 47.59 0.1057 912.0
0 73 21 53.11 0.0850 563.7
0 73 15 52.37 0.1525 397.3
0 73 21 450.03 0.0460 307.2
0 73 24 128.03 0.0490 15.7
0 73 38 152.67 0.0713 97.6
0 73 15 80.86 0.0616 328.9
0 73 28 82.66 0.0482 857.2
0 73 35 126.15 0.0710 641.9
0 73 13 79.34 0.1096 72.8
0 73 21 90.19 0.0559 53.8
0 73 27 79.48 0.0795 229.9
0 73 23 335.21 0.0463 559.1
0 73 35 52.82 0.0842 201.7
0 73 30 72.08 0.0329 851.2
0 73 25 68.94 0.0847 153.1
0 73 32 78.58 0.0947 370.3
0 73 30 120.82 0.0447 629.8
0 73 36 201.23 0.1089 574.3
0 73 19 56.33 0.0477 840.0
0 73 17 48.34 0.0894 462.6
0 73 26 201.63 0.0471 896.9
0 73 37 379.81 0.0432 143.9
0 73 32 70.77 0.0987 511.2
0 73 26 61.20 0.0689 952.3
0 73 42 154.45 0.0662 15.1
0 73 16 351.90 0.1362 687.5
0 73 40 45.22 0.1110 236.6
0 73 24 45.42 0.0722 439.1
0 73 16 266.41 0.0401 179.9
0 73 18 61.20 0.0874 936.6
0 73 27 202.68 0.0446 575.6
0 73 29 109.75 0.0297 21.7
0 73 36 120.95 0.0487 234.6
0 73 30 79.53 0.0552 652.1
0 73 34 164.89 0.0488 702.7
0 73 29 90.07 0.0631 517.7
0 73 20 49.53 0.0433 636.0
0 73 17 100.72 0.0427 42.5
0 73 44 124.32 0.0574 83.5
0 73 33 75.01 0.0511 27.3
0 73 42 109.27 0.0637 144.5
0 73 31 65.93 0.0624 375.3
0 73 29 48.43 0.0942 50.7
0 73 31 69.84 0.0826 205.8
0 73 41 147.02 0.0628 673.5
0 73 34 67.06 0.1083 892.7
0 73 17 116.57 0.1366 456.2
0 73 14 140.20 0.0253 835.0
0 73 16 110.21 0.0166 881.6
0 73 20 99.72 0.0630 838.2
0 73 22 80.38 0.0367 387.2
0 73 37 55.23 0.0856 254.8
0 73 37 266.47 0.0585 754.0
0 73 24 116.14 0.0341 295.8
0 73 25 404.77 0.0378 390.3
0 73 20 50.82 0.0323 841.2
0 73 23 109.45 0.0269 579.7
0 73 15 100.64 0.0484 882.0
0 73 17 76.59 0.0787 325.8
0 73 38 158.86 0.1040 389.0
0 73 24 110.18 0.0864 747.6
0 73 14 58.98 0.1122 467.1
0 73 23 65.72 0.0792 456.5
0 73 18 46.38 0.0961 798.6
0 73 37 58.65 0.0690 954.7
0 73 31 137.14 0.0395 634.6
0 73 30 138.00 0.0441 740.3
0 73 37 157.33 0.0607 392.8
0 73 33 238.99 0.0325 293.2
0 73 32 72.08 0.0727 139.7
0 73 26 165.90 0.0734 823.1
0 73 33 104.38 0.1011 359.5
0 73 24 54.40 0.0831 705.1
0 73 18 70.85 0.0835 656.8
0 73 30 49.12 0.1152 233.7
0 73 41 51.65 0.0715 493.6
0 73 35 64.91 0.0746 436.7
0 73 25 53.43 0.0970 73.7
0 73 40 1042.99 0.0613 111.4
0 73 44 193.63 0.0443 853.6
0 73 33 149.16 0.0742 151.7
0 73 40 86.89 0.0488 234.1
0 73 34 87.23 0.0340 619.2
0 73 39 55.76 0.0991 866.4
0 73 20 49.69 0.0900 680.3
0 73 33 79.21 0.0788 124.0
0 73 48 127.84 0.0633 488.6
0 73 18 53.33 0.1043 883.8
0 73 25 228.60 0.0581 30.6
0 73 26 253.46 0.0700 124.7
0 73 30 93.93 0.0687 811.4
0 73 33 80.05 0.0524 407.8
0 73 21 66.47 0.0643 49.2
0 73 26 58.41 0.1150 930.3
0 73 35 120.65 0.0785 82.6
0 73 31 1288.79 0.0443 312.4
0 73 40 281.22 0.0480 60.8
0 73 29 84.38 0.0592 571.2
0 73 22 132.33 0.0314 902.4
0 73 23 242.00 0.0306 38.4
0 73 13 109.24 0.1262 406.5
0 73 17 89.38 0.0308 540.3
0 73 37 45.71 0.0958 941.9
0 73 25 60.80 0.0794 837.7
0 73 24 46.54 0.1207 659.3
0 73 16 82.85 0.0347 27.9
0 73 34 138.23 0.0547 80.7
0 73 30 60.02 0.1158 449.0
0 73 24 151.21 0.0475 228.0
0 73 29 98.98 0.0584 634.1
0 73 18 497.82 0.0328 785.5
0 73 40 117.83 0.0921 278.0
0 73 38 146.03 0.0566 909.0
0 73 36 160.70 0.0644 188.0
0 73 27 733.75 0.0249 848.1
0 73 29 78.86 0.0780 555.2
0 73 19 141.92 0.0641 199.6
0 73 31 84.30 0.0608 193.3
0 73 21 64.83 0.0393 243.0
0 73 36 92.34 0.0736 945.8
0 73 44 52.12 0.0777 661.7
0 73 40 118.45 0.0370 131.8
0 73 19 58.49 0.0451 659.1
0 73 16 55.27 0.1029 521.6
0 73 19 173.96 0.1505 523.4
0 73 17 563.78 0.1438 510.8
0 73 15 428.12 0.1512 503.4
0 73 15 111.61 0.1116 515.6
0 73 20 289.12 0.0460 666.9
0 73 30 64.41 0.0805 147.5
0 73 17 78.23 0.1110 510.4
0 73 35 130.99 0.0503 820.5
0 73 33 249.60 0.0526 874.7
0 73 18 48.20 0.0682 802.0
0 73 41 154.19 0.0495 145.7
0 73 37 63.11 0.0621 581.1
0 73 22 119.04 0.0459 60.3
0 73 13 269.75 0.1372 527.3
0 73 25 134.86 0.0634 663.2
0 73 43 130.90 0.0434 66.7
0 73 39 141.22 0.0362 874.6
0 73 18 117.22 0.0266 638.4
0 73 22 74.18 0.1116 344.7
0 73 28 249.88 0.0499 871.0
0 73 26 170.03 0.0621 71.8
0 73 30 47.37 0.1073 105.3
0 73 18 69.95 0.0865 929.0
0 73 24 144.58 0.0428 546.0
0 73 15 227.38 0.0745 929.4
0 73 36 50.15 0.0995 652.5
0 73 35 87.44 0.0808 667.8
0 73 42 67.62 0.0486 700.4
0 73 25 74.35 0.0577 832.0
0 73 36 319.51 0.0493 435.4
0 73 20 488.22 0.1473 512.7
0 73 33 93.47 0.0819 695.2
0 73 35 82.56 0.0697 887.5
0 73 37 70.99 0.0866 102.4
0 73 31 60.20 0.0766 937.9
0 73 36 56.91 0.0868 535.1
0 73 41 121.28 0.0699 703.0
0 73 36 79.37 0.0792 207.6
0 73 45 107.55 0.0374 205.1
0 73 27 68.01 0.0392 371.5
0 73 40 179.96 0.0358 715.4
0 73 27 98.35 0.0717 598.9
0 73 15 64.96 0.0498 611.3
0 73 31 57.90 0.0947 821.3
0 73 13 147.79 0.0713 525.9
0 73 19 78.05 0.0848 785.3
0 73 19 89.70 0.0615 44.9
0 73 43 113.96 0.0683 6.3
0 73 31 185.16 0.0623 110.2
0 73 18 107.77 0.0788 464.3
0 73 31 154.82 0.0790 340.2
0 73 14 79.63 0.0732 227.0
0 73 23 57.18 0.0515 537.1
0 73 19 151.90 0.0456 864.2
0 73 17 76.05 0.0970 565.1
0 73 14 84.43 0.0852 501.9
0 73 34 79.19 0.0609 490.2
0 73 30 116.12 0.0568 814.0
0 73 16 470.58 0.0298 81.1
0 73 32 124.24 0.0557 932.6
0 73 17 92.72 0.0347 115.3
0 73 21 277.66 0.0378 932.2
0 73 22 126.86 0.0720 229.6
0 73 18 278.18 0.0471 221.5
0 73 21 81.63 0.0469 260.9
0 73 27 76.12 0.0828 860.9
0 73 15 45.93 0.1684 61.0
0 73 24 53.55 0.1068 934.3
0 73 14 53.75 0.0600 315.9
0 73 29 97.63 0.0614 25.6
0 73 15 64.95 0.0908 416.6
0 73 26 56.66 0.1009 181.3
0 73 33 81.90 0.1150 311.5
0 73 23 78.58 0.1075 389.3
0 73 28 356.63 0.0357 211.5
0 73 14 67.10 0.0908 936.9
0 73 15 47.23 0.1508 496.9
0 73 17 123.18 0.0551 36.4
0 73 19 63.77 0.0259 303.4
0 73 13 52.12 0.1453 502.6
0 73 15 76.41 0.1223 363.7
0 73 39 83.44 0.0745 22.1
0 73 16 71.47 0.0786 348.6
0 73 21 106.63 0.0796 102.2
0 73 13 49.40 0.0977 527.0
0 73 44 230.01 0.0595 800.1
0 73 15 922.13 0.1854 518.7
0 73 28 62.39 0.1013 785.0
0 73 14 131.95 0.0254 518.2
0 73 45 146.09 0.0433 471.6
0 73 30 63.96 0.1111 390.8
0 74 24 262.71 0.0905 187.0
0 74 34 100.03 0.0519 511.8
0 74 33 46.57 0.1239 158.6
0 74 32 119.24 0.0421 888.3
0 74 19 99.81 0.0440 133.0
0 74 36 107.66 0.0747 243.0
0 74 25 77.25 0.0684 45.0
0 74 20 97.58 0.0247 215.6
0 74 24 159.44 0.0900 27.5
0 74 24 83.81 0.0430 217.6
0 74 29 99.01 0.0711 854.8
0 74 30 213.45 0.0413 192.8
0 74 27 67.47 0.0588 382.3
0 74 30 61.90 0.1308 674.5
0 74 25 659.88 0.0586 230.9
0 74 15 60.75 0.0444 658.6
0 74 32 63.56 0.1156 45.4
0 74 20 717.26 0.0369 346.3
0 74 18 88.61 0.0343 226.0
0 74 37 128.82 0.0478 309.8
0 74 35 304.87 0.0716 662.1
0 74 34 71.09 0.0689 662.1
0 74 43 180.89 0.0659 167.0
0 74 31 159.92 0.0808 930.8
0 74 38 73.71 0.1057 665.3
0 74 26 116.02 0.0287 807.6
0 74 17 85.24 0.0303 708.5
0 74 20 71.53 0.0587 106.7
0 74 26 143.88 0.0384 206.1
0 74 27 113.97 0.0684 877.2
0 74 15 85.20 0.1111 153.2
0 74 18 82.55 0.0814 67.5
0 74 37 102.06 0.0685 652.2
0 74 24 129.66 0.0322 234.3
0 74 43 202.47 0.0549 523.2
0 74 27 65.44 0.0407 807.9
0 74 31 123.12 0.0891 229.2
0 74 39 238.12 0.0512 265.3
0 74 19 48.22 0.0630 825.7
0 74 32 102.39 0.0838 257.9
0 74 26 83.98 0.0879 896.6
0 74 24 55.85 0.0622 91.3
0 74 37 125.12 0.0674 314.0
0 74 27 360.45 0.0795 641.2
0 74 42 98.13 0.0702 76.2
0 74 28 147.67 0.0260 134.9
0 74 29 52.37 0.0996 698.7
0 74 26 91.79 0.0921 216.2
0 74 17 76.29 0.0390 863.8
0 74 17 224.88 0.0232 548.4
0 74 18 127.54 0.0245 249.0
0 74 31 188.98 0.0416 274.8
0 74 28 189.67 0.0694 51.5
0 74 26 1400.36 0.0838 666.8
0 74 32 66.21 0.1092 31.9
0 74 34 88.62 0.0849 672.3
0 74 40 98.19 0.0718 477.3
0 74 17 65.78 0.0725 716.0
0 74 31 57.52 0.0848 759.1
0 74 23 99.84 0.0642 919.4
0 74 33 56.00 0.1037 302.8
0 74 33 70.72 0.0883 345.9
0 74 37 76.19 0.0875 348.7
0 74 16 80.88 0.1145 48.4
0 74 37 211.54 0.0451 874.9
0 74 13 202.35 0.1334 817.2
0 74 24 73.64 0.0523 83.1
0 74 33 117.50 0.0501 654.5
0 74 16 120.25 0.0339 696.4
0 74 26 180.51 0.0626 75.7
0 74 47 355.05 0.0508 267.8
0 74 43 242.33 0.0579 174.4
0 74 19 124.50 0.0437 511.8
0 74 32 93.04 0.0506 293.2
0 74 15 46.73 0.0671 503.6
0 74 16 73.73 0.1158 118.4
0 74 25 50.06 0.0661 14.6
0 74 21 46.03 0.1306 84.5
0 74 36 54.42 0.0567 768.7
0 74 33 73.52 0.0742 210.3
0 74 13 77.85 0.1652 753.9
0 74 34 125.82 0.0839 184.3
0 74 30 137.83 0.0394 710.5
0 74 40 235.90 0.0641 268.3
0 74 30 61.40 0.1054 729.5
0 74 26 55.15 0.1117 590.8
0 74 36 138.16 0.0425 103.1
0 74 26 159.91 0.0479 379.3
0 74 23 104.07 0.0495 64.5
0 74 31 332.85 0.0531 660.3
0 74 21 73.58 0.0584 312.0
0 74 24 47.95 0.0383 55.2
0 74 29 61.04 0.0652 122.7
0 74 16 66.94 0.0905 826.4
0 74 31 201.01 0.0552 411.3
0 74 30 105.54 0.0607 792.6
0 74 20 50.11 0.1669 642.3
0 74 35 56.25 0.0837 666.7
0 74 23 74.49 0.0864 94.5
0 74 18 100.89 0.0794 339.6
0 74 21 83.55 0.0652 661.7
0 74 19 210.56 0.0721 69.3
0 74 30 59.59 0.0902 21.4
0 74 14 57.07 0.0429 671.7
0 74 16 108.56 0.1076 649.7
0 74 18 68.79 0.0386 370.4
0 74 38 239.91 0.0695 347.8
0 74 35 235.84 0.0295 870.6
0 74 29 94.21 0.0830 270.1
0 74 32 109.50 0.0662 674.8
0 74 36 78.20 0.0642 856.0
0 74 43 312.49 0.0668 62.6
0 74 33 264.64 0.0776 870.4
0 74 42 181.42 0.0370 47.0
0 74 41 137.65 0.0671 939.0
0 74 18 370.20 0.0320 151.4
0 74 30 94.34 0.0697 631.4
0 74 47 97.08 0.0744 725.1
0 74 36 70.91 0.0771 589.3
0 74 36 66.97 0.0726 636.6
0 74 32 47.55 0.0970 901.3
0 74 28 200.25 0.0428 248.3
0 74 22 48.16 0.0590 389.8
0 74 29 96.52 0.0496 728.9
0 74 34 107.44 0.0873 610.8
0 74 33 57.14 0.0769 86.2
0 74 28 76.14 0.1130 234.7
0 74 27 63.43 0.1171 215.8
0 74 18 51.74 0.0364 148.3
0 74 22 74.82 0.0601 915.2
0 74 14 95.91 0.1068 645.1
0 74 13 73.20 0.1144 635.0
0 74 27 75.48 0.1065 253.5
0 74 33 106.88 0.0476 350.7
0 74 35 56.02 0.1152 356.5
0 74 36 103.80 0.0670 720.9
0 74 30 170.42 0.0594 877.0
0 74 36 147.64 0.0468 491.0
0 74 16 47.53 0.0438 207.0
0 74 29 85.26 0.0774 395.8
0 74 35 126.82 0.0663 938.4
0 74 31 88.29 0.0703 148.0
0 74 14 189.44 0.1093 280.7
0 74 31 61.70 0.0452 875.8
0 74 33 52.87 0.0780 395.1
0 74 25 557.68 0.0670 728.8
0 74 32 132.19 0.0963 209.0
0 74 34 56.82 0.1081 307.3
0 74 16 60.46 0.1044 215.3
0 74 23 55.62 0.0874 215.5
0 74 35 176.96 0.0451 177.4
0 74 27 51.68 0.1037 475.7
0 74 31 50.76 0.1045 257.2
0 74 22 54.06 0.0599 200.6
0 74 19 81.69 0.0350 901.0
0 74 22 79.14 0.0307 389.4
0 74 34 72.48 0.0689 312.6
0 74 27 51.91 0.0913 710.2
0 74 33 125.46 0.0668 904.9
0 74 19 47.77 0.0667 698.7
0 74 36 136.24 0.0707 41.8
0 74 28 79.56 0.0397 806.7
0 74 16 77.87 0.1513 287.5
0 74 17 321.99 0.1626 349.9
0 74 44 164.30 0.0564 348.3
0 74 32 94.43 0.0570 835.7
0 74 19 107.35 0.0671 228.7
0 74 47 70.82 0.0857 301.4
0 74 39 82.58 0.0643 224.3
0 74 39 132.68 0.0771 630.1
0 74 16 49.87 0.0487 359.3
0 74 30 223.89 0.0530 270.9
0 74 22 140.21 0.0804 750.6
0 74 19 668.76 0.1224 229.8
0 74 29 61.87 0.0908 238.6
0 74 17 71.44 0.1583 281.7
0 74 17 71.46 0.1290 330.4
0 74 22 54.64 0.0961 497.3
0 74 28 168.67 0.0749 80.2
0 74 21 59.28 0.1095 746.6
0 74 33 225.76 0.0484 344.6
0 74 24 115.90 0.0614 237.6
0 74 39 107.14 0.0484 225.6
0 74 16 81.32 0.0545 561.7
0 74 42 144.26 0.0425 469.2
0 74 20 65.79 0.0439 753.1
0 74 37 305.24 0.0502 599.9
0 74 35 58.51 0.0494 65.8
0 74 38 130.74 0.0560 598.9
0 74 41 242.35 0.0775 53.6
0 74 38 99.45 0.0462 660.7
0 74 25 62.49 0.1363 24.0
0 74 48 60.12 0.0724 235.0
0 74 23 332.49 0.0897 127.4
0 74 35 250.05 0.0465 659.9
0 74 30 46.95 0.0790 811.3
0 74 32 52.51 0.0764 269.6
0 74 34 56.89 0.1162 302.8
0 74 34 77.25 0.0910 147.7
0 74 38 80.48 0.0953 488.7
0 74 28 91.39 0.0765 625.5
0 74 15 69.18 0.0808 795.2
0 74 42 49.20 0.0813 184.0
0 74 15 52.85 0.1190 947.2
0 74 35 58.29 0.0950 732.0
0 74 20 68.84 0.0235 48.0
0 74 34 250.05 0.0358 537.2
0 74 23 98.41 0.0482 129.3
0 74 21 45.43 0.0803 853.9
0 74 41 81.11 0.0815 901.8
0 74 15 564.78 0.1233 133.6
0 74 31 108.30 0.0628 669.6
0 74 17 58.10 0.0478 484.7
0 74 15 147.28 0.0341 595.4
0 74 18 49.94 0.0718 910.6
0 74 15 68.22 0.0554 56.3
0 74 19 140.60 0.0594 380.8
0 74 16 220.21 0.1373 716.9
0 74 13 58.33 0.0717 37.2
0 74 42 124.17 0.0674 488.6
0 74 27 189.23 0.0557 362.7
0 74 15 105.59 0.1154 808.9
0 74 14 121.08 0.1545 182.9
0 74 27 47.81 0.1154 370.3
0 74 22 121.85 0.0373 824.0
0 74 14 178.49 0.0354 621.2
0 74 13 75.34 0.1004 404.3
0 74 19 81.75 0.0459 752.4
0 74 24 57.42 0.0732 855.5
0 74 22 104.87 0.0448 228.7
0 74 15 58.73 0.0947 126.6
0 74 16 66.15 0.0613 662.8
0 74 27 47.14 0.0884 159.1
0 74 18 55.99 0.1118 685.5
0 74 18 50.84 0.0364 337.5
0 74 18 57.08 0.0431 878.3
0 74 21 78.82 0.0645 17.0
0 74 33 105.59 0.0606 30.0
0 74 15 56.90 0.0686 742.2
0 74 17 109.61 0.0428 675.3
0 74 26 162.24 0.0448 37.1
0 74 30 110.64 0.0421 454.4
0 74 21 113.99 0.0781 678.5
0 74 20 84.67 0.0765 726.6
0 74 37 49.25 0.0693 899.1
0 74 22 51.61 0.0979 338.5
0 74 17 118.59 0.0732 739.1
0 74 17 773.56 0.0247 287.9
0 74 20 138.85 0.0574 349.8
0 74 27 187.68 0.0655 281.0
0 74 17 204.06 0.0820 335.3
0 74 22 150.93 0.0432 564.6
0 74 13 67.49 0.0737 341.3
0 74 18 55.49 0.1008 364.4
0 74 18 383.24 0.0566 35.8
0 74 27 77.99 0.0587 668.1
0 74 14 281.05 0.1436 53.2
0 74 25 92.27 0.0286 614.9
0 74 24 49.85 0.0814 729.3
0 74 28 47.57 0.0851 422.6
0 75 40 98.59 0.0815 911.3
0 75 33 112.01 0.0476 105.1
0 75 28 64.07 0.0580 119.6
0 75 32 108.75 0.0479 353.2
0 75 13 51.86 0.1082 228.7
0 75 32 240.08 0.0472 927.3
0 75 31 124.83 0.0356 790.2
0 75 18 63.94 0.0662 55.3
0 75 24 54.06 0.0681 798.3
0 75 17 528.75 0.0273 155.2
0 75 20 237.08 0.0499 91.7
0 75 38 534.53 0.0570 165.8
0 75 37 202.63 0.0531 923.1
0 75 23 237.50 0.0672 137.6
0 75 22 1278.94 0.0385 572.2
0 75 22 109.97 0.0712 877.4
0 75 19 70.21 0.0533 442.2
0 75 20 72.31 0.0820 180.6
0 75 31 197.67 0.0253 68.8
0 75 41 507.87 0.0441 173.8
0 75 35 91.57 0.0809 777.8
0 75 35 65.84 0.0886 915.5
0 75 19 268.26 0.0662 181.9
0 75 41 76.37 0.0832 765.9
0 75 18 45.65 0.1332 833.5
0 75 14 71.24 0.0965 249.6
0 75 32 52.41 0.0877 68.1
0 75 37 143.59 0.0608 936.6
0 75 28 81.87 0.0463 486.3
0 75 22 98.03 0.0396 464.6
0 75 34 93.09 0.0725 157.5
0 75 29 79.92 0.0639 231.5
0 75 19 64.30 0.1020 122.9
0 75 15 59.69 0.1018 54.3
0 75 34 87.73 0.1012 152.4
0 75 26 51.68 0.1104 374.7
0 75 32 98.18 0.0872 381.7
0 75 45 92.63 0.0572 454.5
0 75 35 82.16 0.0679 321.6
0 75 23 92.88 0.0381 768.2
0 75 15 55.12 0.0523 413.7
0 75 23 172.21 0.0364 289.7
0 75 39 155.76 0.0539 342.0
0 75 34 105.59 0.0552 741.7
0 75 24 125.50 0.0820 900.3
0 75 21 151.15 0.0623 844.9
0 75 39 45.89 0.1220 854.0
0 75 36 313.56 0.0478 212.4
0 75 34 49.62 0.0889 553.1
0 75 35 74.65 0.0692 816.7
0 75 30 58.10 0.0723 164.8
0 75 39 143.11 0.0672 367.6
0 75 39 77.82 0.0792 444.8
0 75 16 52.24 0.1131 271.7
0 75 20 54.09 0.0981 92.6
0 75 27 178.85 0.1028 673.5
0 75 26 46.63 0.1218 895.7
0 75 39 49.17 0.0729 759.0
0 75 16 156.08 0.0215 514.2
0 75 19 247.05 0.0363 927.9
0 75 19 120.36 0.0738 914.2
0 75 31 85.80 0.0709 351.3
0 75 34 217.56 0.0648 594.9
0 75 41 171.21 0.0428 893.6
0 75 23 106.93 0.0385 864.3
0 75 39 84.25 0.0629 129.8
0 75 15 85.27 0.1141 24.5
0 75 20 76.96 0.0943 221.0
0 75 30 207.48 0.0413 782.5
0 75 31 62.29 0.1058 763.1
0 75 16 63.97 0.0789 405.9
0 75 32 275.03 0.1001 240.6
0 75 32 85.83 0.0794 141.3
0 75 19 106.72 0.0438 629.6
0 75 18 254.60 0.0386 138.8
0 75 15 60.76 0.1211 813.5
0 75 25 77.89 0.1229 214.5
0 75 24 141.56 0.0568 209.3
0 75 20 172.77 0.0304 741.2
0 75 29 155.20 0.0527 509.0
0 75 33 55.47 0.0969 463.5
0 75 45 104.84 0.0478 352.8
0 75 13 425.42 0.1305 634.1
0 75 19 232.52 0.0427 578.7
0 75 18 57.14 0.0726 35.7
0 75 21 80.84 0.0428 550.4
0 75 23 149.96 0.0531 875.4
0 75 32 107.62 0.0474 178.2
0 75 17 77.40 0.0473 824.1
0 75 17 115.60 0.0482 866.9
0 75 18 148.30 0.0761 253.0
0 75 14 56.30 0.0640 753.1
0 75 25 235.87 0.0375 365.9
0 75 13 697.02 0.1346 202.0
0 75 42 116.31 0.0751 181.6
0 75 21 89.76 0.0601 516.8
0 75 31 104.37 0.0647 935.3
0 75 40 60.44 0.0794 879.5
0 75 35 50.63 0.0975 328.7
0 75 16 116.12 0.0612 516.3
0 75 24 257.61 0.0333 509.8
0 75 34 121.75 0.0498 437.1
0 75 16 126.68 0.0477 390.5
0 75 28 140.77 0.0497 942.4
0 75 13 158.92 0.0424 358.0
0 75 35 79.99 0.0767 770.1
0 75 40 78.22 0.0776 749.3
0 75 20 56.83 0.0543 24.2
0 75 17 204.39 0.0755 852.7
0 75 37 163.23 0.0412 256.6
0 75 35 75.50 0.0647 101.9
0 75 21 47.48 0.0995 657.1
0 75 19 104.56 0.0429 193.1
0 75 27 79.81 0.0661 552.7
0 75 38 170.40 0.0461 785.6
0 75 29 241.46 0.0411 720.7
0 75 48 131.93 0.0372 82.3
0 75 32 124.11 0.0502 277.1
0 75 34 51.86 0.0978 325.3
0 75 19 155.98 0.0495 888.9
0 75 20 91.24 0.0716 928.7
0 75 34 106.93 0.0427 427.7
0 75 35 216.87 0.0890 785.7
0 75 24 116.01 0.0474 252.9
0 75 15 72.51 0.1156 307.9
0 75 41 149.35 0.0480 164.5
0 75 16 52.51 0.1149 824.8
0 75 29 82.91 0.0852 282.3
0 75 26 72.20 0.0606 47.2
0 75 37 61.47 0.0849 849.4
0 75 36 74.58 0.0703 42.9
0 75 45 102.68 0.0884 334.3
0 75 15 112.21 0.0343 458.9
0 75 30 311.29 0.0373 94.1
0 75 44 150.10 0.0509 189.9
0 75 41 126.68 0.0871 183.1
0 75 16 223.21 0.1323 223.5
0 75 35 170.11 0.0491 269.8
0 75 34 143.53 0.0385 905.7
0 75 16 124.71 0.1038 900.5
0 75 15 110.06 0.0810 937.7
0 75 13 54.53 0.1639 197.0
0 75 20 153.95 0.0908 250.4
0 75 22 152.09 0.0585 352.6
0 75 23 49.22 0.1178 428.1
0 75 31 116.08 0.0801 289.1
0 75 36 63.58 0.1209 203.4
0 75 15 50.44 0.1366 354.7
0 75 17 79.05 0.0237 212.8
0 75 36 69.91 0.0807 678.7
0 75 15 46.39 0.1163 255.4
0 75 17 287.30 0.0483 203.4
0 75 48 129.92 0.0609 910.6
0 75 19 58.83 0.0837 908.1
0 75 41 82.94 0.0504 164.2
0 75 48 74.84 0.0562 822.8
0 75 20 93.78 0.0608 436.3
0 75 24 58.98 0.0638 882.9
0 75 33 114.64 0.0714 244.9
0 75 41 103.93 0.0651 197.7
0 75 23 62.95 0.0721 514.7
0 75 43 108.33 0.0607 249.3
0 75 27 279.18 0.0501 502.8
0 75 40 68.77 0.0700 272.4
0 75 42 138.87 0.0579 798.7
0 75 42 139.41 0.0588 227.7
0 75 27 77.21 0.0783 211.9
0 75 43 158.74 0.0455 755.9
0 75 34 377.64 0.0352 258.2
0 75 13 92.33 0.0811 241.7
0 75 43 111.29 0.0750 327.0
0 75 26 47.49 0.1157 733.4
0 75 31 46.19 0.1071 313.1
0 75 16 397.15 0.0196 836.0
0 75 25 125.46 0.0532 657.7
0 75 23 97.63 0.0553 906.2
0 75 23 49.80 0.0671 781.6
0 75 42 125.81 0.0633 374.2
0 75 31 98.19 0.0596 842.2
0 75 34 53.65 0.1010 318.6
0 75 34 79.20 0.0654 823.8
0 75 16 84.39 0.1458 138.1
0 75 17 84.33 0.0427 951.0
0 75 21 95.52 0.0648 412.9
0 75 19 87.40 0.0892 832.2
0 75 24 62.35 0.0894 355.9
0 75 13 50.37 0.0780 449.6
0 75 20 85.07 0.0631 849.0
0 75 13 92.03 0.1330 67.3
0 75 39 51.92 0.1020 282.6
0 75 16 141.78 0.0157 24.9
0 75 15 75.02 0.0514 398.2
0 75 17 48.26 0.1185 260.6
0 75 20 45.09 0.0780 202.9
0 75 22 46.50 0.1173 216.3
0 75 23 416.78 0.0294 779.6
0 75 16 59.06 0.1256 70.0
0 75 19 47.00 0.0337 149.7
0 75 19 54.43 0.0674 863.8
0 75 24 108.55 0.0493 901.4
0 75 15 47.76 0.0943 93.3
0 75 17 73.32 0.0595 19.2
0 75 13 119.64 0.1544 616.8
0 75 30 193.51 0.0318 843.6
0 75 28 54.65 0.0708 184.6
0 75 13 63.50 0.0603 876.1
0 75 13 151.33 0.0411 149.5
0 75 13 126.20 0.0933 201.3
0 75 20 55.19 0.1335 343.3
0 75 19 193.56 0.0408 297.0
0 75 13 90.59 0.1144 229.0
0 75 27 116.48 0.0556 408.1
0 75 14 58.81 0.1589 129.8
0 75 18 54.65 0.1291 159.8
0 75 16 188.06 0.0764 134.9
0 75 16 179.80 0.0438 516.3
0 75 35 54.05 0.1034 81.4
0 75 32 93.71 0.0512 209.4
0 75 31 86.25 0.0474 16.8
0 75 17 278.93 0.0260 815.0
0 76 19 193.50 0.0740 728.5
0 76 31 91.83 0.0723 526.0
0 76 25 117.25 0.0670 222.6
0 76 22 69.69 0.0925 916.0
0 76 35 87.15 0.1083 916.7
0 76 30 98.73 0.0587 721.3
0 76 29 73.89 0.1492 466.9
0 76 22 45.51 0.0558 42.1
0 76 44 209.93 0.0555 247.2
0 76 40 68.76 0.0934 292.4
0 76 20 80.96 0.1329 943.0
0 76 22 45.63 0.0689 127.5
0 76 30 149.47 0.0925 398.4
0 76 18 95.95 0.0386 233.3
0 76 19 71.67 0.1071 800.9
0 76 25 59.77 0.0540 783.7
0 76 21 50.23 0.0605 288.0
0 76 24 57.32 0.0487 473.7
0 76 31 64.40 0.0915 784.6
0 76 14 205.85 0.0486 545.2
0 76 38 88.41 0.0732 759.5
0 76 33 130.50 0.0645 236.7
0 76 22 69.78 0.0612 814.8
0 76 23 94.15 0.0558 266.3
0 76 20 79.31 0.0360 792.5
0 76 16 421.38 0.1180 559.2
0 76 37 104.41 0.0561 317.8
0 76 24 119.40 0.0804 851.7
0 76 37 134.11 0.0539 612.8
0 76 31 64.04 0.0908 445.5
0 76 38 128.41 0.0528 300.4
0 76 36 117.31 0.0468 191.6
0 76 25 93.69 0.0533 770.5
0 76 43 48.89 0.0742 265.3
0 76 31 114.52 0.0413 426.0
0 76 25 76.21 0.0759 232.6
0 76 35 1312.48 0.0520 708.2
0 76 42 148.59 0.0781 742.0
0 76 14 66.69 0.0592 535.3
0 76 23 87.27 0.0385 771.5
0 76 30 50.06 0.0885 213.7
0 76 17 211.94 0.0585 818.7
0 76 18 89.45 0.0606 945.2
0 76 15 143.22 0.0305 115.9
0 76 42 159.03 0.0640 358.5
0 76 44 100.86 0.0431 120.8
0 76 35 180.81 0.0440 939.9
0 76 41 242.35 0.0429 312.2
0 76 31 334.70 0.0259 661.8
0 76 17 1259.69 0.0163 478.8
0 76 42 67.18 0.0674 889.4
0 76 22 146.67 0.0540 435.6
0 76 27 66.87 0.0804 756.7
0 76 28 128.01 0.0679 201.9
0 76 29 54.64 0.1128 950.3
0 76 25 97.87 0.0944 304.0
0 76 20 234.36 0.0482 787.3
0 76 28 54.72 0.0970 829.3
0 76 28 224.80 0.0634 266.4
0 76 22 51.68 0.0972 33.9
0 76 27 173.70 0.0472 700.9
0 76 30 66.74 0.0876 833.4
0 76 23 105.40 0.0638 634.9
0 76 36 246.58 0.0347 328.1
0 76 26 76.31 0.0784 57.3
0 76 29 129.93 0.0600 261.8
0 76 27 52.84 0.0850 76.5
0 76 35 103.41 0.0568 388.3
0 76 27 190.46 0.0808 273.7
0 76 48 154.06 0.0375 473.8
0 76 15 51.39 0.0978 779.7
0 76 24 208.57 0.0492 531.8
0 76 38 97.60 0.0932 625.3
0 76 27 58.21 0.1461 266.8
0 76 39 50.06 0.0923 395.6
0 76 17 76.26 0.0995 596.8
0 76 24 49.54 0.1064 541.9
0 76 34 62.50 0.1088 813.5
0 76 39 106.60 0.0542 462.9
0 76 16 47.48 0.0607 398.5
0 76 19 56.29 0.1180 415.3
0 76 28 202.10 0.0924 580.5
0 76 26 95.21 0.0527 859.9
0 76 38 265.83 0.0638 96.8
0 76 35 510.83 0.0384 677.7
0 76 46 55.73 0.0914 213.4
0 76 20 75.77 0.1011 763.5
0 76 34 54.95 0.1082 365.2
0 76 29 77.09 0.0674 820.1
0 76 29 60.30 0.0647 275.9
0 76 31 195.21 0.0384 122.3
0 76 13 305.41 0.1227 547.0
0 76 36 192.62 0.0535 442.0
0 76 15 123.73 0.0639 500.3
0 76 16 67.12 0.1063 809.1
0 76 19 54.39 0.0957 144.0
0 76 25 95.91 0.0397 850.3
0 76 19 136.10 0.1121 250.7
0 76 23 200.60 0.0474 727.7
0 76 47 90.12 0.0577 409.6
0 76 42 73.52 0.0878 732.3
0 76 27 158.90 0.0811 722.9
0 76 39 139.00 0.0708 644.0
0 76 20 185.21 0.0270 359.6
0 76 33 274.77 0.0306 289.2
0 76 37 80.91 0.0517 103.5
0 76 19 64.84 0.1114 785.7
0 76 36 87.65 0.0500 745.3
0 76 28 49.56 0.1100 786.1
0 76 34 50.50 0.0930 106.6
0 76 40 144.17 0.0591 125.0
0 76 38 90.34 0.0658 788.7
0 76 26 219.69 0.0601 132.5
0 76 41 199.22 0.0463 322.2
0 76 32 83.29 0.0863 824.2
0 76 27 84.80 0.0626 191.7
0 76 17 827.27 0.0254 271.5
0 76 30 96.11 0.0819 691.7
0 76 27 75.92 0.1058 572.3
0 76 41 92.42 0.0370 877.0
0 76 23 75.48 0.0841 659.4
0 76 24 95.47 0.0833 738.9
0 76 16 46.55 0.0327 110.5
0 76 15 125.42 0.1005 582.8
0 76 16 470.64 0.0273 255.3
0 76 27 88.21 0.0964 895.8
0 76 16 127.92 0.0535 433.7
0 76 19 77.10 0.0756 118.6
0 76 15 71.52 0.0513 351.3
0 76 17 68.16 0.0298 128.6
0 76 32 81.13 0.0622 546.5
0 76 18 159.50 0.0358 284.7
0 76 25 82.58 0.0544 375.7
0 76 29 55.40 0.1256 619.0
0 76 21 47.99 0.1082 355.7
0 76 24 284.98 0.0511 939.8
0 76 24 125.27 0.0675 949.8
0 76 41 137.31 0.0408 130.0
0 76 33 186.23 0.0571 438.2
0 76 20 88.16 0.0259 137.3
0 76 19 48.75 0.1303 738.7
0 76 18 92.91 0.1458 214.6
0 76 21 121.04 0.0253 941.5
0 76 15 727.47 0.1042 273.2
0 76 44 101.62 0.0573 794.7
0 76 19 826.58 0.0364 493.3
0 76 24 47.22 0.0973 247.4
0 76 33 103.95 0.0628 397.8
0 76 16 82.58 0.0643 217.6
0 76 14 323.88 0.0809 282.3
0 76 41 326.44 0.0529 821.4
0 76 32 49.22 0.1170 457.6
0 76 16 93.11 0.0273 686.6
0 76 30 87.88 0.1065 291.8
0 76 41 144.50 0.0682 434.2
0 76 36 116.48 0.0620 758.1
0 76 22 52.62 0.1041 924.3
0 76 40 59.60 0.0970 264.5
0 76 27 108.99 0.0494 685.7
0 76 25 47.02 0.1149 63.7
0 76 15 60.08 0.1246 422.3
0 76 19 254.68 0.0755 492.4
0 76 16 86.64 0.0715 912.4
0 76 36 59.40 0.0898 298.1
0 76 18 147.84 0.0508 904.3
0 76 15 54.91 0.1410 476.8
0 76 20 60.05 0.0593 488.1
0 76 19 149.97 0.0661 918.3
0 76 18 193.48 0.0647 526.3
0 76 27 60.83 0.1081 260.7
0 76 18 54.33 0.0520 94.9
0 76 13 45.32 0.0225 699.5
0 76 20 94.01 0.0354 267.0
0 76 16 59.80 0.0732 304.9
0 76 18 49.65 0.1197 893.9
0 76 23 47.27 0.0947 260.4
0 76 21 58.62 0.1042 592.7
0 76 16 56.23 0.1348 562.5
0 76 13 58.63 0.0363 488.2
0 76 13 57.82 0.1216 557.3
0 76 24 51.34 0.0688 528.2
0 76 16 252.70 0.0687 489.1
0 76 17 60.24 0.1349 619.7
0 76 13 73.01 0.1196 771.1
0 76 16 105.30 0.0147 149.4
0 76 18 86.17 0.0247 575.9
0 76 24 58.44 0.1269 555.3
0 76 19 246.14 0.0449 433.3
0 76 20 46.50 0.1036 439.2
0 76 31 108.15 0.0678 91.6
0 76 17 150.11 0.0414 500.0
0 76 18 58.49 0.0620 395.2
0 77 31 97.94 0.0740 656.7
0 77 18 85.12 0.0953 568.2
0 77 19 127.16 0.1072 592.6
0 77 13 472.68 0.1197 577.3
0 77 22 94.97 0.0436 116.7
0 77 20 52.36 0.0670 755.4
0 77 30 67.74 0.0977 82.0
0 77 30 76.29 0.0953 296.8
0 77 37 90.66 0.0634 471.3
0 77 28 181.32 0.0405 356.9
0 77 35 47.08 0.0909 125.8
0 77 33 243.03 0.0369 125.4
0 77 22 137.56 0.0247 268.8
0 77 16 74.82 0.0157 737.0
0 77 41 275.16 0.0481 909.7
0 77 32 89.01 0.0437 597.2
0 77 39 248.55 0.0367 169.9
0 77 27 970.70 0.0312 142.5
0 77 17 51.99 0.0256 356.8
0 77 14 48.21 0.0740 752.9
0 77 22 51.34 0.0833 72.9
0 77 27 118.14 0.0515 185.2
0 77 36 243.01 0.0505 486.4
0 77 23 242.00 0.0557 907.4
0 77 34 424.68 0.0569 242.3
0 77 31 62.86 0.0704 192.8
0 77 15 54.17 0.0300 129.3
0 77 33 101.87 0.0755 632.9
0 77 35 338.40 0.0432 183.1
0 77 27 53.03 0.1284 139.3
0 77 35 75.21 0.0622 166.4
0 77 31 82.61 0.0624 156.4
0 77 16 90.10 0.0376 488.7
0 77 42 68.24 0.1056 590.0
0 77 44 76.67 0.0482 650.8
0 77 28 124.94 0.0523 724.1
0 77 20 125.29 0.0672 499.6
0 77 37 58.96 0.0879 430.3
0 77 13 382.22 0.1259 190.7
0 77 31 71.50 0.0941 493.9
0 77 26 90.96 0.0583 100.7
0 77 34 257.50 0.0500 165.0
0 77 27 111.39 0.0476 52.9
0 77 23 167.62 0.0762 94.0
0 77 34 133.52 0.0567 234.3
0 77 33 169.11 0.0516 577.8
0 77 22 49.14 0.1069 828.0
0 77 19 69.83 0.0391 117.8
0 77 26 54.25 0.0781 75.3
0 77 22 49.72 0.1121 753.3
0 77 23 135.50 0.0595 681.8
0 77 34 117.58 0.0601 143.5
0 77 29 129.19 0.0582 529.5
0 77 25 105.18 0.0350 937.4
0 77 37 129.61 0.0467 892.6
0 77 37 98.22 0.0889 732.2
0 77 38 173.99 0.0668 134.6
0 77 27 72.20 0.0623 383.9
0 77 41 245.39 0.0477 781.1
0 77 17 60.26 0.1296 800.5
0 77 34 143.07 0.0312 152.8
0 77 17 348.70 0.0387 4.9
0 77 15 171.17 0.0284 916.5
0 77 16 332.00 0.0204 727.7
0 77 21 79.89 0.0792 794.3
0 77 26 155.94 0.0463 831.9
0 77 30 89.26 0.0503 593.2
0 77 31 74.79 0.0594 462.1
0 77 45 93.08 0.1033 142.4
0 77 22 136.36 0.0285 152.8
0 77 19 1204.87 0.0248 56.9
0 77 17 357.92 0.0520 566.8
0 77 33 54.76 0.0779 337.7
0 77 38 45.66 0.1211 185.9
0 77 33 194.08 0.0420 361.5
0 77 39 80.13 0.0859 900.3
0 77 34 169.29 0.0585 165.9
0 77 46 57.02 0.0780 109.8
0 77 37 90.99 0.0542 808.6
0 77 21 81.46 0.1033 23.5
0 77 39 58.08 0.0580 242.6
0 77 36 90.44 0.0488 797.2
0 77 43 125.79 0.0596 142.4
0 77 14 54.16 0.0809 158.6
0 77 17 159.36 0.1299 172.8
0 77 38 130.66 0.0656 859.4
0 77 33 102.04 0.0675 148.6
0 77 33 87.48 0.0688 687.9
0 77 30 294.80 0.0368 245.8
0 77 38 56.44 0.0966 469.6
0 77 20 58.46 0.0582 248.5
0 77 18 312.45 0.0228 450.0
0 77 40 144.54 0.0792 248.5
0 77 31 57.05 0.1092 191.3
0 77 35 367.62 0.0583 158.2
0 77 42 278.17 0.0450 764.1
0 77 29 76.08 0.0626 634.1
0 77 28 48.62 0.1193 708.3
0 77 23 95.03 0.0961 43.3
0 77 37 811.41 0.0451 820.0
0 77 40 72.74 0.0798 148.3
0 77 28 54.58 0.0807 469.4
0 77 20 150.61 0.0315 149.4
0 77 24 221.60 0.0423 736.0
0 77 35 53.54 0.1025 711.2
0 77 28 83.96 0.0460 8.0
0 77 21 82.08 0.0521 100.9
0 77 41 130.64 0.0621 703.0
0 77 29 93.21 0.0610 160.4
0 77 36 82.97 0.0697 616.2
0 77 16 47.31 0.0800 55.1
0 77 18 136.14 0.0616 106.3
0 77 33 130.72 0.0659 561.7
0 77 42 99.25 0.0782 183.8
0 77 39 355.33 0.0442 191.5
0 77 26 59.59 0.0524 209.5
0 77 41 715.03 0.0715 388.0
0 77 16 81.60 0.0575 590.3
0 77 13 61.91 0.1490 542.6
0 77 43 61.70 0.0995 148.8
0 77 39 54.50 0.0867 93.2
0 77 18 74.45 0.1159 471.8
0 77 48 150.83 0.0737 214.6
0 77 29 99.36 0.0672 528.6
0 77 27 54.67 0.0748 491.0
0 77 13 180.09 0.1077 725.7
0 77 41 209.80 0.0549 165.3
0 77 38 53.42 0.0911 517.8
0 77 29 148.41 0.0534 490.2
0 77 35 89.39 0.0565 520.7
0 77 17 84.55 0.0530 42.5
0 77 21 81.82 0.0442 665.2
0 77 21 1071.60 0.0465 246.9
0 77 16 48.71 0.0579 173.3
0 77 14 88.15 0.0866 547.6
0 77 31 263.85 0.0383 399.7
0 77 18 62.21 0.0803 52.7
0 77 18 85.75 0.0829 813.3
0 77 17 72.69 0.1373 844.9
0 77 35 228.11 0.0588 29.7
0 77 15 75.91 0.0657 875.6
0 77 23 122.64 0.0429 828.8
0 77 29 66.48 0.1006 615.9
0 77 24 196.35 0.0451 792.7
0 77 25 46.52 0.1416 587.3
0 77 39 213.50 0.0755 20.7
0 77 18 88.18 0.0556 349.9
0 77 14 300.39 0.0297 922.2
0 77 16 183.00 0.0444 544.8
0 77 28 156.11 0.0482 577.1
0 77 16 68.36 0.0372 602.0
0 77 22 146.68 0.0489 484.5
0 77 22 48.93 0.0803 404.8
0 77 18 81.23 0.0576 904.7
0 77 15 54.98 0.0896 720.5
0 78 37 289.02 0.0584 751.7
0 78 29 253.33 0.0257 800.0
0 78 23 72.25 0.0398 497.6
0 78 38 443.79 0.0580 641.9
0 78 25 66.31 0.0803 76.4
0 78 28 103.08 0.0382 424.4
0 78 21 557.44 0.0406 374.4
0 78 38 66.42 0.0937 431.3
0 78 14 342.18 0.1032 458.6
0 78 25 45.26 0.0965 129.3
0 78 14 165.87 0.1644 400.5
0 78 36 196.67 0.1112 412.1
0 78 27 63.01 0.1203 701.1
0 78 30 88.04 0.0504 305.7
0 78 28 55.94 0.1085 281.4
0 78 16 82.77 0.1594 398.4
0 78 18 58.79 0.1013 288.8
0 78 23 51.96 0.1088 370.3
0 78 19 104.08 0.0663 80.1
0 78 35 76.98 0.0718 496.0
0 78 31 131.21 0.0524 537.3
0 78 25 199.71 0.0327 477.8
0 78 16 115.60 0.1597 269.0
0 78 39 230.24 0.0410 704.2
0 78 30 630.35 0.0740 424.5
0 78 25 75.17 0.0481 764.8
0 78 23 52.65 0.0637 423.1
0 78 25 65.53 0.0949 172.1
0 78 19 56.05 0.0902 470.7
0 78 18 217.87 0.0716 943.1
0 78 17 47.39 0.0345 819.9
0 78 14 217.92 0.1525 434.4
0 78 30 190.45 0.0429 796.6
0 78 37 66.78 0.0809 230.3
0 78 17 352.40 0.0896 579.3
0 78 18 82.24 0.0667 3.3
0 78 30 48.42 0.0863 84.0
0 78 24 47.35 0.1527 592.6
0 78 25 176.18 0.0754 554.5
0 78 21 62.18 0.0754 911.5
0 78 18 378.05 0.0607 115.2
0 78 25 55.78 0.0858 154.5
0 78 13 47.99 0.0691 103.8
0 78 22 56.06 0.0302 17.5
0 78 30 58.41 0.1027 173.3
0 78 23 46.03 0.0993 398.8
0 78 14 53.66 0.1215 469.9
0 78 17 53.53 0.0992 898.8
0 78 32 69.62 0.1055 764.5
0 78 16 291.39 0.0945 400.2
0 78 33 111.57 0.0532 43.7
0 78 20 1597.14 0.0476 577.9
0 78 32 82.03 0.0722 302.3
0 78 30 77.12 0.0770 363.4
0 78 31 88.45 0.0819 530.3
0 78 20 147.63 0.0333 944.8
0 78 29 185.55 0.0483 495.3
0 78 28 374.68 0.0260 694.3
0 78 22 142.00 0.1132 377.1
0 78 13 230.46 0.1198 358.0
0 78 32 52.74 0.0959 31.3
0 78 40 185.31 0.0317 82.2
0 78 29 64.41 0.0862 30.5
0 78 26 77.31 0.1585 216.0
0 78 13 52.65 0.1025 932.0
0 78 33 54.78 0.0703 434.3
0 78 21 73.40 0.0569 793.7
0 78 30 61.85 0.1074 441.0
0 78 27 65.25 0.0958 453.2
0 78 35 61.98 0.1128 21.4
0 78 33 117.53 0.0592 899.9
0 78 45 69.71 0.0859 462.5
0 78 33 70.86 0.0817 367.3
0 78 25 224.25 0.0957 57.8
0 78 26 97.76 0.0629 203.7
0 78 21 101.59 0.0442 9.9
0 78 37 60.28 0.0910 423.9
0 78 44 116.10 0.0568 256.0
0 78 48 138.06 0.0616 133.8
0 78 40 88.91 0.0540 759.8
0 78 42 145.89 0.0578 598.0
0 78 26 81.21 0.0352 175.6
0 78 35 76.16 0.0496 693.2
0 78 42 73.98 0.0800 694.3
0 78 28 62.74 0.0973 550.7
0 78 27 61.95 0.0746 225.4
0 78 37 55.23 0.1087 184.3
0 78 21 110.68 0.0341 628.2
0 78 22 150.62 0.0772 679.6
0 78 26 650.47 0.0449 341.3
0 78 15 103.81 0.0467 579.2
0 78 32 60.48 0.0573 513.8
0 78 36 175.52 0.0867 14.1
0 78 25 91.12 0.0387 700.6
0 78 20 201.33 0.0672 20.0
0 78 19 80.51 0.0495 899.7
0 78 35 187.99 0.0992 554.9
0 78 41 261.79 0.0719 431.2
0 78 28 82.23 0.0650 334.7
0 78 19 69.45 0.0674 900.1
0 78 18 62.19 0.0776 41.1
0 78 15 171.70 0.1198 469.7
0 78 29 72.72 0.1304 484.3
0 78 42 170.39 0.0636 413.5
0 78 16 96.44 0.0411 940.7
0 78 41 426.09 0.0664 778.7
0 78 39 65.05 0.1055 413.7
0 78 32 79.28 0.0805 98.5
0 78 39 148.81 0.0614 777.3
0 78 14 80.08 0.1165 133.7
0 78 15 126.57 0.1106 495.1
0 78 23 117.21 0.0549 154.1
0 78 16 48.35 0.0877 318.3
0 78 44 46.95 0.1173 201.9
0 78 19 58.29 0.1492 591.7
0 78 40 135.75 0.0452 851.7
0 78 24 117.54 0.0606 341.4
0 78 26 61.42 0.0707 475.7
0 78 29 96.93 0.0505 98.9
0 78 44 243.91 0.0576 177.7
0 78 35 56.50 0.0960 577.9
0 78 32 104.74 0.0419 611.3
0 78 41 54.50 0.1259 612.7
0 78 40 102.18 0.0784 920.6
0 78 33 63.85 0.1133 20.7
0 78 25 96.83 0.0342 90.0
0 78 43 72.82 0.0880 493.6
0 78 24 106.48 0.0342 636.8
0 78 43 93.45 0.0606 433.1
0 78 44 104.70 0.0759 699.1
0 78 27 55.42 0.1106 294.6
0 78 14 57.73 0.1476 352.3
0 78 23 48.76 0.0981 441.6
0 78 22 151.79 0.0638 60.8
0 78 22 56.78 0.1031 407.9
0 78 14 62.47 0.0560 614.9
0 78 39 61.49 0.0895 33.0
0 78 15 54.84 0.0965 413.3
0 78 37 83.74 0.0888 365.3
0 78 30 111.89 0.0440 531.3
0 78 19 52.75 0.0800 560.4
0 78 13 102.43 0.1423 452.6
0 78 44 239.46 0.0655 769.9
0 78 18 69.65 0.1553 493.9
0 78 37 116.45 0.0775 510.2
0 78 16 49.31 0.1476 440.1
0 78 18 120.06 0.0273 40.3
0 78 22 82.30 0.0787 591.1
0 78 21 143.89 0.0610 494.8
0 78 19 93.02 0.1024 920.3
0 78 14 819.32 0.0619 360.8
0 78 30 149.17 0.0401 109.6
0 78 20 89.11 0.0763 487.9
0 78 18 89.04 0.1091 328.2
0 78 16 48.30 0.0888 404.6
0 78 37 128.84 0.0567 838.5
0 78 38 193.86 0.0499 221.8
0 78 17 128.60 0.0456 705.0
0 78 29 63.55 0.0983 574.9
0 78 20 87.07 0.0661 427.8
0 78 18 55.27 0.0552 95.3
0 78 17 201.16 0.1129 412.2
0 78 30 58.00 0.0913 662.7
0 78 15 48.71 0.1188 921.7
0 78 43 145.54 0.0541 901.9
0 78 34 112.40 0.0876 300.9
0 78 16 110.70 0.0212 923.7
0 78 15 106.94 0.0615 24.8
0 78 18 66.40 0.0962 939.9
0 78 27 103.16 0.0461 949.8
0 78 15 62.36 0.0912 174.2
0 78 21 231.86 0.1080 190.2
0 78 16 57.53 0.0300 855.6
0 78 31 45.34 0.1115 253.4
0 78 22 97.86 0.0359 421.2
0 78 19 45.71 0.0788 598.2
0 78 32 277.64 0.0296 728.7
0 78 18 71.49 0.1200 418.5
0 78 19 63.74 0.1054 940.7
0 78 26 46.55 0.0887 580.2
0 78 14 59.81 0.0901 429.2
0 78 33 75.65 0.0729 497.7
0 78 22 352.64 0.0449 904.3
0 78 23 188.34 0.0329 114.8
0 78 28 58.61 0.0858 483.3
0 78 23 135.04 0.0294 488.2
0 78 20 122.49 0.0321 938.4
0 78 29 60.39 0.0862 734.3
0 78 29 73.71 0.0982 238.8
0 78 20 241.76 0.0574 626.8
0 78 17 868.44 0.1086 471.8
0 78 15 48.02 0.0925 900.5
0 78 32 124.03 0.0638 292.7
0 78 32 62.35 0.0945 450.5
0 79 39 92.39 0.0704 353.8
0 79 33 65.36 0.0695 94.7
0 79 33 58.81 0.0767 699.0
0 79 38 84.32 0.0892 767.2
0 79 30 137.76 0.0564 443.1
0 79 39 105.03 0.0645 412.0
0 79 27 72.46 0.0965 721.5
0 79 26 102.43 0.0428 390.5
0 79 27 172.76 0.1122 401.2
0 79 28 88.21 0.0680 389.2
0 79 27 178.75 0.0841 608.4
0 79 27 50.01 0.1283 173.4
0 79 42 404.69 0.0538 167.1
0 79 18 50.77 0.0641 72.7
0 79 26 75.87 0.0400 602.8
0 79 36 160.54 0.0405 567.0
0 79 37 130.19 0.0867 527.3
0 79 20 75.21 0.1264 409.2
0 79 35 180.40 0.0404 231.9
0 79 19 64.87 0.0573 412.9
0 79 26 68.09 0.0606 596.1
0 79 32 136.94 0.0932 345.7
0 79 29 161.83 0.0518 365.9
0 79 40 101.29 0.0434 310.3
0 79 30 171.28 0.0453 69.9
0 79 24 220.21 0.0733 875.2
0 79 40 89.46 0.0613 276.2
0 79 37 212.34 0.0520 626.2
0 79 19 112.63 0.0359 727.5
0 79 24 149.75 0.0549 391.7
0 79 32 82.06 0.0829 632.4
0 79 29 59.69 0.1086 689.3
0 79 39 147.51 0.0714 377.5
0 79 38 47.54 0.1156 466.6
0 79 25 45.62 0.0981 857.6
0 79 37 79.16 0.0863 840.3
0 79 40 133.34 0.0427 819.4
0 79 28 188.38 0.0624 695.7
0 79 20 52.84 0.0751 569.3
0 79 16 113.10 0.0379 897.1
0 79 30 68.16 0.0694 93.2
0 79 34 134.90 0.0569 180.7
0 79 19 55.70 0.0809 818.8
0 79 36 202.66 0.0581 928.3
0 79 39 107.31 0.0594 415.6
0 79 18 45.45 0.0529 337.4
0 79 31 62.49 0.0973 353.0
0 79 16 74.79 0.1067 134.3
0 79 24 151.19 0.0374 96.2
0 79 16 598.71 0.0205 11.0
0 79 28 224.87 0.0333 288.6
0 79 23 72.03 0.0763 622.2
0 79 19 49.57 0.1470 138.3
0 79 30 75.93 0.0881 591.9
0 79 37 378.93 0.0623 912.0
0 79 36 48.13 0.1156 217.9
0 79 29 120.35 0.0353 250.5
0 79 14 51.21 0.0663 871.7
0 79 31 102.97 0.0734 274.8
0 79 35 253.60 0.0541 529.9
0 79 30 57.28 0.0514 550.2
0 79 39 59.30 0.0894 88.3
0 79 39 127.42 0.0694 203.7
0 79 26 138.16 0.0711 143.8
0 79 34 68.90 0.0489 225.2
0 79 17 146.86 0.0137 596.5
0 79 30 302.36 0.0497 573.4
0 79 38 85.81 0.0716 675.9
0 79 26 48.31 0.0787 447.4
0 79 21 55.42 0.1089 71.8
0 79 14 168.24 0.1618 275.7
0 79 38 133.67 0.0462 335.4
0 79 38 67.23 0.0872 558.3
0 79 23 56.34 0.0938 449.0
0 79 29 59.41 0.0811 291.6
0 79 20 134.15 0.0646 721.2
0 79 34 239.82 0.0425 338.8
0 79 34 84.92 0.0902 644.7
0 79 17 79.35 0.0361 641.9
0 79 30 102.36 0.0970 640.1
0 79 17 224.71 0.0550 554.8
0 79 33 119.38 0.0399 239.7
0 79 29 105.27 0.0862 354.9
0 79 34 95.14 0.0737 659.4
0 79 13 237.21 0.0499 537.3
0 79 37 276.99 0.0424 544.8
0 79 20 408.81 0.1157 126.6
0 79 32 139.98 0.0388 792.9
0 79 44 206.00 0.0524 538.9
0 79 19 998.75 0.0859 704.9
0 79 37 56.56 0.0715 148.5
0 79 18 46.24 0.0408 255.0
0 79 39 73.19 0.1063 131.1
0 79 37 79.94 0.0594 485.7
0 79 32 235.91 0.0718 594.8
0 79 32 96.09 0.0537 495.5
0 79 28 178.61 0.0645 193.5
0 79 27 88.03 0.0804 573.1
0 79 24 75.51 0.0785 721.4
0 79 34 94.58 0.0646 800.1
0 79 31 71.65 0.0686 126.3
0 79 17 132.22 0.0931 585.4
0 79 29 67.18 0.0768 628.3
0 79 28 128.49 0.0770 803.8
0 79 35 89.94 0.0902 313.8
0 79 47 142.41 0.0650 311.6
0 79 15 57.96 0.0845 159.0
0 79 39 63.18 0.0495 182.9
0 79 30 68.01 0.1255 701.6
0 79 38 133.04 0.0506 481.4
0 79 32 139.24 0.0525 86.9
0 79 27 99.55 0.0495 71.4
0 79 36 204.11 0.0386 664.2
0 79 32 77.46 0.0768 452.9
0 79 35 130.36 0.0629 471.3
0 79 31 263.06 0.0368 114.7
0 79 34 73.17 0.0669 218.0
0 79 39 429.06 0.0820 518.7
0 79 23 75.45 0.0467 866.2
0 79 38 67.28 0.0944 879.3
0 79 37 82.95 0.0709 152.3
0 79 42 65.28 0.0725 836.8
0 79 30 153.79 0.0543 283.0
0 79 36 176.78 0.0457 593.0
0 79 30 111.05 0.0670 552.6
0 79 17 101.93 0.1427 483.7
0 79 34 98.05 0.0718 560.2
0 79 36 74.24 0.0698 588.6
0 79 17 141.13 0.0537 95.5
0 79 32 97.70 0.0479 63.3
0 79 23 99.05 0.0324 621.5
0 79 16 98.53 0.0262 243.1
0 79 29 185.76 0.0520 742.5
0 79 34 112.95 0.0501 708.7
0 79 27 73.84 0.0876 350.3
0 79 35 82.38 0.1294 557.7
0 79 35 56.65 0.0925 408.3
0 79 20 96.96 0.0513 682.7
0 79 30 78.71 0.0934 520.9
0 79 26 72.43 0.0416 400.9
0 79 25 60.86 0.0859 560.4
0 79 42 299.63 0.0430 625.8
0 79 29 77.88 0.0725 238.4
0 79 32 63.24 0.0454 519.3
0 79 25 203.65 0.0456 218.7
0 79 15 194.64 0.0561 44.7
0 79 39 127.94 0.0595 875.8
0 79 25 170.32 0.0466 195.8
0 79 24 50.84 0.1149 861.4
0 79 14 112.58 0.0596 710.3
0 79 28 70.65 0.0836 755.2
0 79 29 78.47 0.0725 414.2
0 79 14 120.52 0.1216 872.7
0 79 39 146.95 0.0672 707.6
0 79 29 116.67 0.0489 545.6
0 79 34 112.54 0.1051 291.7
0 79 45 111.87 0.0670 675.7
0 79 26 148.85 0.0866 259.3
0 79 27 171.74 0.0349 480.6
0 79 18 80.47 0.0834 338.5
0 79 33 105.73 0.0562 708.1
0 79 20 164.98 0.0483 213.0
0 79 16 831.53 0.0417 558.2
0 79 32 47.60 0.0900 145.0
0 79 18 63.49 0.0448 191.7
0 79 46 118.98 0.0390 136.8
0 79 45 104.76 0.0411 31.2
0 79 29 59.92 0.0694 359.3
0 79 42 61.28 0.0682 600.8
0 79 41 356.19 0.0700 391.6
0 79 17 70.12 0.0589 732.4
0 79 29 46.57 0.1081 472.7
0 79 27 49.93 0.0933 444.9
0 79 17 48.96 0.1326 202.0
0 79 38 99.10 0.0399 662.3
0 79 18 128.01 0.1384 697.8
0 79 25 131.47 0.0953 540.4
0 79 28 110.24 0.0798 315.0
0 79 29 71.92 0.0610 129.6
0 79 29 60.96 0.0884 548.6
0 79 23 99.99 0.0660 490.0
0 79 19 51.21 0.0748 58.9
0 79 13 147.94 0.1592 413.8
0 79 17 50.17 0.0732 562.7
0 79 26 66.16 0.0665 343.8
0 79 41 59.27 0.0951 356.7
0 79 39 182.88 0.0641 360.9
0 79 14 61.62 0.1399 444.1
0 79 32 195.71 0.0448 311.2
0 79 18 55.07 0.0891 44.3
0 79 35 55.34 0.0508 631.2
0 79 20 63.51 0.0359 481.3
0 79 25 87.48 0.0981 361.3
0 79 27 72.14 0.0710 43.2
0 79 41 56.08 0.0867 570.8
0 79 42 102.10 0.0520 459.7
0 79 40 135.31 0.0778 403.0
0 79 13 274.37 0.1006 415.7
0 79 33 54.29 0.1086 464.7
0 79 26 52.88 0.0661 361.3
0 79 22 117.84 0.0364 942.1
0 79 36 306.21 0.0455 354.5
0 79 17 60.12 0.1194 538.3
0 79 16 76.26 0.0259 507.9
0 79 22 59.55 0.1073 244.8
0 79 41 47.42 0.0995 621.9
0 79 32 45.12 0.1186 624.0
0 79 35 65.68 0.0594 184.9
0 79 16 47.61 0.1188 951.9
0 79 29 110.88 0.0647 170.5
0 79 13 206.71 0.1340 923.7
0 79 42 70.10 0.0634 528.4
0 79 27 115.02 0.0361 33.6
0 79 18 195.59 0.0771 240.6
0 79 19 47.14 0.0875 54.3
0 79 37 143.49 0.0749 115.1
0 79 31 67.37 0.0887 389.5
0 79 20 48.09 0.1064 786.9
0 79 33 113.76 0.0709 698.1
0 79 15 77.36 0.0527 380.3
0 79 21 350.27 0.0517 530.8
0 79 21 52.30 0.0340 776.7
0 79 36 94.74 0.0521 291.1
0 79 27 88.31 0.0397 355.8
0 79 17 156.60 0.1109 845.1
0 79 22 219.09 0.0311 363.1
0 79 17 391.23 0.0353 388.1
0 79 17 140.64 0.0969 576.3
0 79 22 118.77 0.0598 850.0
0 79 18 84.30 0.0643 855.7
0 79 24 166.20 0.0771 620.6
0 79 16 101.98 0.0591 637.7
0 79 38 110.74 0.0602 410.1
0 79 20 81.55 0.0826 320.4
0 79 20 70.07 0.0804 741.3
0 79 31 127.30 0.0538 893.2
0 79 38 118.80 0.0520 244.6
0 79 13 116.55 0.1225 386.1
0 79 24 69.72 0.0465 836.8
0 79 16 114.30 0.0209 47.8
0 79 18 88.07 0.0653 21.3
0 79 13 53.63 0.0905 432.8
0 79 23 82.55 0.0820 687.8
0 79 15 77.24 0.1076 751.7
0 79 20 58.02 0.0659 614.2
0 79 23 49.16 0.0800 715.6
0 79 35 140.53 0.0668 835.0
0 79 14 54.68 0.0481 68.3
0 79 39 57.06 0.0783 774.3
0 79 24 180.74 0.0408 255.0
0 79 28 126.76 0.0365 234.5
0 79 24 141.45 0.0477 659.3
0 79 15 164.60 0.1332 538.2
0 79 18 53.14 0.0422 451.7
0 79 13 50.30 0.1324 210.3
0 79 26 104.07 0.0674 360.9
0 79 14 87.72 0.0430 571.4
0 79 19 181.04 0.0668 888.7
0 79 22 104.11 0.0724 283.7
0 79 39 133.33 0.0801 513.3
0 79 17 58.39 0.1229 346.1
0 79 39 85.48 0.0646 562.5
0 79 36 135.19 0.0772 623.1
0 79 32 112.01 0.0620 709.9
0 79 41 49.64 0.1021 390.4
0 79 16 61.46 0.0687 81.5
0 79 21 55.85 0.0856 27.1
0 79 33 90.04 0.0835 236.6
0 79 23 61.02 0.0869 264.8
0 79 22 58.76 0.0664 252.6
0 79 25 76.57 0.0718 554.8
0 79 31 177.99 0.0404 487.6
0 79 34 103.68 0.0857 298.4
0 79 15 55.68 0.0353 579.3
0 79 21 109.09 0.0620 674.1
0 79 35 98.88 0.0784 545.6
0 79 14 47.50 0.1385 427.2
0 79 36 74.44 0.0780 244.6
0 79 25 99.65 0.0353 343.4
0 79 20 120.46 0.0554 704.9
0 79 18 45.02 0.1113 586.3
0 79 24 54.31 0.1045 544.3
0 81 31 75.50 0.0923 541.5
0 81 39 123.71 0.0573 415.0
0 81 18 630.82 0.0433 669.3
0 81 26 49.92 0.0971 160.3
0 81 31 85.61 0.0547 212.7
0 81 30 57.07 0.1304 754.0
0 81 32 188.68 0.0406 109.5
0 81 40 125.55 0.0752 933.7
0 81 25 67.64 0.0423 923.0
0 81 28 78.39 0.0856 431.6
0 81 20 50.24 0.0312 23.9
0 81 39 126.05 0.0727 594.6
0 81 22 46.68 0.1000 360.4
0 81 29 136.57 0.0524 239.5
0 81 34 207.96 0.0721 224.0
0 81 16 127.47 0.0191 874.5
0 81 20 156.11 0.0438 740.8
0 81 24 96.55 0.0949 915.9
0 81 33 143.21 0.0375 935.0
0 81 21 76.14 0.0224 29.8
0 81 17 60.76 0.1138 537.4
0 81 37 107.74 0.0659 138.8
0 81 15 119.66 0.0585 139.7
0 81 40 56.10 0.1214 46.6
0 81 23 78.74 0.0594 659.8
0 81 16 124.23 0.0562 696.5
0 81 19 85.88 0.0400 919.6
0 81 23 152.85 0.0430 731.7
0 81 23 75.10 0.0829 916.8
0 81 34 157.36 0.0448 244.8
0 81 29 250.97 0.0428 625.6
0 81 13 66.18 0.0942 874.2
0 81 24 386.14 0.0397 734.1
0 81 21 54.31 0.0521 833.9
0 81 17 109.62 0.0432 717.3
0 81 17 638.98 0.0251 734.6
0 81 19 59.75 0.0560 750.1
0 81 19 54.80 0.0281 596.4
0 81 33 110.34 0.0929 842.3
0 81 32 90.40 0.0822 661.7
0 81 31 80.85 0.0899 139.7
0 81 24 50.32 0.0883 914.7
0 81 37 85.66 0.0769 900.1
0 81 36 75.09 0.1122 55.7
0 81 17 98.59 0.0636 415.3
0 81 16 55.77 0.1162 917.0
0 81 20 1107.36 0.0366 782.1
0 81 16 93.66 0.0531 3.9
0 81 24 69.54 0.0887 480.5
0 81 16 64.70 0.0263 547.5
0 81 32 140.82 0.0571 906.1
0 81 26 197.64 0.0367 97.4
0 81 26 258.68 0.0524 896.7
0 81 30 212.27 0.0649 731.4
0 81 17 45.15 0.0961 621.7
0 81 20 363.48 0.0279 813.3
0 81 32 101.97 0.0637 527.4
0 81 19 147.71 0.0552 313.3
0 81 29 64.30 0.1079 446.3
0 81 17 112.71 0.0599 721.0
0 81 14 103.42 0.0686 599.0
0 81 27 63.49 0.0859 397.0
0 81 35 63.83 0.0809 848.3
0 81 24 77.02 0.0790 581.7
0 81 18 126.82 0.0823 935.5
0 81 16 74.13 0.0867 385.7
0 81 25 94.31 0.0320 833.8
0 81 16 59.69 0.1208 590.0
0 81 17 103.74 0.0686 580.9
0 81 18 215.03 0.0384 106.9
0 81 27 445.66 0.0431 720.8
0 81 24 241.64 0.0529 601.3
0 81 38 265.55 0.0520 789.3
0 81 22 187.59 0.0278 536.0
0 81 35 71.25 0.0749 695.3
0 81 27 80.55 0.0679 457.2
0 81 16 420.24 0.0636 936.0
0 81 31 101.48 0.0509 97.7
0 81 24 105.13 0.1070 359.9
0 81 33 121.74 0.0508 879.8
0 81 42 298.02 0.0604 460.3
0 81 30 85.45 0.0822 551.9
0 81 46 201.13 0.0524 623.8
0 81 28 69.17 0.0761 904.8
0 81 36 45.07 0.0810 375.7
0 81 27 82.82 0.0678 397.3
0 81 16 150.24 0.0250 7.3
0 81 29 91.95 0.0515 733.7
0 81 26 249.60 0.0273 812.5
0 81 41 123.67 0.0273 110.4
0 81 45 281.17 0.0515 926.0
0 81 27 172.10 0.0341 851.0
0 81 14 125.69 0.0768 428.0
0 81 28 51.42 0.0739 384.7
0 81 18 58.69 0.0542 441.3
0 81 16 74.77 0.1056 923.8
0 81 17 168.42 0.0563 918.6
0 81 16 53.26 0.0151 420.9
0 81 23 213.65 0.0332 883.2
0 81 21 405.35 0.0456 135.6
0 81 19 163.03 0.0494 921.2
0 81 27 123.21 0.0656 775.5
0 81 31 205.01 0.0638 58.0
0 81 27 488.35 0.0640 413.7
0 81 29 173.73 0.0404 234.3
0 81 44 61.19 0.0755 363.9
0 81 32 46.16 0.0888 890.3
0 81 28 284.37 0.0349 107.1
0 81 29 68.04 0.0941 239.0
0 81 28 62.21 0.1202 592.3
0 81 19 62.65 0.0320 357.8
0 81 35 70.26 0.0688 828.4
0 81 16 777.28 0.0178 935.9
0 81 38 197.28 0.0606 860.1
0 81 37 52.81 0.0905 279.9
0 81 27 80.04 0.0799 897.3
0 81 19 88.54 0.0464 624.0
0 81 39 163.90 0.0534 497.1
0 81 16 60.52 0.1463 28.3
0 81 16 289.08 0.0565 729.4
0 81 40 132.88 0.0663 563.9
0 81 16 219.76 0.0339 110.8
0 81 38 53.34 0.0805 949.4
0 81 22 46.57 0.1028 318.2
0 81 40 331.74 0.0379 500.6
0 81 25 60.62 0.1112 843.1
0 81 15 131.62 0.1421 360.2
0 81 33 104.38 0.0382 753.9
0 81 42 120.12 0.0493 154.3
0 81 18 293.98 0.0293 154.9
0 81 24 49.17 0.0901 495.8
0 81 22 163.73 0.0804 868.2
0 81 19 46.38 0.0919 254.6
0 81 36 73.51 0.0642 116.6
0 81 35 156.97 0.0592 756.6
0 81 32 55.23 0.1311 493.1
0 81 21 928.08 0.0415 213.1
0 81 22 221.68 0.0242 633.7
0 81 37 70.54 0.0793 891.9
0 81 31 56.15 0.1225 834.3
0 81 27 157.72 0.0395 188.0
0 81 32 47.14 0.1044 502.3
0 81 42 197.02 0.0639 692.0
0 81 45 358.43 0.0505 755.0
0 81 32 85.30 0.0666 721.8
0 81 28 150.77 0.0395 44.5
0 81 26 151.35 0.0438 103.5
0 81 44 82.57 0.0579 926.9
0 81 22 76.72 0.0852 301.3
0 81 17 58.83 0.0599 769.1
0 81 23 60.31 0.0940 105.9
0 81 24 53.72 0.0978 776.7
0 81 23 90.21 0.0723 870.4
0 81 22 147.14 0.0612 746.4
0 81 39 61.71 0.0850 112.8
0 81 14 81.09 0.1072 573.0
0 81 27 54.00 0.1080 660.3
0 81 13 97.98 0.0485 950.1
0 81 40 127.13 0.0615 508.6
0 81 16 53.22 0.0710 313.8
0 81 18 200.49 0.0495 76.7
0 81 28 390.94 0.0322 337.8
0 81 19 147.23 0.0479 911.5
0 81 16 50.00 0.0589 529.1
0 81 20 66.48 0.0560 154.2
0 81 23 79.10 0.0471 408.3
0 81 13 58.57 0.1611 400.3
0 81 16 82.18 0.0770 771.4
0 81 13 550.32 0.1160 559.7
0 81 18 58.08 0.0387 721.8
0 81 33 127.88 0.0554 810.7
0 81 18 79.71 0.0311 921.0
0 81 28 154.74 0.1175 546.1
0 81 14 51.13 0.1119 843.3
0 81 18 92.83 0.0271 26.5
0 81 35 67.70 0.0669 672.7
0 81 19 58.26 0.0250 61.6
0 81 21 122.30 0.0367 882.1
0 81 15 54.80 0.0589 428.8
0 81 14 61.32 0.1094 335.0
0 81 21 474.54 0.1214 823.1
0 81 15 49.03 0.1278 213.1
0 81 19 169.10 0.0236 623.4
0 81 27 319.29 0.0343 737.2
0 81 38 239.37 0.0405 527.4
0 81 39 260.07 0.0692 232.2
0 84 33 154.40 0.0711 234.8
0 84 25 194.04 0.0382 537.5
0 84 31 255.03 0.0482 305.6
0 84 34 87.06 0.0970 210.5
0 84 31 63.50 0.0950 632.5
0 84 25 69.21 0.0574 344.6
0 84 40 174.28 0.0758 13.4
0 84 36 67.51 0.1131 641.5
0 84 29 107.47 0.0911 258.8
0 84 14 146.36 0.0300 565.9
0 84 16 203.31 0.0136 115.1
0 84 35 121.96 0.0920 247.0
0 84 18 79.63 0.0611 239.0
0 84 16 159.22 0.0522 431.9
0 84 14 150.33 0.0702 405.9
0 84 24 97.96 0.0346 235.9
0 84 45 106.03 0.0482 896.7
0 84 19 52.53 0.0685 532.2
0 84 32 90.26 0.0772 11.8
0 84 20 89.17 0.0680 118.2
0 84 34 127.25 0.0645 685.9
0 84 30 48.06 0.1164 666.6
0 84 42 184.21 0.0493 533.8
0 84 45 259.95 0.0466 252.0
0 84 13 115.10 0.1291 831.9
0 84 36 47.75 0.1118 491.6
0 84 25 65.09 0.0695 954.4
0 84 19 74.83 0.0357 723.3
0 84 32 120.39 0.0511 755.0
0 84 36 145.59 0.0726 852.3
0 84 20 55.54 0.0750 931.6
0 84 14 54.58 0.1084 873.4
0 84 33 80.40 0.0574 164.8
0 84 16 62.24 0.0330 150.1
0 84 28 165.90 0.0421 347.8
0 84 27 69.26 0.0352 534.9
0 84 17 457.86 0.0941 866.1
0 84 39 92.02 0.0806 390.0
0 84 26 54.16 0.0651 644.2
0 84 44 233.47 0.0409 109.7
0 84 36 576.47 0.0735 147.1
0 84 25 148.42 0.0398 63.2
0 84 40 120.64 0.0688 211.5
0 84 22 172.90 0.0536 13.0
0 84 26 144.37 0.0427 615.6
0 84 31 110.70 0.0617 865.7
0 84 42 54.67 0.1114 166.0
0 84 24 81.49 0.0268 607.6
0 84 31 104.17 0.0643 726.9
0 84 18 51.24 0.0408 187.1
0 84 36 133.47 0.0724 791.1
0 84 38 65.83 0.0932 896.5
0 84 37 86.80 0.0450 425.5
0 84 34 102.21 0.0680 295.1
0 84 18 66.08 0.1457 915.0
0 84 19 141.80 0.0596 906.3
0 84 34 46.11 0.0917 189.9
0 84 24 49.35 0.0635 235.2
0 84 16 52.39 0.1324 271.2
0 84 21 107.81 0.0470 926.1
0 84 27 45.79 0.1379 432.3
0 84 26 103.41 0.0299 253.5
0 84 34 64.78 0.0832 315.7
0 84 39 134.76 0.0461 444.0
0 84 20 93.58 0.0856 75.7
0 84 22 172.40 0.0466 685.2
0 84 37 711.49 0.0492 270.8
0 84 23 87.15 0.0679 822.1
0 84 29 153.17 0.0665 847.6
0 84 32 58.10 0.1128 463.9
0 84 25 103.99 0.0494 326.0
0 84 29 226.60 0.0492 877.9
0 84 29 117.77 0.0342 712.7
0 84 16 55.64 0.0708 934.3
0 84 19 62.53 0.0266 749.8
0 84 17 185.69 0.0280 615.2
0 84 24 51.52 0.0644 724.9
0 84 19 59.25 0.0514 103.3
0 84 25 197.57 0.0632 461.4
0 84 20 52.10 0.0837 443.2
0 84 31 78.29 0.0683 818.3
0 84 34 107.65 0.0548 444.5
0 84 35 169.97 0.0541 172.9
0 84 30 69.18 0.0534 700.9
0 84 37 102.36 0.0830 382.7
0 84 15 200.39 0.1214 186.3
0 84 46 86.50 0.0524 727.5
0 84 35 71.54 0.0918 647.4
0 84 24 96.74 0.0273 687.5
0 84 20 72.58 0.0315 7.9
0 84 30 225.66 0.0478 634.0
0 84 20 111.93 0.0358 674.6
0 84 16 65.48 0.0185 817.0
0 84 31 476.13 0.0445 373.2
0 84 17 205.45 0.0389 15.9
0 84 23 77.62 0.0874 130.9
0 84 19 73.30 0.0332 107.5
0 84 29 79.36 0.0495 318.3
0 84 22 52.76 0.0863 883.3
0 84 16 184.79 0.1165 125.0
0 84 18 62.38 0.1146 921.9
0 84 24 56.16 0.0931 508.5
0 84 34 53.05 0.0811 189.8
0 84 23 81.36 0.0386 623.6
0 84 26 287.72 0.0752 915.1
0 84 35 199.61 0.0408 190.4
0 84 34 82.18 0.0508 696.5
0 84 16 100.55 0.0532 548.3
0 84 14 215.07 0.0873 149.3
0 84 29 4298.16 0.0358 91.1
0 84 13 208.01 0.0754 342.6
0 84 18 67.07 0.1435 414.9
0 84 34 104.26 0.0466 377.0
0 84 36 152.68 0.0551 348.6
0 84 27 56.64 0.0798 891.3
0 84 21 66.11 0.0430 308.6
0 84 42 155.86 0.0390 106.3
0 84 25 93.86 0.0862 370.0
0 84 28 78.28 0.0866 313.2
0 84 20 55.63 0.0763 605.9
0 84 38 80.10 0.0947 39.9
0 84 23 101.77 0.0934 102.2
0 84 36 61.02 0.1122 837.2
0 84 37 135.47 0.0496 905.7
0 84 22 74.50 0.0925 762.3
0 84 22 83.81 0.0787 416.4
0 84 29 68.64 0.0720 550.3
0 84 36 60.49 0.0871 203.7
0 84 42 121.36 0.0749 587.3
0 84 43 226.61 0.0631 929.2
0 84 34 73.46 0.0702 732.3
0 84 48 169.94 0.0618 183.7
0 84 48 159.58 0.0663 513.8
0 84 14 115.45 0.0812 867.2
0 84 26 99.13 0.0441 144.4
0 84 17 175.85 0.0352 507.8
0 84 34 106.78 0.0652 899.3
0 84 21 94.45 0.1018 800.3
0 84 22 170.24 0.0424 134.3
0 84 34 74.37 0.0804 221.3
0 84 25 170.53 0.0413 23.4
0 84 14 46.53 0.1224 904.5
0 84 27 168.05 0.0432 76.1
0 84 41 103.42 0.0696 287.3
0 84 41 110.26 0.0487 366.9
0 84 40 397.48 0.0421 249.7
0 84 37 154.82 0.0716 452.9
0 84 28 127.07 0.0807 102.8
0 84 33 97.16 0.0392 767.1
0 84 36 125.13 0.0583 701.3
0 84 33 56.91 0.0947 863.1
0 84 39 221.60 0.0451 740.1
0 84 32 89.49 0.0614 406.8
0 84 28 76.19 0.1015 784.9
0 84 16 69.42 0.1477 62.9
0 84 19 71.95 0.0403 856.9
0 84 23 79.08 0.0559 928.2
0 84 26 50.57 0.0743 428.9
0 84 30 71.69 0.0772 806.4
0 84 18 80.83 0.0457 475.3
0 84 25 52.37 0.0924 724.4
0 84 38 63.34 0.0881 689.2
0 84 16 64.17 0.1387 942.7
0 84 22 99.79 0.0373 207.8
0 84 18 64.46 0.0663 532.8
0 84 29 73.39 0.0702 242.6
0 84 32 81.12 0.0521 906.7
0 84 33 101.28 0.0515 209.7
0 84 25 123.97 0.0288 821.4
0 84 31 59.49 0.1168 717.6
0 84 38 127.22 0.0572 500.1
0 84 17 629.66 0.0539 613.1
0 84 31 82.64 0.0864 766.1
0 84 20 64.39 0.1171 617.8
0 84 17 70.07 0.0534 887.1
0 84 13 55.13 0.0605 721.3
0 84 28 82.46 0.0715 356.5
0 84 24 54.00 0.0835 576.0
0 84 22 101.66 0.0630 96.3
0 84 17 69.44 0.0271 384.5
0 84 22 106.25 0.0513 7.8
0 84 23 48.83 0.1421 208.7
0 84 16 53.54 0.0307 190.7
0 84 15 82.90 0.0565 869.4
0 84 16 64.75 0.0411 500.2
0 84 15 678.46 0.0375 515.5
0 84 29 64.74 0.1284 213.7
0 84 15 72.15 0.0447 597.2
0 84 43 56.92 0.1118 250.3
0 84 14 54.09 0.0708 208.1
0 84 15 97.78 0.0263 112.0
0 84 29 58.69 0.1052 942.8
0 84 34 68.51 0.0912 192.7
0 84 34 45.88 0.1040 812.5
0 84 19 291.47 0.0408 919.9
0 84 16 82.73 0.1067 740.3
0 85 38 79.31 0.0587 241.8
0 85 34 99.47 0.0580 243.8
0 85 36 85.07 0.0901 641.5
0 85 32 59.11 0.1017 202.8
0 85 26 79.06 0.0402 673.8
0 85 16 1432.30 0.0967 815.3
0 85 23 67.85 0.0630 98.5
0 85 25 60.52 0.0660 732.7
0 85 40 208.25 0.0520 795.8
0 85 29 50.54 0.1104 66.0
0 85 38 78.99 0.0669 251.8
0 85 34 128.44 0.0894 146.8
0 85 35 47.77 0.1029 913.5
0 85 31 47.90 0.1377 595.7
0 85 16 82.98 0.0453 929.9
0 85 33 102.81 0.0523 559.3
0 85 35 154.29 0.0688 622.8
0 85 34 145.77 0.0374 460.8
0 85 23 77.33 0.0392 685.1
0 85 38 236.87 0.0422 666.8
0 85 44 72.37 0.0461 438.6
0 85 34 75.93 0.0673 912.7
0 85 35 167.40 0.1000 161.6
0 85 24 79.91 0.0529 758.5
0 85 39 60.63 0.0939 571.8
0 85 21 89.42 0.0499 817.9
0 85 29 99.14 0.0490 612.8
0 85 13 506.24 0.1232 148.9
0 85 32 112.79 0.0806 174.2
0 85 20 156.57 0.0306 101.7
0 85 21 53.68 0.0686 593.4
0 85 32 73.58 0.0777 214.9
0 85 29 56.94 0.0861 582.9
0 85 21 51.38 0.1171 508.6
0 85 18 57.38 0.0882 465.6
0 85 34 87.84 0.0899 913.0
0 85 18 53.37 0.0472 240.6
0 85 27 99.65 0.0341 266.8
0 85 20 681.49 0.0571 735.7
0 85 23 47.50 0.1068 512.3
0 85 16 236.97 0.0212 881.8
0 85 39 128.30 0.0605 132.5
0 85 34 138.19 0.0557 759.3
0 85 21 54.36 0.0444 318.8
0 85 19 160.32 0.0552 758.7
0 85 34 62.72 0.0598 757.8
0 85 33 71.26 0.0832 913.8
0 85 25 64.14 0.0585 570.5
0 85 28 186.61 0.0398 77.5
0 85 14 60.12 0.0701 866.3
0 85 15 115.25 0.0442 444.7
0 85 42 50.80 0.1130 620.3
0 85 33 62.37 0.0677 569.0
0 85 23 90.20 0.0560 623.3
0 85 32 202.53 0.0631 185.3
0 85 33 129.81 0.0746 684.7
0 85 17 140.56 0.0437 189.6
0 85 31 85.28 0.0666 750.8
0 85 19 154.03 0.0719 124.9
0 85 38 147.64 0.0371 429.0
0 85 43 309.27 0.0350 542.0
0 85 30 64.60 0.0590 307.3
0 85 29 91.43 0.0575 506.6
0 85 33 153.90 0.0782 683.7
0 85 22 340.64 0.0410 600.5
0 85 29 63.58 0.1258 273.8
0 85 35 74.73 0.0606 558.8
0 85 29 141.73 0.0564 840.9
0 85 39 66.85 0.0740 808.9
0 85 22 87.61 0.0612 393.9
0 85 18 225.04 0.0693 611.4
0 85 39 59.71 0.0759 595.8
0 85 39 45.96 0.1300 578.6
0 85 39 65.69 0.0773 276.2
0 85 32 77.70 0.0473 394.3
0 85 20 121.47 0.0206 64.2
0 85 24 45.45 0.1359 254.1
0 85 31 90.91 0.0675 760.8
0 85 37 72.33 0.0909 208.1
0 85 23 82.14 0.0704 959.7
0 85 33 375.08 0.0314 223.1
0 85 18 107.11 0.1081 264.8
0 85 41 132.16 0.0560 563.9
0 85 36 207.38 0.0457 368.4
0 85 28 220.33 0.0394 28.5
0 85 28 62.39 0.0878 124.9
0 85 35 117.47 0.0665 844.8
0 85 19 245.87 0.0191 575.5
0 85 34 84.28 0.0588 622.4
0 85 27 86.33 0.0501 437.5
0 85 39 231.11 0.0502 624.1
0 85 33 143.65 0.0582 307.7
0 85 25 176.25 0.0365 195.8
0 85 15 1198.20 0.0181 936.0
0 85 16 108.64 0.0599 776.6
0 85 23 120.65 0.1451 427.6
0 85 19 62.57 0.0317 394.1
0 85 26 78.48 0.0875 431.6
0 85 23 263.47 0.0474 575.3
0 85 38 100.36 0.0816 883.8
0 85 39 83.75 0.0759 196.5
0 85 27 129.70 0.0400 607.9
0 85 39 63.23 0.0666 448.8
0 85 21 79.46 0.0833 531.5
0 85 17 136.53 0.0502 458.5
0 85 38 115.74 0.0556 516.6
0 85 30 72.10 0.0711 285.1
0 85 16 76.07 0.0443 934.1
0 85 30 49.47 0.1084 411.7
0 85 31 103.80 0.0592 153.0
0 85 34 124.87 0.0780 266.3
0 85 29 69.66 0.0928 641.4
0 85 14 69.77 0.1385 5.9
0 85 33 70.52 0.0843 685.1
0 85 28 97.82 0.0555 713.8
0 85 21 150.49 0.0306 425.7
0 85 33 111.03 0.0473 324.7
0 85 42 55.47 0.0829 456.0
0 85 46 55.79 0.0905 464.3
0 85 22 57.16 0.1112 451.6
0 85 22 46.18 0.0515 401.6
0 85 39 141.33 0.0513 161.8
0 85 32 121.73 0.0428 718.2
0 85 33 62.85 0.1107 202.1
0 85 18 72.37 0.0623 496.4
0 85 32 147.63 0.0393 390.0
0 85 37 428.95 0.0335 664.9
0 85 21 56.78 0.0960 438.0
0 85 33 51.14 0.0847 909.2
0 85 32 330.54 0.0501 718.9
0 85 28 79.42 0.0490 723.7
0 85 39 203.22 0.0477 115.8
0 85 23 79.17 0.0202 447.2
0 85 27 103.49 0.0525 83.7
0 85 22 87.77 0.0525 361.1
0 85 45 70.87 0.0737 38.4
0 85 19 168.27 0.0349 693.4
0 85 35 77.78 0.0689 866.3
0 85 20 138.54 0.0759 50.3
0 85 19 131.73 0.0512 636.0
0 85 29 67.91 0.0887 863.2
0 85 21 82.09 0.0398 587.0
0 85 38 173.37 0.0733 569.6
0 85 25 596.90 0.0639 208.8
0 85 42 143.90 0.0640 501.6
0 85 38 95.24 0.0652 752.8
0 85 36 67.24 0.0747 342.3
0 85 38 111.48 0.0796 702.7
0 85 39 56.66 0.0869 826.4
0 85 46 138.86 0.0508 301.7
0 85 31 51.76 0.0884 432.3
0 85 19 970.69 0.0324 227.0
0 85 40 128.71 0.0733 659.8
0 85 20 45.11 0.1220 68.4
0 85 29 94.69 0.1074 614.3
0 85 15 202.21 0.1008 666.8
0 85 18 63.18 0.0421 449.2
0 85 17 113.38 0.0445 784.5
0 85 31 74.50 0.0817 230.7
0 85 16 128.32 0.0425 753.3
0 85 17 134.81 0.0220 68.6
0 85 26 56.38 0.0814 775.7
0 85 41 100.20 0.0583 524.3
0 85 33 61.14 0.0993 628.0
0 85 36 140.49 0.0501 312.8
0 85 41 146.60 0.0459 273.6
0 85 18 45.56 0.1069 696.7
0 85 32 220.24 0.0461 689.3
0 85 31 98.09 0.0643 53.0
0 85 39 69.90 0.0716 784.4
0 85 25 104.32 0.0428 699.6
0 85 37 400.84 0.0508 768.4
0 85 36 226.38 0.0436 845.7
0 85 37 115.37 0.0682 301.7
0 85 26 50.05 0.0710 582.9
0 85 32 108.36 0.0704 104.2
0 85 26 193.86 0.0375 951.5
0 85 19 56.62 0.0234 310.3
0 85 25 555.18 0.0437 760.4
0 85 21 58.29 0.0861 98.4
0 85 40 93.19 0.0798 50.2
0 85 28 58.05 0.1356 79.6
0 85 25 74.47 0.0868 412.8
0 85 16 148.26 0.0596 483.0
0 85 18 74.62 0.0687 572.8
0 85 24 82.25 0.0472 495.9
0 85 24 157.86 0.0445 759.9
0 85 28 63.61 0.0690 941.4
0 85 20 55.87 0.1098 955.0
0 85 18 45.42 0.0811 156.2
0 85 16 48.45 0.1378 595.4
0 85 23 62.35 0.1300 587.7
0 85 21 130.43 0.0495 854.8
0 85 17 88.15 0.0768 230.0
0 85 15 45.45 0.0810 720.3
0 85 15 50.89 0.0959 422.5
0 85 18 66.36 0.0253 802.3
0 85 14 79.61 0.0711 680.8
0 85 15 126.17 0.0353 891.0
0 85 24 50.24 0.0953 31.7
0 85 16 292.10 0.0229 108.8
0 85 19 82.84 0.0455 271.3
0 85 16 48.42 0.0225 904.8
0 85 27 104.87 0.0703 139.3
0 85 21 95.35 0.0534 936.1
0 85 27 54.47 0.0911 485.9
0 85 37 71.33 0.0854 704.8
0 85 29 248.91 0.0199 202.2
0 85 18 55.62 0.1177 133.4
0 85 21 59.68 0.0417 922.4
0 85 16 47.87 0.1361 412.0
0 85 33 188.57 0.0495 593.7
0 85 14 137.25 0.0373 25.6
0 85 27 54.51 0.1000 142.7
0 85 19 46.63 0.1034 693.7
0 86 27 73.37 0.0799 748.6
0 86 22 46.08 0.1130 798.7
0 86 25 118.98 0.0995 408.7
0 86 30 48.23 0.0817 599.2
0 86 14 49.81 0.0974 277.6
0 86 34 59.48 0.1032 548.1
0 86 18 256.20 0.0964 374.2
0 86 25 114.92 0.0497 657.7
0 86 16 59.49 0.0856 934.3
0 86 31 812.52 0.0658 309.4
0 86 37 61.60 0.0753 259.7
0 86 16 101.40 0.1209 783.4
0 86 18 60.59 0.1065 716.0
0 86 39 117.96 0.0625 857.5
0 86 20 101.19 0.1183 653.3
0 86 24 63.78 0.0579 478.5
0 86 15 97.19 0.1536 698.9
0 86 15 164.29 0.1123 802.7
0 86 32 78.39 0.0674 560.3
0 86 30 65.77 0.0924 327.8
0 86 13 101.26 0.0837 766.5
0 86 41 210.33 0.1438 352.1
0 86 29 121.41 0.0483 310.8
0 86 34 88.57 0.0735 506.0
0 86 42 121.34 0.0466 704.8
0 86 27 267.85 0.0276 316.9
0 86 34 65.93 0.0912 834.9
0 86 32 172.95 0.0548 409.8
0 86 25 55.95 0.0591 509.9
0 86 19 99.18 0.0307 299.4
0 86 19 48.77 0.0942 491.4
0 86 18 53.94 0.0824 208.3
0 86 39 52.01 0.0994 418.1
0 86 26 61.37 0.0435 943.5
0 86 19 93.92 0.0435 312.6
0 86 38 77.64 0.0563 754.0
0 86 40 58.73 0.0777 522.0
0 86 29 107.64 0.0524 155.5
0 86 27 101.73 0.0386 824.1
0 86 38 85.77 0.0719 150.1
0 86 44 101.39 0.0700 293.3
0 86 27 99.96 0.0544 359.6
0 86 29 145.10 0.0605 217.7
0 86 34 83.97 0.0576 471.3
0 86 33 98.03 0.0647 476.3
0 86 30 117.00 0.0523 291.7
0 86 24 119.11 0.0497 190.2
0 86 20 117.75 0.0613 759.2
0 86 16 75.68 0.0654 424.4
0 86 24 124.59 0.0640 909.7
0 86 15 330.64 0.0977 378.7
0 86 28 183.89 0.0389 307.1
0 86 38 229.11 0.0497 521.9
0 86 23 65.39 0.0597 305.8
0 86 31 1176.47 0.0452 742.8
0 86 34 86.63 0.0904 456.8
0 86 17 59.83 0.0257 777.7
0 86 34 400.10 0.0475 690.0
0 86 26 203.42 0.0441 789.8
0 86 27 114.37 0.1028 405.9
0 86 19 122.73 0.1030 808.3
0 86 21 71.73 0.0288 917.2
0 86 39 112.02 0.0561 740.8
0 86 33 165.23 0.0922 742.4
0 86 22 65.77 0.0642 261.5
0 86 23 45.44 0.0853 711.0
0 86 16 92.55 0.0548 186.0
0 86 38 49.31 0.0913 247.5
0 86 42 237.32 0.0627 211.5
0 86 35 175.39 0.0600 675.5
0 86 33 73.18 0.0701 414.3
0 86 14 73.18 0.0735 367.3
0 86 34 146.11 0.0833 738.7
0 86 21 75.22 0.0786 911.9
0 86 26 124.52 0.0343 301.9
0 86 33 83.57 0.0534 881.2
0 86 39 152.07 0.0604 861.6
0 86 19 82.49 0.0540 647.3
0 86 33 106.41 0.0541 649.6
0 86 16 57.28 0.0762 566.8
0 86 17 78.55 0.0767 412.1
0 86 25 56.83 0.1009 365.5
0 86 13 78.10 0.1566 468.0
0 86 27 127.03 0.0796 745.7
0 86 18 706.35 0.0848 271.8
0 86 18 51.99 0.0732 36.2
0 86 32 104.56 0.0672 889.3
0 86 33 119.58 0.0610 788.2
0 86 41 80.22 0.0778 236.0
0 86 47 257.84 0.0495 444.9
0 86 42 129.30 0.0447 268.9
0 86 23 97.76 0.0553 649.7
0 86 37 188.66 0.0449 405.5
0 86 37 167.16 0.0567 253.8
0 86 47 98.56 0.0586 497.8
0 86 36 117.24 0.0671 766.8
0 86 37 111.34 0.0636 924.1
0 86 27 254.33 0.0595 663.7
0 86 16 56.11 0.0407 340.2
0 86 15 71.41 0.0495 322.8
0 86 26 88.88 0.0796 312.2
0 86 16 89.53 0.0235 722.1
0 86 18 673.77 0.0405 155.6
0 86 19 58.30 0.0612 154.5
0 86 18 56.97 0.0928 590.4
0 86 38 77.58 0.0513 551.4
0 86 13 54.33 0.1261 607.3
0 86 18 137.60 0.0416 92.3
0 86 17 338.66 0.0375 858.8
0 86 33 53.48 0.1023 496.4
0 86 40 58.94 0.0797 694.5
0 86 22 49.21 0.1157 937.6
0 86 20 54.65 0.1012 44.2
0 86 42 89.98 0.0856 467.3
0 86 24 69.10 0.0714 282.0
0 86 22 56.91 0.0782 66.2
0 86 23 71.79 0.0729 796.9
0 86 23 148.19 0.0336 34.0
0 86 33 93.16 0.0749 682.1
0 86 19 57.78 0.0740 132.5
0 86 14 54.00 0.0897 586.0
0 86 39 70.76 0.0729 877.6
0 86 17 64.10 0.0914 325.4
0 86 48 116.43 0.0576 429.5
0 86 22 122.03 0.0439 344.1
0 86 28 131.92 0.0547 683.9
0 86 39 93.47 0.0666 795.9
0 86 45 87.33 0.0659 934.0
0 86 29 62.46 0.0881 553.6
0 86 24 518.56 0.0256 323.8
0 86 27 70.45 0.0921 541.0
0 86 32 135.32 0.0347 738.2
0 86 13 123.00 0.1123 464.3
0 86 29 61.22 0.1122 880.8
0 86 39 72.14 0.0854 545.3
0 86 15 47.63 0.1345 273.3
0 86 13 56.02 0.1872 324.3
0 86 18 149.95 0.0667 462.6
0 86 20 79.66 0.1088 894.0
0 86 15 136.85 0.0381 198.8
0 86 25 83.49 0.0703 654.2
0 86 14 55.62 0.0747 583.2
0 86 23 145.84 0.0511 44.9
0 86 23 144.12 0.0615 413.3
0 86 19 70.30 0.1213 88.0
0 86 18 87.17 0.0339 415.0
0 86 16 49.83 0.0309 459.2
0 86 22 55.64 0.0427 374.3
0 86 20 103.62 0.0693 18.7
0 86 25 180.79 0.0727 278.9
0 86 13 125.23 0.0346 290.5
0 86 15 65.94 0.1248 856.4
0 86 22 57.10 0.0877 347.9
0 86 20 918.97 0.0341 372.6
0 86 25 456.19 0.0304 354.7
0 86 36 136.63 0.0497 719.4
0 86 18 52.18 0.1200 550.6
0 86 19 133.78 0.0320 446.3
0 86 28 76.46 0.0991 241.1
0 86 36 117.99 0.0955 428.3
0 86 27 781.74 0.1048 59.9
0 86 26 128.49 0.0430 147.2
0 86 42 158.49 0.0552 502.6
0 86 16 355.00 0.0770 539.9
0 86 27 168.94 0.0364 775.0
0 86 43 107.60 0.0603 236.8
0 86 23 55.80 0.0796 44.3
0 86 22 233.64 0.0395 347.4
0 86 17 572.52 0.0379 282.9
0 86 13 61.99 0.0192 783.2
0 86 25 51.40 0.0911 319.3
0 86 40 52.97 0.1004 458.5
0 86 16 82.03 0.0626 686.7
0 86 14 60.38 0.1018 380.8
0 88 26 59.47 0.0602 167.8
0 88 20 77.87 0.0429 828.1
0 88 25 60.78 0.0947 504.1
0 88 34 120.13 0.0482 806.7
0 88 40 92.40 0.0499 64.2
0 88 19 78.83 0.0451 406.4
0 88 35 81.97 0.0641 745.6
0 88 35 137.02 0.0744 512.6
0 88 17 89.06 0.0582 488.4
0 88 17 82.39 0.0728 594.8
0 88 13 105.85 0.0559 435.8
0 88 25 50.45 0.0766 422.9
0 88 36 119.75 0.0681 680.2
0 88 17 121.68 0.0489 624.4
0 88 32 108.83 0.0506 922.0
0 88 37 387.00 0.0603 738.1
0 88 40 132.46 0.0490 112.0
0 88 32 114.03 0.0636 214.1
0 88 30 81.07 0.0609 595.4
0 88 15 72.12 0.0925 315.5
0 88 16 386.07 0.0703 939.1
0 88 34 130.61 0.0430 926.6
0 88 36 46.95 0.0916 646.2
0 88 15 488.07 0.1011 708.4
0 88 18 114.82 0.0984 759.3
0 88 19 399.99 0.1286 757.3
0 88 27 47.98 0.1092 781.1
0 88 14 270.43 0.0875 788.9
0 88 14 84.50 0.0808 752.3
0 88 15 199.76 0.0721 677.3
0 88 18 56.20 0.1270 710.6
0 88 13 73.34 0.1238 660.9
0 88 15 93.69 0.1436 727.7
0 88 14 487.66 0.1324 764.3
0 88 14 486.23 0.0982 761.3
0 88 17 649.00 0.1213 745.7
0 88 13 705.63 0.0984 657.3
0 88 15 179.07 0.1165 737.1
0 88 16 154.11 0.1018 688.0
0 88 13 129.14 0.1066 680.7
0 88 15 75.09 0.0742 770.3
0 88 36 47.88 0.0954 208.3
0 88 21 58.87 0.0975 598.7
0 88 21 48.36 0.1165 594.9
0 88 36 121.02 0.0806 437.9
0 88 35 90.46 0.0786 97.3
0 88 35 192.14 0.0650 101.8
0 88 33 60.76 0.1051 203.5
0 88 36 90.42 0.0548 139.8
0 88 29 53.46 0.1169 700.9
0 88 32 57.57 0.1233 520.7
0 88 38 95.36 0.0414 155.8
0 88 37 107.95 0.0770 140.5
0 88 28 57.27 0.0855 429.2
0 88 36 174.91 0.0962 947.7
0 88 36 62.78 0.0862 192.8
0 88 39 331.84 0.0429 581.0
0 88 31 55.33 0.0858 56.0
0 88 30 76.92 0.0627 23.2
0 88 19 103.20 0.0558 744.4
0 88 26 73.46 0.0767 789.6
0 88 26 137.32 0.0775 462.1
0 88 25 63.36 0.0646 450.2
0 88 39 55.58 0.1111 44.9
0 88 17 77.01 0.0446 881.2
0 88 30 87.98 0.0366 716.7
0 88 16 63.04 0.0386 749.3
0 88 21 289.56 0.0420 889.2
0 88 24 67.58 0.0576 494.8
0 88 22 171.31 0.0245 494.0
0 88 23 109.74 0.0554 204.5
0 88 28 92.26 0.0666 159.6
0 88 22 108.78 0.0441 810.0
0 88 39 56.57 0.0480 146.5
0 88 25 82.17 0.1086 857.5
0 88 35 76.99 0.0881 716.3
0 88 30 72.60 0.0628 913.5
0 88 32 115.85 0.0418 489.7
0 88 42 49.92 0.1068 793.4
0 88 22 62.65 0.0483 848.8
0 88 20 117.84 0.0564 35.4
0 88 22 88.91 0.0523 235.2
0 88 44 260.67 0.0656 59.8
0 88 20 51.44 0.0439 50.1
0 88 34 159.41 0.0405 602.9
0 88 43 93.67 0.0767 245.3
0 88 26 60.65 0.0851 788.5
0 88 34 138.05 0.0419 244.8
0 88 25 85.88 0.0272 542.2
0 88 18 45.64 0.1054 118.8
0 88 37 47.03 0.0898 642.1
0 88 22 187.64 0.0336 58.8
0 88 19 90.25 0.0597 183.0
0 88 15 275.54 0.1137 736.9
0 88 40 192.68 0.0503 613.7
0 88 35 53.92 0.1124 564.8
0 88 25 124.86 0.1049 738.2
0 88 38 79.13 0.0739 929.2
0 88 26 62.96 0.0486 54.7
0 88 21 71.83 0.0936 286.1
0 88 21 59.20 0.1227 132.4
0 88 16 165.84 0.0160 517.7
0 88 24 91.48 0.0760 744.9
0 88 20 100.69 0.0443 430.8
0 88 21 261.66 0.0626 769.7
0 88 13 105.37 0.1391 507.0
0 88 17 387.94 0.1381 722.1
0 88 16 299.01 0.1094 691.6
0 88 14 323.30 0.1190 671.1
0 88 15 314.40 0.1264 686.1
0 88 13 457.41 0.0944 779.8
0 88 35 557.13 0.0804 911.8
0 88 28 166.88 0.0596 200.3
0 88 15 51.32 0.0923 545.7
0 88 38 105.59 0.0786 845.1
0 88 14 74.69 0.0837 78.3
0 88 17 542.53 0.0499 40.8
0 88 15 109.10 0.1571 12.9
0 88 16 75.02 0.0209 520.8
0 88 19 53.67 0.1275 40.9
0 88 20 68.74 0.0715 210.1
0 88 13 66.68 0.1267 838.7
0 88 14 45.53 0.0483 73.0
0 88 15 125.53 0.0771 71.0
0 88 36 69.98 0.0641 803.4
0 88 21 106.34 0.0719 136.3
0 88 19 89.25 0.0634 248.7
0 88 21 45.71 0.1147 148.2
0 89 39 77.70 0.1053 810.3
0 89 26 57.41 0.0797 602.9
0 89 29 118.12 0.1049 446.0
0 89 26 90.26 0.0607 851.5
0 89 27 141.60 0.0355 357.8
0 89 37 89.08 0.0609 782.0
0 89 21 360.73 0.0878 125.9
0 89 16 83.77 0.1318 109.1
0 89 13 73.94 0.1187 82.2
0 89 16 80.39 0.0898 895.3
0 89 16 168.41 0.1267 115.3
0 89 17 63.23 0.0928 125.2
0 89 16 61.15 0.1334 128.4
0 89 21 84.47 0.0829 130.3
0 89 23 145.65 0.0563 659.0
0 89 17 77.59 0.1312 124.5
0 89 38 75.91 0.0420 85.7
0 89 20 127.90 0.0688 832.8
0 89 22 55.09 0.0738 225.9
0 89 29 148.28 0.0423 580.9
0 89 23 54.18 0.0532 411.4
0 89 23 72.75 0.0440 611.8
0 89 24 74.40 0.0658 636.0
0 89 13 138.80 0.1263 19.0
0 89 22 228.98 0.0278 643.6
0 89 42 1440.15 0.0552 324.0
0 89 14 127.75 0.0724 868.9
0 89 26 365.13 0.0477 140.2
0 89 14 53.21 0.1016 904.3
0 89 30 211.19 0.0316 829.7
0 89 23 85.14 0.0694 867.6
0 89 25 57.38 0.0531 37.4
0 89 26 104.35 0.0952 316.2
0 89 19 65.78 0.1028 830.2
0 89 31 209.84 0.0413 877.7
0 89 15 49.61 0.0780 28.8
0 89 37 101.16 0.0718 761.1
0 89 19 51.40 0.1103 466.2
0 89 24 68.55 0.0471 682.8
0 89 15 47.42 0.0592 9.2
0 89 35 203.83 0.0375 672.9
0 89 40 79.76 0.0892 562.2
0 89 26 53.63 0.0941 255.3
0 89 28 96.59 0.0716 466.3
0 89 16 423.91 0.1603 34.7
0 89 22 152.82 0.0357 872.7
0 89 34 195.22 0.0621 103.4
0 89 23 114.30 0.0793 445.9
0 89 33 51.87 0.1185 863.5
0 89 25 88.25 0.0652 904.4
0 89 13 70.37 0.0663 105.3
0 89 18 69.39 0.0868 614.3
0 89 31 52.11 0.0990 141.6
0 89 29 109.07 0.0604 742.0
0 89 35 202.52 0.0520 379.5
0 89 41 112.59 0.0718 539.9
0 89 43 197.05 0.0607 459.3
0 89 18 65.64 0.1225 369.5
0 89 16 53.37 0.0868 669.6
0 89 25 74.41 0.0845 578.2
0 89 16 216.51 0.0249 528.0
0 89 48 229.06 0.0551 819.3
0 89 38 116.51 0.0623 758.9
0 89 19 102.90 0.1046 710.3
0 89 41 178.47 0.0481 578.4
0 89 27 83.91 0.0560 543.9
0 89 14 52.18 0.0953 676.1
0 89 33 162.24 0.0646 538.2
0 89 38 74.31 0.0724 782.6
0 89 28 86.32 0.0782 403.8
0 89 39 45.33 0.0907 706.9
0 89 39 130.20 0.0620 617.1
0 89 23 105.79 0.0933 878.7
0 89 31 46.93 0.0866 757.8
0 89 28 61.93 0.0947 389.4
0 89 16 45.10 0.1365 693.0
0 89 26 167.88 0.0623 904.8
0 89 20 108.41 0.0250 154.0
0 89 35 65.75 0.0854 314.8
0 89 16 74.36 0.0270 743.0
0 89 18 87.89 0.0354 771.2
0 89 37 216.00 0.0279 54.2
0 89 42 128.14 0.0590 653.7
0 89 39 121.10 0.0704 93.0
0 89 26 133.02 0.0850 900.3
0 89 16 52.70 0.0775 687.8
0 89 34 82.77 0.0555 542.9
0 89 27 151.65 0.0838 430.0
0 89 27 72.89 0.0829 792.7
0 89 43 55.30 0.0871 641.2
0 89 31 60.97 0.0824 732.8
0 89 30 45.41 0.1201 585.3
0 89 27 136.05 0.0457 327.6
0 89 24 159.25 0.0340 224.7
0 89 30 60.82 0.0720 719.8
0 89 25 113.86 0.0313 761.1
0 89 21 81.19 0.0792 644.8
0 89 25 65.34 0.0728 486.2
0 89 16 154.05 0.0112 582.5
0 89 23 47.96 0.1042 909.2
0 89 39 97.20 0.0754 390.2
0 89 32 177.35 0.0367 15.6
0 89 35 143.63 0.0456 633.1
0 89 30 51.99 0.1144 41.6
0 89 41 92.33 0.0440 632.5
0 89 24 254.18 0.0261 716.2
0 89 19 395.82 0.0265 536.3
0 89 37 108.59 0.0478 664.8
0 89 22 58.13 0.0445 104.3
0 89 14 582.38 0.0519 809.1
0 89 17 52.21 0.1502 26.3
0 89 38 92.41 0.0748 517.0
0 89 19 51.21 0.0750 477.9
0 89 25 66.61 0.0979 70.3
0 89 39 304.89 0.0544 840.3
0 89 17 63.25 0.0910 449.3
0 89 22 174.75 0.0488 736.0
0 89 18 89.30 0.0894 790.7
0 89 35 126.33 0.0376 723.7
0 89 45 72.83 0.0890 519.3
0 89 31 129.77 0.0611 497.6
0 89 27 103.56 0.0425 511.4
0 89 27 206.82 0.0338 225.1
0 89 41 129.74 0.0509 767.7
0 89 40 67.07 0.0523 216.2
0 89 39 93.54 0.0627 468.6
0 89 32 68.64 0.0902 219.8
0 89 22 54.37 0.1099 522.8
0 89 39 135.26 0.0623 607.4
0 89 44 113.80 0.0817 774.6
0 89 34 125.14 0.0455 533.5
0 89 27 95.35 0.0680 933.6
0 89 40 155.19 0.0600 457.1
0 89 36 137.71 0.0551 585.8
0 89 21 186.88 0.0362 922.3
0 89 16 48.65 0.0866 559.7
0 89 19 67.24 0.0315 230.3
0 89 17 122.94 0.0480 225.5
0 89 39 106.26 0.0703 615.4
0 89 25 87.59 0.0474 773.5
0 89 14 536.28 0.0366 912.6
0 89 22 152.22 0.0624 514.5
0 89 14 78.96 0.1070 615.6
0 89 16 150.72 0.0630 240.6
0 89 33 62.20 0.1034 400.1
0 89 26 99.52 0.0496 712.5
0 89 14 212.37 0.1398 723.5
0 89 17 99.72 0.0375 790.7
0 89 20 148.24 0.0560 471.5
0 89 13 54.45 0.0219 10.7
0 89 16 84.80 0.0318 328.9
0 89 15 119.27 0.0714 872.3
0 89 18 61.61 0.0821 923.2
0 89 14 124.08 0.0636 769.1
0 89 44 144.29 0.0756 800.7
0 89 13 128.87 0.1143 758.4
0 89 15 79.60 0.0752 473.1
0 89 20 97.28 0.0605 911.3
0 89 19 80.58 0.0686 727.5
0 89 31 65.82 0.0801 565.9
0 89 19 592.23 0.0483 423.4
0 89 13 241.91 0.0548 692.5
0 89 20 71.88 0.0297 356.1
0 89 18 72.88 0.0981 675.8
0 89 21 183.86 0.0434 721.3
0 89 16 52.72 0.0827 219.8
0 89 20 100.84 0.0376 378.1
0 89 19 84.88 0.0841 630.7
0 89 18 431.20 0.0885 747.3
0 89 36 91.65 0.0983 594.3
0 89 16 70.61 0.1788 793.2
0 89 25 48.40 0.1259 664.0
0 89 13 64.75 0.0736 611.5
0 89 16 96.84 0.0318 396.4
0 89 18 86.73 0.0402 666.1
0 90 32 53.42 0.1065 107.8
0 90 19 57.62 0.1135 64.1
0 90 18 61.41 0.0936 656.6
0 90 31 50.59 0.1151 78.7
0 90 28 274.93 0.0696 610.2
0 90 36 127.22 0.0506 922.3
0 90 19 67.30 0.0770 50.8
0 90 28 61.22 0.1047 644.7
0 90 26 74.88 0.0455 219.7
0 90 16 102.76 0.0653 926.7
0 90 13 45.15 0.0862 177.6
0 90 16 59.01 0.1152 321.9
0 90 20 54.50 0.0581 54.7
0 90 15 79.46 0.0292 513.8
0 90 25 111.22 0.0411 12.0
0 90 19 206.16 0.0424 396.1
0 90 19 74.85 0.0969 771.5
0 90 40 320.19 0.0544 588.4
0 90 19 102.12 0.0538 604.5
0 90 29 65.30 0.0805 112.9
0 90 31 59.12 0.0697 266.2
0 90 23 68.34 0.0809 60.2
0 90 29 107.78 0.0451 369.9
0 90 18 248.91 0.0630 179.2
0 90 17 132.22 0.0495 178.1
0 90 28 58.10 0.0929 640.5
0 90 24 148.81 0.0430 223.1
0 90 17 61.02 0.0789 479.1
0 90 18 373.59 0.0308 887.8
0 90 29 57.34 0.0790 420.9
0 90 28 56.04 0.0727 368.9
0 90 17 205.42 0.0283 34.2
0 90 16 107.46 0.0385 68.2
0 90 35 97.70 0.0684 491.3
0 90 18 122.87 0.0560 179.5
0 90 32 58.79 0.0851 648.4
0 90 15 62.97 0.1002 465.4
0 90 23 406.36 0.0499 90.7
0 90 15 92.83 0.0487 374.4
0 90 18 45.84 0.1030 600.1
0 90 29 99.10 0.0785 694.6
0 90 42 117.95 0.0658 611.3
0 90 20 159.70 0.0357 57.9
0 90 14 406.83 0.1125 285.7
0 90 31 225.72 0.0694 597.1
0 90 35 68.96 0.0734 770.0
0 90 29 155.14 0.0281 88.4
0 90 17 59.73 0.0240 42.5
0 90 27 376.22 0.0628 561.3
0 90 23 48.59 0.1025 235.8
0 90 16 51.34 0.0270 219.8
0 90 16 396.92 0.0229 21.5
0 90 16 45.15 0.0180 475.1
0 90 35 78.82 0.0634 394.3
0 90 38 126.04 0.0521 515.7
0 90 29 158.59 0.0565 167.3
0 90 31 180.67 0.0561 124.8
0 90 17 155.13 0.0666 54.4
0 90 25 75.30 0.0979 272.6
0 90 18 98.73 0.1330 132.0
0 90 40 656.42 0.0330 615.7
0 90 33 84.57 0.0777 678.7
0 90 32 152.58 0.0610 271.5
0 90 25 77.11 0.0629 656.6
0 90 40 60.94 0.0744 92.1
0 90 17 130.23 0.0394 885.0
0 90 35 86.81 0.0846 722.8
0 90 40 67.25 0.1110 751.2
0 90 18 310.11 0.0484 505.3
0 90 35 52.41 0.0826 925.4
0 90 45 60.25 0.0797 140.6
0 90 16 47.58 0.0800 194.6
0 90 36 50.73 0.1090 108.3
0 90 26 72.69 0.0877 133.7
0 90 31 91.66 0.0788 362.3
0 90 36 114.87 0.0515 213.8
0 90 32 118.36 0.0501 678.3
0 90 40 159.17 0.0654 768.0
0 90 37 70.79 0.0907 101.5
0 90 21 46.33 0.1008 911.7
0 90 20 255.51 0.0365 939.6
0 90 22 72.21 0.0319 41.9
0 90 19 52.76 0.0706 905.7
0 90 41 118.77 0.0583 108.2
0 90 39 189.32 0.0423 580.9
0 90 37 152.79 0.0412 622.8
0 90 26 51.84 0.1164 321.2
0 90 38 75.15 0.1049 744.6
0 90 26 51.56 0.0775 42.4
0 90 35 58.73 0.0899 157.6
0 90 30 49.00 0.0934 617.0
0 90 24 55.36 0.0725 352.0
0 90 16 63.65 0.1027 116.7
0 90 30 80.90 0.0597 517.6
0 90 29 88.34 0.0463 96.7
0 90 38 81.47 0.0819 154.6
0 90 21 77.62 0.0807 221.7
0 90 24 63.74 0.0729 85.5
0 90 31 312.31 0.0374 926.3
0 90 38 99.01 0.0555 688.1
0 90 23 81.67 0.0838 40.5
0 90 20 72.94 0.0410 369.1
0 90 18 46.43 0.1169 561.2
0 90 29 90.75 0.0796 283.5
0 90 21 155.94 0.0450 53.7
0 90 21 60.72 0.0951 91.1
0 90 26 130.05 0.0529 297.7
0 90 32 90.26 0.0622 246.5
0 90 32 49.33 0.0535 170.9
0 90 27 67.09 0.1144 583.7
0 90 28 239.36 0.0864 203.1
0 90 39 143.18 0.0635 300.8
0 90 24 69.27 0.0492 139.3
0 90 35 102.47 0.0545 895.1
0 90 20 996.84 0.0481 573.7
0 90 38 46.99 0.0936 100.3
0 90 44 241.24 0.0525 723.5
0 90 32 84.75 0.0553 616.1
0 90 25 82.65 0.0510 53.3
0 90 40 229.14 0.0608 746.2
0 90 27 137.31 0.0491 54.8
0 90 37 84.04 0.0623 231.5
0 90 38 254.92 0.0931 241.2
0 90 24 78.77 0.0574 318.2
0 90 28 84.81 0.0903 927.5
0 90 26 216.79 0.0667 753.1
0 90 28 57.53 0.0977 56.4
0 90 39 96.32 0.0729 784.6
0 90 24 85.64 0.0868 75.9
0 90 17 75.33 0.0517 333.5
0 90 35 128.10 0.0611 660.3
0 90 25 50.66 0.0909 904.1
0 90 15 61.48 0.0412 70.6
0 90 26 86.70 0.0806 56.3
0 90 26 53.06 0.0706 98.5
0 90 24 145.22 0.0571 478.5
0 90 19 719.03 0.0666 625.2
0 90 29 152.38 0.0447 33.3
0 90 26 145.73 0.0429 189.0
0 90 24 51.56 0.1119 335.4
0 90 25 175.55 0.0370 299.8
0 90 37 585.69 0.0526 266.5
0 90 25 193.64 0.0615 52.2
0 90 38 111.52 0.0699 341.2
0 90 16 69.12 0.0536 422.7
0 90 17 46.48 0.0656 478.9
0 90 14 53.05 0.1012 902.6
0 90 18 148.16 0.0411 367.4
0 90 16 85.80 0.0428 243.6
0 90 13 99.70 0.1583 726.7
0 90 23 258.76 0.1255 779.9
0 90 30 84.37 0.0712 141.3
0 90 31 135.90 0.0349 196.2
0 90 24 46.61 0.0942 50.2
0 91 42 500.55 0.0549 182.6
0 91 19 73.38 0.0833 46.3
0 91 29 265.21 0.0313 182.3
0 91 37 366.16 0.0552 312.7
0 91 29 116.64 0.0587 110.9
0 91 20 96.82 0.0748 247.1
0 91 35 111.04 0.0627 328.1
0 91 38 106.94 0.0580 783.4
0 91 26 57.29 0.0792 571.9
0 91 25 138.14 0.0693 951.5
0 91 34 66.12 0.0803 409.3
0 91 22 80.51 0.0611 896.4
0 91 40 66.77 0.0644 218.9
0 91 18 512.91 0.0540 935.2
0 91 19 80.19 0.0538 125.2
0 91 20 187.66 0.0484 863.7
0 91 16 67.95 0.0580 360.5
0 91 20 45.65 0.0859 56.5
0 91 46 161.89 0.0571 41.6
0 91 16 323.55 0.0549 631.3
0 91 39 135.79 0.0586 216.6
0 91 13 64.71 0.0254 695.0
0 91 39 60.86 0.0959 218.1
0 91 44 93.04 0.0650 223.3
0 91 35 75.15 0.0587 400.2
0 91 34 207.17 0.0846 517.7
0 91 34 128.36 0.0751 259.6
0 91 38 70.98 0.0873 395.2
0 91 27 274.47 0.0980 65.3
0 91 28 65.21 0.0774 788.2
0 91 29 52.59 0.1006 423.6
0 91 16 103.70 0.0994 3.5
0 91 29 86.81 0.0672 932.7
0 91 23 316.59 0.0421 51.7
0 91 43 116.92 0.0634 139.6
0 91 27 294.09 0.0381 878.6
0 91 43 72.65 0.0709 10.5
0 91 36 203.10 0.0576 921.4
0 91 16 75.31 0.0643 252.7
0 91 24 95.39 0.0516 335.7
0 91 24 50.89 0.0908 85.4
0 91 18 393.72 0.0889 138.0
0 91 34 73.63 0.1102 653.3
0 91 23 185.23 0.0486 926.4
0 91 22 56.48 0.1175 388.3
0 91 18 72.19 0.0620 117.7
0 91 36 125.25 0.0632 147.2
0 91 42 108.81 0.0912 440.7
0 91 14 485.01 0.1258 880.6
0 91 31 116.94 0.0521 789.5
0 91 25 163.00 0.0294 258.7
0 91 25 287.09 0.0883 899.9
0 91 16 78.23 0.1348 83.5
0 91 27 99.66 0.0890 64.1
0 91 44 82.02 0.0534 96.9
0 91 40 72.59 0.0590 410.7
0 91 33 88.31 0.0905 789.6
0 91 15 58.07 0.0678 53.1
0 91 27 82.92 0.0660 131.4
0 91 18 75.54 0.0572 65.2
0 91 22 96.78 0.0337 251.1
0 91 15 94.62 0.1146 328.7
0 91 35 102.42 0.0445 153.6
0 91 16 55.25 0.1012 601.6
0 91 43 106.91 0.0803 427.0
0 91 17 74.48 0.0304 609.3
0 91 18 404.04 0.1097 863.2
0 91 19 93.39 0.0671 40.2
0 91 13 53.07 0.1443 504.8
0 91 30 133.37 0.0670 336.9
0 91 20 94.14 0.0809 905.4
0 91 21 120.81 0.0242 170.2
0 91 22 109.89 0.0798 912.0
0 91 25 107.78 0.0408 691.7
0 91 33 104.37 0.0490 379.2
0 91 39 224.81 0.0561 181.6
0 91 29 79.33 0.0535 785.0
0 91 26 107.89 0.0279 279.9
0 91 36 80.66 0.0843 489.0
0 91 23 46.27 0.0895 434.4
0 91 15 110.91 0.0719 276.0
0 91 22 82.75 0.0494 108.6
0 91 21 56.64 0.0536 116.9
0 91 16 108.58 0.1460 275.5
0 91 28 66.76 0.1026 616.9
0 91 19 100.67 0.0638 685.5
0 91 29 131.22 0.0352 541.9
0 91 22 75.88 0.0633 124.9
0 91 26 198.58 0.0459 217.3
0 91 18 116.51 0.0554 72.1
0 91 44 273.92 0.0419 195.7
0 91 41 63.49 0.0695 686.0
0 91 45 169.24 0.0854 183.6
0 91 36 187.67 0.0398 204.5
0 91 30 338.11 0.0649 16.1
0 91 17 225.37 0.0824 138.3
0 91 16 62.53 0.0630 118.5
0 91 26 57.04 0.0898 194.9
0 91 14 52.48 0.1001 520.1
0 91 17 47.69 0.0524 518.4
0 91 17 59.99 0.0238 38.2
0 91 20 79.81 0.0359 774.9
0 91 14 70.90 0.0930 116.7
0 91 22 51.48 0.1038 156.5
0 91 39 54.54 0.0919 888.2
0 91 25 66.75 0.0980 145.2
0 91 15 52.49 0.1186 220.4
0 91 22 56.00 0.0958 385.3
0 91 21 59.46 0.0728 291.4
0 91 26 316.85 0.0716 521.2
0 91 22 83.33 0.1140 28.4
0 91 24 64.66 0.0987 361.5
0 91 16 56.48 0.0622 49.7
0 91 25 53.05 0.1027 340.3
0 91 22 417.69 0.1010 912.3
0 91 38 107.54 0.0765 857.6
0 91 36 55.37 0.1069 271.7
0 91 15 52.51 0.1399 246.7
0 91 14 60.57 0.1008 116.2
0 93 20 57.12 0.0500 70.1
0 93 18 64.71 0.1078 736.7
0 93 32 85.54 0.0797 640.3
0 93 25 56.81 0.0918 759.8
0 93 20 57.36 0.0903 65.1
0 93 43 246.53 0.0473 764.1
0 93 43 1047.47 0.0475 845.0
0 93 33 53.74 0.0554 548.3
0 93 35 88.36 0.0567 275.8
0 93 34 92.97 0.0795 248.1
0 93 18 167.02 0.0504 415.1
0 93 13 323.73 0.0365 314.8
0 93 24 119.56 0.0766 763.5
0 93 18 78.20 0.0906 459.0
0 93 16 156.63 0.0614 38.7
0 93 22 132.21 0.0221 229.6
0 93 29 72.00 0.1241 775.5
0 93 40 238.04 0.0641 725.1
0 93 13 172.36 0.0796 784.9
0 93 37 60.42 0.0772 616.3
0 93 33 79.45 0.0723 489.5
0 93 32 183.83 0.0410 755.1
0 93 38 90.17 0.0694 467.3
0 93 27 48.38 0.0509 518.2
0 93 22 118.43 0.0603 628.9
0 93 37 209.74 0.0560 496.2
0 93 24 45.62 0.1274 216.6
0 93 37 151.41 0.0445 819.3
0 93 37 68.31 0.0853 340.2
0 93 35 264.32 0.0422 501.4
0 93 33 83.46 0.0727 398.3
0 93 28 77.16 0.1081 191.7
0 93 18 60.22 0.1083 932.0
0 93 40 112.15 0.0534 592.9
0 93 46 81.46 0.0604 357.5
0 93 33 77.77 0.0927 302.2
0 93 33 86.16 0.0805 297.1
0 93 31 131.33 0.0395 792.0
0 93 28 563.38 0.0277 404.5
0 93 35 67.22 0.0862 140.6
0 93 17 64.68 0.0562 884.3
0 93 18 50.28 0.1024 197.5
0 93 23 62.32 0.0539 351.6
0 93 20 67.80 0.0801 893.7
0 93 25 68.47 0.0820 659.2
0 93 28 279.42 0.0382 466.9
0 93 17 59.64 0.0872 379.9
0 93 35 258.49 0.0669 253.3
0 93 16 58.04 0.1045 921.2
0 93 33 64.29 0.1173 507.4
0 93 17 63.03 0.0622 243.1
0 93 29 82.00 0.0848 782.5
0 93 18 50.11 0.0828 271.2
0 93 28 164.68 0.0276 410.7
0 93 23 75.87 0.1067 851.5
0 93 20 79.38 0.0716 810.4
0 93 39 280.54 0.0525 136.2
0 93 14 253.61 0.0292 384.9
0 93 43 91.23 0.0468 426.7
0 93 37 192.64 0.0828 583.6
0 93 18 144.11 0.0731 472.3
0 93 39 59.34 0.0942 616.7
0 93 24 115.82 0.0277 264.0
0 93 25 104.21 0.0589 276.4
0 93 37 122.35 0.0615 490.0
0 93 19 93.23 0.1186 454.4
0 93 20 137.02 0.0985 763.9
0 93 43 58.94 0.0956 398.2
0 93 16 91.41 0.0841 382.1
0 93 32 80.25 0.0701 253.3
0 93 20 57.93 0.1041 297.0
0 93 19 363.45 0.1288 735.0
0 93 14 151.60 0.0909 752.9
0 93 13 99.39 0.0713 736.7
0 93 19 156.14 0.1195 684.9
0 93 24 47.58 0.0910 193.5
0 93 31 57.64 0.0597 816.9
0 93 20 118.17 0.0496 919.6
0 93 38 98.76 0.0593 460.9
0 93 29 100.29 0.0349 166.9
0 93 39 83.77 0.0867 461.4
0 93 47 89.85 0.0522 615.0
0 93 17 101.72 0.0388 244.5
0 93 43 179.69 0.0541 722.0
0 93 36 87.01 0.0497 118.8
0 93 32 58.49 0.0884 182.9
0 93 31 72.98 0.0703 345.6
0 93 28 203.64 0.0577 497.1
0 93 26 46.79 0.0869 524.9
0 93 30 99.62 0.0661 837.3
0 93 21 46.63 0.1467 184.9
0 93 29 95.67 0.0689 219.1
0 93 23 75.63 0.1019 628.3
0 93 26 694.69 0.0324 591.4
0 93 28 105.58 0.0485 469.7
0 93 34 64.92 0.0897 368.1
0 93 35 55.01 0.0911 799.4
0 93 26 86.18 0.0587 468.1
0 93 20 504.96 0.0779 948.3
0 93 29 54.73 0.0818 451.3
0 93 36 145.98 0.0547 264.8
0 93 27 78.02 0.0516 309.6
0 93 24 51.08 0.0817 206.2
0 93 28 77.07 0.0842 122.3
0 93 35 190.84 0.0482 52.9
0 93 34 104.98 0.0622 754.7
0 93 21 147.85 0.1063 145.6
0 93 39 197.59 0.0516 686.9
0 93 31 123.21 0.0662 340.0
0 93 25 45.10 0.1499 140.6
0 93 21 255.46 0.0950 168.8
0 93 39 85.50 0.0691 601.3
0 93 26 48.99 0.0832 196.6
0 93 30 79.61 0.0887 782.6
0 93 17 53.96 0.1631 267.3
0 93 24 98.02 0.0259 476.6
0 93 35 632.79 0.0351 118.7
0 93 17 272.13 0.0227 929.3
0 93 34 64.56 0.0990 349.8
0 93 14 118.23 0.0506 95.6
0 93 33 79.33 0.0792 314.1
0 93 39 50.20 0.1079 543.6
0 93 29 102.97 0.0337 189.0
0 93 27 191.74 0.0500 646.6
0 93 19 96.40 0.0693 852.2
0 93 41 76.17 0.0814 351.3
0 93 26 86.38 0.0878 525.7
0 93 40 72.17 0.0566 727.2
0 93 26 131.93 0.0638 73.8
0 93 14 286.79 0.1488 159.7
0 93 17 68.21 0.0750 180.9
0 93 17 65.12 0.0743 252.1
0 93 28 104.82 0.0597 823.3
0 93 23 72.50 0.0872 644.9
0 93 15 163.40 0.0302 272.4
0 93 16 105.62 0.1187 525.7
0 93 18 67.56 0.1311 260.3
0 93 17 57.82 0.0405 173.2
0 93 24 64.28 0.0985 421.8
0 93 29 137.46 0.0353 639.7
0 93 41 167.91 0.0854 905.9
0 93 19 54.45 0.1105 45.1
0 93 15 91.08 0.0802 72.3
0 93 16 67.00 0.0406 20.3
0 93 27 257.90 0.0259 173.9
0 93 29 45.61 0.0798 540.1
0 93 22 169.75 0.0682 925.5
0 93 33 69.50 0.0804 381.9
0 93 16 82.51 0.0369 71.4
0 93 20 397.49 0.0948 833.0
0 93 22 48.69 0.0886 756.7
0 93 23 95.66 0.0701 865.7
0 93 13 242.97 0.0902 68.1
0 93 35 56.72 0.0822 882.5
0 93 17 48.54 0.1487 110.7
0 95 30 55.16 0.0997 126.5
0 95 40 179.58 0.0694 130.8
0 95 18 69.70 0.0584 93.1
0 95 21 60.65 0.0738 77.3
0 95 41 177.65 0.0465 212.8
0 95 45 58.30 0.0829 75.2
0 95 43 142.28 0.0725 289.6
0 95 37 82.98 0.1010 123.3
0 95 29 57.04 0.1151 143.4
0 95 37 53.84 0.1089 858.3
0 95 37 67.39 0.0820 61.1
0 95 41 68.47 0.0673 934.8
0 95 30 52.38 0.0643 367.6
0 95 25 168.20 0.0438 580.8
0 95 32 359.79 0.0500 224.7
0 95 28 102.06 0.0538 643.9
0 95 15 71.69 0.0588 830.2
0 95 33 111.37 0.0899 79.2
0 95 39 113.63 0.0780 363.9
0 95 26 78.88 0.0631 221.0
0 95 43 73.31 0.0944 214.0
0 95 37 70.01 0.0867 307.6
0 95 33 61.74 0.0937 370.5
0 95 40 76.88 0.0856 280.7
0 95 40 119.71 0.0835 32.2
0 95 40 194.93 0.0795 373.3
0 95 41 190.86 0.0468 102.4
0 95 14 83.92 0.0369 604.9
0 95 34 219.21 0.0467 412.3
0 95 20 141.46 0.0528 222.5
0 95 41 68.34 0.0742 198.0
0 95 21 76.75 0.1127 86.3
0 95 17 104.66 0.0431 225.9
0 95 33 75.34 0.0866 336.5
0 95 20 56.04 0.1311 18.3
0 95 21 80.59 0.0420 226.3
0 95 40 196.01 0.0767 597.5
0 95 18 238.33 0.0394 85.7
0 95 28 70.12 0.0829 17.7
0 95 39 47.76 0.1075 386.6
0 95 16 63.59 0.0172 197.8
0 95 30 71.22 0.1013 647.1
0 95 30 74.58 0.0629 83.4
0 95 36 199.03 0.0772 69.3
0 95 20 76.38 0.0888 188.9
0 95 35 108.15 0.0535 25.1
0 95 17 509.40 0.0252 228.1
0 95 39 66.27 0.0836 429.5
0 95 18 172.03 0.0394 945.6
0 95 29 137.07 0.0514 15.4
0 95 37 596.16 0.0637 636.8
0 95 35 138.13 0.0542 549.1
0 95 19 158.52 0.0781 343.0
0 95 24 102.18 0.0893 944.0
0 95 33 86.02 0.0766 347.8
0 95 17 46.74 0.0455 347.4
0 95 22 101.65 0.0276 620.5
0 95 27 64.73 0.0897 269.6
0 95 15 191.14 0.0280 921.4
0 95 18 48.08 0.0690 942.6
0 95 20 154.64 0.0348 586.7
0 95 22 63.83 0.1106 238.3
0 95 34 58.52 0.0757 583.4
0 95 42 164.27 0.0501 268.8
0 95 18 152.60 0.0732 118.8
0 95 15 93.27 0.0575 554.8
0 95 44 51.71 0.0734 478.6
0 95 32 109.05 0.0789 876.8
0 95 17 68.58 0.0449 150.6
0 95 42 123.74 0.0536 320.0
0 95 25 119.71 0.0348 275.1
0 95 43 100.45 0.0664 217.1
0 95 34 75.97 0.0925 71.1
0 95 26 63.00 0.0777 354.5
0 95 30 89.03 0.0525 24.7
0 95 34 131.70 0.0456 383.7
0 95 22 72.76 0.0419 77.9
0 95 19 79.05 0.0511 811.1
0 95 36 51.99 0.0822 362.0
0 95 30 182.16 0.0302 836.2
0 95 33 122.09 0.0533 220.9
0 95 37 55.93 0.1098 225.2
0 95 18 59.36 0.0786 946.3
0 95 18 164.42 0.0310 876.7
0 95 42 302.30 0.0727 55.5
0 95 23 208.06 0.0291 69.1
0 95 18 215.79 0.0282 941.1
0 95 28 54.92 0.1112 238.7
0 95 26 105.32 0.0614 3.8
0 95 33 136.32 0.0634 293.2
0 95 42 94.92 0.0470 379.0
0 95 34 53.09 0.0999 519.7
0 95 26 388.09 0.0542 282.9
0 95 24 82.97 0.0270 20.9
0 95 16 49.88 0.1275 498.3
0 95 18 100.08 0.0465 11.1
0 95 32 49.78 0.1217 249.3
0 95 39 77.96 0.1005 380.5
0 95 34 60.44 0.0897 337.4
0 95 29 47.87 0.1499 305.7
0 95 28 83.27 0.0753 74.3
0 95 20 628.48 0.0543 39.4
0 95 28 102.63 0.0782 23.2
0 95 17 58.97 0.0998 169.8
0 95 33 111.30 0.0727 300.7
0 95 34 57.87 0.0901 226.0
0 95 22 52.13 0.1060 778.9
0 95 21 81.08 0.0803 339.0
0 95 36 182.53 0.0504 537.6
0 95 20 133.68 0.0604 54.7
0 95 35 97.67 0.0587 175.6
0 95 25 94.10 0.0619 16.0
0 95 40 93.91 0.0751 374.0
0 95 47 60.06 0.0873 397.0
0 95 20 254.90 0.0567 46.3
0 95 22 206.16 0.0485 16.6
0 95 26 105.49 0.0565 159.1
0 95 37 86.26 0.0616 269.3
0 95 28 273.96 0.0361 363.5
0 95 42 155.69 0.0481 301.0
0 95 40 145.11 0.0414 924.4
0 95 35 64.96 0.0770 514.8
0 95 15 188.91 0.0644 391.4
0 95 23 430.01 0.0508 179.5
0 95 39 59.99 0.1055 780.3
0 95 36 205.08 0.0614 306.0
0 95 18 45.85 0.0825 381.1
0 95 17 48.77 0.1252 350.9
0 95 14 238.08 0.1075 135.7
0 95 17 84.89 0.0416 326.1
0 95 43 84.74 0.0849 280.1
0 95 27 166.57 0.0519 214.9
0 95 33 71.64 0.0616 520.5
0 95 20 65.05 0.0795 133.3
0 95 27 246.14 0.0706 801.2
0 95 28 113.00 0.0528 127.3
0 95 30 155.39 0.0658 265.0
0 95 37 70.67 0.0905 232.9
0 95 41 222.82 0.0535 653.4
0 95 20 1285.14 0.0459 658.2
0 95 26 81.31 0.0402 113.8
0 95 29 64.99 0.0998 844.3
0 95 26 121.48 0.0639 243.6
0 95 44 63.92 0.0848 51.1
0 95 35 63.76 0.1225 475.9
0 95 41 532.62 0.0350 920.8
0 95 34 167.23 0.0436 596.7
0 95 42 120.24 0.0676 895.1
0 95 41 48.31 0.1016 643.0
0 95 19 261.81 0.0946 182.4
0 95 17 105.64 0.0457 598.5
0 95 24 131.57 0.0914 463.9
0 95 21 77.60 0.0815 250.0
0 95 44 112.46 0.0594 228.6
0 95 33 63.87 0.0975 71.5
0 95 22 113.78 0.0320 462.1
0 95 40 197.80 0.0660 283.5
0 95 44 94.61 0.0651 132.4
0 95 46 118.13 0.0698 143.1
0 95 35 181.57 0.0939 922.5
0 95 47 127.87 0.0372 254.5
0 95 36 113.16 0.0503 337.6
0 95 14 59.94 0.1551 240.1
0 95 33 79.94 0.0571 320.5
0 95 39 208.84 0.0465 335.7
0 95 37 52.02 0.0694 538.7
0 95 17 92.49 0.0798 935.5
0 95 26 125.51 0.0770 620.3
0 95 30 101.49 0.0704 67.5
0 95 21 59.90 0.0806 292.4
0 95 32 133.33 0.0516 162.2
0 95 40 102.75 0.0552 59.9
0 95 18 45.28 0.0405 218.0
0 95 39 315.25 0.0314 664.2
0 95 36 1084.82 0.0386 37.1
0 95 19 209.65 0.0296 44.4
0 95 37 82.19 0.0847 75.5
0 95 31 103.86 0.0667 95.6
0 95 22 144.39 0.0415 161.8
0 95 44 78.94 0.0762 174.2
0 95 34 52.23 0.1280 368.9
0 95 14 56.69 0.1302 97.4
0 95 26 489.59 0.0376 339.5
0 95 29 55.77 0.1074 385.5
0 95 29 90.95 0.0769 134.9
0 95 15 350.42 0.0970 26.7
0 95 30 1911.89 0.0479 157.0
0 95 19 644.08 0.0467 9.2
0 95 27 136.95 0.0442 785.5
0 95 16 78.86 0.0427 612.5
0 95 17 134.05 0.0451 316.7
0 95 33 185.96 0.0566 335.6
0 95 16 77.29 0.0260 427.0
0 95 22 48.65 0.1003 827.7
0 95 17 297.83 0.0366 135.3
0 95 19 108.03 0.0650 645.6
0 95 33 125.56 0.0635 211.9
0 95 25 120.09 0.0977 296.1
0 95 23 51.93 0.0844 506.3
0 95 36 198.05 0.0445 880.5
0 95 14 332.70 0.0609 199.0
0 95 19 118.47 0.0416 57.9
0 95 25 147.25 0.0722 40.6
0 95 32 82.76 0.0841 206.9
0 95 34 84.82 0.0582 403.0
0 95 38 45.94 0.1035 248.4
0 95 17 103.71 0.0579 235.0
0 95 17 684.31 0.0336 398.0
0 95 14 328.52 0.0662 205.9
0 95 16 226.39 0.0264 60.6
0 95 19 79.70 0.0503 433.4
0 95 16 47.56 0.0993 226.0
0 95 14 53.30 0.1250 230.2
0 95 30 96.62 0.0751 466.6
0 95 16 63.21 0.0398 447.5
0 95 18 199.81 0.0412 176.9
0 95 22 79.67 0.0559 191.7
0 95 17 90.28 0.0662 189.8
0 95 21 68.98 0.0378 277.6
0 95 20 121.81 0.0957 591.1
0 95 27 78.64 0.0574 852.2
0 95 21 281.40 0.1023 197.2
0 95 13 47.08 0.1434 127.2
0 95 38 213.79 0.0741 326.7
0 96 35 122.22 0.0467 394.8
0 96 20 72.07 0.0871 256.6
0 96 31 99.88 0.0747 415.1
0 96 42 151.73 0.0483 443.0
0 96 30 278.84 0.0432 945.4
0 96 37 66.19 0.0905 170.1
0 96 25 52.11 0.0996 572.3
0 96 26 80.03 0.0896 860.3
0 96 23 48.56 0.1077 852.3
0 96 17 88.15 0.0393 937.5
0 96 28 88.23 0.0679 308.1
0 96 17 222.80 0.0633 926.0
0 96 23 217.79 0.0744 875.3
0 96 34 162.63 0.0682 403.3
0 96 26 173.79 0.0364 421.5
0 96 31 121.32 0.0697 563.6
0 96 46 77.46 0.0740 390.3
0 96 34 67.29 0.0869 903.2
0 96 15 52.63 0.0600 558.4
0 96 21 69.45 0.0477 593.0
0 96 39 104.02 0.0593 356.8
0 96 23 60.95 0.0713 779.0
0 96 22 74.99 0.0917 482.2
0 96 23 82.39 0.0438 240.3
0 96 37 159.48 0.0664 842.7
0 96 17 58.09 0.0335 632.1
0 96 17 87.04 0.0807 913.9
0 96 38 117.85 0.0827 743.7
0 96 32 54.81 0.1015 596.3
0 96 16 60.00 0.0428 891.0
0 96 16 49.15 0.0256 644.0
0 96 17 79.87 0.0373 256.2
0 96 29 62.74 0.0929 291.3
0 96 19 706.99 0.0307 929.6
0 96 22 60.42 0.0445 82.0
0 96 18 291.61 0.0892 548.6
0 96 23 79.50 0.0480 28.9
0 96 25 56.07 0.0548 868.0
0 96 35 113.45 0.0371 133.3
0 96 35 112.28 0.0581 75.3
0 96 33 79.80 0.0731 380.5
0 96 46 183.98 0.0676 752.8
0 96 19 50.95 0.0770 863.1
0 96 30 52.69 0.1040 806.7
0 96 17 45.30 0.0477 864.1
0 96 18 57.02 0.0789 873.4
0 96 14 490.16 0.1004 825.7
0 96 32 194.60 0.0498 55.5
0 96 20 57.52 0.0615 904.1
0 96 23 48.61 0.0878 752.3
0 96 17 210.05 0.0745 29.1
0 96 17 169.59 0.0588 822.1
0 96 25 46.61 0.1219 820.3
0 96 39 238.08 0.0470 902.9
0 96 24 46.19 0.0958 805.3
0 96 39 59.76 0.0989 793.2
0 96 14 106.86 0.0537 13.7
0 96 18 68.64 0.0442 879.8
0 96 16 76.70 0.0285 950.7
0 96 29 191.76 0.0537 609.2
0 96 15 118.18 0.0349 101.1
0 96 27 99.23 0.0419 75.4
0 96 32 139.73 0.0357 804.4
0 96 17 64.62 0.0588 939.6
0 96 25 131.98 0.0446 830.4
0 96 19 120.75 0.0404 42.3
0 96 19 63.53 0.0722 348.3
0 96 16 49.81 0.0586 891.9
0 96 31 47.97 0.1118 912.8
0 96 21 55.99 0.1131 829.3
0 96 28 57.20 0.0709 941.5
0 96 16 95.63 0.0758 574.7
0 96 15 585.89 0.0945 636.9
0 96 32 96.43 0.0750 542.4
0 96 21 117.05 0.0468 107.6
0 96 23 260.72 0.0310 556.9
0 96 44 97.83 0.0652 917.1
0 96 43 79.69 0.0565 807.2
0 96 30 82.44 0.1189 594.9
0 96 27 142.30 0.0985 622.4
0 96 37 84.03 0.0727 494.1
0 96 32 77.06 0.0861 509.6
0 96 25 58.17 0.0769 810.1
0 96 34 76.70 0.0575 497.3
0 96 22 557.62 0.0992 928.8
0 96 20 90.39 0.0402 259.0
0 96 32 120.17 0.0609 165.1
0 96 13 71.79 0.1523 896.3
0 96 16 77.68 0.0529 430.8
0 96 17 153.56 0.1040 602.1
0 96 27 92.36 0.0707 880.6
0 96 27 56.06 0.1048 769.3
0 96 14 222.53 0.0506 747.9
0 96 25 328.35 0.0519 597.0
0 96 35 61.97 0.0845 116.3
0 96 25 81.23 0.0513 57.1
0 96 19 68.53 0.0998 33.9
0 96 29 104.65 0.0628 94.2
0 96 24 92.65 0.0659 868.2
0 96 32 129.09 0.0616 197.9
0 96 41 109.71 0.0695 855.2
0 96 30 153.86 0.0598 910.2
0 96 42 321.39 0.0556 82.1
0 96 32 265.53 0.0356 680.6
0 96 26 134.24 0.0861 254.2
0 96 26 92.87 0.0769 939.5
0 96 22 50.08 0.1302 935.3
0 96 20 50.83 0.0710 68.6
0 96 34 54.80 0.0823 873.7
0 96 18 99.92 0.0960 261.9
0 96 30 50.13 0.1159 899.2
0 96 24 47.33 0.1152 918.0
0 96 20 843.33 0.1159 898.7
0 96 24 69.01 0.0708 869.4
0 96 32 60.32 0.0870 893.0
0 96 29 114.50 0.0694 653.9
0 96 19 52.81 0.0681 103.0
0 96 38 58.48 0.0642 66.6
0 96 20 82.08 0.0931 599.9
0 96 36 126.92 0.0597 363.1
0 96 27 90.62 0.0617 789.1
0 96 20 57.20 0.1076 809.8
0 96 30 60.68 0.0801 318.2
0 96 24 53.80 0.0555 456.4
0 96 34 58.48 0.0830 664.4
0 96 26 63.41 0.1102 897.3
0 96 19 53.20 0.0375 490.8
0 96 15 53.47 0.0393 916.3
0 96 31 115.98 0.0402 753.0
0 96 38 151.95 0.0418 340.3
0 96 29 95.59 0.0715 904.8
0 96 46 103.47 0.0483 809.0
0 96 36 105.33 0.0675 353.4
0 96 39 62.15 0.0749 727.0
0 96 37 96.08 0.0592 920.1
0 96 43 73.36 0.0682 540.4
0 96 29 59.19 0.0781 576.3
0 96 45 45.74 0.1098 846.7
0 96 39 52.67 0.0937 778.7
0 96 22 81.69 0.0769 657.8
0 96 14 54.56 0.1522 591.6
0 96 33 86.65 0.0499 149.2
0 96 19 77.68 0.1035 726.0
0 96 39 148.41 0.0497 161.2
0 96 43 90.88 0.0658 431.5
0 96 31 69.82 0.0848 179.1
0 96 28 51.11 0.1130 833.3
0 96 29 45.09 0.0865 576.7
0 96 40 92.97 0.0907 951.1
0 96 32 96.10 0.1133 849.7
0 96 22 100.80 0.0695 687.7
0 96 32 71.83 0.0896 620.7
0 96 38 139.05 0.0587 480.0
0 96 17 47.01 0.1097 811.0
0 96 32 83.58 0.0654 826.7
0 96 32 605.39 0.0403 142.0
0 96 23 757.94 0.0992 587.5
0 96 35 461.36 0.0554 78.3
0 96 28 94.89 0.1102 636.6
0 96 29 74.57 0.0631 615.3
0 96 28 314.72 0.0472 503.4
0 96 21 62.53 0.1116 531.7
0 96 18 127.53 0.0840 896.8
0 96 29 126.76 0.0315 414.1
0 96 36 100.10 0.0668 930.9
0 96 39 214.25 0.0732 858.2
0 96 23 47.68 0.0658 446.1
0 96 17 46.81 0.1653 17.2
0 96 38 131.95 0.0605 581.3
0 96 18 72.82 0.0355 852.5
0 96 13 110.82 0.1449 376.1
0 96 31 45.82 0.0741 550.8
0 96 32 143.47 0.0573 236.1
0 96 15 73.26 0.0607 598.8
0 96 21 147.83 0.0530 168.7
0 96 38 90.67 0.0650 488.3
0 96 21 95.10 0.0410 903.6
0 96 19 90.75 0.0688 588.2
0 96 38 121.06 0.0531 594.9
0 96 18 98.86 0.0733 599.3
0 96 13 80.61 0.1262 848.6
0 96 40 101.96 0.0614 810.8
0 96 13 62.11 0.1331 821.6
0 96 16 97.86 0.0916 25.6
0 96 19 66.85 0.0418 316.0
0 96 24 68.63 0.0809 30.0
0 96 19 309.90 0.0545 297.8
0 96 14 51.73 0.1384 781.3
0 96 32 47.63 0.0789 579.3
0 96 19 72.20 0.1043 897.0
0 98 35 95.47 0.0726 87.3
0 98 39 152.80 0.0642 691.6
0 98 23 55.83 0.0883 893.3
0 98 33 234.87 0.0713 367.0
0 98 37 76.62 0.0808 468.9
0 98 31 113.99 0.0437 23.7
0 98 23 142.93 0.0727 706.3
0 98 18 49.74 0.0893 891.1
0 98 35 80.70 0.0988 237.5
0 98 38 200.57 0.0875 897.0
0 98 24 198.39 0.0355 565.8
0 98 34 69.05 0.0973 758.3
0 98 29 82.23 0.0735 842.9
0 98 19 115.50 0.0272 394.7
0 98 27 75.93 0.0466 659.4
0 98 29 110.50 0.0881 52.9
0 98 14 74.20 0.1336 937.1
0 98 31 79.23 0.0561 641.7
0 98 21 124.84 0.0350 561.3
0 98 29 58.74 0.1088 343.3
0 98 37 62.24 0.0740 281.0
0 98 31 87.21 0.0780 182.3
0 98 29 309.15 0.0426 919.3
0 98 33 137.95 0.0754 356.3
0 98 29 568.41 0.0501 604.5
0 98 29 51.63 0.1021 595.4
0 98 28 71.53 0.0690 329.8
0 98 21 119.47 0.0974 644.1
0 98 16 471.93 0.0347 607.4
0 98 20 79.26 0.0474 760.3
0 98 27 87.31 0.0307 359.9
0 98 35 171.76 0.0577 902.3
0 98 19 59.96 0.0989 169.1
0 98 15 93.44 0.0459 602.1
0 98 24 161.05 0.0474 695.7
0 98 39 121.44 0.0521 854.9
0 98 19 119.31 0.0693 510.4
0 98 30 112.22 0.0445 108.1
0 98 40 477.55 0.0507 625.5
0 98 26 73.58 0.0569 506.0
0 98 28 446.40 0.0318 508.9
0 98 23 48.86 0.1070 77.8
0 98 27 66.53 0.0541 933.0
0 98 19 57.34 0.0641 787.1
0 98 15 50.59 0.1198 159.3
0 98 31 95.60 0.0646 552.7
0 98 34 211.14 0.0469 492.2
0 98 31 162.42 0.0460 691.1
0 98 34 63.85 0.1026 664.4
0 98 38 58.73 0.0883 526.4
0 98 24 290.00 0.0523 275.5
0 98 14 88.39 0.0753 363.5
0 98 26 517.47 0.0373 801.5
0 98 26 105.35 0.0719 235.5
0 98 23 92.68 0.0299 434.8
0 98 15 47.49 0.0527 937.6
0 98 35 142.65 0.0425 152.9
0 98 32 322.27 0.0595 127.8
0 98 21 95.66 0.0484 262.7
0 98 41 127.74 0.0634 145.0
0 98 38 50.10 0.1151 123.4
0 98 36 61.92 0.0854 879.6
0 98 13 810.74 0.0249 110.9
0 98 18 46.78 0.0732 503.1
0 98 30 350.09 0.0536 136.3
0 98 30 63.33 0.0750 517.9
0 98 29 106.23 0.0508 524.7
0 98 34 277.33 0.0548 669.2
0 98 26 111.36 0.0497 377.4
0 98 39 85.51 0.0661 272.3
0 98 15 65.99 0.1257 503.9
0 98 35 96.63 0.0756 574.0
0 98 22 131.94 0.0638 387.5
0 98 25 89.34 0.0450 383.9
0 98 34 156.68 0.0743 516.0
0 98 26 98.20 0.0634 512.0
0 98 39 318.79 0.0340 83.4
0 98 41 64.15 0.0892 513.2
0 98 17 135.74 0.0341 376.6
0 98 29 111.46 0.0595 618.0
0 98 27 112.90 0.0660 929.5
0 98 13 120.11 0.1206 494.5
0 98 23 96.25 0.0481 156.3
0 98 28 160.41 0.0703 493.0
0 98 18 154.80 0.1051 538.3
0 98 22 133.17 0.0279 309.5
0 98 23 49.36 0.1239 692.5
0 98 18 122.36 0.0429 348.8
0 98 23 109.73 0.1351 655.7
0 98 33 78.28 0.0985 196.7
0 98 40 310.03 0.0564 84.7
0 98 30 95.56 0.0624 565.0
0 98 25 444.41 0.1077 535.3
0 98 15 96.29 0.1067 553.2
0 98 30 67.46 0.0759 550.8
0 98 20 135.61 0.0711 839.6
0 98 43 188.25 0.0484 154.0
0 98 14 158.91 0.1096 134.7
0 98 23 88.04 0.0621 935.8
0 98 32 59.79 0.0604 944.2
0 98 35 115.71 0.0717 641.2
0 98 34 55.70 0.0987 105.1
0 98 20 71.76 0.0837 927.1
0 98 33 63.33 0.1024 500.6
0 98 22 125.88 0.1368 604.9
0 98 30 199.95 0.0570 216.6
0 98 13 315.35 0.1225 581.5
0 98 22 114.69 0.1193 572.8
0 98 19 77.69 0.0717 489.8
0 98 29 97.22 0.0757 701.3
0 98 35 72.26 0.0753 265.8
0 98 42 113.86 0.0380 85.4
0 98 20 121.47 0.0424 888.6
0 98 30 78.53 0.0611 628.7
0 98 20 64.71 0.1139 125.3
0 98 38 78.36 0.0866 556.3
0 98 30 89.18 0.0548 563.0
0 98 16 85.15 0.0954 131.3
0 98 21 95.19 0.0352 856.9
0 98 27 196.00 0.1324 541.5
0 98 33 80.41 0.0711 691.3
0 98 33 187.38 0.0761 542.8
0 98 35 146.23 0.0528 518.5
0 98 32 134.16 0.0467 934.1
0 98 35 134.83 0.0798 139.1
0 98 31 98.83 0.0393 327.4
0 98 32 105.60 0.0571 285.7
0 98 38 193.70 0.0495 172.0
0 98 38 52.51 0.0715 705.3
0 98 21 316.06 0.0882 386.3
0 98 13 63.38 0.0560 463.4
0 98 21 49.54 0.0844 478.8
0 98 27 87.27 0.1053 148.4
0 98 41 61.23 0.0896 151.1
0 98 25 77.37 0.0942 578.1
0 98 33 45.12 0.0580 901.1
0 98 41 124.07 0.0412 234.2
0 98 42 60.39 0.1113 627.6
0 98 18 58.19 0.1507 604.3
0 98 40 173.06 0.0441 631.1
0 98 42 116.52 0.0715 179.8
0 98 30 85.10 0.0517 454.6
0 98 19 60.40 0.0883 99.6
0 98 35 154.76 0.0409 934.8
0 98 30 123.23 0.0527 873.9
0 98 23 76.93 0.0776 568.7
0 98 30 66.15 0.0972 333.9
0 98 25 117.76 0.0472 680.0
0 98 43 137.07 0.0828 436.8
0 98 39 488.23 0.0500 210.2
0 98 41 118.18 0.0840 676.8
0 98 36 97.50 0.0747 682.6
0 98 41 108.97 0.0659 639.6
0 98 24 156.48 0.0495 542.7
0 98 41 99.90 0.0515 186.9
0 98 23 103.42 0.0416 912.3
0 98 39 1681.27 0.0365 159.5
0 98 38 78.22 0.0940 269.1
0 98 32 80.96 0.0558 491.1
0 98 39 130.41 0.0755 223.3
0 98 17 208.64 0.0661 629.9
0 98 36 132.77 0.0743 573.8
0 98 33 78.43 0.0720 510.9
0 98 28 106.20 0.0857 522.3
0 98 35 175.33 0.0862 665.7
0 98 27 164.54 0.0234 776.9
0 98 32 101.86 0.0824 166.5
0 98 19 121.02 0.1207 566.4
0 98 15 49.32 0.1028 34.3
0 98 29 63.35 0.0885 563.5
0 98 17 192.31 0.0463 700.6
0 98 35 134.02 0.0454 404.5
0 98 30 205.52 0.0426 416.6
0 98 41 251.40 0.0503 224.4
0 98 27 235.29 0.0337 316.8
0 98 34 311.20 0.0776 554.3
0 98 37 94.68 0.1100 203.7
0 98 29 195.96 0.0592 887.7
0 98 39 125.87 0.0483 531.3
0 98 17 1030.80 0.0401 92.3
0 98 29 56.85 0.1228 708.7
0 98 26 175.98 0.1002 494.1
0 98 31 208.26 0.0693 914.3
0 98 35 84.90 0.0750 576.6
0 98 25 173.73 0.0436 469.6
0 98 20 71.41 0.0878 921.4
0 98 18 85.02 0.0326 863.9
0 98 26 164.49 0.0591 946.1
0 98 19 142.39 0.0514 929.1
0 98 17 47.52 0.1453 94.5
0 98 39 162.13 0.0588 113.2
0 98 16 150.86 0.1466 532.1
0 98 33 129.96 0.0357 68.2
0 98 14 46.96 0.1218 47.6
0 98 13 140.24 0.1133 417.8
0 98 22 202.26 0.0270 319.4
0 98 13 98.84 0.1067 564.8
0 98 31 63.90 0.1071 67.0
0 98 15 72.46 0.0828 533.2
0 98 18 99.73 0.0561 948.9
0 98 28 79.88 0.1015 464.3
0 98 26 46.47 0.1068 349.3
0 98 25 290.87 0.0460 603.7
0 98 31 69.84 0.0779 880.3
0 98 34 75.70 0.0939 636.0
0 98 18 528.87 0.1040 65.7
0 98 16 46.37 0.0940 524.5
0 98 38 1265.95 0.0530 662.6
0 98 27 90.86 0.0631 295.4
0 98 30 242.95 0.0629 892.5
0 98 28 142.45 0.1160 657.0
0 98 38 58.70 0.1076 430.4
0 98 37 85.35 0.0742 206.0
0 98 23 60.60 0.0550 93.4
0 98 31 274.90 0.0472 460.8
0 98 14 180.05 0.0902 565.0
0 98 35 171.91 0.0615 195.4
0 98 17 83.04 0.0612 929.8
0 98 17 71.97 0.0417 85.8
0 98 28 50.85 0.1138 233.3
0 98 18 54.59 0.0478 98.7
0 98 37 159.80 0.0490 29.0
0 98 31 56.43 0.0986 627.3
0 98 14 57.03 0.1307 657.4
0 98 35 59.60 0.0825 146.5
0 98 17 80.76 0.0675 506.2
0 98 24 109.10 0.0205 563.3
0 98 16 94.49 0.0950 507.9
0 98 27 92.77 0.0823 247.7
0 98 13 70.65 0.0826 736.0
0 98 32 67.22 0.0699 698.1
0 98 29 80.08 0.0826 569.2
0 98 18 47.82 0.1356 729.9
0 98 17 197.17 0.0363 42.3
0 98 30 78.76 0.0389 957.5
0 98 23 106.55 0.0713 452.5
0 98 17 68.84 0.0723 613.5
0 98 32 105.30 0.0536 218.9
1 0 37 150.88 0.0705 777.8
1 0 31 87.88 0.0978 354.4
1 0 22 187.73 0.0438 561.0
1 0 24 114.34 0.0842 28.3
1 0 29 79.45 0.0845 902.0
1 0 36 64.70 0.0660 922.7
1 0 16 77.29 0.0421 363.6
1 0 16 199.60 0.0611 540.4
1 0 16 156.57 0.0850 123.6
1 0 14 78.77 0.0983 573.5
1 0 16 96.07 0.0823 588.1
1 0 29 159.82 0.0812 348.3
1 0 36 115.03 0.0846 648.2
1 0 33 232.70 0.0632 902.5
1 0 20 296.87 0.0588 244.4
1 0 26 136.37 0.0802 864.3
1 0 27 74.56 0.0780 551.0
1 0 28 154.90 0.0795 397.0
1 0 20 116.94 0.0659 573.9
1 0 42 62.88 0.1209 546.5
1 0 13 820.29 0.1389 898.3
1 0 16 756.45 0.0624 602.0
1 0 33 101.31 0.0722 282.5
1 0 31 102.33 0.0905 423.2
1 0 18 104.28 0.0943 223.7
1 0 25 90.09 0.0651 851.3
1 0 39 163.83 0.0818 487.7
1 0 17 133.84 0.0997 931.3
1 0 33 97.39 0.0594 778.1
1 0 15 386.34 0.0524 16.1
1 0 23 267.23 0.0504 563.5
1 0 26 64.67 0.0784 365.4
1 0 18 100.90 0.0594 300.1
1 0 28 159.45 0.0697 288.7
1 0 32 70.22 0.0957 197.4
1 0 27 62.47 0.0993 464.7
1 0 23 474.73 0.0572 462.8
1 0 34 216.09 0.0882 197.8
1 0 27 168.43 0.0637 840.3
1 0 32 130.37 0.0836 870.5
1 0 21 56.30 0.0937 853.6
1 0 19 165.83 0.0650 399.4
1 0 17 83.43 0.0872 916.0
1 0 39 253.50 0.0662 704.4
1 0 13 295.03 0.1309 378.8
1 0 36 77.71 0.0693 894.2
1 0 37 77.04 0.0847 213.8
1 0 26 213.63 0.0937 702.9
1 0 23 226.27 0.0392 321.1
1 0 31 108.81 0.0961 233.2
1 0 21 90.77 0.1183 96.2
1 0 17 48.76 0.1287 777.8
1 0 33 60.87 0.1231 156.4
1 0 30 92.80 0.0800 492.4
1 0 25 213.97 0.0605 291.8
1 0 35 51.63 0.0967 622.4
1 0 17 88.47 0.0711 396.4
1 0 15 271.17 0.0564 913.5
1 0 14 1080.52 0.1564 68.5
1 0 17 202.66 0.1333 757.0
1 0 39 68.19 0.0978 940.9
1 0 36 111.06 0.0830 359.0
1 0 27 170.94 0.0827 930.1
1 0 37 78.19 0.1108 447.0
1 0 31 62.06 0.0972 581.0
1 0 42 580.79 0.0522 775.3
1 0 24 53.24 0.0608 131.7
1 0 27 94.65 0.0793 932.0
1 0 21 281.99 0.0912 370.1
1 0 17 47.00 0.0572 825.9
1 0 35 149.50 0.0687 432.7
1 0 21 65.20 0.0694 207.8
1 0 17 162.65 0.0489 332.9
1 0 23 66.34 0.1043 501.2
1 0 29 155.55 0.0671 254.9
1 0 32 131.01 0.0862 455.0
1 0 28 126.24 0.0556 928.6
1 0 29 176.56 0.0740 825.8
1 0 15 146.18 0.0818 387.2
1 0 24 438.53 0.0554 583.4
1 0 15 69.80 0.1018 448.0
1 0 30 83.49 0.0783 877.6
1 0 28 91.48 0.0730 678.0
1 0 20 115.44 0.0753 527.6
1 0 25 75.16 0.1063 444.7
1 0 20 146.59 0.0729 56.8
1 0 31 145.22 0.0654 118.0
1 0 42 119.31 0.0682 494.4
1 0 38 196.01 0.0549 696.3
1 0 35 212.97 0.0637 634.3
1 0 38 160.76 0.0739 871.6
1 0 17 823.33 0.0678 396.8
1 0 21 56.54 0.1308 389.7
1 0 16 184.77 0.0385 315.7
1 0 25 253.86 0.0468 577.2
1 0 16 84.48 0.0696 893.9
1 0 16 124.72 0.1037 947.5
1 0 37 130.81 0.0501 282.3
1 0 32 92.06 0.0895 877.1
1 0 18 402.74 0.0604 399.4
1 0 28 129.55 0.0562 34.4
1 0 25 52.75 0.0831 418.3
1 0 33 49.54 0.1098 216.8
1 0 31 89.22 0.0822 815.4
1 0 17 54.22 0.0551 802.4
1 0 34 98.95 0.0770 164.7
1 0 27 67.81 0.1137 50.4
1 0 29 184.87 0.0704 236.8
1 0 24 70.76 0.0851 140.0
1 0 33 45.01 0.0906 241.8
1 0 34 179.17 0.0760 846.1
1 0 17 237.10 0.0247 209.1
1 0 24 50.61 0.1117 444.4
1 0 19 174.33 0.0405 24.2
1 0 18 61.07 0.1602 241.5
1 0 15 345.69 0.0463 793.7
1 0 22 68.26 0.0673 789.0
1 0 18 97.59 0.1091 931.3
1 0 24 158.76 0.0590 319.1
1 0 30 79.86 0.0957 75.4
1 0 29 145.54 0.0710 860.3
1 0 32 101.56 0.0838 326.0
1 0 40 141.48 0.0721 451.9
1 0 29 67.56 0.0952 108.0
1 0 22 136.83 0.0687 647.5
1 0 39 69.22 0.0849 552.8
1 0 17 52.16 0.1064 33.7
1 0 26 78.66 0.0723 454.6
1 0 27 119.94 0.0918 367.5
1 0 24 118.60 0.0805 61.4
1 0 18 59.60 0.1424 402.0
1 0 35 101.73 0.0788 470.8
1 0 24 77.32 0.1068 394.2
1 0 29 55.10 0.0971 946.4
1 0 14 78.83 0.0533 785.9
1 0 18 87.86 0.0444 536.2
1 0 15 132.96 0.0465 922.4
1 0 24 64.05 0.1209 637.6
1 0 30 347.29 0.0628 30.5
1 0 27 113.03 0.1057 585.9
1 0 18 679.76 0.0525 220.6
1 0 33 56.25 0.1364 201.5
1 0 37 68.44 0.1065 165.1
1 0 26 57.96 0.0942 530.4
1 0 29 123.61 0.0820 828.0
1 0 30 141.47 0.0929 478.4
1 0 36 96.07 0.0992 686.3
1 0 19 105.75 0.0673 52.0
1 0 28 67.92 0.0667 106.4
1 0 39 111.86 0.0729 623.0
1 0 29 77.14 0.1122 447.8
1 0 28 108.74 0.0816 730.5
1 0 15 82.37 0.1006 505.2
1 0 37 120.04 0.1030 795.0
1 0 32 201.01 0.0675 394.9
1 0 41 209.92 0.0763 500.0
1 0 27 57.38 0.1087 697.0
1 0 14 65.78 0.1318 471.4
1 0 27 85.09 0.1093 648.9
1 0 29 129.53 0.1154 383.3
1 0 39 188.77 0.0658 763.0
1 0 17 59.90 0.1240 697.2
1 0 31 134.40 0.0658 308.8
1 0 23 108.19 0.0947 935.6
1 0 25 185.03 0.1194 674.3
1 0 30 64.63 0.1229 889.5
1 0 26 46.06 0.1146 341.0
1 0 36 353.71 0.0634 125.4
1 0 40 163.91 0.0610 229.7
1 0 38 90.94 0.0786 863.0
1 0 44 158.06 0.0764 890.7
1 0 19 98.66 0.1093 440.7
1 0 15 85.83 0.0417 628.0
1 0 23 132.66 0.0741 882.7
1 0 16 82.71 0.0944 674.1
1 0 16 68.09 0.0471 500.9
1 0 28 113.41 0.1007 15.3
1 0 17 328.20 0.0537 36.9
1 0 37 62.75 0.1020 339.2
1 0 29 240.85 0.0778 386.9
1 0 31 53.58 0.0837 51.0
1 0 33 123.98 0.0799 348.6
1 0 25 189.76 0.0673 753.3
1 0 44 112.50 0.0878 607.7
1 0 16 223.97 0.0712 906.4
1 0 13 652.95 0.0506 947.5
1 0 14 230.62 0.1423 318.5
1 0 41 107.44 0.0973 841.9
1 0 19 135.58 0.0491 495.8
1 0 29 56.33 0.1120 573.9
1 0 28 70.92 0.1252 894.7
1 0 29 138.08 0.0652 240.2
1 0 24 92.52 0.0626 65.9
1 0 43 249.14 0.0515 464.7
1 0 27 64.81 0.0730 104.9
1 0 30 246.41 0.0533 792.1
1 0 35 60.33 0.0993 508.6
1 0 36 90.05 0.0845 346.5
1 0 17 64.89 0.1348 357.3
1 0 18 124.48 0.0746 941.3
1 0 17 57.51 0.1094 419.9
1 0 40 112.84 0.0547 735.4
1 0 16 150.32 0.0321 141.3
1 0 30 98.33 0.0693 34.1
1 0 16 443.59 0.0513 298.1
1 0 38 103.33 0.0656 111.7
1 0 18 69.93 0.0961 200.0
1 0 18 72.13 0.0947 54.9
1 0 41 276.13 0.0560 917.0
1 0 36 99.94 0.0627 866.6
1 0 40 117.97 0.0929 120.3
1 0 36 75.26 0.0898 389.3
1 0 33 82.08 0.0659 486.3
1 0 33 170.31 0.0578 385.0
1 0 38 85.16 0.0756 719.6
1 0 22 141.76 0.0537 751.2
1 0 40 84.47 0.1017 108.2
1 0 26 131.85 0.0577 68.1
1 0 33 73.60 0.1018 349.2
1 0 18 47.73 0.0987 784.0
1 0 37 57.22 0.0949 415.9
1 0 21 107.77 0.0595 237.5
1 0 14 206.48 0.0979 362.9
1 0 22 291.40 0.1142 348.6
1 0 37 224.68 0.0819 555.8
1 0 17 75.40 0.1130 164.2
1 0 39 284.77 0.0615 697.0
1 0 38 66.35 0.1016 558.0
1 0 40 90.05 0.0915 112.5
1 0 18 74.88 0.0559 29.8
1 0 39 93.20 0.0738 361.3
1 0 36 162.46 0.0714 77.0
1 0 30 78.71 0.0705 238.5
1 0 35 103.30 0.0585 850.7
1 0 17 86.48 0.0879 673.0
1 0 35 199.97 0.0794 248.8
1 0 41 67.35 0.0944 435.4
1 0 37 62.71 0.1083 900.4
1 0 30 167.17 0.0594 766.6
1 0 15 197.10 0.1090 537.5
1 0 13 211.76 0.1548 156.7
1 0 16 129.01 0.0469 394.1
1 0 36 46.35 0.1243 112.0
1 0 38 69.58 0.0935 152.1
1 0 25 58.87 0.1009 200.0
1 0 35 77.70 0.0843 444.7
1 0 37 80.88 0.0866 271.9
1 0 17 157.44 0.0609 335.2
1 0 30 45.28 0.1482 104.7
1 0 14 397.16 0.0596 361.4
1 0 22 94.54 0.0991 512.0
1 0 39 281.39 0.0697 123.2
1 0 25 125.61 0.0801 171.6
1 0 38 143.45 0.0778 153.5
1 0 39 125.38 0.0747 337.8
1 0 27 59.62 0.1037 442.0
1 0 32 171.01 0.0552 839.7
1 0 34 88.18 0.0936 560.8
1 0 34 83.51 0.1065 578.3
1 0 41 166.88 0.0711 731.4
1 0 19 597.41 0.0939 32.6
1 0 20 138.52 0.0598 780.1
1 0 26 269.74 0.0568 174.7
1 0 21 163.57 0.0495 403.4
1 0 40 235.27 0.0525 74.5
1 0 33 158.89 0.0677 490.0
1 0 27 86.46 0.0772 33.0
1 0 44 86.67 0.1022 856.6
1 0 40 55.00 0.0999 110.3
1 0 39 151.76 0.0776 640.8
1 0 16 58.66 0.1255 64.5
1 0 36 139.86 0.0820 706.4
1 0 22 66.23 0.1058 112.7
1 0 14 50.58 0.1643 377.5
1 0 37 111.45 0.0661 412.0
1 0 25 45.06 0.1233 921.7
1 0 21 99.87 0.0554 165.5
1 0 35 266.28 0.0737 93.0
1 0 16 61.50 0.0768 65.6
1 0 31 100.24 0.0862 76.5
1 0 24 80.55 0.1146 489.8
1 0 35 74.86 0.0907 721.5
1 0 41 76.63 0.0884 121.2
1 0 17 105.72 0.0537 694.2
1 0 36 132.24 0.0531 422.8
1 0 38 231.14 0.0428 736.3
1 0 37 74.80 0.0996 475.0
1 0 19 62.97 0.0630 34.4
1 0 22 491.73 0.0673 349.5
1 0 39 68.17 0.0871 803.6
1 0 31 108.98 0.0820 537.3
1 0 27 161.67 0.0521 241.0
1 0 44 74.31 0.0925 483.8
1 0 16 48.41 0.0814 349.7
1 0 31 81.42 0.1102 289.0
1 0 25 88.01 0.0896 820.7
1 0 28 48.47 0.0694 878.5
1 0 39 64.18 0.0579 4.9
1 0 36 128.40 0.0506 458.6
1 0 22 64.40 0.0767 201.6
1 0 34 113.32 0.0909 108.0
1 0 31 135.94 0.0656 30.6
1 0 43 67.64 0.1052 232.8
1 0 39 150.08 0.0582 746.6
1 0 21 225.92 0.0540 24.7
1 0 27 183.12 0.0562 71.1
1 0 19 51.53 0.1315 390.0
1 0 32 54.30 0.0914 490.8
1 0 39 120.76 0.0713 606.4
1 0 36 54.61 0.1241 676.4
1 0 34 162.09 0.0787 406.5
1 0 37 64.03 0.0987 100.8
1 0 30 164.37 0.0934 36.5
1 0 25 98.23 0.1005 926.3
1 0 22 274.92 0.0585 98.6
1 0 34 47.34 0.0987 131.0
1 0 17 283.80 0.0365 548.7
1 0 22 135.78 0.0425 927.7
1 0 36 141.97 0.0758 844.3
1 0 21 75.53 0.0992 369.8
1 0 17 111.99 0.0956 956.1
1 0 23 83.44 0.0655 76.3
1 0 32 101.33 0.0864 339.9
1 0 45 141.07 0.0917 837.1
1 0 23 80.76 0.0592 424.6
1 0 18 98.87 0.1138 64.0
1 0 19 58.07 0.1055 831.8
1 0 19 65.01 0.1151 483.0
1 0 36 136.55 0.0567 900.1
1 0 30 47.48 0.1094 203.3
1 0 34 69.30 0.0960 460.9
1 0 28 49.46 0.0919 821.4
1 0 38 149.09 0.0877 403.3
1 0 40 72.64 0.0932 234.0
1 0 30 299.38 0.0688 368.1
1 0 29 85.09 0.0625 495.3
1 0 33 96.15 0.0679 465.4
1 0 24 134.99 0.0418 40.6
1 0 25 362.36 0.0730 501.1
1 0 14 47.85 0.1354 505.6
1 0 19 159.22 0.0611 36.5
1 0 31 93.46 0.0751 918.6
1 0 40 56.50 0.0948 115.5
1 0 37 93.81 0.0704 398.4
1 0 39 127.41 0.0766 80.7
1 0 20 103.98 0.0704 359.7
1 0 26 50.27 0.0835 221.4
1 0 33 160.84 0.0680 229.4
1 0 28 226.01 0.0644 368.5
1 0 32 49.62 0.1147 42.7
1 0 27 72.91 0.0841 480.2
1 0 41 69.56 0.0962 723.0
1 0 22 51.82 0.1013 341.6
1 0 31 128.50 0.0650 818.2
1 0 17 85.11 0.0446 356.3
1 0 37 102.54 0.0997 266.6
1 0 42 56.64 0.0879 98.6
1 0 21 93.40 0.0708 387.1
1 0 33 80.82 0.1137 874.6
1 0 16 203.48 0.0250 316.9
1 0 37 102.88 0.1213 538.7
1 0 17 112.27 0.0776 89.7
1 0 24 89.31 0.0937 521.1
1 0 27 105.48 0.0947 196.5
1 0 22 75.86 0.1103 371.1
1 0 32 186.55 0.0837 121.9
1 0 27 129.30 0.0608 457.3
1 0 15 91.71 0.0904 155.6
1 0 24 126.16 0.0797 173.0
1 0 26 99.68 0.1061 937.6
1 0 27 71.38 0.1387 483.4
1 0 29 112.88 0.0674 429.5
1 0 26 165.27 0.0673 380.9
1 0 32 179.89 0.0688 589.8
1 0 13 206.41 0.1108 837.0
1 0 17 263.40 0.0299 647.2
1 0 22 90.96 0.0489 795.0
1 0 17 486.67 0.0419 367.8
1 0 17 63.21 0.0426 109.6
1 0 13 567.18 0.0600 321.8
1 0 14 57.34 0.1195 188.6
1 0 15 80.67 0.0775 389.0
1 0 19 88.89 0.1014 439.5
1 0 13 86.15 0.1096 773.0
1 0 16 2065.97 0.0346 695.6
1 0 17 69.55 0.0612 16.2
1 0 13 99.05 0.0863 897.5
1 0 14 238.07 0.1552 37.4
1 0 13 51.41 0.1100 226.5
1 0 16 172.53 0.0672 664.9
1 0 19 69.00 0.0505 346.9
1 0 15 51.87 0.1272 639.7
1 0 17 282.59 0.0556 422.9
1 0 14 54.34 0.0484 19.0
1 0 25 45.99 0.1313 409.9
1 0 16 46.01 0.0647 612.2
1 0 22 46.97 0.1240 84.7
1 0 19 174.79 0.1013 388.8
1 0 39 215.48 0.0802 92.9
1 0 18 136.81 0.0555 228.4
1 0 13 84.93 0.0856 467.3
1 0 14 479.72 0.0546 311.4
1 0 43 115.31 0.0599 104.4
1 0 16 279.40 0.0654 24.3
1 0 38 187.22 0.0749 275.0
1 0 42 52.03 0.1141 627.9
1 0 29 117.53 0.0817 156.4
1 0 28 137.02 0.0617 419.5
1 0 21 90.25 0.0758 908.8
1 0 20 124.71 0.0590 813.1
1 0 32 67.29 0.1040 766.2
1 0 16 443.27 0.0380 659.8
1 0 32 53.58 0.1094 826.6
1 0 13 181.08 0.0604 524.6
1 0 13 84.21 0.1411 376.3
1 0 38 160.79 0.0678 494.8
1 0 21 141.71 0.0621 652.4
1 0 21 152.86 0.0801 671.0
1 0 16 46.73 0.1280 832.1
1 0 19 115.46 0.0565 483.5
1 0 19 46.04 0.1110 276.9
1 0 29 81.27 0.0685 452.9
1 0 18 73.01 0.0910 349.8
1 0 28 176.39 0.0535 399.4
1 0 20 73.75 0.0800 52.8
1 0 24 53.71 0.0718 756.2
1 0 14 220.06 0.1593 816.6
1 0 15 176.72 0.0951 933.4
1 0 18 124.56 0.0950 634.2
1 0 23 131.04 0.0570 492.4
1 0 32 95.15 0.0886 485.7
1 0 18 64.84 0.0978 349.5
1 0 14 116.94 0.0709 428.5
1 1 33 94.55 0.0824 873.3
1 1 32 113.43 0.0818 437.3
1 1 29 363.76 0.0477 759.3
1 1 35 53.34 0.1244 246.7
1 1 21 92.78 0.1093 228.0
1 1 24 87.75 0.1279 786.9
1 1 24 53.19 0.1131 86.4
1 1 19 46.52 0.0859 343.5
1 1 34 103.40 0.0990 570.6
1 1 32 77.65 0.1326 144.8
1 1 42 130.77 0.0854 551.9
1 1 26 59.53 0.1218 105.7
1 1 33 84.50 0.1114 348.5
1 1 21 88.30 0.0735 473.8
1 1 23 181.24 0.0791 531.8
1 1 36 130.04 0.0783 938.2
1 1 17 57.09 0.0546 270.3
1 1 28 113.10 0.1016 638.5
1 1 27 72.99 0.1038 526.4
1 1 23 101.27 0.0560 434.0
1 1 24 85.13 0.1065 294.3
1 1 38 91.12 0.0859 474.2
1 1 35 66.84 0.1030 57.8
1 1 17 96.41 0.0532 608.3
1 1 31 49.12 0.1198 580.1
1 1 19 99.16 0.1024 485.5
1 1 36 55.33 0.1474 463.1
1 1 19 110.86 0.0883 87.9
1 1 35 117.98 0.0859 263.0
1 1 29 146.01 0.1451 479.7
1 1 30 68.93 0.1031 231.3
1 1 27 46.68 0.1178 66.4
1 1 31 128.09 0.0894 814.2
1 1 22 131.29 0.0948 946.0
1 1 26 116.74 0.0650 552.5
1 1 21 48.17 0.0904 780.9
1 1 31 226.88 0.0588 83.9
1 1 24 111.20 0.1124 148.0
1 1 31 115.45 0.0723 571.6
1 1 32 81.53 0.0724 490.4
1 1 21 117.16 0.0808 81.2
1 1 36 306.77 0.0482 253.5
1 1 36 160.07 0.0554 544.7
1 1 15 129.18 0.0655 89.7
1 1 31 67.34 0.0675 266.6
1 1 17 127.83 0.1416 905.2
1 1 38 68.24 0.0953 442.9
1 1 35 139.45 0.0699 635.4
1 1 35 100.50 0.0589 221.4
1 1 40 47.46 0.1097 639.3
1 1 31 63.94 0.0855 487.4
1 1 24 233.84 0.0615 590.9
1 1 29 150.72 0.0666 207.1
1 1 36 98.34 0.0653 116.7
1 1 29 63.88 0.1068 831.4
1 1 30 152.24 0.0756 495.5
1 1 30 84.69 0.0904 306.8
1 1 19 162.72 0.1048 241.1
1 1 26 138.21 0.1098 442.6
1 1 32 94.23 0.0802 161.0
1 1 30 208.67 0.0740 615.1
1 1 16 307.69 0.0540 754.8
1 1 21 100.11 0.0784 298.4
1 1 19 117.22 0.0635 904.7
1 1 32 77.67 0.0864 59.4
1 1 40 58.51 0.0697 495.4
1 1 21 47.57 0.0851 520.7
1 1 35 78.08 0.0973 922.9
1 1 23 102.86 0.0600 356.6
1 1 24 79.49 0.1243 126.8
1 1 15 50.47 0.0747 79.2
1 1 27 98.27 0.0570 912.0
1 1 39 169.78 0.0887 361.4
1 1 25 166.32 0.0705 58.0
1 1 18 341.85 0.0842 530.8
1 1 31 87.32 0.0603 684.2
1 1 28 102.61 0.0601 346.4
1 1 36 133.74 0.0762 584.7
1 1 43 53.27 0.0943 540.1
1 1 24 705.16 0.0272 95.5
1 1 14 45.74 0.1079 529.1
1 1 23 97.39 0.0545 699.5
1 1 40 84.95 0.0761 282.1
1 1 13 109.88 0.0811 293.3
1 1 17 232.68 0.0302 145.8
1 1 38 61.08 0.1043 816.6
1 1 22 180.02 0.0476 407.9
1 1 36 167.32 0.0674 251.6
1 1 16 56.17 0.0886 386.6
1 1 22 107.37 0.0716 825.3
1 1 21 331.89 0.0631 942.5
1 1 24 102.00 0.0489 669.5
1 1 35 94.54 0.0896 732.2
1 1 25 54.41 0.0868 459.3
1 1 34 292.93 0.0572 466.5
1 1 29 60.19 0.1051 26.2
1 1 17 68.88 0.0593 839.8
1 1 39 108.30 0.0741 487.7
1 1 30 88.39 0.1074 223.2
1 1 29 145.02 0.0740 784.0
1 1 39 121.75 0.0590 566.8
1 1 28 61.32 0.1089 787.0
1 1 29 48.97 0.1049 662.9
1 1 36 46.52 0.1117 95.3
1 1 14 53.50 0.0435 222.4
1 1 33 263.74 0.0617 211.9
1 1 23 74.09 0.1011 12.7
1 1 17 96.09 0.0971 18.5
1 1 19 49.97 0.0888 19.4
1 1 36 219.30 0.0593 866.9
1 1 46 221.39 0.0578 478.1
1 1 23 83.20 0.1107 684.2
1 1 39 109.01 0.0645 522.6
1 1 28 206.32 0.0778 728.3
1 1 19 47.71 0.1272 724.3
1 1 16 477.13 0.0928 512.3
1 1 27 57.40 0.1050 275.5
1 1 22 86.02 0.1036 470.2
1 1 17 57.81 0.0743 463.5
1 1 14 125.50 0.1350 88.2
1 1 14 61.28 0.0699 516.4
1 1 29 68.12 0.0499 499.9
1 1 38 130.68 0.0727 100.0
1 1 20 123.32 0.0477 917.1
1 1 27 158.56 0.0805 557.0
1 1 36 405.56 0.0816 487.0
1 1 29 67.33 0.1213 327.9
1 1 17 70.66 0.0713 866.6
1 1 26 77.38 0.0908 216.7
1 1 19 96.95 0.0718 634.6
1 1 26 94.70 0.0987 197.6
1 1 38 114.91 0.0909 227.8
1 1 35 160.70 0.0665 149.7
1 1 35 61.04 0.1233 693.0
1 1 35 85.33 0.1003 246.2
1 1 36 243.56 0.0701 696.0
1 1 25 227.89 0.1005 60.0
1 1 40 141.98 0.0664 16.1
1 1 14 248.11 0.1614 569.1
1 1 32 138.93 0.0894 147.4
1 1 28 115.90 0.0614 461.1
1 1 34 358.07 0.0658 83.2
1 1 39 108.11 0.0896 554.3
1 1 29 388.93 0.0573 567.0
1 1 21 102.37 0.0478 739.4
1 1 24 268.21 0.0617 876.3
1 1 23 72.65 0.1061 561.9
1 1 19 155.48 0.0891 441.9
1 1 16 176.71 0.0791 22.5
1 1 26 235.17 0.0484 403.0
1 1 44 224.21 0.0640 200.4
1 1 33 106.74 0.0644 759.4
1 1 35 181.81 0.0734 495.7
1 1 42 165.65 0.0721 861.5
1 1 37 85.21 0.0871 69.0
1 1 43 55.90 0.1013 332.0
1 1 24 83.96 0.0961 79.0
1 1 32 113.40 0.0820 257.9
1 1 25 131.70 0.0730 62.6
1 1 30 103.65 0.0588 768.1
1 1 13 57.85 0.1014 136.8
1 1 43 137.12 0.0797 604.6
1 1 25 125.03 0.0600 231.2
1 1 21 166.44 0.0492 844.8
1 1 31 139.75 0.0841 698.4
1 1 23 178.11 0.0593 211.3
1 1 35 228.18 0.0625 258.3
1 1 29 151.54 0.0682 449.6
1 1 32 61.95 0.1057 682.6
1 1 30 264.32 0.0667 761.6
1 1 43 205.12 0.0709 474.7
1 1 18 138.01 0.0579 51.5
1 1 24 171.60 0.0627 834.5
1 1 34 93.97 0.0674 473.6
1 1 29 120.76 0.0634 96.9
1 1 41 217.43 0.0691 767.7
1 1 36 177.22 0.0520 427.4
1 1 19 112.86 0.1031 477.3
1 1 35 217.58 0.0664 117.5
1 1 17 61.20 0.0882 40.7
1 1 40 286.50 0.0659 223.0
1 1 27 74.37 0.0670 613.4
1 1 45 260.73 0.0718 146.6
1 1 29 223.98 0.0489 172.0
1 1 41 133.33 0.0784 618.6
1 1 38 215.74 0.0675 248.6
1 1 29 58.78 0.0921 487.7
1 1 34 47.62 0.1658 763.4
1 1 26 151.65 0.0935 216.7
1 1 34 57.09 0.0982 176.3
1 1 38 193.83 0.0660 627.1
1 1 29 47.67 0.1182 267.3
1 1 17 58.73 0.0850 12.7
1 1 38 140.62 0.0709 487.6
1 1 40 110.09 0.0931 562.9
1 1 24 82.33 0.1023 372.8
1 1 22 139.58 0.0476 416.6
1 1 41 140.44 0.0768 51.7
1 1 34 73.13 0.1416 506.7
1 1 41 84.77 0.0877 455.2
1 1 38 112.53 0.0852 560.7
1 1 17 87.85 0.0478 286.9
1 1 30 86.44 0.0797 886.5
1 1 14 138.17 0.0563 915.9
1 1 16 98.49 0.0823 914.6
1 1 14 100.39 0.0521 633.3
1 1 40 218.26 0.0801 205.3
1 1 36 208.34 0.0678 818.5
1 1 33 130.49 0.0576 845.6
1 1 41 88.90 0.1009 908.7
1 1 29 137.97 0.0794 776.2
1 1 39 128.36 0.0827 619.6
1 1 41 91.88 0.1176 221.0
1 1 32 129.58 0.1329 536.7
1 1 28 52.92 0.1055 421.8
1 1 27 66.39 0.1005 620.6
1 1 32 165.88 0.0495 92.6
1 1 37 400.40 0.0446 285.3
1 1 19 55.72 0.1409 501.5
1 1 31 173.58 0.0678 243.0
1 1 33 61.52 0.1219 112.5
1 1 35 257.18 0.0617 556.3
1 1 30 174.48 0.0718 704.1
1 1 33 159.47 0.0586 503.1
1 1 15 455.70 0.0580 123.2
1 1 14 67.51 0.0816 662.6
1 1 37 126.91 0.0917 199.4
1 1 17 721.42 0.0473 781.9
1 1 24 129.94 0.0427 40.3
1 1 25 65.24 0.1080 912.6
1 1 35 125.38 0.0908 438.6
1 1 36 84.43 0.1037 503.0
1 1 23 68.53 0.0851 735.4
1 1 28 53.60 0.0880 482.4
1 1 33 75.85 0.0897 116.4
1 1 23 112.10 0.0939 140.4
1 1 41 48.39 0.1252 455.0
1 1 16 52.55 0.0918 538.3
1 1 19 556.82 0.0491 62.4
1 1 30 91.35 0.0562 421.6
1 1 24 46.73 0.1345 482.8
1 1 25 53.11 0.1188 97.9
1 1 30 109.35 0.0826 758.0
1 1 31 110.25 0.0445 487.1
1 1 44 136.84 0.0674 686.0
1 1 24 127.49 0.0901 375.9
1 1 36 198.06 0.0520 736.8
1 1 30 145.05 0.0872 186.5
1 1 34 168.53 0.0656 360.6
1 1 26 159.37 0.0558 162.4
1 1 23 103.35 0.0948 525.3
1 1 40 182.05 0.0748 228.4
1 1 35 121.66 0.0912 225.2
1 1 38 82.70 0.0752 260.7
1 1 25 55.46 0.1019 376.7
1 1 17 117.05 0.0705 938.3
1 1 39 69.21 0.0849 767.6
1 1 26 542.50 0.1176 588.2
1 1 30 103.04 0.0652 916.1
1 1 31 78.31 0.0762 203.7
1 1 21 88.37 0.0773 937.3
1 1 40 162.18 0.0786 228.0
1 1 22 99.09 0.0653 243.4
1 1 20 137.67 0.0608 849.9
1 1 14 188.27 0.0422 760.7
1 1 31 171.78 0.0790 135.6
1 1 32 111.08 0.0794 745.3
1 1 46 93.07 0.0659 190.1
1 1 25 56.00 0.0707 537.9
1 1 37 91.09 0.0998 208.9
1 1 31 60.08 0.0544 545.9
1 1 26 82.38 0.1149 295.8
1 1 25 64.18 0.0993 37.7
1 1 42 121.75 0.0605 566.3
1 1 41 69.28 0.0981 895.4
1 1 34 71.58 0.0904 496.5
1 1 32 62.41 0.0775 120.6
1 1 35 139.37 0.0574 120.2
1 1 22 136.51 0.0493 893.1
1 1 15 186.66 0.0770 389.2
1 1 14 61.70 0.0483 234.4
1 1 25 124.06 0.0523 235.7
1 1 33 144.10 0.0718 589.0
1 1 41 144.73 0.0658 199.4
1 1 30 78.87 0.0855 507.3
1 1 33 251.08 0.0749 602.3
1 1 17 74.84 0.0469 293.0
1 1 16 60.93 0.0798 50.6
1 1 28 89.93 0.1045 628.7
1 1 16 69.63 0.0353 251.6
1 1 14 71.94 0.0369 580.3
1 1 20 178.03 0.0520 82.3
1 1 20 74.30 0.0737 856.5
1 1 33 70.02 0.0841 265.4
1 1 27 71.48 0.0673 171.6
1 1 16 207.13 0.0132 20.3
1 1 31 47.50 0.1360 479.3
1 1 37 245.17 0.0896 25.3
1 1 37 97.01 0.0859 570.3
1 1 44 92.35 0.0844 562.2
1 1 40 81.66 0.1053 67.4
1 1 17 54.43 0.0765 906.4
1 1 33 95.11 0.0692 909.4
1 1 14 97.33 0.0458 931.9
1 1 16 94.39 0.1390 942.0
1 1 24 98.16 0.0958 420.8
1 1 34 106.18 0.0494 415.1
1 1 23 79.38 0.1001 36.9
1 1 31 155.97 0.0660 242.2
1 1 18 61.90 0.0896 547.0
1 1 28 75.84 0.1348 699.5
1 1 16 856.21 0.0149 85.1
1 1 34 69.53 0.0937 630.0
1 1 18 73.21 0.0724 467.1
1 1 32 60.14 0.1024 668.6
1 1 25 111.37 0.0972 232.9
1 1 18 133.15 0.0770 24.0
1 1 24 64.88 0.0872 489.3
1 1 16 62.35 0.0638 58.9
1 1 14 116.10 0.1146 246.3
1 1 14 46.65 0.1120 888.0
1 1 17 95.79 0.0997 558.0
1 1 15 64.94 0.1389 847.2
1 1 20 52.40 0.0798 72.4
1 1 13 113.60 0.0502 209.3
1 1 15 55.93 0.0961 506.2
1 1 16 101.71 0.0611 520.9
1 1 30 68.24 0.1039 714.2
1 1 36 57.20 0.0963 510.5
1 1 25 45.52 0.0638 350.2
1 1 16 170.94 0.0413 250.8
1 1 15 92.37 0.0715 833.3
1 1 23 72.24 0.0772 163.6
1 1 29 95.26 0.0814 205.2
1 1 18 68.98 0.0847 545.5
1 1 14 50.73 0.0845 956.0
1 1 14 55.83 0.1254 89.8
1 1 30 342.83 0.0595 317.6
1 1 19 77.91 0.0646 462.6
1 1 13 139.42 0.0706 387.0
1 1 21 60.35 0.0642 645.0
1 1 16 104.02 0.0566 401.9
1 1 15 68.84 0.1401 527.5
1 1 13 55.99 0.1041 523.8
1 1 16 165.27 0.0676 113.8
1 1 16 46.83 0.1088 588.1
1 1 17 124.77 0.0601 535.4
1 1 21 57.30 0.1082 41.4
1 1 13 51.74 0.0514 56.6
1 1 19 506.54 0.0456 442.5
1 1 21 144.28 0.0565 921.0
1 1 23 106.69 0.0585 8.6
1 1 14 73.22 0.0674 945.0
1 1 28 299.08 0.0459 418.9
1 1 21 130.89 0.0716 546.5
1 1 18 291.97 0.0518 34.3
1 1 17 47.61 0.1158 760.3
1 1 17 114.05 0.1120 317.3
1 1 14 381.18 0.0904 392.1
1 1 25 140.90 0.0741 601.9
1 1 35 132.42 0.0952 186.6
1 1 17 121.54 0.0403 496.5
1 1 18 77.97 0.0519 287.0
1 1 14 92.24 0.0666 311.9
1 1 17 63.65 0.0340 904.7
1 1 15 61.19 0.0950 104.9
1 1 16 79.54 0.0970 463.4
1 2 17 57.20 0.0690 679.8
1 2 30 264.80 0.0548 603.6
1 2 33 220.32 0.0549 621.4
1 2 36 219.69 0.0578 394.0
1 2 18 179.65 0.0933 367.0
1 2 21 94.62 0.0830 276.1
1 2 25 71.91 0.1031 320.7
1 2 24 226.86 0.0848 67.7
1 2 23 200.27 0.0799 851.8
1 2 21 82.29 0.0729 380.2
1 2 21 181.40 0.0622 767.3
1 2 16 63.26 0.1027 360.6
1 2 30 206.46 0.0658 439.5
1 2 13 64.27 0.1199 358.6
1 2 21 69.65 0.1198 59.4
1 2 29 120.10 0.1033 917.5
1 2 38 189.00 0.0645 407.5
1 2 38 105.63 0.0887 27.9
1 2 30 149.11 0.0562 441.4
1 2 17 74.91 0.0702 324.9
1 2 35 174.64 0.0729 39.8
1 2 31 125.82 0.0728 481.8
1 2 23 118.47 0.0551 855.4
1 2 35 144.80 0.0780 760.8
1 2 19 163.12 0.0529 14.2
1 2 28 205.19 0.0754 801.7
1 2 28 171.19 0.0552 562.1
1 2 25 105.54 0.0983 921.2
1 2 24 58.68 0.1247 507.6
1 2 14 53.03 0.1179 905.5
1 2 38 74.56 0.0970 432.1
1 2 26 231.71 0.0447 646.4
1 2 27 125.37 0.0788 34.0
1 2 31 187.98 0.0652 61.9
1 2 20 86.37 0.0632 491.8
1 2 15 83.27 0.0530 304.7
1 2 20 54.72 0.0969 870.8
1 2 34 127.76 0.0833 594.8
1 2 34 150.13 0.0593 421.0
1 2 26 72.91 0.0884 813.7
1 2 22 127.24 0.0676 765.3
1 2 32 78.77 0.0978 685.3
1 2 15 45.35 0.1200 824.8
1 2 36 175.64 0.0512 360.5
1 2 32 62.61 0.0959 768.2
1 2 33 117.55 0.0888 455.7
1 2 23 53.45 0.1377 445.0
1 2 33 106.74 0.0622 734.5
1 2 29 120.49 0.0509 321.8
1 2 33 207.52 0.0583 421.5
1 2 36 85.76 0.1038 912.6
1 2 37 88.90 0.0624 237.9
1 2 17 541.17 0.0332 19.1
1 2 37 125.16 0.0778 759.2
1 2 17 84.73 0.1033 565.1
1 2 26 109.58 0.0798 589.1
1 2 23 87.50 0.0551 885.2
1 2 26 80.68 0.0582 623.5
1 2 25 81.58 0.0567 387.7
1 2 30 129.15 0.0425 850.5
1 2 15 591.03 0.1455 51.9
1 2 40 69.99 0.0990 42.3
1 2 20 104.59 0.0962 926.5
1 2 28 49.25 0.0775 404.7
1 2 27 119.58 0.0716 589.8
1 2 29 199.11 0.0614 879.0
1 2 18 89.65 0.0485 720.1
1 2 21 45.25 0.1172 372.5
1 2 40 149.11 0.0708 831.1
1 2 20 76.22 0.1356 555.1
1 2 34 100.28 0.0735 490.2
1 2 41 63.78 0.1017 98.0
1 2 29 151.14 0.1089 33.1
1 2 18 206.71 0.0442 53.6
1 2 38 85.05 0.1055 559.7
1 2 40 86.69 0.1205 24.6
1 2 33 128.15 0.0709 36.3
1 2 15 56.91 0.1277 64.0
1 2 31 119.94 0.0740 41.0
1 2 25 143.07 0.0601 594.1
1 2 30 326.71 0.0738 636.4
1 2 23 115.30 0.0483 65.8
1 2 17 72.45 0.0527 782.6
1 2 34 80.25 0.0827 555.7
1 2 23 100.47 0.1095 382.4
1 2 40 175.95 0.0697 105.0
1 2 35 102.99 0.0825 476.8
1 2 21 141.35 0.0908 413.9
1 2 18 71.67 0.1187 41.3
1 2 42 69.66 0.0929 779.5
1 2 36 260.24 0.0507 501.3
1 2 17 53.30 0.0668 345.6
1 2 34 168.64 0.0699 914.9
1 2 24 159.95 0.0582 578.0
1 2 21 58.80 0.0854 793.9
1 2 27 89.89 0.0555 386.7
1 2 34 86.56 0.0795 897.5
1 2 26 52.89 0.0623 116.2
1 2 21 119.86 0.0366 887.1
1 2 17 51.80 0.0532 746.4
1 2 37 66.03 0.1031 65.0
1 2 36 122.72 0.0847 41.2
1 2 35 200.66 0.1120 64.0
1 2 25 52.68 0.1395 455.2
1 2 37 171.38 0.0786 516.5
1 2 19 153.71 0.0527 376.0
1 2 21 344.29 0.0572 704.9
1 2 16 58.73 0.0799 296.9
1 2 23 240.97 0.0709 48.0
1 2 29 79.45 0.1192 339.6
1 2 20 67.96 0.1086 64.0
1 2 36 124.90 0.0808 805.9
1 2 39 145.22 0.0688 613.6
1 2 40 88.33 0.0812 447.5
1 2 41 166.82 0.0976 7.6
1 2 34 533.69 0.0561 603.5
1 2 25 244.10 0.0603 58.3
1 2 15 68.98 0.0764 754.6
1 2 16 55.14 0.1166 458.4
1 2 38 147.14 0.0609 442.9
1 2 31 264.10 0.0980 636.6
1 2 30 119.28 0.0671 913.1
1 2 34 58.62 0.1295 186.2
1 2 26 110.79 0.0645 891.9
1 2 23 98.01 0.0757 829.3
1 2 39 134.59 0.0614 26.4
1 2 40 106.78 0.1020 449.4
1 2 39 99.84 0.0993 152.4
1 2 15 239.22 0.0530 681.7
1 2 16 102.47 0.0466 660.2
1 2 17 64.50 0.1039 589.6
1 2 32 82.17 0.1105 873.4
1 2 37 104.84 0.0671 130.4
1 2 19 198.28 0.0266 851.5
1 2 38 98.16 0.0701 899.0
1 2 30 82.63 0.0794 637.7
1 2 31 109.31 0.1011 695.3
1 2 36 517.93 0.0552 342.7
1 2 34 133.49 0.1029 622.7
1 2 22 185.89 0.0703 855.5
1 2 17 70.62 0.0629 703.6
1 2 45 192.98 0.0599 779.3
1 2 33 102.94 0.0704 620.4
1 2 42 123.25 0.0730 64.6
1 2 39 159.96 0.0792 553.9
1 2 26 70.50 0.0929 586.3
1 2 22 114.98 0.0655 616.0
1 2 38 78.95 0.0873 397.3
1 2 40 148.90 0.0813 493.7
1 2 30 75.30 0.0965 541.4
1 2 24 91.86 0.1187 897.7
1 2 33 88.89 0.0960 18.8
1 2 29 48.35 0.1242 495.0
1 2 25 88.83 0.0803 898.7
1 2 25 138.77 0.0842 93.5
1 2 47 77.93 0.0844 135.6
1 2 32 276.22 0.0440 395.0
1 2 44 175.52 0.0647 450.3
1 2 32 66.91 0.0846 798.4
1 2 27 53.19 0.0919 913.5
1 2 15 112.53 0.0803 416.8
1 2 27 51.11 0.0896 36.9
1 2 17 99.62 0.0751 929.2
1 2 20 59.50 0.1422 1.4
1 2 15 76.42 0.0500 659.1
1 2 39 122.95 0.0777 229.1
1 2 38 346.06 0.0939 18.3
1 2 18 97.52 0.0798 64.3
1 2 29 117.06 0.0597 912.4
1 2 35 147.91 0.0743 612.9
1 2 31 52.77 0.1312 629.3
1 2 29 106.49 0.0665 644.8
1 2 41 143.68 0.0675 474.7
1 2 37 53.19 0.0977 489.4
1 2 22 87.38 0.1024 65.8
1 2 22 92.38 0.0929 928.6
1 2 17 60.31 0.0565 421.3
1 2 18 116.60 0.0671 934.7
1 2 31 137.69 0.0586 355.4
1 2 22 69.27 0.1230 71.8
1 2 33 70.18 0.0769 734.9
1 2 30 63.70 0.1079 468.3
1 2 31 92.32 0.0783 38.3
1 2 29 111.56 0.0689 799.8
1 2 28 102.54 0.0762 403.1
1 2 18 146.68 0.0546 899.3
1 2 40 80.62 0.1026 575.0
1 2 28 86.84 0.0827 235.0
1 2 17 59.98 0.0624 577.9
1 2 24 59.92 0.0962 72.9
1 2 41 131.46 0.0704 531.5
1 2 34 57.42 0.1173 771.5
1 2 42 113.43 0.0598 430.1
1 2 32 114.97 0.0740 863.5
1 2 34 250.82 0.0592 44.1
1 2 39 207.08 0.0529 326.3
1 2 40 70.91 0.0782 188.5
1 2 18 45.26 0.0522 291.5
1 2 14 50.04 0.0923 930.0
1 2 35 246.31 0.0603 350.4
1 2 36 105.10 0.0976 626.6
1 2 39 107.40 0.0983 124.2
1 2 41 137.98 0.0735 899.8
1 2 26 87.36 0.0878 221.2
1 2 28 141.36 0.0618 959.7
1 2 33 115.02 0.0708 860.0
1 2 24 124.04 0.0788 738.0
1 2 17 50.16 0.1139 934.4
1 2 35 156.78 0.0723 37.5
1 2 36 174.86 0.0820 534.7
1 2 34 110.71 0.0821 714.9
1 2 20 268.72 0.0634 866.0
1 2 20 772.28 0.0761 739.6
1 2 14 47.80 0.1327 825.3
1 2 34 103.96 0.0803 831.3
1 2 33 109.96 0.0747 853.4
1 2 32 49.76 0.1292 126.7
1 2 18 79.37 0.0703 42.0
1 2 31 47.84 0.1266 913.0
1 2 18 395.84 0.0843 419.5
1 2 34 83.44 0.0802 794.4
1 2 26 78.02 0.0812 449.6
1 2 28 71.44 0.0718 386.2
1 2 37 74.44 0.1002 30.9
1 2 31 94.19 0.1034 499.0
1 2 37 225.09 0.0691 697.0
1 2 36 280.42 0.0520 765.4
1 2 32 105.00 0.0764 35.0
1 2 27 72.89 0.1197 185.1
1 2 23 75.03 0.0463 361.6
1 2 33 46.42 0.1226 137.0
1 2 15 221.40 0.0384 830.0
1 2 28 56.78 0.1014 647.5
1 2 32 86.79 0.1111 533.0
1 2 40 174.47 0.0642 709.3
1 2 30 91.31 0.0694 908.1
1 2 31 79.93 0.0924 852.6
1 2 43 98.46 0.0896 484.0
1 2 29 109.94 0.0582 912.2
1 2 32 183.67 0.0769 317.2
1 2 19 164.22 0.0483 272.6
1 2 27 145.81 0.0796 924.5
1 2 38 83.90 0.0990 177.9
1 2 38 58.75 0.1226 780.1
1 2 37 244.47 0.0680 781.5
1 2 36 65.24 0.1208 49.4
1 2 26 64.14 0.1108 923.0
1 2 27 191.40 0.0882 475.3
1 2 30 119.19 0.0790 286.9
1 2 14 217.39 0.0592 938.7
1 2 39 83.15 0.0651 750.9
1 2 34 134.35 0.0758 381.0
1 2 35 123.00 0.0870 855.7
1 2 18 98.88 0.0398 831.5
1 2 35 102.90 0.0895 869.0
1 2 41 48.92 0.1228 430.8
1 2 39 359.70 0.0666 37.5
1 2 34 295.21 0.0649 481.5
1 2 17 113.92 0.0523 289.7
1 2 14 77.17 0.1284 440.8
1 2 35 80.20 0.0639 898.2
1 2 26 111.07 0.0708 93.3
1 2 20 97.09 0.1039 436.7
1 2 26 46.75 0.0928 479.6
1 2 19 51.99 0.0879 698.5
1 2 37 84.01 0.0639 827.6
1 2 36 81.67 0.0713 132.1
1 2 31 65.15 0.0987 109.0
1 2 33 177.97 0.0589 623.0
1 2 31 305.76 0.0551 447.8
1 2 27 103.48 0.0850 931.6
1 2 40 76.79 0.0736 53.4
1 2 42 49.89 0.0962 677.5
1 2 28 185.18 0.0701 443.6
1 2 38 102.92 0.0771 680.1
1 2 20 59.80 0.1062 927.0
1 2 22 45.26 0.0779 923.3
1 2 26 97.30 0.0758 453.4
1 2 13 131.82 0.1382 153.4
1 2 15 261.91 0.0431 120.2
1 2 32 129.93 0.0861 565.7
1 2 14 54.18 0.1695 933.7
1 2 30 63.56 0.1288 151.8
1 2 21 55.27 0.0481 311.1
1 2 41 104.65 0.0649 401.0
1 2 16 143.07 0.1194 12.8
1 2 32 45.54 0.1187 116.8
1 2 37 179.83 0.0892 92.1
1 2 42 160.43 0.0672 452.0
1 2 17 61.11 0.0927 489.0
1 2 36 87.14 0.0799 875.7
1 2 43 260.13 0.0507 709.5
1 2 43 239.35 0.1282 864.8
1 2 17 96.03 0.0959 410.5
1 2 19 45.24 0.1141 788.9
1 2 24 109.21 0.0408 133.3
1 2 22 75.93 0.0741 548.4
1 2 28 52.29 0.1209 474.9
1 2 35 515.02 0.0975 113.0
1 2 16 62.61 0.1103 13.5
1 2 38 152.55 0.0753 889.9
1 2 37 195.72 0.0671 515.0
1 2 30 213.60 0.0775 411.8
1 2 30 101.11 0.0797 815.0
1 2 20 315.65 0.1089 158.5
1 2 24 98.90 0.0730 126.1
1 2 43 134.98 0.0712 64.5
1 2 25 60.41 0.0566 512.8
1 2 30 76.09 0.0968 123.8
1 2 36 57.15 0.0957 911.3
1 2 21 138.68 0.0551 771.3
1 2 29 88.50 0.0737 492.3
1 2 26 211.36 0.0850 27.3
1 2 27 106.25 0.0914 416.9
1 2 27 111.00 0.0742 724.0
1 2 39 112.45 0.0701 459.9
1 2 31 124.19 0.0724 923.9
1 2 27 156.00 0.0394 618.5
1 2 16 284.92 0.0594 119.6
1 2 17 303.07 0.0403 335.1
1 2 19 364.67 0.0203 416.2
1 2 17 100.30 0.0382 776.2
1 2 36 107.41 0.0746 401.5
1 2 36 119.02 0.0696 446.2
1 2 32 191.70 0.0900 184.3
1 2 41 75.31 0.0850 502.8
1 2 36 209.61 0.0945 18.8
1 2 38 198.20 0.0695 491.8
1 2 17 111.63 0.0334 930.2
1 2 37 90.18 0.1040 477.2
1 2 15 120.93 0.0658 467.2
1 2 26 50.27 0.0829 517.3
1 2 40 190.55 0.1215 535.3
1 2 30 257.83 0.0502 939.2
1 2 35 141.67 0.0648 793.2
1 2 43 88.85 0.1123 741.6
1 2 29 128.01 0.0929 488.5
1 2 21 121.78 0.1043 551.8
1 2 28 302.59 0.0641 776.7
1 2 13 120.51 0.0431 924.0
1 2 15 50.94 0.0947 939.4
1 2 26 113.77 0.0714 118.7
1 2 38 73.78 0.1168 727.6
1 2 26 76.62 0.0564 80.4
1 2 33 70.26 0.0945 410.1
1 2 24 54.53 0.1227 368.3
1 2 17 166.14 0.0728 28.9
1 2 16 52.58 0.0847 673.7
1 2 23 91.99 0.0679 922.6
1 2 20 60.45 0.0845 16.5
1 2 17 300.45 0.0660 665.9
1 2 15 77.47 0.0868 847.7
1 2 33 455.57 0.0685 781.0
1 2 18 84.50 0.1414 476.8
1 2 27 73.44 0.1031 75.1
1 2 18 133.01 0.0773 436.0
1 2 13 360.13 0.1260 378.1
1 2 13 49.17 0.1337 42.1
1 2 15 114.39 0.0596 61.6
1 2 21 63.90 0.0599 415.1
1 2 14 241.25 0.0758 424.0
1 2 15 59.98 0.0488 575.3
1 2 17 56.13 0.0631 379.3
1 2 21 199.02 0.0581 872.0
1 2 36 49.15 0.1166 38.5
1 2 23 96.34 0.0801 566.7
1 2 17 520.08 0.0374 333.5
1 2 25 112.82 0.0881 23.7
1 2 32 182.60 0.0375 626.7
1 2 19 145.38 0.0428 879.0
1 2 16 73.92 0.0813 942.0
1 2 15 48.27 0.0835 331.0
1 2 26 188.82 0.0904 431.5
1 2 19 48.16 0.0680 888.1
1 2 19 54.02 0.0891 533.8
1 2 16 75.51 0.1061 680.3
1 2 21 126.79 0.0647 124.4
1 2 18 62.95 0.0361 306.2
1 2 19 95.83 0.1036 52.1
1 2 18 154.24 0.0561 890.3
1 2 29 56.41 0.0810 11.9
1 2 17 77.11 0.1116 118.0
1 2 23 131.98 0.0679 346.8
1 2 20 46.09 0.1226 21.4
1 2 20 129.95 0.0569 642.4
1 2 18 96.74 0.0404 69.4
1 2 16 233.26 0.0429 838.4
1 2 21 47.96 0.1504 447.9
1 2 13 45.02 0.1023 693.5
1 2 16 60.40 0.1138 53.7
1 2 16 82.65 0.0728 247.0
1 2 24 74.24 0.0798 458.2
1 2 15 46.11 0.1291 893.2
1 2 19 140.76 0.0582 745.4
1 2 19 63.56 0.0981 754.1
1 2 25 59.11 0.0772 889.9
1 2 15 86.68 0.1532 748.0
1 2 30 156.94 0.0680 454.0
1 2 23 46.63 0.0651 548.9
1 2 25 46.70 0.1068 777.1
1 2 16 59.05 0.0614 544.8
1 2 16 121.94 0.0760 359.8
1 2 18 158.17 0.0643 539.1
1 2 16 51.71 0.1335 641.7
1 2 16 96.20 0.0621 443.9
1 2 32 76.07 0.0932 611.0
1 2 35 87.37 0.0717 728.9
1 2 24 175.19 0.0463 683.8
1 2 27 134.43 0.0780 313.6
1 3 43 223.54 0.0744 187.0
1 3 31 79.81 0.0711 147.1
1 3 31 70.92 0.1119 217.5
1 3 25 72.80 0.1267 250.0
1 3 13 50.27 0.1110 318.3
1 3 32 91.00 0.1013 947.0
1 3 27 82.74 0.1357 169.5
1 3 24 130.55 0.0752 212.6
1 3 19 109.46 0.1220 473.6
1 3 32 155.95 0.0550 107.4
1 3 25 156.50 0.0623 658.3
1 3 21 107.07 0.1353 728.6
1 3 39 256.13 0.0672 125.8
1 3 27 100.25 0.0851 286.1
1 3 25 79.96 0.0630 126.3
1 3 17 52.50 0.1390 79.1
1 3 19 74.17 0.1218 259.1
1 3 24 98.39 0.1308 25.3
1 3 16 63.53 0.1239 203.9
1 3 36 110.88 0.0712 712.7
1 3 39 151.50 0.0612 182.8
1 3 33 83.51 0.0974 598.9
1 3 35 178.46 0.0636 238.6
1 3 36 92.99 0.0782 396.9
1 3 34 143.12 0.0743 429.1
1 3 36 134.01 0.0857 231.2
1 3 32 118.58 0.0738 137.6
1 3 22 86.62 0.1221 137.3
1 3 17 58.43 0.0874 269.0
1 3 19 50.67 0.0630 72.5
1 3 20 119.11 0.1093 129.0
1 3 32 152.55 0.0686 130.5
1 3 28 222.77 0.0498 184.8
1 3 36 106.41 0.0904 704.5
1 3 32 96.86 0.0980 631.3
1 3 26 263.48 0.0460 223.9
1 3 27 125.52 0.0643 729.2
1 3 31 127.67 0.0894 393.2
1 3 21 69.95 0.0715 204.8
1 3 17 81.70 0.0936 645.1
1 3 34 45.42 0.1077 587.5
1 3 29 74.25 0.0902 213.5
1 3 24 76.60 0.0757 186.6
1 3 22 499.14 0.0338 454.0
1 3 23 103.77 0.0900 422.5
1 3 15 162.41 0.0700 156.8
1 3 35 166.51 0.0531 62.5
1 3 29 122.61 0.0875 477.6
1 3 26 173.12 0.0922 52.4
1 3 41 111.97 0.0557 865.2
1 3 30 100.86 0.1072 613.0
1 3 16 122.31 0.1055 548.3
1 3 28 128.83 0.0699 169.1
1 3 23 869.69 0.1088 689.1
1 3 27 52.94 0.1240 833.5
1 3 39 146.27 0.0610 113.2
1 3 23 64.40 0.0937 294.4
1 3 39 192.62 0.0855 530.5
1 3 32 192.69 0.0740 8.9
1 3 18 50.82 0.0659 170.6
1 3 34 198.29 0.0658 514.3
1 3 16 85.11 0.1126 601.0
1 3 33 268.59 0.0646 363.7
1 3 27 107.85 0.0634 184.0
1 3 23 167.47 0.0487 195.3
1 3 14 47.96 0.0667 396.1
1 3 15 62.61 0.0663 766.2
1 3 43 258.00 0.0720 167.2
1 3 30 180.79 0.0537 142.9
1 3 34 138.00 0.0604 62.7
1 3 28 53.10 0.0637 173.1
1 3 40 84.61 0.0885 713.7
1 3 37 58.86 0.0812 756.3
1 3 38 141.32 0.0634 257.8
1 3 30 223.69 0.0553 777.3
1 3 33 91.54 0.0923 864.1
1 3 28 245.26 0.0812 781.0
1 3 24 50.49 0.1202 12.4
1 3 41 60.87 0.0970 769.4
1 3 32 136.06 0.0884 198.7
1 3 31 86.60 0.0965 54.6
1 3 27 95.58 0.0743 239.2
1 3 28 517.74 0.1054 432.8
1 3 22 52.48 0.1183 460.0
1 3 36 46.93 0.1204 239.3
1 3 23 65.10 0.0731 232.6
1 3 29 86.83 0.1144 797.0
1 3 38 265.97 0.0641 389.6
1 3 15 119.93 0.1553 31.5
1 3 39 60.57 0.0784 194.5
1 3 26 134.95 0.0707 449.5
1 3 30 86.96 0.1090 278.1
1 3 37 56.66 0.1139 696.9
1 3 22 129.56 0.0786 61.7
1 3 15 45.77 0.0619 94.4
1 3 16 65.50 0.0990 129.3
1 3 27 117.49 0.0615 150.8
1 3 34 87.83 0.0874 838.0
1 3 41 65.09 0.1094 207.0
1 3 34 155.93 0.0985 239.7
1 3 36 148.42 0.0856 160.0
1 3 25 157.55 0.0767 688.1
1 3 35 91.00 0.1059 114.0
1 3 27 212.93 0.0600 458.0
1 3 32 101.09 0.0790 641.4
1 3 36 115.65 0.0674 400.2
1 3 29 117.05 0.0738 649.4
1 3 23 65.54 0.1072 12.8
1 3 15 48.92 0.0952 401.7
1 3 29 111.26 0.1019 214.7
1 3 37 68.09 0.1354 196.5
1 3 36 57.54 0.1252 162.1
1 3 15 218.16 0.0472 512.0
1 3 20 94.94 0.1039 615.5
1 3 18 112.53 0.0852 159.0
1 3 16 98.89 0.0960 117.4
1 3 44 208.17 0.0544 485.9
1 3 39 107.44 0.0908 748.0
1 3 16 108.60 0.0865 136.7
1 3 41 88.39 0.1124 571.4
1 3 27 58.89 0.1412 277.3
1 3 29 50.65 0.0955 617.2
1 3 37 85.49 0.0843 709.0
1 3 41 82.67 0.0802 552.4
1 3 13 122.84 0.1449 693.3
1 3 30 119.22 0.0664 55.7
1 3 30 124.04 0.0783 663.9
1 3 26 55.64 0.1017 780.9
1 3 39 143.07 0.0947 703.3
1 3 38 89.16 0.0643 390.1
1 3 42 108.31 0.0616 699.5
1 3 26 338.15 0.0590 450.5
1 3 24 76.28 0.0932 524.7
1 3 44 221.22 0.0552 155.7
1 3 29 91.22 0.0709 846.5
1 3 15 92.83 0.0866 431.9
1 3 32 169.19 0.0754 413.4
1 3 26 114.72 0.1105 692.1
1 3 20 133.31 0.0572 36.0
1 3 32 67.28 0.0869 588.7
1 3 24 350.93 0.0549 350.5
1 3 33 155.48 0.0654 51.4
1 3 19 122.07 0.0627 44.0
1 3 42 56.63 0.1115 766.3
1 3 39 47.91 0.1124 539.0
1 3 36 90.57 0.0842 542.2
1 3 40 218.93 0.0733 618.2
1 3 34 75.40 0.1037 175.7
1 3 30 69.46 0.0973 141.2
1 3 41 154.82 0.0775 278.5
1 3 32 118.91 0.0811 621.9
1 3 36 157.90 0.0808 254.8
1 3 35 76.40 0.0897 626.4
1 3 32 105.92 0.0691 161.2
1 3 34 51.20 0.1363 316.4
1 3 18 133.92 0.0551 410.7
1 3 26 66.02 0.1190 549.5
1 3 30 51.03 0.1159 535.3
1 3 33 198.61 0.0595 48.9
1 3 26 112.34 0.0865 7.4
1 3 31 171.64 0.0731 747.3
1 3 32 178.28 0.0996 625.5
1 3 23 115.74 0.0348 160.2
1 3 28 209.97 0.0582 234.0
1 3 33 113.15 0.0799 64.8
1 3 35 158.54 0.0632 133.6
1 3 42 144.13 0.0997 227.2
1 3 38 50.22 0.1240 351.1
1 3 18 135.79 0.0365 325.9
1 3 34 212.64 0.0663 101.4
1 3 30 55.23 0.0981 296.1
1 3 32 57.06 0.1088 633.0
1 3 25 321.89 0.0963 146.8
1 3 41 85.92 0.1078 235.5
1 3 39 127.23 0.0989 449.0
1 3 41 269.90 0.0812 261.7
1 3 14 305.72 0.0521 262.0
1 3 34 54.61 0.0956 95.1
1 3 42 209.00 0.0606 550.6
1 3 35 50.21 0.1024 832.0
1 3 36 85.11 0.1166 756.9
1 3 39 93.92 0.0957 157.6
1 3 39 159.60 0.0771 96.8
1 3 29 173.00 0.0658 280.3
1 3 36 62.42 0.0821 438.6
1 3 19 885.86 0.0623 710.9
1 3 25 939.54 0.0427 5.8
1 3 38 156.04 0.0704 218.6
1 3 41 51.73 0.1266 811.9
1 3 34 135.53 0.0684 78.1
1 3 31 59.53 0.1114 582.0
1 3 29 311.22 0.0461 83.4
1 3 38 78.80 0.0832 192.3
1 3 39 318.32 0.0774 375.0
1 3 40 99.89 0.0732 138.2
1 3 19 67.78 0.0835 110.2
1 3 41 148.15 0.0579 70.5
1 3 28 72.47 0.0734 459.4
1 3 17 82.26 0.1100 267.5
1 3 35 80.05 0.1019 350.7
1 3 20 61.90 0.0927 267.9
1 3 23 48.28 0.1446 343.8
1 3 15 436.01 0.0348 134.7
1 3 38 67.25 0.1188 864.3
1 3 31 89.15 0.0710 4.8
1 3 21 116.15 0.0707 95.5
1 3 34 129.98 0.0728 329.1
1 3 41 120.95 0.0756 178.7
1 3 32 221.75 0.0679 475.6
1 3 35 60.45 0.0873 113.6
1 3 43 67.67 0.0851 141.9
1 3 39 79.32 0.0841 142.1
1 3 38 109.74 0.0700 114.3
1 3 41 91.44 0.0866 449.1
1 3 33 53.07 0.1136 361.8
1 3 17 68.51 0.0574 676.7
1 3 30 46.51 0.1164 554.3
1 3 15 69.43 0.1374 424.7
1 3 37 64.30 0.0873 230.2
1 3 39 60.72 0.0721 706.4
1 3 31 72.70 0.0692 794.0
1 3 16 126.23 0.0963 416.1
1 3 20 100.41 0.0668 652.3
1 3 33 137.49 0.0573 604.9
1 3 29 55.67 0.1213 577.7
1 3 37 118.07 0.0696 142.9
1 3 43 107.19 0.0601 755.1
1 3 26 154.19 0.1285 553.8
1 3 22 98.57 0.0761 386.0
1 3 41 204.87 0.0885 587.6
1 3 13 225.58 0.0797 189.8
1 3 38 174.39 0.0760 302.8
1 3 41 202.47 0.0803 103.3
1 3 37 69.25 0.0825 346.6
1 3 34 88.49 0.0745 615.0
1 3 31 80.14 0.0802 459.6
1 3 33 106.12 0.0562 100.0
1 3 21 125.81 0.0867 578.2
1 3 25 207.66 0.0732 604.3
1 3 38 149.49 0.0703 29.6
1 3 19 61.96 0.1121 442.5
1 3 16 75.04 0.0759 416.4
1 3 41 107.30 0.0654 247.7
1 3 31 76.72 0.0591 104.1
1 3 36 232.56 0.0777 388.4
1 3 16 262.88 0.0594 760.7
1 3 27 50.35 0.1024 275.7
1 3 23 55.91 0.1545 623.5
1 3 26 196.15 0.0409 184.4
1 3 17 56.25 0.0979 536.3
1 3 34 82.04 0.0507 639.9
1 3 43 54.04 0.0984 214.5
1 3 18 123.81 0.0563 292.7
1 3 14 193.74 0.1004 267.9
1 3 27 171.21 0.0469 772.5
1 3 34 104.15 0.0844 614.2
1 3 38 275.21 0.0877 589.8
1 3 21 173.73 0.0656 611.0
1 3 19 57.04 0.0826 310.1
1 3 30 542.29 0.0638 279.6
1 3 30 61.44 0.0986 250.7
1 3 29 73.90 0.0933 337.8
1 3 41 53.65 0.0831 251.0
1 3 21 62.27 0.0821 625.9
1 3 13 59.43 0.1438 10.4
1 3 30 129.18 0.0870 411.4
1 3 21 121.51 0.0505 276.2
1 3 14 156.50 0.1313 150.1
1 3 32 93.98 0.0808 133.5
1 3 16 68.67 0.0774 438.0
1 3 22 57.48 0.1030 52.3
1 3 37 153.37 0.0808 10.6
1 3 28 217.68 0.0506 142.5
1 3 36 58.97 0.1090 167.5
1 3 13 67.20 0.0438 626.3
1 3 13 94.26 0.0949 624.2
1 3 16 108.26 0.0996 245.0
1 3 34 138.65 0.0704 693.0
1 3 16 51.38 0.1176 45.1
1 3 20 82.42 0.0881 621.2
1 3 32 65.63 0.0655 884.4
1 3 19 74.28 0.1142 758.3
1 3 19 235.02 0.0490 86.3
1 3 29 109.62 0.0781 447.4
1 3 29 153.33 0.0580 775.6
1 3 28 101.99 0.0738 47.3
1 3 21 70.18 0.0660 525.4
1 3 21 101.91 0.1110 456.5
1 3 25 147.09 0.1068 710.4
1 3 16 61.74 0.0926 755.6
1 3 32 98.58 0.1051 805.0
1 3 20 127.71 0.0570 376.7
1 3 33 61.16 0.0978 287.5
1 3 24 52.10 0.1441 556.8
1 3 18 69.33 0.1026 282.3
1 3 14 288.57 0.0935 431.3
1 3 25 122.30 0.1004 9.8
1 3 25 102.89 0.1257 118.1
1 3 13 71.82 0.1192 591.5
1 3 13 51.03 0.0990 326.4
1 3 17 107.57 0.0846 718.8
1 3 35 128.80 0.0943 228.0
1 3 19 51.50 0.0908 706.0
1 3 20 81.50 0.0918 431.7
1 3 17 46.22 0.1384 72.5
1 3 17 553.27 0.0949 129.6
1 3 25 165.58 0.0547 576.6
1 3 16 113.46 0.0623 591.6
1 3 15 61.57 0.0795 558.0
1 3 21 59.65 0.0702 54.2
1 3 34 140.79 0.0587 77.6
1 3 18 46.11 0.0807 675.1
1 3 29 399.12 0.0688 439.3
1 3 19 145.53 0.0757 208.5
1 3 19 85.97 0.0531 426.4
1 3 33 62.86 0.1023 341.6
1 3 31 151.49 0.0514 286.9
1 3 23 45.31 0.0471 270.4
1 3 43 271.71 0.0758 588.1
1 3 32 137.69 0.1156 129.1
1 3 27 51.77 0.0935 160.5
1 3 20 85.87 0.0391 576.2
1 3 16 112.93 0.0452 600.1
1 3 31 185.38 0.0655 179.4
1 3 14 98.50 0.0517 174.4
1 3 15 86.89 0.0871 444.5
1 3 23 54.43 0.1403 581.4
1 3 18 342.63 0.0856 547.1
1 3 17 58.19 0.1314 680.3
1 3 28 166.14 0.0641 107.4
1 3 25 55.79 0.0890 274.4
1 3 23 83.61 0.0711 367.3
1 3 27 61.07 0.0994 567.0
1 3 21 61.07 0.1240 49.8
1 3 15 116.74 0.1023 59.2
1 3 13 50.05 0.1053 165.5
1 3 27 63.11 0.1338 725.4
1 3 16 46.47 0.1527 678.5
1 3 14 510.21 0.1632 706.5
1 3 14 58.10 0.1593 694.2
1 3 14 65.91 0.1631 679.2
1 3 36 56.11 0.0851 725.5
1 3 18 72.63 0.0509 746.8
1 3 13 58.14 0.0460 741.9
1 3 21 57.56 0.0529 759.4
1 3 19 465.92 0.0388 25.2
1 3 25 104.43 0.0620 111.4
1 3 16 67.52 0.0694 554.4
1 3 20 79.83 0.1103 546.5
1 3 15 253.16 0.0315 199.8
1 3 15 59.89 0.1102 663.2
1 3 40 109.39 0.0859 175.0
1 3 20 143.64 0.0424 61.7
1 3 17 154.10 0.0469 283.5
1 3 14 186.55 0.1339 788.1
1 3 15 287.96 0.0751 803.5
1 3 17 193.00 0.0566 98.9
1 3 17 605.46 0.1390 717.4
1 3 23 69.88 0.1257 60.3
1 3 18 80.27 0.0983 573.0
1 3 31 52.89 0.1113 342.9
1 3 33 67.95 0.0900 90.1
1 3 24 50.39 0.0827 141.0
1 3 23 198.52 0.1239 63.7
1 3 14 738.83 0.1203 54.0
1 3 16 82.07 0.0603 18.0
1 3 21 142.31 0.0481 265.9
1 3 37 136.53 0.0709 615.1
1 3 29 72.96 0.0728 725.1
1 3 30 45.07 0.0896 552.7
1 3 14 200.39 0.0834 428.5
1 3 14 92.70 0.0610 341.0
1 3 18 108.69 0.0365 673.4
1 3 16 79.49 0.0317 545.1
1 3 16 272.70 0.0508 77.0
1 3 28 69.78 0.1008 46.6
1 3 19 79.87 0.0608 32.8
1 3 21 138.33 0.1094 28.0
1 3 21 114.52 0.0801 246.4
1 3 13 61.89 0.1645 544.9
1 4 40 123.86 0.1035 113.0
1 4 18 154.75 0.0842 377.0
1 4 41 142.45 0.0854 279.0
1 4 32 200.35 0.0793 520.0
1 4 18 95.10 0.1017 377.6
1 4 19 87.62 0.0448 187.4
1 4 31 193.48 0.0684 362.4
1 4 29 109.41 0.0785 653.7
1 4 38 106.46 0.1108 667.5
1 4 22 207.19 0.0558 111.0
1 4 31 191.26 0.0659 556.7
1 4 37 92.99 0.0751 345.2
1 4 25 115.33 0.1114 119.3
1 4 35 51.70 0.1092 198.3
1 4 27 48.75 0.1148 641.9
1 4 29 146.05 0.0968 792.4
1 4 15 393.08 0.1586 35.0
1 4 43 56.37 0.0868 408.6
1 4 31 266.12 0.0600 556.3
1 4 16 60.57 0.1131 855.2
1 4 24 58.42 0.1213 70.0
1 4 16 73.10 0.0962 278.1
1 4 43 79.97 0.0654 369.9
1 4 25 55.50 0.1245 522.1
1 4 27 108.90 0.0849 492.2
1 4 29 51.36 0.1101 237.9
1 4 18 61.08 0.1121 602.1
1 4 31 57.19 0.1130 632.6
1 4 39 88.23 0.0721 19.7
1 4 34 198.83 0.0630 90.9
1 4 14 54.98 0.1374 469.0
1 4 42 54.55 0.1039 426.7
1 4 32 88.89 0.1097 296.2
1 4 17 140.88 0.0674 417.2
1 4 31 181.39 0.0699 658.7
1 4 21 59.26 0.0717 252.3
1 4 15 95.18 0.0480 514.9
1 4 40 47.06 0.0926 199.6
1 4 23 104.23 0.0811 417.7
1 4 24 90.70 0.1175 641.0
1 4 39 161.44 0.0809 453.7
1 4 41 177.44 0.0753 776.5
1 4 27 105.21 0.0767 96.0
1 4 22 46.36 0.1030 135.9
1 4 34 100.02 0.0889 353.3
1 4 20 114.01 0.0909 311.5
1 4 34 128.79 0.0861 37.0
1 4 23 101.29 0.0692 97.7
1 4 31 217.66 0.0568 36.8
1 4 26 158.57 0.0629 97.7
1 4 30 170.99 0.0733 673.3
1 4 22 108.05 0.0949 793.0
1 4 31 84.23 0.0807 77.7
1 4 27 74.37 0.0873 508.4
1 4 29 96.13 0.0598 46.5
1 4 15 134.15 0.0884 385.4
1 4 29 104.73 0.0861 93.1
1 4 17 76.50 0.0982 443.2
1 4 27 72.26 0.0889 94.0
1 4 29 134.23 0.0509 64.7
1 4 39 86.32 0.0800 684.1
1 4 34 246.14 0.0564 137.7
1 4 21 67.93 0.0652 402.9
1 4 25 144.45 0.0651 499.4
1 4 28 45.73 0.1131 673.0
1 4 18 544.14 0.0150 122.7
1 4 19 49.72 0.1186 46.0
1 4 38 67.28 0.1174 72.4
1 4 24 201.61 0.0671 420.2
1 4 18 72.12 0.0398 57.2
1 4 24 47.25 0.0902 586.5
1 4 36 173.97 0.0750 461.2
1 4 35 50.25 0.0950 199.0
1 4 34 159.00 0.0649 49.6
1 4 21 54.70 0.0837 98.6
1 4 26 49.84 0.1349 422.0
1 4 27 56.77 0.0911 130.4
1 4 21 46.18 0.0986 509.6
1 4 16 46.28 0.0778 512.0
1 4 33 88.32 0.1071 296.6
1 4 27 82.50 0.0962 712.0
1 4 28 129.52 0.0622 45.5
1 4 20 108.66 0.0365 468.6
1 4 30 128.82 0.0748 109.5
1 4 14 244.44 0.0671 499.7
1 4 31 197.30 0.0750 131.2
1 4 17 56.98 0.1291 83.3
1 4 23 76.10 0.0536 526.6
1 4 43 206.91 0.0679 661.1
1 4 41 225.06 0.0635 275.0
1 4 34 99.10 0.0907 119.6
1 4 39 79.88 0.1131 687.0
1 4 23 281.02 0.0588 435.9
1 4 30 230.33 0.0681 536.3
1 4 23 59.11 0.1030 240.5
1 4 17 88.07 0.1364 362.5
1 4 35 198.42 0.0758 412.7
1 4 43 95.58 0.0736 197.5
1 4 28 102.07 0.0946 548.0
1 4 39 300.84 0.0556 508.0
1 4 15 81.07 0.1344 931.6
1 4 33 105.01 0.0639 460.2
1 4 33 297.17 0.0844 237.1
1 4 35 190.27 0.0937 53.9
1 4 20 121.73 0.0532 25.3
1 4 32 241.85 0.0946 9.6
1 4 31 111.71 0.1067 10.7
1 4 34 59.97 0.0948 131.3
1 4 23 69.39 0.1063 669.7
1 4 22 95.46 0.0504 516.9
1 4 22 75.38 0.1019 215.5
1 4 17 131.21 0.0524 526.1
1 4 38 223.90 0.0710 33.3
1 4 31 94.56 0.1048 35.3
1 4 29 47.22 0.1452 51.4
1 4 31 99.71 0.1181 182.8
1 4 39 152.29 0.0879 525.8
1 4 32 81.79 0.1007 140.1
1 4 17 55.82 0.0514 280.8
1 4 23 122.98 0.0653 428.2
1 4 29 143.96 0.0822 185.4
1 4 30 118.59 0.0757 372.5
1 4 27 72.61 0.1162 453.7
1 4 20 88.83 0.0588 579.0
1 4 21 158.86 0.0549 411.5
1 4 22 50.07 0.1083 512.6
1 4 40 79.22 0.0980 848.8
1 4 35 212.84 0.0765 24.0
1 4 40 106.55 0.0791 327.9
1 4 34 92.58 0.1237 403.4
1 4 34 45.77 0.1517 84.1
1 4 27 110.41 0.0563 351.9
1 4 36 181.59 0.0720 544.5
1 4 29 95.02 0.0857 556.0
1 4 28 472.91 0.0563 421.6
1 4 33 95.64 0.1118 570.2
1 4 16 58.16 0.0596 248.2
1 4 42 71.29 0.1229 35.2
1 4 31 61.43 0.0809 91.3
1 4 20 67.31 0.0725 127.2
1 4 18 45.39 0.1277 933.6
1 4 29 130.29 0.0854 175.2
1 4 42 100.22 0.0798 618.2
1 4 26 289.98 0.0595 317.9
1 4 36 82.40 0.0804 152.8
1 4 25 228.58 0.0754 541.9
1 4 38 169.15 0.0660 714.3
1 4 16 130.28 0.0659 34.8
1 4 41 89.08 0.0889 139.2
1 4 32 61.68 0.0982 471.8
1 4 25 110.46 0.0592 65.1
1 4 40 106.86 0.0795 428.3
1 4 26 68.23 0.1149 406.3
1 4 34 58.53 0.1153 135.9
1 4 17 131.08 0.1232 496.3
1 4 32 178.27 0.0843 592.9
1 4 43 98.96 0.0857 556.3
1 4 39 175.78 0.0667 512.5
1 4 25 81.28 0.0716 473.0
1 4 30 91.29 0.1379 367.8
1 4 43 95.36 0.0729 723.1
1 4 41 183.02 0.0618 636.6
1 4 32 47.12 0.0978 792.8
1 4 24 157.52 0.0541 8.5
1 4 24 61.55 0.0708 279.7
1 4 24 114.43 0.0625 31.7
1 4 37 184.49 0.0501 309.6
1 4 21 125.51 0.0526 369.6
1 4 37 163.67 0.0508 430.7
1 4 31 174.51 0.0791 132.0
1 4 37 92.63 0.0767 749.1
1 4 33 212.59 0.0818 603.8
1 4 42 119.90 0.0842 15.3
1 4 30 158.75 0.0698 67.5
1 4 36 275.83 0.0582 11.1
1 4 31 65.82 0.0767 237.6
1 4 41 220.29 0.0664 575.0
1 4 33 63.48 0.0933 393.4
1 4 35 64.01 0.0997 296.3
1 4 45 109.17 0.0805 400.9
1 4 41 168.07 0.0774 426.5
1 4 39 74.43 0.1119 519.7
1 4 40 72.31 0.0997 456.3
1 4 35 47.74 0.0850 604.6
1 4 36 89.35 0.0857 390.7
1 4 39 119.85 0.0777 287.1
1 4 27 92.35 0.0868 611.7
1 4 25 231.55 0.0716 508.9
1 4 23 45.20 0.1312 343.3
1 4 26 68.47 0.0706 329.1
1 4 39 168.72 0.0568 508.3
1 4 33 197.45 0.0612 516.0
1 4 34 72.87 0.0840 703.3
1 4 21 108.52 0.0912 93.7
1 4 14 142.10 0.0932 8.8
1 4 15 344.94 0.1120 194.0
1 4 23 103.88 0.1043 917.4
1 4 33 94.70 0.0871 298.5
1 4 29 82.03 0.1036 22.1
1 4 18 55.52 0.0688 270.7
1 4 17 137.12 0.0659 181.7
1 4 13 75.11 0.0687 225.7
1 4 39 163.70 0.0637 558.4
1 4 23 111.69 0.0495 306.2
1 4 19 85.77 0.0622 161.0
1 4 19 50.75 0.0970 227.3
1 4 33 67.50 0.1453 599.5
1 4 19 91.49 0.0860 94.3
1 4 38 251.66 0.0779 809.8
1 4 39 83.21 0.0865 551.2
1 4 33 158.07 0.0922 459.8
1 4 37 54.34 0.1419 202.0
1 4 19 179.69 0.0497 7.8
1 4 25 184.30 0.0696 380.9
1 4 39 59.36 0.1327 376.4
1 4 16 47.90 0.0693 112.1
1 4 15 64.73 0.0849 394.6
1 4 18 67.98 0.0834 289.3
1 4 28 90.85 0.0618 158.9
1 4 30 55.12 0.1105 633.0
1 4 17 60.47 0.0949 595.3
1 4 44 64.45 0.0980 177.4
1 4 15 51.59 0.1193 73.5
1 4 39 96.69 0.0783 428.5
1 4 43 71.63 0.0666 70.9
1 4 18 92.63 0.1083 54.0
1 4 39 217.57 0.0373 112.3
1 4 41 74.66 0.0844 724.3
1 4 34 93.12 0.0706 550.0
1 4 41 137.69 0.0832 392.5
1 4 35 68.92 0.0708 365.8
1 4 25 45.16 0.1019 580.1
1 4 42 143.54 0.0700 114.3
1 4 39 149.84 0.0977 161.9
1 4 37 100.75 0.1039 104.4
1 4 39 93.75 0.0626 174.2
1 4 32 86.32 0.0447 242.6
1 4 33 83.32 0.0916 408.4
1 4 23 81.60 0.0885 372.0
1 4 24 167.31 0.0674 276.5
1 4 37 100.15 0.0741 58.4
1 4 26 169.63 0.0476 19.0
1 4 31 45.10 0.0939 416.0
1 4 27 53.79 0.1212 790.5
1 4 14 57.64 0.0719 23.2
1 4 22 144.07 0.1095 760.2
1 4 13 81.27 0.0627 601.3
1 4 27 199.39 0.0682 389.5
1 4 33 126.27 0.0674 47.2
1 4 36 119.88 0.0875 377.3
1 4 39 161.38 0.0762 229.4
1 4 22 162.67 0.0599 651.4
1 4 31 108.20 0.0494 141.1
1 4 32 120.74 0.0621 923.2
1 4 18 58.99 0.0854 439.5
1 4 35 102.91 0.0901 580.2
1 4 17 68.85 0.0708 388.7
1 4 14 58.12 0.0689 570.2
1 4 28 336.21 0.0446 128.4
1 4 45 165.11 0.0624 737.7
1 4 31 150.65 0.0628 459.6
1 4 30 173.97 0.0407 79.2
1 4 45 134.42 0.0568 379.8
1 4 40 105.56 0.0697 530.9
1 4 37 227.44 0.1112 472.7
1 4 14 136.79 0.0605 439.2
1 4 39 56.73 0.0960 538.8
1 4 13 79.83 0.0477 251.6
1 4 21 46.52 0.1017 23.0
1 4 31 197.80 0.0710 575.4
1 4 29 57.39 0.0615 656.2
1 4 20 90.18 0.0543 547.6
1 4 33 51.80 0.1340 15.6
1 4 24 230.12 0.0401 608.2
1 4 18 115.53 0.0833 469.8
1 4 27 175.97 0.0593 612.9
1 4 36 73.49 0.0909 501.7
1 4 37 188.51 0.0504 267.4
1 4 22 107.00 0.0612 41.6
1 4 29 114.78 0.0841 65.7
1 4 37 48.07 0.1087 275.4
1 4 29 92.78 0.0880 565.9
1 4 17 58.63 0.1198 25.6
1 4 20 45.00 0.1753 391.4
1 4 28 102.79 0.1014 655.0
1 4 16 252.34 0.0666 41.5
1 4 20 271.39 0.0381 456.9
1 4 21 201.67 0.0483 430.3
1 4 18 48.88 0.1270 31.0
1 4 17 200.11 0.0659 449.4
1 4 21 83.48 0.0651 32.4
1 4 43 98.35 0.0959 566.8
1 4 21 305.52 0.0761 78.4
1 4 38 149.93 0.0612 355.9
1 4 22 74.06 0.0552 134.6
1 4 16 86.26 0.1558 41.4
1 4 42 120.74 0.0782 552.4
1 4 42 84.97 0.0998 529.7
1 4 42 149.30 0.0821 189.1
1 4 38 144.57 0.0804 119.5
1 4 31 93.24 0.1140 40.0
1 4 34 231.75 0.0516 38.4
1 4 23 59.67 0.1025 539.8
1 4 31 103.08 0.0826 626.5
1 4 37 133.94 0.0643 554.1
1 4 15 127.73 0.0547 413.1
1 4 24 247.15 0.0835 479.6
1 4 37 122.48 0.1045 398.0
1 4 29 155.72 0.0889 531.3
1 4 36 85.90 0.1002 73.6
1 4 32 48.54 0.1281 585.5
1 4 20 195.13 0.0764 661.9
1 4 33 45.30 0.1258 615.3
1 4 26 75.58 0.1429 13.4
1 4 32 77.46 0.1050 93.2
1 4 18 79.68 0.0953 615.9
1 4 30 237.62 0.0568 604.1
1 4 30 62.19 0.1096 276.0
1 4 19 65.95 0.1274 372.0
1 4 17 57.77 0.0761 22.6
1 4 29 58.47 0.1235 606.9
1 4 20 74.22 0.1036 392.4
1 4 17 61.29 0.1252 40.8
1 4 21 78.04 0.0597 637.1
1 4 15 740.74 0.1804 34.3
1 4 20 54.14 0.0980 247.2
1 4 16 192.62 0.1310 46.4
1 4 41 66.93 0.0829 624.7
1 4 13 47.04 0.1052 127.4
1 4 28 63.31 0.0987 161.1
1 4 15 49.66 0.0545 412.0
1 4 30 94.11 0.0966 102.8
1 4 20 170.52 0.0992 375.0
1 4 13 84.48 0.1085 578.6
1 4 13 47.56 0.1223 600.1
1 4 27 481.83 0.0595 539.7
1 4 15 87.59 0.1510 674.2
1 4 22 71.67 0.0891 103.8
1 4 20 144.22 0.0898 419.2
1 4 14 46.36 0.0544 278.0
1 4 21 70.08 0.0674 106.0
1 4 16 54.44 0.0836 351.7
1 4 24 109.47 0.0606 326.2
1 4 18 67.26 0.0725 133.6
1 4 33 100.13 0.0967 151.2
1 4 14 161.12 0.0555 253.9
1 4 17 883.01 0.0603 587.9
1 4 17 46.83 0.1208 432.4
1 4 36 67.48 0.1053 115.6
1 4 21 79.42 0.0664 59.3
1 4 14 59.73 0.1044 33.0
1 4 18 47.01 0.1115 264.2
1 4 16 50.31 0.0592 435.0
1 4 19 117.53 0.0709 717.9
1 4 18 53.40 0.0820 379.3
1 4 19 50.14 0.1094 477.3
1 4 16 78.40 0.0429 158.8
1 4 30 141.12 0.0565 297.5
1 5 43 111.26 0.0635 121.5
1 5 23 164.44 0.0762 686.8
1 5 42 185.78 0.0555 428.5
1 5 30 128.46 0.0752 146.0
1 5 20 107.82 0.0640 45.2
1 5 34 74.47 0.1030 808.3
1 5 28 161.09 0.0873 727.3
1 5 24 171.21 0.0834 121.1
1 5 24 45.83 0.1083 253.6
1 5 29 105.47 0.0756 706.1
1 5 29 59.82 0.1066 281.0
1 5 39 129.44 0.0783 615.7
1 5 16 48.20 0.1621 536.7
1 5 23 87.03 0.0678 263.6
1 5 20 112.11 0.0736 837.0
1 5 37 110.38 0.1000 80.5
1 5 19 57.27 0.0920 697.5
1 5 34 324.31 0.0651 389.9
1 5 26 58.12 0.1010 652.9
1 5 33 69.60 0.1235 244.2
1 5 19 77.91 0.0376 581.2
1 5 25 259.70 0.0505 578.9
1 5 23 180.90 0.0760 822.5
1 5 13 447.33 0.1263 359.6
1 5 16 190.22 0.0386 842.5
1 5 27 128.13 0.0736 485.6
1 5 22 123.97 0.0909 760.9
1 5 16 76.93 0.0839 99.5
1 5 22 559.14 0.0291 144.6
1 5 30 157.72 0.0723 753.2
1 5 20 52.61 0.0837 553.7
1 5 24 65.78 0.0669 292.2
1 5 27 120.09 0.0931 710.8
1 5 19 84.37 0.1011 225.3
1 5 30 77.37 0.0748 167.7
1 5 22 197.39 0.0998 777.4
1 5 27 220.43 0.0621 277.0
1 5 13 47.69 0.1497 368.6
1 5 30 59.17 0.0810 89.9
1 5 27 51.03 0.1246 797.0
1 5 40 93.80 0.0680 137.4
1 5 14 55.86 0.0785 127.8
1 5 26 135.05 0.0526 9.5
1 5 29 56.11 0.0887 190.9
1 5 29 47.87 0.1127 217.8
1 5 32 112.42 0.0595 61.1
1 5 32 158.68 0.0981 637.6
1 5 31 95.80 0.1194 763.2
1 5 28 167.02 0.0441 249.7
1 5 30 113.83 0.0909 748.6
1 5 15 129.23 0.1110 370.9
1 5 36 66.00 0.0997 455.0
1 5 43 89.75 0.0895 788.0
1 5 37 250.78 0.1470 544.9
1 5 14 108.66 0.1043 60.4
1 5 30 62.88 0.0731 290.7
1 5 31 105.21 0.0626 743.9
1 5 39 115.37 0.0705 883.3
1 5 33 56.73 0.0772 730.9
1 5 19 263.48 0.0465 900.7
1 5 34 129.49 0.0707 864.2
1 5 21 72.58 0.0620 703.2
1 5 35 83.78 0.0836 129.0
1 5 43 191.58 0.0902 286.6
1 5 25 187.87 0.0667 833.0
1 5 31 58.68 0.0841 47.7
1 5 15 102.53 0.0419 478.0
1 5 22 76.33 0.0591 202.8
1 5 15 1075.05 0.1098 363.9
1 5 36 92.80 0.0852 308.3
1 5 33 111.94 0.0790 89.5
1 5 32 87.65 0.0835 268.4
1 5 26 112.46 0.0772 323.2
1 5 40 268.67 0.0581 726.8
1 5 25 63.54 0.1172 599.7
1 5 28 105.82 0.0599 781.8
1 5 35 106.57 0.0681 62.2
1 5 17 47.49 0.0613 514.7
1 5 31 98.87 0.0660 68.5
1 5 25 108.52 0.0874 806.4
1 5 28 50.38 0.1356 211.7
1 5 20 112.37 0.0660 177.9
1 5 36 60.10 0.1043 120.5
1 5 15 74.70 0.0783 352.9
1 5 41 91.65 0.0975 349.9
1 5 28 82.02 0.0959 450.1
1 5 29 197.97 0.0550 780.7
1 5 21 47.51 0.0868 810.0
1 5 37 83.74 0.0943 563.0
1 5 28 83.98 0.1054 135.7
1 5 16 159.54 0.0648 478.3
1 5 24 301.55 0.0863 126.8
1 5 27 80.84 0.0929 873.2
1 5 41 102.90 0.0813 261.0
1 5 35 75.57 0.0896 814.7
1 5 15 87.03 0.0562 91.0
1 5 32 130.75 0.0894 368.1
1 5 29 78.69 0.0656 57.0
1 5 34 125.01 0.0831 704.2
1 5 41 133.56 0.0634 658.0
1 5 41 70.49 0.0847 687.5
1 5 28 59.97 0.1225 407.3
1 5 32 159.51 0.0703 343.2
1 5 28 92.73 0.0789 111.3
1 5 20 374.43 0.0779 201.9
1 5 42 132.19 0.0932 458.8
1 5 38 71.32 0.0908 105.9
1 5 43 143.96 0.0623 101.4
1 5 26 78.59 0.0978 52.7
1 5 36 89.80 0.0871 578.7
1 5 36 91.73 0.1247 752.4
1 5 33 106.02 0.0943 90.5
1 5 37 109.75 0.0949 669.0
1 5 42 68.03 0.0797 63.8
1 5 30 69.03 0.0843 921.7
1 5 24 76.36 0.1084 550.3
1 5 33 111.73 0.1167 75.2
1 5 28 56.81 0.1225 846.5
1 5 35 284.17 0.0728 838.8
1 5 26 458.80 0.0397 273.1
1 5 26 61.06 0.1240 25.6
1 5 26 656.97 0.0802 574.3
1 5 25 232.55 0.0578 921.8
1 5 15 62.50 0.0635 33.0
1 5 19 88.31 0.0855 916.6
1 5 27 61.92 0.1286 255.5
1 5 21 56.36 0.1023 114.7
1 5 39 138.76 0.0518 282.7
1 5 40 107.88 0.0650 166.7
1 5 38 125.64 0.0809 909.8
1 5 31 62.64 0.1278 296.3
1 5 25 49.61 0.1365 149.0
1 5 25 119.14 0.0742 49.9
1 5 17 287.24 0.0444 812.5
1 5 35 97.41 0.0984 73.8
1 5 36 71.36 0.0948 265.6
1 5 19 62.22 0.1009 699.5
1 5 17 50.62 0.1406 753.9
1 5 19 96.80 0.0668 137.3
1 5 36 71.74 0.1286 888.4
1 5 33 88.53 0.1105 50.0
1 5 36 172.88 0.0929 893.6
1 5 38 224.87 0.0694 730.6
1 5 34 147.54 0.0810 483.4
1 5 25 105.85 0.0551 708.1
1 5 36 181.78 0.0723 919.4
1 5 24 54.75 0.0772 98.9
1 5 29 103.55 0.0995 685.9
1 5 16 109.50 0.0387 874.7
1 5 41 160.32 0.0795 251.4
1 5 35 136.51 0.0591 662.1
1 5 27 52.32 0.0822 293.7
1 5 34 102.43 0.0677 852.9
1 5 16 51.10 0.1360 697.6
1 5 31 90.55 0.0652 324.4
1 5 30 102.71 0.0695 127.1
1 5 43 191.31 0.0607 630.9
1 5 19 658.64 0.0467 608.1
1 5 37 56.16 0.1045 745.4
1 5 38 99.98 0.0944 44.2
1 5 28 112.48 0.0950 355.3
1 5 34 230.76 0.0742 185.0
1 5 35 111.02 0.0752 958.9
1 5 16 76.84 0.0524 70.2
1 5 35 46.37 0.1279 850.7
1 5 19 53.59 0.1012 99.4
1 5 15 60.67 0.0803 23.6
1 5 33 197.21 0.0845 732.9
1 5 16 59.71 0.0702 30.8
1 5 41 71.98 0.0943 913.7
1 5 19 77.18 0.0818 40.2
1 5 14 100.87 0.0587 833.9
1 5 15 131.56 0.0570 530.4
1 5 40 67.05 0.1084 346.7
1 5 27 59.44 0.1523 836.4
1 5 31 98.15 0.0587 829.0
1 5 22 151.19 0.0516 696.7
1 5 17 143.19 0.0740 116.5
1 5 40 105.31 0.0909 495.1
1 5 35 60.63 0.0948 677.3
1 5 38 157.33 0.0750 878.5
1 5 26 125.81 0.0757 464.2
1 5 36 133.60 0.0695 779.5
1 5 36 124.51 0.0904 682.5
1 5 32 45.71 0.1132 606.1
1 5 20 46.37 0.1246 378.2
1 5 17 52.52 0.1214 633.4
1 5 15 112.88 0.0676 624.1
1 5 15 65.08 0.0703 229.8
1 5 23 48.54 0.0942 271.6
1 5 30 53.66 0.1388 505.0
1 5 34 78.19 0.0800 656.0
1 5 31 94.03 0.0945 30.2
1 5 40 62.42 0.0780 806.0
1 5 37 132.05 0.0698 97.1
1 5 43 400.23 0.0586 192.8
1 5 34 81.64 0.0870 256.3
1 5 26 91.22 0.0632 89.8
1 5 23 50.50 0.0876 701.5
1 5 17 185.89 0.0570 501.8
1 5 39 178.82 0.0847 845.5
1 5 41 73.51 0.0897 701.2
1 5 21 49.61 0.1080 478.0
1 5 36 102.39 0.0792 246.0
1 5 36 189.44 0.0788 861.8
1 5 35 58.80 0.1105 238.7
1 5 35 290.14 0.0638 212.2
1 5 38 164.90 0.0774 39.0
1 5 42 105.50 0.0753 107.1
1 5 18 72.06 0.1400 169.8
1 5 37 175.47 0.0805 647.8
1 5 33 75.78 0.1123 676.4
1 5 29 104.90 0.0849 312.9
1 5 33 58.76 0.1118 859.6
1 5 41 61.05 0.1190 165.5
1 5 40 51.88 0.1188 896.0
1 5 40 117.96 0.1120 185.9
1 5 34 45.69 0.1172 172.5
1 5 16 46.02 0.0698 893.3
1 5 31 73.62 0.0880 21.3
1 5 15 188.77 0.1357 27.1
1 5 39 62.57 0.0977 58.2
1 5 35 48.20 0.0750 674.1
1 5 33 59.83 0.1120 105.8
1 5 43 91.56 0.0687 206.5
1 5 26 52.88 0.1247 596.0
1 5 25 95.32 0.0756 72.5
1 5 16 52.76 0.0546 638.0
1 5 23 173.29 0.0573 711.3
1 5 30 53.43 0.0877 813.6
1 5 34 108.93 0.0813 873.4
1 5 42 82.50 0.0928 480.3
1 5 32 141.05 0.0743 740.7
1 5 43 81.54 0.0993 720.6
1 5 41 55.61 0.1440 459.9
1 5 39 76.07 0.0819 779.2
1 5 17 71.89 0.0516 204.5
1 5 23 92.65 0.0772 192.0
1 5 38 61.62 0.1005 143.0
1 5 24 73.86 0.0731 164.1
1 5 35 174.34 0.0632 41.8
1 5 41 107.43 0.0697 732.3
1 5 35 223.63 0.0610 745.7
1 5 34 178.67 0.0726 744.1
1 5 41 128.86 0.0871 804.9
1 5 35 184.49 0.0683 630.8
1 5 18 87.63 0.0948 918.8
1 5 32 122.74 0.0840 952.2
1 5 33 73.97 0.1084 57.5
1 5 15 76.84 0.0621 209.2
1 5 22 59.66 0.1365 140.3
1 5 21 170.93 0.0355 570.7
1 5 30 126.28 0.0774 464.7
1 5 27 166.05 0.0858 257.3
1 5 28 135.43 0.0712 282.4
1 5 37 145.88 0.0738 745.4
1 5 40 239.61 0.0575 475.8
1 5 35 100.41 0.0831 97.5
1 5 21 223.54 0.0888 610.6
1 5 29 66.64 0.1128 237.8
1 5 18 154.93 0.0550 92.0
1 5 42 122.84 0.0892 401.4
1 5 17 62.88 0.0754 169.8
1 5 23 200.77 0.0525 576.6
1 5 19 118.30 0.0759 229.5
1 5 17 96.88 0.0646 492.3
1 5 17 176.30 0.0358 41.9
1 5 28 123.14 0.0519 148.2
1 5 41 94.95 0.0938 308.1
1 5 35 97.77 0.0740 78.9
1 5 20 174.52 0.0477 864.5
1 5 35 102.06 0.0745 501.1
1 5 40 114.73 0.0813 199.8
1 5 39 53.33 0.1118 246.8
1 5 28 80.37 0.0787 786.6
1 5 14 92.79 0.0650 405.7
1 5 14 201.61 0.0821 133.4
1 5 21 70.34 0.0886 656.5
1 5 18 125.00 0.0611 208.0
1 5 24 59.24 0.1068 856.3
1 5 13 92.13 0.1115 421.0
1 5 34 50.18 0.0787 771.7
1 5 16 88.93 0.0772 131.6
1 5 16 62.48 0.0459 930.4
1 5 29 98.08 0.0982 55.3
1 5 29 55.81 0.1145 718.9
1 5 44 234.17 0.0514 241.5
1 5 34 141.73 0.1183 272.6
1 5 43 190.38 0.0582 838.0
1 5 17 149.50 0.0507 41.4
1 5 38 190.71 0.0774 117.5
1 5 33 197.84 0.0779 77.3
1 5 23 68.94 0.0606 50.6
1 5 13 149.50 0.0839 912.5
1 5 22 133.03 0.0616 774.6
1 5 17 126.48 0.0394 800.8
1 5 41 202.46 0.0588 876.2
1 5 33 73.82 0.0777 630.2
1 5 38 122.22 0.1300 208.1
1 5 18 46.83 0.0742 176.0
1 5 28 123.72 0.0671 918.6
1 5 40 81.32 0.0717 145.7
1 5 27 114.54 0.0592 367.5
1 5 25 151.35 0.0382 602.7
1 5 41 73.48 0.0814 632.0
1 5 37 170.96 0.0701 226.0
1 5 31 94.02 0.0706 109.5
1 5 28 58.08 0.0860 146.3
1 5 31 47.74 0.1149 756.0
1 5 39 53.77 0.0912 559.7
1 5 37 62.45 0.0895 860.9
1 5 22 146.93 0.0963 477.6
1 5 30 95.34 0.0608 15.7
1 5 35 120.65 0.0684 294.5
1 5 33 63.76 0.0726 172.7
1 5 21 133.51 0.0870 287.2
1 5 32 50.07 0.0967 331.7
1 5 31 144.21 0.0519 153.8
1 5 27 135.75 0.0438 874.3
1 5 17 376.50 0.0393 800.2
1 5 28 59.90 0.0859 128.2
1 5 22 82.60 0.1116 113.6
1 5 23 106.35 0.0607 31.2
1 5 24 142.61 0.0478 245.9
1 5 24 95.19 0.0727 671.2
1 5 28 186.48 0.0592 97.7
1 5 29 229.81 0.0736 818.1
1 5 25 86.69 0.0965 242.5
1 5 30 199.45 0.0597 229.0
1 5 25 71.32 0.1035 937.4
1 5 18 92.99 0.0585 83.2
1 5 33 65.84 0.1322 240.7
1 5 43 132.72 0.0567 525.9
1 5 23 54.95 0.0668 767.7
1 5 31 315.08 0.0643 686.2
1 5 36 48.11 0.1177 698.3
1 5 32 70.11 0.0890 691.7
1 5 39 47.45 0.1111 603.5
1 5 20 112.18 0.1235 264.6
1 5 22 51.81 0.1147 893.0
1 5 29 51.48 0.1280 81.7
1 5 18 294.92 0.0369 24.5
1 5 13 236.32 0.0309 717.6
1 5 43 62.60 0.1041 684.3
1 5 21 55.40 0.0649 700.0
1 5 24 59.09 0.1242 404.8
1 5 23 72.40 0.0660 590.5
1 5 35 90.87 0.0717 77.4
1 5 44 88.54 0.0761 746.8
1 5 28 197.16 0.0539 310.3
1 5 28 349.60 0.0519 685.4
1 5 35 101.32 0.0935 251.4
1 5 21 156.66 0.0841 463.4
1 5 14 499.64 0.1289 449.7
1 5 15 256.65 0.0512 244.2
1 5 23 128.04 0.0397 729.2
1 5 17 171.44 0.1313 835.8
1 5 29 72.22 0.0763 142.9
1 5 13 68.60 0.0941 284.6
1 5 37 46.03 0.1493 379.0
1 5 37 92.03 0.0980 498.5
1 5 29 99.33 0.0657 462.5
1 5 30 65.98 0.0776 128.9
1 5 38 175.27 0.0666 817.9
1 5 26 189.00 0.0728 391.5
1 5 31 82.25 0.0910 675.4
1 5 27 238.61 0.0610 494.7
1 5 13 77.26 0.1362 444.5
1 5 18 196.35 0.0569 731.3
1 5 32 147.59 0.0753 690.7
1 5 17 87.31 0.1327 371.2
1 5 25 137.21 0.0522 49.6
1 5 17 345.36 0.0756 468.7
1 5 15 71.38 0.0926 48.4
1 5 27 69.41 0.1145 213.4
1 5 22 46.31 0.0930 626.9
1 5 18 112.42 0.1240 8.1
1 5 26 89.94 0.1085 68.7
1 5 16 181.62 0.0702 942.6
1 5 19 58.42 0.1011 115.1
1 5 13 258.34 0.0763 327.8
1 5 14 230.31 0.1155 290.3
1 5 21 46.47 0.1278 428.9
1 5 15 77.52 0.0567 96.7
1 5 13 89.71 0.1149 107.4
1 5 15 60.34 0.0774 548.3
1 5 22 46.00 0.1202 533.3
1 5 13 131.40 0.0937 692.0
1 5 23 78.70 0.1028 136.4
1 5 13 63.76 0.1506 357.6
1 5 22 60.70 0.1351 747.8
1 5 26 164.46 0.0484 13.4
1 5 19 70.65 0.1025 277.3
1 5 21 72.68 0.0675 427.8
1 5 26 96.48 0.0509 809.7
1 5 28 86.80 0.0707 834.6
1 5 36 47.08 0.1155 915.3
1 5 37 55.33 0.0914 132.9
1 5 13 59.47 0.1488 355.7
1 5 32 104.56 0.0628 676.5
1 5 15 59.40 0.0730 552.8
1 5 17 50.96 0.1034 60.1
1 5 38 115.99 0.0767 224.8
1 5 17 270.81 0.0706 532.9
1 5 16 83.23 0.0588 626.0
1 5 13 51.87 0.0778 801.7
1 5 30 109.07 0.0980 303.5
1 5 15 76.99 0.1034 238.7
1 5 34 133.84 0.0907 408.9
1 5 29 67.54 0.1223 360.9
1 5 23 82.58 0.1014 676.8
1 5 22 263.34 0.0708 376.1
1 5 16 99.82 0.1171 555.0
1 5 14 46.93 0.0923 668.4
1 5 18 64.88 0.0553 921.2
1 5 15 48.40 0.0689 323.5
1 5 14 80.42 0.0848 614.9
1 5 15 163.52 0.0727 484.0
1 5 26 137.09 0.0496 121.1
1 5 19 53.73 0.0603 226.3
1 5 20 101.84 0.1033 126.0
1 5 21 167.74 0.0567 189.5
1 5 19 165.64 0.0447 698.9
1 5 19 109.17 0.0622 644.8
1 5 13 80.13 0.0676 482.8
1 5 13 66.94 0.0616 292.9
1 5 16 78.63 0.0379 564.5
1 5 14 68.72 0.1352 426.2
1 5 18 138.52 0.0596 641.2
1 5 17 58.66 0.1095 89.1
1 5 26 104.45 0.0603 285.3
1 5 16 102.42 0.0506 24.6
1 5 14 127.40 0.0575 680.0
1 5 24 51.47 0.1012 768.1
1 5 18 315.39 0.0712 22.3
1 5 14 73.93 0.0638 820.3
1 5 18 100.42 0.1163 886.8
1 5 27 51.15 0.0932 418.2
1 5 24 45.87 0.1393 495.0
1 6 41 160.91 0.0855 842.1
1 6 31 137.14 0.0671 662.1
1 6 29 87.73 0.1089 165.2
1 6 36 101.06 0.0823 144.8
1 6 33 106.12 0.0912 670.6
1 6 29 107.66 0.0738 119.3
1 6 15 109.81 0.1061 743.5
1 6 29 82.01 0.0991 665.9
1 6 20 131.79 0.0782 489.6
1 6 28 249.23 0.0655 164.8
1 6 24 69.51 0.0894 483.3
1 6 21 63.81 0.1047 716.5
1 6 29 182.59 0.0612 469.4
1 6 17 111.00 0.0623 888.7
1 6 20 83.59 0.1152 615.5
1 6 20 105.80 0.0623 818.8
1 6 35 212.71 0.0621 924.2
1 6 29 555.02 0.0711 808.2
1 6 27 84.99 0.0830 616.6
1 6 27 97.17 0.0533 837.8
1 6 30 50.43 0.1095 702.3
1 6 23 104.15 0.0923 748.6
1 6 24 125.07 0.0871 548.3
1 6 28 88.59 0.0870 793.8
1 6 31 106.33 0.0746 315.9
1 6 21 57.37 0.1142 256.2
1 6 16 145.17 0.0686 505.8
1 6 17 228.70 0.0790 768.4
1 6 41 99.19 0.0729 780.0
1 6 33 165.07 0.0774 617.9
1 6 41 64.61 0.0885 642.3
1 6 33 49.58 0.1067 723.8
1 6 35 213.26 0.0574 283.0
1 6 19 495.63 0.0415 626.6
1 6 20 151.68 0.0507 212.4
1 6 29 86.69 0.0824 899.6
1 6 28 61.74 0.1330 637.3
1 6 17 168.86 0.0762 920.6
1 6 27 106.78 0.0733 242.0
1 6 16 57.95 0.0592 47.3
1 6 19 91.74 0.0629 894.3
1 6 39 161.54 0.0698 409.9
1 6 24 103.00 0.0677 142.8
1 6 21 56.60 0.0640 413.6
1 6 15 48.93 0.1695 886.1
1 6 37 209.54 0.0675 615.3
1 6 14 75.03 0.1344 739.5
1 6 19 150.11 0.0400 385.6
1 6 24 90.81 0.0865 782.9
1 6 27 57.91 0.0969 132.7
1 6 29 45.14 0.1256 183.6
1 6 13 146.78 0.0609 557.2
1 6 17 50.55 0.0743 926.1
1 6 21 257.12 0.0752 641.7
1 6 15 111.62 0.0643 605.4
1 6 37 96.83 0.0822 258.4
1 6 14 162.97 0.1389 658.9
1 6 36 127.42 0.0715 117.1
1 6 27 106.19 0.0851 824.0
1 6 38 137.55 0.0723 554.2
1 6 14 214.06 0.0308 872.1
1 6 16 54.27 0.0827 825.6
1 6 30 315.04 0.1089 920.1
1 6 19 80.14 0.1005 73.5
1 6 20 73.64 0.0953 390.2
1 6 37 90.63 0.0751 734.7
1 6 27 89.26 0.0828 380.0
1 6 26 53.96 0.0838 100.3
1 6 27 97.01 0.0597 296.8
1 6 43 105.78 0.0796 876.9
1 6 37 60.37 0.1010 881.3
1 6 40 150.14 0.0601 120.8
1 6 39 219.29 0.0676 217.6
1 6 29 48.94 0.0914 513.3
1 6 22 170.55 0.0448 427.7
1 6 26 84.73 0.1026 474.3
1 6 27 61.09 0.1150 926.9
1 6 22 162.25 0.0401 460.0
1 6 38 233.96 0.0652 656.2
1 6 19 46.96 0.1413 609.0
1 6 37 123.80 0.0918 649.3
1 6 37 88.56 0.0966 647.1
1 6 40 141.07 0.0735 612.3
1 6 39 85.35 0.0929 28.5
1 6 44 166.86 0.0695 721.4
1 6 36 250.79 0.0625 718.1
1 6 28 139.58 0.0628 401.4
1 6 23 93.29 0.0852 438.5
1 6 21 117.34 0.0746 718.6
1 6 21 98.86 0.0909 469.8
1 6 14 207.53 0.0656 198.1
1 6 24 82.02 0.0718 516.5
1 6 20 86.62 0.0943 489.8
1 6 19 75.47 0.0518 600.9
1 6 34 285.18 0.0734 169.8
1 6 13 62.50 0.0850 500.2
1 6 33 154.96 0.0769 235.5
1 6 25 74.51 0.0839 158.5
1 6 31 54.90 0.0820 877.0
1 6 24 211.66 0.0724 542.0
1 6 29 101.95 0.1060 712.4
1 6 28 103.20 0.0890 489.5
1 6 31 156.19 0.0948 99.3
1 6 37 176.02 0.0795 185.6
1 6 35 80.51 0.0774 223.5
1 6 30 103.87 0.0817 426.2
1 6 17 85.75 0.0951 115.6
1 6 32 153.23 0.0617 716.4
1 6 27 62.12 0.1262 928.8
1 6 26 92.32 0.0583 186.1
1 6 38 102.39 0.0808 155.9
1 6 31 61.18 0.1070 599.0
1 6 32 82.37 0.0802 358.1
1 6 37 124.84 0.0797 581.6
1 6 39 276.77 0.0572 772.1
1 6 21 99.60 0.0735 56.7
1 6 19 115.56 0.0639 187.7
1 6 40 246.49 0.0624 906.0
1 6 40 122.17 0.0669 563.2
1 6 34 59.15 0.0747 512.2
1 6 20 100.21 0.1281 918.1
1 6 20 93.79 0.0570 217.2
1 6 39 101.21 0.0706 165.8
1 6 21 54.78 0.0993 508.1
1 6 18 70.51 0.0401 125.7
1 6 32 86.74 0.1114 926.6
1 6 40 85.56 0.0949 665.2
1 6 43 96.11 0.0905 122.5
1 6 37 80.88 0.0841 522.6
1 6 41 114.34 0.0832 626.9
1 6 36 190.55 0.0712 667.6
1 6 34 58.20 0.1232 169.6
1 6 44 123.51 0.0610 223.8
1 6 26 70.01 0.0450 129.7
1 6 13 67.26 0.1257 941.7
1 6 16 86.31 0.0948 896.4
1 6 40 56.00 0.1073 923.7
1 6 26 53.60 0.0923 627.8
1 6 26 58.35 0.1357 108.8
1 6 37 141.01 0.0703 769.0
1 6 35 161.55 0.0580 882.1
1 6 14 47.96 0.1173 947.5
1 6 30 98.71 0.0694 76.0
1 6 43 237.12 0.0476 873.6
1 6 39 87.85 0.0978 902.4
1 6 35 236.27 0.0519 490.1
1 6 36 51.09 0.0961 258.7
1 6 14 183.08 0.0867 462.4
1 6 19 54.34 0.0915 477.6
1 6 38 93.64 0.0660 157.0
1 6 43 94.71 0.0840 463.5
1 6 28 149.82 0.0550 564.6
1 6 28 91.84 0.0599 763.6
1 6 32 57.17 0.0842 99.4
1 6 30 46.66 0.1087 850.5
1 6 29 67.47 0.1001 784.4
1 6 28 148.51 0.0702 212.8
1 6 23 58.31 0.0567 71.0
1 6 36 94.39 0.0913 629.7
1 6 28 60.23 0.0889 671.4
1 6 31 79.16 0.1123 112.8
1 6 40 57.58 0.1176 122.9
1 6 38 86.79 0.1168 692.5
1 6 33 131.88 0.0779 562.5
1 6 23 85.97 0.0774 704.0
1 6 26 78.05 0.1174 20.3
1 6 20 205.09 0.0814 888.9
1 6 31 61.41 0.1015 494.7
1 6 35 57.30 0.1176 208.0
1 6 22 84.94 0.1206 307.9
1 6 30 104.70 0.0574 889.6
1 6 14 231.31 0.0512 933.1
1 6 40 127.52 0.0822 541.8
1 6 35 73.36 0.1033 573.5
1 6 31 78.66 0.0974 631.3
1 6 20 85.28 0.0526 125.8
1 6 31 46.48 0.1300 132.6
1 6 37 135.81 0.0770 406.5
1 6 28 102.12 0.0961 103.5
1 6 24 45.38 0.1408 670.3
1 6 33 60.55 0.0917 628.6
1 6 24 54.17 0.1422 258.8
1 6 25 77.39 0.0912 62.6
1 6 32 74.35 0.0857 533.7
1 6 36 111.78 0.0933 920.0
1 6 36 91.55 0.0708 193.5
1 6 36 78.61 0.1072 240.0
1 6 16 120.97 0.0525 756.1
1 6 28 143.89 0.0765 720.8
1 6 28 59.90 0.1079 224.1
1 6 27 124.67 0.0578 488.7
1 6 25 67.70 0.0700 545.9
1 6 41 193.00 0.0596 375.5
1 6 23 49.44 0.0950 107.0
1 6 16 123.25 0.0615 63.4
1 6 22 137.86 0.0377 468.5
1 6 39 85.62 0.1181 793.3
1 6 37 145.92 0.0680 592.3
1 6 33 69.00 0.0485 905.6
1 6 38 175.44 0.0642 354.6
1 6 14 902.55 0.0862 752.7
1 6 41 79.71 0.0823 848.0
1 6 16 69.78 0.0463 879.4
1 6 36 55.30 0.0977 536.5
1 6 19 79.60 0.0544 58.3
1 6 28 82.39 0.0613 914.6
1 6 17 69.66 0.0910 818.8
1 6 14 53.09 0.1144 604.1
1 6 17 177.01 0.0667 668.4
1 6 39 461.99 0.0941 721.0
1 6 35 51.81 0.1505 918.0
1 6 13 106.29 0.0572 775.3
1 6 35 71.17 0.0874 255.6
1 6 22 133.20 0.0927 695.1
1 6 21 245.56 0.0608 118.7
1 6 32 90.10 0.0901 230.6
1 6 15 313.05 0.0954 945.5
1 6 36 100.33 0.1129 770.2
1 6 42 186.96 0.0826 482.5
1 6 34 69.47 0.0803 860.3
1 6 24 53.87 0.1272 932.7
1 6 39 107.63 0.0993 775.7
1 6 30 48.91 0.0693 684.4
1 6 25 153.92 0.0743 800.2
1 6 32 93.94 0.0819 182.8
1 6 15 228.53 0.0828 777.2
1 6 13 53.73 0.0325 52.7
1 6 27 156.70 0.0829 910.3
1 6 37 102.53 0.0581 213.2
1 6 42 173.48 0.0565 649.5
1 6 33 59.76 0.0997 423.2
1 6 33 109.17 0.0806 763.3
1 6 39 79.46 0.0933 881.2
1 6 16 70.26 0.0622 926.2
1 6 35 266.99 0.0866 693.4
1 6 31 123.72 0.0675 122.8
1 6 26 130.95 0.0716 808.8
1 6 23 209.89 0.0554 930.2
1 6 29 108.68 0.0802 210.7
1 6 21 49.82 0.1286 209.7
1 6 14 56.29 0.0562 560.6
1 6 25 48.21 0.0782 636.8
1 6 33 115.65 0.0852 79.5
1 6 28 61.07 0.0761 545.2
1 6 28 120.46 0.0804 589.3
1 6 25 77.94 0.1128 581.7
1 6 26 93.82 0.0840 393.7
1 6 26 91.92 0.0731 639.3
1 6 23 56.65 0.0592 791.8
1 6 33 81.29 0.1194 569.4
1 6 26 80.94 0.0660 135.4
1 6 14 154.96 0.0802 212.1
1 6 17 87.95 0.0606 70.0
1 6 27 105.12 0.0943 927.0
1 6 28 45.01 0.0931 702.1
1 6 29 48.76 0.0625 234.6
1 6 16 209.90 0.0397 18.6
1 6 32 150.24 0.0778 708.0
1 6 16 141.33 0.0691 939.9
1 6 23 69.99 0.0757 180.6
1 6 32 196.01 0.0572 605.1
1 6 34 167.99 0.0737 710.4
1 6 33 57.23 0.1257 153.0
1 6 21 540.64 0.1147 60.0
1 6 19 74.58 0.0874 229.6
1 6 19 285.73 0.0288 615.0
1 6 28 148.28 0.0740 472.0
1 6 38 68.44 0.0877 203.5
1 6 14 193.87 0.0829 458.8
1 6 16 72.89 0.0937 53.8
1 6 19 45.44 0.1123 220.3
1 6 29 50.70 0.1217 125.6
1 6 17 71.96 0.0406 572.3
1 6 17 85.33 0.1093 575.8
1 6 31 83.74 0.0961 212.5
1 6 41 94.98 0.0881 870.5
1 6 44 46.52 0.1286 174.8
1 6 25 135.91 0.0894 506.8
1 6 15 142.41 0.0367 659.1
1 6 15 83.64 0.0855 574.3
1 6 27 57.55 0.1356 162.0
1 6 21 66.26 0.0955 716.2
1 6 16 142.64 0.0463 443.3
1 6 18 108.25 0.0450 558.3
1 6 14 46.67 0.0642 198.5
1 6 28 45.36 0.0894 25.0
1 6 36 155.86 0.0968 570.3
1 6 33 58.30 0.1155 403.6
1 6 30 57.24 0.1639 491.8
1 6 19 81.97 0.0647 459.3
1 6 40 137.74 0.1076 945.8
1 6 23 86.30 0.0805 442.3
1 6 22 211.04 0.0889 749.8
1 6 27 66.23 0.0990 504.0
1 6 21 60.07 0.1115 313.6
1 6 20 77.99 0.0671 838.1
1 6 28 201.68 0.0871 184.4
1 6 15 87.93 0.0569 220.2
1 6 14 527.80 0.0525 739.5
1 6 13 45.98 0.0895 932.2
1 6 14 55.67 0.0529 553.2
1 6 25 63.58 0.0570 630.9
1 6 14 60.81 0.0739 767.1
1 6 19 152.32 0.0390 18.3
1 6 18 226.27 0.0656 54.0
1 6 14 87.58 0.0261 193.7
1 6 19 47.91 0.0795 768.8
1 6 16 105.85 0.0805 820.5
1 6 22 610.03 0.1220 904.6
1 6 15 131.26 0.0260 12.8
1 6 29 106.02 0.0617 852.3
1 6 14 113.53 0.0803 892.4
1 6 29 92.28 0.0889 570.8
1 6 15 47.86 0.1479 746.4
1 6 34 76.31 0.0901 899.5
1 6 14 83.08 0.1470 947.0
1 6 14 78.38 0.0488 69.5
1 6 26 362.81 0.0632 627.9
1 6 18 87.33 0.0562 801.5
1 6 18 160.87 0.0675 723.0
1 6 13 90.23 0.1457 304.2
1 6 13 80.63 0.0227 300.5
1 6 26 94.50 0.0751 331.9
1 6 13 61.20 0.0711 643.0
1 6 17 388.77 0.0467 469.2
1 6 19 69.15 0.0749 933.0
1 6 39 117.65 0.0696 697.8
1 6 20 55.88 0.0776 895.9
1 6 23 187.65 0.0498 75.9
1 6 22 189.00 0.0940 717.4
1 6 29 109.73 0.0905 132.2
1 6 26 77.02 0.1074 599.7
1 6 21 70.50 0.0493 307.6
1 6 17 142.09 0.0630 595.2
1 6 15 218.18 0.0844 790.4
1 6 15 47.20 0.0903 464.1
1 6 13 45.57 0.0532 797.9
1 6 14 59.25 0.0676 267.6
1 6 27 49.51 0.1193 843.3
1 6 17 125.68 0.0403 142.5
1 6 15 49.06 0.0955 545.2
1 6 13 47.53 0.0954 353.6
1 7 27 89.53 0.0886 528.0
1 7 41 109.97 0.0667 916.9
1 7 29 93.47 0.0994 920.5
1 7 21 61.42 0.0821 868.7
1 7 37 89.19 0.0901 56.6
1 7 27 212.64 0.0602 317.5
1 7 13 124.81 0.0782 42.6
1 7 36 82.35 0.0899 941.1
1 7 31 246.14 0.0853 89.2
1 7 39 460.93 0.0529 152.6
1 7 23 60.25 0.1102 28.3
1 7 20 81.14 0.1181 512.5
1 7 28 89.25 0.0807 904.1
1 7 19 80.28 0.0842 859.2
1 7 21 79.52 0.0775 25.7
1 7 23 486.44 0.0446 771.6
1 7 14 188.42 0.0640 839.3
1 7 20 89.61 0.0808 33.4
1 7 28 58.01 0.1157 891.2
1 7 21 279.03 0.0803 22.9
1 7 25 186.41 0.0888 565.9
1 7 23 64.90 0.0607 875.9
1 7 15 105.60 0.0492 575.4
1 7 32 92.87 0.0851 51.3
1 7 28 676.88 0.0476 866.3
1 7 20 361.95 0.0813 44.4
1 7 28 201.79 0.0718 829.0
1 7 23 194.24 0.0660 788.7
1 7 14 45.35 0.1412 381.0
1 7 26 189.64 0.0626 174.1
1 7 14 74.62 0.1212 948.0
1 7 40 74.07 0.0842 85.0
1 7 30 85.09 0.0888 121.4
1 7 37 64.58 0.0746 910.4
1 7 18 87.25 0.0856 469.6
1 7 33 104.25 0.0706 865.9
1 7 29 165.37 0.0705 888.8
1 7 35 50.37 0.1407 418.5
1 7 16 77.08 0.1165 888.0
1 7 14 423.00 0.0725 470.2
1 7 27 192.42 0.0854 113.9
1 7 34 129.70 0.0689 144.9
1 7 37 88.30 0.0719 750.5
1 7 35 59.20 0.1027 555.3
1 7 32 57.30 0.0936 515.7
1 7 18 83.74 0.0564 140.2
1 7 26 80.09 0.0945 87.0
1 7 30 74.10 0.0998 34.2
1 7 17 114.11 0.0674 9.3
1 7 26 78.92 0.0865 547.5
1 7 18 107.64 0.0629 936.6
1 7 16 116.33 0.0608 407.4
1 7 39 123.98 0.0540 99.1
1 7 38 49.78 0.1169 45.4
1 7 37 99.23 0.0658 176.6
1 7 33 119.71 0.0790 600.7
1 7 16 238.76 0.0344 493.0
1 7 15 89.63 0.0892 539.1
1 7 13 139.42 0.0702 907.7
1 7 17 102.82 0.1329 122.9
1 7 19 74.78 0.0761 876.9
1 7 34 60.46 0.1029 584.0
1 7 16 60.78 0.0656 14.8
1 7 13 90.29 0.0762 948.7
1 7 36 122.03 0.0688 820.4
1 7 25 79.69 0.0709 516.3
1 7 30 97.05 0.0861 583.0
1 7 23 95.06 0.1382 43.1
1 7 27 99.44 0.0739 136.1
1 7 16 208.64 0.0453 859.2
1 7 35 120.57 0.0648 871.9
1 7 33 255.60 0.0547 631.4
1 7 37 87.15 0.0934 460.0
1 7 26 56.15 0.1086 601.3
1 7 19 53.57 0.0918 905.2
1 7 13 68.49 0.1313 37.5
1 7 16 179.66 0.0423 529.3
1 7 21 80.70 0.0657 383.9
1 7 18 67.49 0.0680 347.0
1 7 33 73.77 0.1185 881.0
1 7 33 132.36 0.0645 385.5
1 7 38 146.59 0.0677 324.2
1 7 20 87.87 0.0752 631.4
1 7 23 238.63 0.0387 767.5
1 7 35 49.07 0.1141 153.8
1 7 35 248.34 0.0608 715.9
1 7 27 51.46 0.1316 928.2
1 7 37 102.72 0.0814 156.9
1 7 22 101.98 0.1121 586.5
1 7 28 102.87 0.0825 154.2
1 7 18 119.00 0.0480 704.6
1 7 38 266.74 0.0783 317.0
1 7 35 111.95 0.1035 909.4
1 7 13 107.59 0.0962 946.7
1 7 18 139.80 0.0526 28.0
1 7 20 62.06 0.0756 33.4
1 7 18 49.74 0.1367 895.7
1 7 16 96.54 0.1152 195.4
1 7 25 64.94 0.1211 888.4
1 7 26 163.89 0.0657 763.8
1 7 15 650.91 0.0436 17.8
1 7 15 81.29 0.0638 855.1
1 7 32 223.13 0.0633 449.9
1 7 29 65.87 0.1004 57.6
1 7 37 104.96 0.0671 643.4
1 7 17 104.04 0.0560 438.4
1 7 24 73.56 0.1064 95.0
1 7 35 195.13 0.0846 109.2
1 7 33 59.83 0.1217 697.3
1 7 17 50.57 0.1301 479.5
1 7 25 103.50 0.0776 761.1
1 7 21 97.88 0.0711 527.8
1 7 40 148.07 0.0701 74.1
1 7 29 196.20 0.0760 66.4
1 7 25 52.07 0.1200 604.0
1 7 28 63.30 0.1096 120.0
1 7 38 88.96 0.1035 100.0
1 7 18 100.17 0.0641 277.0
1 7 37 113.70 0.0609 813.9
1 7 39 224.57 0.0563 878.9
1 7 35 63.95 0.0782 882.5
1 7 25 61.26 0.1272 839.4
1 7 31 85.80 0.0596 924.8
1 7 34 52.56 0.0825 93.0
1 7 22 45.73 0.1382 931.6
1 7 16 181.48 0.0775 367.8
1 7 24 120.51 0.0665 507.0
1 7 21 146.91 0.0728 471.4
1 7 36 96.33 0.0769 926.8
1 7 32 45.45 0.1146 116.3
1 7 25 143.69 0.0492 403.1
1 7 28 61.09 0.0963 506.1
1 7 26 60.50 0.1146 37.7
1 7 22 65.29 0.1172 80.0
1 7 23 353.28 0.0445 443.2
1 7 23 489.37 0.0921 943.1
1 7 20 197.05 0.0744 281.3
1 7 30 90.37 0.0524 65.7
1 7 21 181.75 0.0685 910.2
1 7 18 67.44 0.0472 890.3
1 7 43 116.31 0.0700 605.6
1 7 22 82.18 0.0767 806.4
1 7 29 108.20 0.0808 923.3
1 7 13 48.61 0.0733 25.9
1 7 28 64.99 0.0991 568.5
1 7 36 99.51 0.0855 39.0
1 7 30 205.75 0.0660 713.7
1 7 18 194.09 0.0732 589.5
1 7 40 51.66 0.1320 87.0
1 7 41 95.34 0.0876 271.6
1 7 28 59.27 0.0930 919.3
1 7 17 121.31 0.0706 36.5
1 7 39 82.82 0.0881 935.5
1 7 44 165.95 0.0614 864.8
1 7 25 534.71 0.0478 826.1
1 7 31 259.74 0.0526 905.2
1 7 15 107.75 0.0497 609.6
1 7 31 78.29 0.0603 603.4
1 7 30 45.26 0.1298 194.4
1 7 17 397.18 0.0543 104.2
1 7 37 76.80 0.0887 78.2
1 7 19 146.84 0.0547 912.0
1 7 37 149.73 0.0661 142.2
1 7 26 56.63 0.1116 795.6
1 7 37 185.30 0.0512 903.3
1 7 31 55.29 0.1085 41.1
1 7 37 61.96 0.1116 93.6
1 7 22 58.58 0.0767 127.7
1 7 42 76.59 0.1007 103.2
1 7 25 59.94 0.0924 581.3
1 7 24 74.03 0.0584 320.7
1 7 29 59.12 0.1231 727.6
1 7 25 104.16 0.0611 871.2
1 7 16 71.05 0.0684 892.5
1 7 39 134.77 0.0711 641.5
1 7 16 54.25 0.1007 903.9
1 7 37 89.93 0.0842 555.3
1 7 24 58.63 0.1361 927.5
1 7 34 233.41 0.0470 30.6
1 7 41 119.43 0.0932 157.7
1 7 34 56.21 0.1154 310.4
1 7 25 95.74 0.1312 576.4
1 7 32 154.54 0.0707 31.5
1 7 43 96.46 0.0683 209.3
1 7 24 56.04 0.1198 937.0
1 7 39 58.40 0.1089 610.0
1 7 15 275.99 0.0394 28.2
1 7 16 69.94 0.0543 862.2
1 7 40 134.66 0.0778 171.5
1 7 36 76.41 0.0791 61.9
1 7 41 121.19 0.0891 113.2
1 7 35 430.88 0.0578 831.9
1 7 24 58.74 0.1186 86.0
1 7 35 94.80 0.0979 898.9
1 7 33 101.95 0.0975 828.9
1 7 16 499.09 0.1282 19.5
1 7 20 95.82 0.0766 31.8
1 7 41 111.73 0.0794 138.3
1 7 39 133.43 0.0887 838.6
1 7 24 76.19 0.0976 868.2
1 7 17 205.50 0.0386 178.8
1 7 27 64.49 0.1271 883.2
1 7 16 89.80 0.0665 883.4
1 7 37 135.02 0.0829 678.6
1 7 28 72.48 0.1155 301.9
1 7 15 187.88 0.0666 362.9
1 7 28 133.55 0.0600 303.0
1 7 30 83.07 0.0878 923.4
1 7 25 46.62 0.1535 637.0
1 7 37 216.28 0.0657 140.6
1 7 38 167.02 0.0836 255.7
1 7 20 97.15 0.1033 941.5
1 7 35 116.36 0.0850 70.3
1 7 39 68.04 0.0818 47.1
1 7 34 111.90 0.0856 667.7
1 7 25 52.59 0.1003 203.5
1 7 27 87.92 0.0722 60.1
1 7 20 164.71 0.0598 858.6
1 7 28 151.59 0.0613 453.4
1 7 33 116.92 0.0766 551.2
1 7 41 113.37 0.0718 587.1
1 7 22 60.51 0.0726 513.5
1 7 36 62.00 0.1098 536.0
1 7 29 73.11 0.0859 38.6
1 7 35 77.25 0.1155 892.8
1 7 28 119.57 0.1135 680.5
1 7 37 170.99 0.0896 835.5
1 7 13 282.78 0.0851 775.2
1 7 13 583.99 0.1050 831.8
1 7 17 111.77 0.0636 926.3
1 7 18 61.41 0.0857 140.5
1 7 13 90.25 0.1438 791.0
1 7 16 79.62 0.1022 945.0
1 7 31 91.76 0.0763 523.2
1 7 28 112.87 0.0638 599.2
1 7 19 48.32 0.1484 531.4
1 7 42 88.61 0.0817 645.8
1 7 14 199.99 0.0940 17.8
1 7 37 281.79 0.0480 673.9
1 7 14 51.81 0.1056 832.2
1 7 31 118.10 0.0853 639.7
1 7 39 75.63 0.1072 610.4
1 7 32 131.39 0.0801 463.0
1 7 38 152.37 0.0654 809.8
1 7 39 64.73 0.1043 364.2
1 7 31 167.35 0.0692 904.3
1 7 28 107.73 0.0742 59.2
1 7 18 83.24 0.0812 879.8
1 7 22 97.34 0.0954 931.1
1 7 29 132.65 0.0768 29.2
1 7 21 119.09 0.0559 859.9
1 7 30 107.70 0.0760 326.3
1 7 30 135.42 0.0841 125.7
1 7 35 61.59 0.1244 657.4
1 7 35 281.42 0.0475 910.3
1 7 30 174.51 0.0697 702.0
1 7 36 110.28 0.0712 158.9
1 7 23 83.62 0.1108 214.1
1 7 41 119.38 0.0753 63.6
1 7 16 56.30 0.1344 948.5
1 7 18 103.03 0.0653 884.9
1 7 19 150.97 0.0839 942.2
1 7 41 196.29 0.0490 915.7
1 7 31 53.63 0.1366 48.7
1 7 40 164.24 0.0594 133.1
1 7 36 111.78 0.0576 891.0
1 7 19 73.25 0.0555 695.8
1 7 33 73.15 0.1052 686.0
1 7 33 75.78 0.0772 851.8
1 7 22 61.92 0.0662 535.6
1 7 19 103.30 0.0700 43.5
1 7 39 107.58 0.0749 71.1
1 7 22 93.55 0.1022 50.1
1 7 29 83.20 0.0952 28.4
1 7 19 50.09 0.0587 945.3
1 7 39 174.95 0.0754 685.7
1 7 32 79.91 0.0800 68.4
1 7 43 136.98 0.0885 599.3
1 7 25 144.43 0.0449 291.9
1 7 26 51.35 0.1096 616.2
1 7 29 55.03 0.0864 574.9
1 7 16 100.61 0.0527 52.2
1 7 38 48.92 0.1118 924.5
1 7 17 81.93 0.0323 266.0
1 7 19 130.71 0.0276 18.6
1 7 21 79.45 0.0435 285.0
1 7 37 87.61 0.0723 938.8
1 7 34 134.37 0.0582 400.2
1 7 36 176.20 0.0797 591.7
1 7 37 158.37 0.0675 906.3
1 7 19 166.81 0.1138 943.2
1 7 20 81.96 0.0974 9.9
1 7 26 91.48 0.0945 41.0
1 7 33 66.26 0.1012 936.2
1 7 31 195.51 0.0557 569.3
1 7 18 240.08 0.0637 484.3
1 7 31 398.54 0.0796 946.9
1 7 25 81.86 0.0437 929.4
1 7 20 123.30 0.0752 932.9
1 7 34 59.15 0.0973 550.2
1 7 32 219.36 0.0646 872.0
1 7 31 326.61 0.0615 916.7
1 7 35 125.33 0.0799 458.8
1 7 38 190.28 0.0871 702.1
1 7 31 77.37 0.1147 658.5
1 7 25 46.39 0.0748 488.1
1 7 31 66.99 0.0747 458.7
1 7 18 211.11 0.0468 936.8
1 7 31 66.68 0.1261 296.7
1 7 36 123.69 0.0637 432.1
1 7 20 104.60 0.0726 362.6
1 7 21 128.24 0.0625 852.6
1 7 37 88.14 0.0775 933.8
1 7 21 85.64 0.0729 887.5
1 7 35 124.83 0.0452 824.4
1 7 42 109.45 0.1026 79.5
1 7 37 100.67 0.0847 179.3
1 7 20 81.35 0.0812 42.8
1 7 19 51.54 0.0559 868.1
1 7 36 116.42 0.0721 645.1
1 7 25 130.49 0.0703 796.6
1 7 22 48.47 0.0785 522.3
1 7 27 84.16 0.0709 929.9
1 7 18 84.74 0.0408 461.1
1 7 18 99.68 0.0316 682.6
1 7 22 131.19 0.0811 880.3
1 7 28 77.97 0.1219 878.4
1 7 23 64.14 0.0794 40.8
1 7 23 96.70 0.0919 131.3
1 7 30 140.62 0.0827 820.3
1 7 17 199.20 0.0580 488.6
1 7 39 80.09 0.0961 917.1
1 7 35 45.72 0.1420 22.3
1 7 28 124.53 0.0864 839.8
1 7 27 152.85 0.0572 428.6
1 7 13 66.27 0.1105 31.3
1 7 24 49.60 0.1528 198.2
1 7 15 72.10 0.1026 934.6
1 7 22 121.82 0.0454 775.4
1 7 21 113.13 0.0934 593.3
1 7 21 149.01 0.0623 446.7
1 7 16 65.16 0.0574 82.1
1 7 20 52.28 0.1197 104.5
1 7 24 105.55 0.0646 879.0
1 7 20 233.71 0.0439 514.0
1 7 13 606.43 0.1512 479.2
1 7 30 46.01 0.0982 149.2
1 7 23 68.02 0.0481 905.7
1 7 20 101.33 0.0833 855.8
1 7 19 45.71 0.1500 53.5
1 7 13 297.45 0.0809 166.8
1 7 19 276.38 0.1016 507.6
1 7 37 75.38 0.0836 632.5
1 7 24 95.98 0.0645 840.3
1 7 15 124.24 0.0991 812.5
1 7 22 47.07 0.1325 929.5
1 7 15 52.79 0.1163 311.1
1 7 24 86.02 0.1012 231.6
1 7 19 47.64 0.1158 490.4
1 7 19 153.26 0.1019 460.3
1 7 13 290.40 0.1210 125.4
1 7 14 45.01 0.1018 861.8
1 7 23 45.74 0.1392 21.2
1 7 17 49.47 0.0847 6.1
1 7 16 57.39 0.0862 935.6
1 7 17 419.21 0.1116 938.9
1 7 24 80.28 0.0796 290.3
1 7 21 59.24 0.0953 271.6
1 7 24 72.70 0.0953 948.6
1 7 26 227.35 0.0669 284.9
1 7 17 176.40 0.1261 906.9
1 7 22 46.42 0.0738 89.0
1 7 18 92.17 0.0445 481.8
1 7 14 58.65 0.0611 3.3
1 7 13 64.55 0.1029 837.0
1 8 40 250.83 0.0673 823.4
1 8 28 198.58 0.0843 942.7
1 8 27 146.77 0.0965 454.5
1 8 32 103.91 0.1109 204.3
1 8 13 141.47 0.1501 807.0
1 8 36 118.14 0.1014 391.3
1 8 18 145.94 0.0873 779.5
1 8 24 207.18 0.0692 59.9
1 8 20 55.56 0.0661 579.4
1 8 18 53.64 0.1110 672.3
1 8 19 52.06 0.1425 501.1
1 8 18 63.15 0.0997 820.1
1 8 21 64.51 0.1222 244.8
1 8 38 175.65 0.0618 407.8
1 8 19 107.67 0.0683 712.5
1 8 33 171.87 0.0819 689.2
1 8 24 89.54 0.0957 293.7
1 8 34 102.01 0.0782 923.5
1 8 31 107.87 0.0894 290.6
1 8 32 113.85 0.0831 281.4
1 8 34 126.98 0.0866 241.5
1 8 24 120.55 0.0641 215.2
1 8 31 172.21 0.0722 852.7
1 8 18 105.99 0.0758 158.5
1 8 17 45.68 0.1166 668.0
1 8 19 96.63 0.1184 100.0
1 8 32 117.29 0.1144 600.9
1 8 17 136.36 0.0534 928.5
1 8 33 117.30 0.0728 300.9
1 8 32 226.49 0.0839 297.8
1 8 25 98.94 0.0985 761.2
1 8 31 90.43 0.0830 553.8
1 8 32 289.69 0.0526 884.9
1 8 31 802.31 0.0958 598.7
1 8 25 102.73 0.1014 122.0
1 8 23 51.74 0.1141 70.1
1 8 23 111.78 0.0548 59.4
1 8 30 63.91 0.1352 340.0
1 8 27 112.12 0.0908 608.6
1 8 20 99.29 0.0716 741.9
1 8 15 118.89 0.0505 34.1
1 8 27 72.06 0.0984 669.5
1 8 21 57.37 0.1205 43.4
1 8 28 69.45 0.1027 434.3
1 8 13 399.82 0.0515 37.5
1 8 34 167.46 0.0780 672.1
1 8 36 311.88 0.0792 313.9
1 8 37 130.49 0.1289 818.0
1 8 37 80.86 0.0827 203.4
1 8 17 106.09 0.0933 73.4
1 8 25 150.61 0.0807 240.1
1 8 28 154.27 0.0940 294.4
1 8 26 212.58 0.0488 355.8
1 8 28 97.23 0.0823 298.4
1 8 28 170.51 0.0663 618.0
1 8 28 60.67 0.0980 878.8
1 8 25 124.85 0.0654 778.8
1 8 17 130.09 0.0649 861.0
1 8 25 51.18 0.1183 445.5
1 8 38 107.13 0.0699 876.5
1 8 26 69.14 0.0972 599.5
1 8 28 136.14 0.0856 588.5
1 8 22 90.75 0.0535 724.6
1 8 31 87.33 0.0849 182.1
1 8 22 80.14 0.0707 952.0
1 8 32 75.94 0.0750 605.1
1 8 28 47.02 0.1112 749.8
1 8 31 199.51 0.0808 854.3
1 8 26 433.69 0.0574 897.8
1 8 23 228.21 0.0462 755.0
1 8 27 85.87 0.0350 306.3
1 8 18 219.51 0.0257 117.3
1 8 34 86.46 0.0747 509.0
1 8 37 47.78 0.1382 164.2
1 8 22 49.59 0.0654 824.7
1 8 27 66.23 0.0866 198.8
1 8 15 140.45 0.0641 854.7
1 8 37 86.85 0.0835 174.9
1 8 29 87.41 0.1020 628.0
1 8 30 139.05 0.0607 552.0
1 8 35 125.31 0.0758 519.3
1 8 41 84.22 0.0947 120.6
1 8 18 127.72 0.0575 661.4
1 8 27 53.60 0.1203 903.5
1 8 25 128.89 0.1033 611.0
1 8 28 152.95 0.0513 304.7
1 8 33 60.16 0.0962 153.6
1 8 23 45.39 0.1008 869.1
1 8 24 83.60 0.0872 719.6
1 8 26 99.46 0.1088 197.7
1 8 15 74.34 0.0522 836.4
1 8 21 212.10 0.0940 475.9
1 8 29 168.86 0.0527 101.6
1 8 29 132.67 0.0730 908.5
1 8 31 77.18 0.0839 161.4
1 8 28 133.33 0.0574 127.8
1 8 39 117.18 0.0870 853.3
1 8 38 127.55 0.0665 786.9
1 8 31 154.00 0.0657 216.0
1 8 18 124.10 0.0550 91.3
1 8 20 153.90 0.0526 783.8
1 8 17 46.58 0.0805 836.5
1 8 22 51.80 0.1097 843.0
1 8 14 159.47 0.1008 212.8
1 8 34 161.02 0.0619 858.8
1 8 25 85.82 0.0866 912.1
1 8 15 65.68 0.1153 122.3
1 8 19 216.65 0.0528 469.9
1 8 24 94.71 0.0602 757.1
1 8 29 183.19 0.0774 732.9
1 8 40 146.34 0.0851 196.8
1 8 31 104.74 0.0800 667.0
1 8 22 161.47 0.0414 145.3
1 8 24 121.66 0.0412 704.7
1 8 27 126.49 0.0866 952.3
1 8 18 60.02 0.0672 869.2
1 8 26 233.94 0.0655 59.4
1 8 30 89.63 0.0933 589.3
1 8 20 172.17 0.0516 652.9
1 8 31 48.39 0.1281 139.2
1 8 31 117.87 0.0913 902.3
1 8 38 359.75 0.0722 316.9
1 8 42 116.49 0.0606 829.4
1 8 24 51.11 0.1159 802.1
1 8 16 65.20 0.0747 208.9
1 8 37 140.03 0.0873 946.0
1 8 39 182.82 0.0631 737.0
1 8 41 86.86 0.0827 903.8
1 8 25 250.82 0.0522 84.2
1 8 31 46.09 0.1299 765.3
1 8 35 126.74 0.0547 858.5
1 8 21 180.14 0.0591 722.5
1 8 32 85.69 0.0859 759.0
1 8 15 115.78 0.0591 780.2
1 8 21 78.63 0.0857 201.0
1 8 30 145.09 0.1020 944.3
1 8 15 50.18 0.0418 850.7
1 8 24 63.96 0.1337 669.1
1 8 27 73.41 0.1188 46.0
1 8 32 83.04 0.1060 446.2
1 8 26 52.39 0.0993 222.9
1 8 31 48.77 0.1208 792.6
1 8 19 118.31 0.0637 174.8
1 8 40 400.79 0.0688 629.6
1 8 17 174.31 0.0482 645.9
1 8 27 90.69 0.1170 585.8
1 8 16 72.31 0.0903 115.1
1 8 16 343.47 0.0655 107.3
1 8 27 84.44 0.0920 688.7
1 8 39 97.09 0.0963 195.1
1 8 37 153.36 0.0745 152.6
1 8 44 247.06 0.0618 431.7
1 8 35 51.13 0.1317 664.8
1 8 37 237.07 0.0814 542.0
1 8 28 62.51 0.1454 189.2
1 8 14 60.16 0.0957 678.1
1 8 43 154.74 0.0691 491.7
1 8 21 196.07 0.0820 785.1
1 8 37 221.49 0.1077 811.0
1 8 23 50.83 0.1226 246.3
1 8 24 180.29 0.0498 432.6
1 8 16 268.09 0.0591 298.2
1 8 32 149.00 0.1135 219.0
1 8 36 110.92 0.0765 78.3
1 8 25 62.57 0.0476 721.0
1 8 21 641.81 0.0798 942.8
1 8 14 325.22 0.0700 840.0
1 8 40 150.41 0.0920 906.2
1 8 27 181.61 0.0551 489.9
1 8 39 243.31 0.0744 810.8
1 8 14 520.06 0.0995 71.1
1 8 30 92.19 0.0807 173.4
1 8 36 138.47 0.0905 565.0
1 8 26 120.31 0.0706 735.0
1 8 18 81.85 0.0871 47.6
1 8 16 116.45 0.1498 920.8
1 8 19 62.52 0.1084 955.5
1 8 32 105.83 0.0837 895.5
1 8 20 135.79 0.0501 248.4
1 8 27 220.77 0.0843 774.9
1 8 31 140.12 0.0818 543.6
1 8 32 130.01 0.0914 125.1
1 8 30 77.08 0.0887 677.4
1 8 30 82.36 0.0798 107.6
1 8 36 108.59 0.0849 874.6
1 8 39 81.48 0.0818 763.3
1 8 25 48.00 0.1486 857.3
1 8 36 48.23 0.1099 925.7
1 8 19 74.18 0.0780 836.8
1 8 17 114.87 0.0769 782.5
1 8 22 128.02 0.0877 119.0
1 8 21 160.35 0.0649 55.8
1 8 38 173.72 0.0642 920.0
1 8 43 604.30 0.0713 668.5
1 8 40 260.86 0.0810 608.6
1 8 23 77.39 0.1035 394.4
1 8 29 117.99 0.0667 89.2
1 8 30 163.42 0.0855 281.6
1 8 39 192.39 0.0604 831.5
1 8 34 85.46 0.1218 650.3
1 8 28 48.43 0.1353 368.0
1 8 37 164.93 0.0859 435.4
1 8 32 413.32 0.0852 414.9
1 8 27 92.58 0.0706 243.8
1 8 35 69.25 0.0840 229.3
1 8 29 79.39 0.0879 465.8
1 8 15 106.22 0.0729 606.8
1 8 38 147.87 0.0585 801.5
1 8 20 106.23 0.1178 569.6
1 8 24 222.32 0.0611 78.5
1 8 29 82.49 0.1182 869.7
1 8 39 144.75 0.0687 372.6
1 8 39 66.77 0.1022 316.7
1 8 41 230.32 0.0856 387.0
1 8 43 124.67 0.0787 755.4
1 8 40 167.79 0.0754 57.7
1 8 39 235.56 0.0573 389.0
1 8 17 50.27 0.1380 158.0
1 8 37 102.13 0.0912 655.2
1 8 35 116.48 0.0629 709.5
1 8 23 109.76 0.1033 956.1
1 8 18 140.58 0.0566 945.6
1 8 41 104.20 0.0753 642.3
1 8 34 87.69 0.0602 728.1
1 8 43 89.00 0.0951 158.5
1 8 44 104.72 0.0766 896.6
1 8 31 82.70 0.0823 801.9
1 8 36 46.80 0.1363 642.3
1 8 30 95.05 0.0991 952.8
1 8 37 97.92 0.0713 512.2
1 8 34 187.67 0.0668 673.2
1 8 24 315.98 0.0466 788.7
1 8 25 90.65 0.0997 933.7
1 8 29 117.52 0.0622 116.4
1 8 25 147.76 0.0809 485.7
1 8 37 138.67 0.0767 918.2
1 8 35 97.05 0.0674 402.0
1 8 18 55.28 0.0811 650.1
1 8 36 72.87 0.0779 878.0
1 8 13 74.66 0.1384 202.4
1 8 30 54.58 0.1002 116.4
1 8 28 74.18 0.0827 881.3
1 8 17 253.05 0.0543 38.6
1 8 13 360.79 0.0500 221.9
1 8 28 54.32 0.1383 761.4
1 8 24 72.53 0.0709 697.0
1 8 37 75.53 0.0834 690.0
1 8 28 206.79 0.0448 79.5
1 8 38 161.66 0.0725 440.0
1 8 24 201.98 0.0682 882.5
1 8 16 51.06 0.1093 87.0
1 8 41 241.17 0.0643 796.0
1 8 38 129.17 0.0953 878.1
1 8 34 65.49 0.0672 392.2
1 8 41 217.22 0.0605 744.3
1 8 14 80.56 0.1035 768.6
1 8 15 72.70 0.1041 310.9
1 8 34 81.15 0.0795 224.6
1 8 31 49.28 0.0960 838.6
1 8 29 93.87 0.0643 727.8
1 8 23 196.73 0.0537 269.6
1 8 40 97.12 0.0866 764.0
1 8 41 118.85 0.0806 541.0
1 8 31 52.29 0.0784 275.3
1 8 19 56.71 0.0561 937.7
1 8 26 287.42 0.0661 744.9
1 8 27 93.03 0.1130 453.5
1 8 26 193.65 0.0607 229.9
1 8 31 133.43 0.0827 895.2
1 8 23 83.02 0.0644 53.1
1 8 32 51.55 0.1449 103.0
1 8 32 117.56 0.1227 299.0
1 8 26 164.09 0.0638 174.0
1 8 39 175.59 0.0572 322.0
1 8 24 79.29 0.1251 722.1
1 8 21 258.05 0.0812 939.0
1 8 33 51.48 0.1315 683.6
1 8 37 168.15 0.0675 851.4
1 8 18 76.96 0.1328 124.0
1 8 37 89.32 0.0822 228.4
1 8 25 67.63 0.1137 608.5
1 8 44 234.39 0.0728 791.8
1 8 15 64.60 0.0426 947.9
1 8 20 120.73 0.0748 542.5
1 8 41 275.34 0.0711 417.2
1 8 30 97.49 0.0826 689.9
1 8 35 107.07 0.0863 104.0
1 8 31 182.80 0.0625 640.1
1 8 27 158.04 0.0633 352.1
1 8 36 71.17 0.0861 920.2
1 8 20 136.88 0.0832 823.5
1 8 30 133.13 0.0736 507.8
1 8 19 103.33 0.0592 778.1
1 8 28 254.99 0.1197 246.1
1 8 19 53.48 0.0786 732.3
1 8 35 56.23 0.1204 656.9
1 8 25 59.77 0.1201 811.2
1 8 35 64.77 0.1020 152.8
1 8 35 213.34 0.1028 890.8
1 8 27 186.04 0.0696 783.7
1 8 29 58.05 0.1111 159.8
1 8 37 522.68 0.0513 826.9
1 8 39 80.06 0.0844 824.2
1 8 17 75.74 0.1017 121.5
1 8 33 156.95 0.0971 83.8
1 8 35 68.02 0.0966 771.3
1 8 41 172.22 0.0791 207.4
1 8 34 81.65 0.0769 799.0
1 8 41 46.88 0.1154 200.9
1 8 16 225.76 0.0438 35.9
1 8 13 115.44 0.0611 833.5
1 8 28 70.08 0.1053 650.6
1 8 28 71.86 0.0558 861.8
1 8 23 53.32 0.1410 210.1
1 8 33 238.41 0.0449 515.8
1 8 16 55.26 0.1134 260.6
1 8 35 79.58 0.0737 174.3
1 8 32 107.80 0.0632 697.6
1 8 44 103.77 0.0890 332.3
1 8 44 142.65 0.0806 268.5
1 8 26 173.87 0.0776 644.6
1 8 42 85.92 0.1070 924.8
1 8 36 86.68 0.0979 799.0
1 8 18 238.17 0.0457 549.3
1 8 24 56.46 0.0972 607.0
1 8 33 124.06 0.0862 869.9
1 8 27 190.14 0.1173 655.5
1 8 18 394.73 0.0453 621.8
1 8 38 214.25 0.0500 845.0
1 8 20 117.28 0.1225 241.1
1 8 34 138.41 0.0883 346.0
1 8 36 58.84 0.1058 210.0
1 8 16 227.15 0.0578 467.4
1 8 20 153.99 0.0493 142.2
1 8 25 122.79 0.0762 680.1
1 8 24 50.98 0.1033 166.3
1 8 27 141.79 0.0582 69.8
1 8 32 252.98 0.0793 670.7
1 8 23 185.28 0.0401 752.7
1 8 23 174.86 0.0548 137.8
1 8 29 271.09 0.0696 188.0
1 8 35 82.68 0.1251 895.6
1 8 22 106.82 0.0711 302.3
1 8 20 83.84 0.0940 816.5
1 8 22 132.41 0.0829 498.6
1 8 16 49.20 0.1047 537.1
1 8 13 46.26 0.0580 841.9
1 8 17 146.98 0.0614 433.6
1 8 13 47.41 0.1335 786.3
1 8 15 63.55 0.0830 307.9
1 8 13 50.62 0.0971 676.2
1 8 15 200.63 0.0872 872.6
1 8 14 155.53 0.0468 115.8
1 8 15 51.62 0.1162 107.7
1 8 23 47.56 0.0750 211.1
1 8 17 50.26 0.1177 62.1
1 8 28 45.43 0.1173 140.4
1 8 13 93.24 0.0460 50.0
1 8 18 87.53 0.0664 276.4
1 8 32 499.18 0.0513 914.4
1 8 20 99.62 0.0589 721.7
1 8 25 50.00 0.1002 197.5
1 8 18 75.95 0.1080 665.1
1 8 14 78.40 0.0741 637.0
1 8 16 86.43 0.0959 237.5
1 8 26 165.33 0.0700 703.3
1 8 30 52.38 0.1522 889.5
1 8 26 47.48 0.0850 863.5
1 8 21 92.18 0.1129 953.5
1 8 39 99.81 0.0957 185.6
1 8 13 84.22 0.1194 259.7
1 8 16 437.67 0.0360 46.0
1 8 27 53.44 0.1091 68.2
1 8 30 160.21 0.0670 941.8
1 8 34 81.32 0.1107 903.2
1 8 23 211.99 0.0668 41.9
1 8 26 173.07 0.0391 325.9
1 8 26 86.06 0.0644 672.9
1 8 34 72.13 0.0898 319.8
1 8 16 136.22 0.0877 60.0
1 8 15 361.62 0.0086 250.1
1 8 33 153.36 0.0672 176.1
1 8 24 132.38 0.0930 595.8
1 8 37 148.89 0.1015 884.9
1 8 13 505.99 0.0911 754.4
1 8 18 312.06 0.1349 912.0
1 8 17 161.89 0.0649 303.8
1 8 13 399.60 0.0604 950.4
1 8 18 136.09 0.0860 447.4
1 8 16 132.77 0.0477 232.7
1 8 13 53.15 0.1190 199.8
1 8 15 224.41 0.0418 452.9
1 8 25 62.71 0.0742 277.5
1 8 30 116.36 0.0798 74.9
1 8 31 99.79 0.0798 689.2
1 8 14 80.80 0.1143 757.6
1 8 36 45.92 0.1130 591.7
1 8 13 765.62 0.1064 443.4
1 8 23 55.51 0.1071 210.9
1 8 20 202.29 0.0597 18.4
1 8 17 73.03 0.0668 153.9
1 8 42 136.48 0.0665 817.3
1 8 26 210.37 0.0731 286.7
1 8 31 173.80 0.0478 666.3
1 8 37 95.05 0.0950 198.7
1 8 27 98.98 0.0916 705.6
1 8 26 92.02 0.1042 291.5
1 8 25 1036.97 0.0571 636.7
1 8 38 102.69 0.0749 565.4
1 8 25 45.46 0.1292 67.5
1 8 19 61.16 0.0403 471.9
1 8 27 98.36 0.0547 396.9
1 8 20 99.49 0.0704 845.8
1 8 24 92.81 0.0817 901.2
1 8 26 77.32 0.0849 226.6
1 8 33 79.92 0.0616 286.0
1 8 26 181.95 0.0702 799.9
1 8 18 60.06 0.0717 161.5
1 8 24 69.34 0.0907 518.8
1 8 24 67.02 0.1088 140.0
1 8 13 50.38 0.0964 160.7
1 8 20 226.68 0.0799 90.9
1 8 16 154.45 0.0738 941.6
1 8 16 202.76 0.0614 277.6
1 8 16 83.90 0.1252 828.8
1 8 16 56.12 0.0588 631.4
1 9 29 62.75 0.0927 33.3
1 9 25 60.48 0.0880 34.5
1 9 37 216.09 0.0507 445.0
1 9 19 350.56 0.0571 418.0
1 9 25 57.68 0.1042 73.4
1 9 25 410.75 0.0664 226.2
1 9 18 110.21 0.0781 45.2
1 9 21 82.50 0.0727 431.2
1 9 18 56.98 0.1594 232.3
1 9 21 63.64 0.1188 918.2
1 9 28 106.76 0.1191 524.8
1 9 32 80.14 0.1240 389.6
1 9 22 149.35 0.0757 15.0
1 9 32 68.47 0.0973 177.0
1 9 38 247.68 0.0587 543.4
1 9 23 52.74 0.1040 10.5
1 9 18 167.75 0.0539 28.8
1 9 20 170.94 0.0741 27.0
1 9 33 193.38 0.0563 448.6
1 9 37 164.37 0.0749 306.5
1 9 14 61.27 0.1142 416.1
1 9 17 120.47 0.0418 543.7
1 9 31 125.61 0.0699 532.8
1 9 24 159.22 0.0577 612.1
1 9 15 58.29 0.1337 918.4
1 9 24 99.95 0.1053 114.8
1 9 24 67.79 0.0896 920.6
1 9 24 119.52 0.0848 813.9
1 9 26 71.94 0.0841 529.5
1 9 30 50.49 0.0915 176.1
1 9 14 85.44 0.0972 912.8
1 9 28 84.46 0.1098 690.0
1 9 32 61.73 0.1048 721.7
1 9 24 261.58 0.0687 469.9
1 9 33 116.83 0.0645 696.5
1 9 26 128.78 0.0850 163.8
1 9 26 147.30 0.0631 457.7
1 9 34 95.19 0.0896 761.8
1 9 30 54.16 0.1163 674.7
1 9 23 90.85 0.0435 70.0
1 9 25 121.15 0.0831 719.8
1 9 26 100.73 0.0988 197.7
1 9 39 97.84 0.0835 691.8
1 9 22 147.51 0.0418 128.9
1 9 14 81.88 0.0693 235.6
1 9 35 203.83 0.0801 464.8
1 9 25 106.65 0.0494 72.8
1 9 30 87.63 0.1169 270.2
1 9 31 126.84 0.0904 546.3
1 9 23 147.49 0.0587 590.5
1 9 17 149.51 0.1122 135.6
1 9 32 265.37 0.0657 48.4
1 9 24 569.60 0.0457 573.4
1 9 31 133.95 0.0668 630.5
1 9 34 63.00 0.0612 325.0
1 9 35 264.40 0.0598 137.9
1 9 38 259.10 0.0642 133.7
1 9 25 170.83 0.0784 632.1
1 9 28 133.05 0.0764 627.4
1 9 32 86.20 0.1051 64.6
1 9 28 168.26 0.0831 299.9
1 9 18 71.85 0.1148 383.2
1 9 19 275.37 0.0693 324.2
1 9 28 133.66 0.0692 495.0
1 9 29 47.46 0.1162 801.0
1 9 32 80.80 0.0651 658.7
1 9 29 186.97 0.0669 88.4
1 9 21 77.69 0.0813 194.8
1 9 13 63.52 0.1241 442.5
1 9 29 94.33 0.0697 870.8
1 9 33 81.53 0.1385 110.4
1 9 22 247.02 0.1249 182.2
1 9 32 82.58 0.0899 203.1
1 9 36 80.65 0.0835 606.8
1 9 24 73.09 0.0758 444.4
1 9 40 105.55 0.0650 184.3
1 9 34 109.59 0.0784 814.4
1 9 21 100.29 0.0725 100.1
1 9 30 435.01 0.0555 357.7
1 9 32 65.42 0.0827 265.6
1 9 32 99.16 0.0759 531.0
1 9 20 81.96 0.0648 112.8
1 9 27 107.63 0.0836 675.4
1 9 35 163.43 0.0655 900.4
1 9 26 88.92 0.0864 114.4
1 9 28 86.51 0.0908 929.4
1 9 17 78.47 0.0873 94.5
1 9 26 170.32 0.0724 344.4
1 9 25 1793.43 0.0583 185.3
1 9 17 245.95 0.1371 169.7
1 9 30 57.34 0.1030 919.0
1 9 28 1442.36 0.1372 50.0
1 9 31 119.63 0.0963 267.7
1 9 22 45.45 0.0963 54.2
1 9 38 62.37 0.0813 382.2
1 9 27 85.86 0.0820 655.8
1 9 37 95.60 0.0937 159.7
1 9 26 121.55 0.0766 43.0
1 9 17 166.85 0.0693 87.0
1 9 41 302.20 0.0958 110.9
1 9 30 127.35 0.1028 636.8
1 9 29 135.45 0.0612 130.1
1 9 25 57.77 0.1312 187.0
1 9 37 271.74 0.0630 36.4
1 9 36 372.99 0.0782 289.9
1 9 22 151.44 0.0635 256.1
1 9 28 106.95 0.0841 494.8
1 9 25 123.14 0.0676 267.7
1 9 29 131.14 0.0980 331.2
1 9 41 78.63 0.1007 269.9
1 9 40 67.01 0.0986 640.4
1 9 32 141.98 0.0590 486.0
1 9 43 153.26 0.0690 386.0
1 9 26 121.27 0.0786 206.9
1 9 39 82.23 0.0920 155.2
1 9 33 72.71 0.1105 86.2
1 9 36 123.04 0.0983 661.0
1 9 36 174.69 0.0626 347.3
1 9 32 83.60 0.0804 187.0
1 9 41 111.32 0.0947 85.2
1 9 17 189.10 0.0527 668.5
1 9 40 72.40 0.0953 196.1
1 9 23 137.00 0.0738 31.2
1 9 27 71.70 0.0875 60.9
1 9 31 77.44 0.1044 543.3
1 9 23 74.39 0.0749 187.8
1 9 37 121.91 0.0766 651.6
1 9 24 58.36 0.1079 369.8
1 9 27 114.43 0.0695 900.9
1 9 15 57.62 0.0652 410.7
1 9 18 129.32 0.0553 781.8
1 9 13 98.57 0.0433 450.9
1 9 22 102.70 0.1456 561.0
1 9 35 89.83 0.0584 150.7
1 9 30 104.14 0.0884 593.5
1 9 16 231.65 0.0600 213.9
1 9 14 51.57 0.1022 44.6
1 9 31 73.37 0.1095 592.4
1 9 16 393.55 0.0479 207.2
1 9 35 98.36 0.1042 204.0
1 9 43 182.80 0.0640 345.6
1 9 40 103.80 0.1097 85.2
1 9 32 59.30 0.1184 178.0
1 9 39 160.11 0.0779 604.9
1 9 42 76.08 0.1055 769.4
1 9 13 57.78 0.0524 402.6
1 9 37 292.32 0.0536 588.5
1 9 42 73.81 0.0979 740.2
1 9 21 137.26 0.0655 418.5
1 9 32 56.18 0.1150 144.0
1 9 41 48.73 0.0989 272.3
1 9 37 154.66 0.0707 518.1
1 9 40 53.12 0.1020 543.0
1 9 17 48.85 0.1387 295.2
1 9 26 60.34 0.1049 548.0
1 9 28 214.65 0.0517 494.2
1 9 45 59.22 0.0984 341.2
1 9 16 45.27 0.1155 318.2
1 9 37 306.97 0.0752 822.7
1 9 20 174.68 0.0571 925.1
1 9 27 181.69 0.0844 167.5
1 9 42 82.01 0.0903 118.1
1 9 40 94.92 0.0773 373.0
1 9 37 172.10 0.0575 554.8
1 9 15 46.23 0.0346 30.2
1 9 33 47.46 0.1390 199.0
1 9 36 75.79 0.0842 61.5
1 9 33 97.60 0.0711 201.0
1 9 14 251.63 0.0721 138.4
1 9 30 85.16 0.0988 550.8
1 9 37 118.64 0.0582 907.2
1 9 39 168.95 0.0732 141.2
1 9 40 62.59 0.1151 239.6
1 9 20 75.57 0.0393 849.9
1 9 34 163.82 0.0525 333.8
1 9 36 71.67 0.0952 132.2
1 9 37 105.63 0.0741 865.1
1 9 37 293.49 0.0562 829.9
1 9 27 284.53 0.0634 766.5
1 9 30 52.66 0.0860 50.4
1 9 17 45.30 0.0466 592.7
1 9 31 119.86 0.0636 248.2
1 9 17 45.47 0.1512 577.5
1 9 30 133.38 0.0545 399.4
1 9 42 137.63 0.0713 178.5
1 9 21 88.26 0.0587 67.4
1 9 22 71.56 0.0698 280.4
1 9 38 54.41 0.0894 147.3
1 9 35 249.17 0.0466 57.4
1 9 26 174.74 0.0633 29.0
1 9 36 176.59 0.0838 585.7
1 9 36 136.82 0.0903 473.4
1 9 36 64.35 0.0986 180.9
1 9 22 108.34 0.0770 65.2
1 9 15 53.33 0.0785 576.5
1 9 44 211.56 0.0534 481.2
1 9 41 211.84 0.0820 530.3
1 9 16 90.97 0.0684 942.9
1 9 28 49.55 0.0989 905.3
1 9 32 86.11 0.1135 584.3
1 9 26 86.22 0.1108 863.8
1 9 23 95.85 0.0788 63.0
1 9 31 58.96 0.1451 262.5
1 9 36 88.41 0.0562 288.6
1 9 40 68.33 0.1043 763.0
1 9 43 80.27 0.0744 268.7
1 9 39 77.37 0.1037 710.5
1 9 35 186.62 0.0650 626.3
1 9 26 87.66 0.0804 924.5
1 9 26 86.26 0.0815 68.4
1 9 32 86.50 0.0931 899.8
1 9 19 247.79 0.0834 928.2
1 9 43 91.30 0.0909 290.5
1 9 39 68.67 0.1139 914.0
1 9 34 129.16 0.0703 48.3
1 9 42 65.35 0.0944 103.1
1 9 25 219.63 0.0559 346.3
1 9 35 70.22 0.1136 662.0
1 9 35 103.73 0.0882 188.2
1 9 22 94.22 0.0714 907.9
1 9 33 113.52 0.1005 88.5
1 9 38 79.00 0.0785 253.0
1 9 21 119.82 0.0583 195.5
1 9 38 113.24 0.0760 531.2
1 9 37 141.69 0.0799 149.8
1 9 32 106.13 0.0667 808.2
1 9 39 124.48 0.0781 571.6
1 9 39 208.29 0.0574 313.4
1 9 41 140.24 0.0569 133.3
1 9 25 130.05 0.0627 73.5
1 9 34 288.96 0.0628 532.5
1 9 32 61.94 0.1145 168.5
1 9 21 82.70 0.0930 395.4
1 9 27 72.18 0.1153 97.8
1 9 25 145.32 0.0674 60.0
1 9 41 59.69 0.0811 69.1
1 9 34 109.01 0.0708 293.5
1 9 31 280.75 0.0817 170.6
1 9 33 47.79 0.1255 675.8
1 9 35 124.77 0.0942 932.1
1 9 34 75.61 0.0994 548.9
1 9 13 416.35 0.1413 79.1
1 9 16 69.31 0.1366 98.2
1 9 36 140.34 0.0620 129.7
1 9 38 77.35 0.1233 307.9
1 9 24 194.50 0.0947 344.9
1 9 28 56.23 0.1096 71.8
1 9 22 107.93 0.0467 930.4
1 9 27 402.85 0.0409 540.6
1 9 33 85.80 0.1191 839.6
1 9 17 134.82 0.0952 28.3
1 9 38 186.91 0.0754 178.0
1 9 35 106.59 0.0516 507.5
1 9 37 120.79 0.0414 524.5
1 9 19 175.53 0.0451 24.7
1 9 33 98.15 0.0719 641.7
1 9 44 115.20 0.0689 193.7
1 9 15 152.58 0.0938 276.0
1 9 40 116.07 0.0822 145.8
1 9 24 206.03 0.0723 942.0
1 9 38 107.42 0.0675 199.8
1 9 36 81.58 0.0958 631.1
1 9 14 259.20 0.1487 425.1
1 9 16 54.08 0.0607 15.1
1 9 29 268.05 0.0498 66.0
1 9 24 66.50 0.0921 123.6
1 9 39 143.99 0.0750 103.0
1 9 23 138.82 0.0495 332.9
1 9 23 175.66 0.0561 57.0
1 9 29 181.37 0.0628 575.5
1 9 24 50.29 0.0846 568.3
1 9 19 139.36 0.0767 154.1
1 9 19 278.66 0.0804 506.0
1 9 29 116.12 0.0647 491.4
1 9 28 76.82 0.0955 617.8
1 9 28 84.31 0.1004 338.6
1 9 37 187.55 0.0631 694.4
1 9 34 77.22 0.0937 620.4
1 9 37 77.07 0.0856 201.7
1 9 28 75.17 0.1040 543.3
1 9 40 65.98 0.0957 350.5
1 9 16 220.89 0.0935 178.3
1 9 32 129.97 0.0654 76.0
1 9 35 76.34 0.1017 285.7
1 9 36 94.25 0.0939 516.4
1 9 36 215.31 0.0676 363.8
1 9 34 183.89 0.0795 764.2
1 9 36 236.67 0.0875 99.9
1 9 40 88.76 0.0821 630.0
1 9 37 66.40 0.1203 728.2
1 9 16 67.12 0.1455 930.7
1 9 21 72.95 0.0756 702.5
1 9 27 223.15 0.0866 222.7
1 9 15 67.56 0.1002 600.4
1 9 31 119.66 0.0713 639.2
1 9 41 107.83 0.0932 795.0
1 9 39 93.32 0.0872 356.3
1 9 38 61.74 0.1110 201.7
1 9 23 69.18 0.0967 674.2
1 9 26 203.82 0.0450 394.5
1 9 43 124.06 0.0868 129.2
1 9 21 45.49 0.0847 739.3
1 9 30 65.83 0.1291 648.6
1 9 29 114.34 0.0835 619.6
1 9 33 53.26 0.0941 128.4
1 9 35 312.18 0.0806 119.1
1 9 23 52.89 0.0942 255.4
1 9 24 81.65 0.0982 673.6
1 9 22 187.84 0.0807 141.7
1 9 45 122.54 0.0750 580.2
1 9 28 96.62 0.1088 584.6
1 9 34 142.94 0.0822 157.4
1 9 22 93.00 0.0833 156.0
1 9 35 106.21 0.1148 182.7
1 9 39 226.79 0.0505 258.5
1 9 18 119.83 0.0961 519.0
1 9 17 75.26 0.1369 452.6
1 9 19 138.47 0.0561 643.2
1 9 28 58.08 0.0976 71.6
1 9 24 194.00 0.0705 191.6
1 9 32 67.43 0.1336 147.7
1 9 28 59.97 0.0914 241.7
1 9 22 57.18 0.1146 323.4
1 9 19 124.38 0.1212 143.6
1 9 27 155.65 0.0604 867.5
1 9 21 59.44 0.1305 73.1
1 9 30 79.08 0.1071 141.5
1 9 29 167.49 0.0634 809.4
1 9 13 47.83 0.1156 945.5
1 9 32 80.41 0.1069 257.0
1 9 25 68.55 0.1069 645.4
1 9 15 83.39 0.0692 119.0
1 9 20 97.13 0.0948 597.2
1 9 17 70.02 0.0589 929.0
1 9 16 58.99 0.1362 243.7
1 9 13 83.06 0.0879 94.7
1 9 19 64.81 0.0613 467.9
1 9 16 159.00 0.0491 740.9
1 9 18 51.00 0.0577 427.0
1 9 17 135.11 0.0907 57.2
1 9 35 65.26 0.1173 112.2
1 9 17 92.31 0.0724 522.7
1 9 21 270.99 0.0398 739.7
1 9 21 69.39 0.0636 465.6
1 9 30 92.37 0.0972 205.0
1 9 24 115.20 0.0538 496.0
1 9 27 116.82 0.0604 691.8
1 9 27 52.79 0.1132 161.6
1 9 27 101.31 0.0873 675.8
1 9 17 90.81 0.0721 796.2
1 9 13 677.09 0.1102 251.3
1 9 13 121.77 0.0884 545.5
1 9 20 356.10 0.0414 505.8
1 9 16 135.68 0.0756 924.3
1 9 32 106.48 0.0932 228.5
1 9 16 182.08 0.0696 10.6
1 9 15 156.68 0.0704 924.3
1 9 36 58.69 0.1191 754.4
1 9 20 153.61 0.0968 120.2
1 9 22 122.98 0.0650 28.0
1 9 19 147.41 0.0613 41.4
1 9 24 140.08 0.0939 278.6
1 9 25 174.27 0.0516 145.0
1 9 14 55.10 0.1294 913.0
1 9 15 107.71 0.0842 850.9
1 9 16 65.21 0.0998 871.9
1 9 18 45.11 0.1445 90.0
1 9 33 85.38 0.0845 54.5
1 9 33 112.97 0.0723 75.6
1 9 15 79.61 0.0587 615.4
1 9 16 90.51 0.0360 844.9
1 9 40 69.26 0.1102 236.9
1 9 20 69.38 0.0568 349.8
1 9 23 212.11 0.0753 457.9
1 9 19 69.38 0.1253 512.5
1 9 30 128.70 0.0717 494.4
1 9 29 69.90 0.0834 40.4
1 9 25 108.59 0.0706 911.4
1 9 37 407.23 0.0484 853.1
1 9 39 176.47 0.0535 225.4
1 9 42 177.51 0.0583 18.9
1 9 20 80.21 0.0842 54.7
1 9 44 141.46 0.0662 438.5
1 9 15 201.95 0.0611 520.6
1 9 17 65.65 0.0684 447.7
1 9 19 143.95 0.0933 80.5
1 9 23 112.30 0.0750 928.7
1 9 16 190.69 0.0326 712.3
1 9 17 488.07 0.0714 181.8
1 9 13 51.05 0.1160 34.0
1 9 16 207.34 0.0558 28.4
1 10 14 460.89 0.1269 93.5
1 10 36 200.42 0.0830 89.7
1 10 28 105.79 0.0905 883.3
1 10 13 559.84 0.1399 108.1
1 10 14 92.60 0.1008 76.9
1 10 35 232.71 0.0785 884.7
1 10 34 105.36 0.0850 831.7
1 10 27 77.25 0.1097 69.8
1 10 19 142.10 0.1395 803.0
1 10 28 81.32 0.0873 647.5
1 10 22 86.64 0.0851 468.5
1 10 15 489.28 0.0921 22.2
1 10 25 72.41 0.0931 165.6
1 10 22 51.24 0.0995 689.7
1 10 23 130.85 0.0996 243.1
1 10 22 90.70 0.0586 843.8
1 10 13 122.08 0.0883 810.1
1 10 37 87.64 0.0963 246.1
1 10 27 265.37 0.0570 152.4
1 10 28 111.39 0.0854 912.1
1 10 22 104.04 0.0850 26.9
1 10 35 148.10 0.0966 951.3
1 10 38 80.28 0.0936 534.7
1 10 37 160.70 0.0605 153.7
1 10 18 57.45 0.1142 173.3
1 10 31 74.08 0.0943 767.0
1 10 22 114.01 0.0610 351.7
1 10 25 51.08 0.0819 590.3
1 10 27 213.07 0.0769 386.1
1 10 22 101.71 0.1543 182.5
1 10 18 117.55 0.0692 105.5
1 10 14 62.44 0.0966 169.9
1 10 17 58.66 0.1090 368.6
1 10 32 114.77 0.0767 246.3
1 10 29 103.99 0.0625 632.8
1 10 39 65.47 0.0736 845.0
1 10 15 138.79 0.0718 207.0
1 10 32 118.19 0.0532 818.9
1 10 38 101.24 0.0807 619.6
1 10 36 104.75 0.1130 525.2
1 10 45 127.07 0.0852 855.0
1 10 45 346.36 0.0621 23.9
1 10 37 289.00 0.0499 599.0
1 10 36 153.52 0.0850 184.5
1 10 35 115.86 0.0744 659.7
1 10 36 161.99 0.0518 827.5
1 10 36 123.55 0.0513 808.7
1 10 26 53.55 0.0782 743.3
1 10 33 108.12 0.0635 150.6
1 10 37 211.22 0.0722 420.6
1 10 38 60.50 0.0979 610.8
1 10 38 75.64 0.0627 106.5
1 10 22 151.02 0.0653 776.9
1 10 15 92.90 0.0863 57.8
1 10 29 212.94 0.1002 42.5
1 10 19 309.13 0.0666 584.0
1 10 36 191.54 0.0524 594.1
1 10 33 83.00 0.0827 100.1
1 10 35 134.26 0.1011 145.4
1 10 19 109.06 0.1069 953.5
1 10 42 83.62 0.0887 893.8
1 10 19 49.52 0.1165 229.7
1 10 32 426.22 0.0540 918.0
1 10 35 80.44 0.0759 899.8
1 10 27 83.10 0.0721 117.0
1 10 32 133.66 0.0663 216.2
1 10 27 60.31 0.0925 922.7
1 10 29 265.43 0.0397 184.8
1 10 36 170.33 0.0695 120.0
1 10 33 131.70 0.0483 690.9
1 10 19 84.57 0.0934 908.1
1 10 30 249.96 0.0756 158.0
1 10 36 65.35 0.0930 195.8
1 10 40 87.37 0.0821 618.5
1 10 31 124.95 0.0791 437.2
1 10 32 60.24 0.1254 855.3
1 10 22 151.74 0.0823 878.4
1 10 30 91.24 0.0748 84.1
1 10 24 55.02 0.0857 796.4
1 10 36 547.44 0.0493 939.1
1 10 18 94.13 0.0818 37.6
1 10 33 56.70 0.1246 885.0
1 10 36 65.92 0.1088 79.5
1 10 26 265.97 0.0600 806.9
1 10 27 89.87 0.1032 219.7
1 10 13 100.66 0.0438 46.7
1 10 15 51.72 0.1577 842.6
1 10 31 69.72 0.0718 546.8
1 10 14 57.74 0.0943 775.4
1 10 27 90.20 0.0817 224.3
1 10 39 90.93 0.0806 900.0
1 10 36 71.59 0.1100 53.1
1 10 24 63.57 0.1130 956.8
1 10 34 276.52 0.0668 483.5
1 10 39 114.30 0.0787 897.7
1 10 17 259.69 0.0788 72.8
1 10 29 286.61 0.0940 25.7
1 10 27 136.04 0.0642 57.8
1 10 36 147.67 0.0860 583.0
1 10 20 109.52 0.0642 580.5
1 10 21 99.57 0.0895 589.7
1 10 38 167.15 0.0773 931.9
1 10 38 275.38 0.0578 417.6
1 10 39 181.07 0.0941 625.4
1 10 39 186.62 0.0808 248.7
1 10 30 45.34 0.1177 124.7
1 10 32 82.79 0.1040 610.1
1 10 36 164.00 0.0831 68.5
1 10 18 54.88 0.1089 641.9
1 10 30 47.57 0.0975 122.0
1 10 15 536.76 0.1268 425.8
1 10 26 192.40 0.0490 121.9
1 10 22 110.28 0.0484 541.2
1 10 32 88.67 0.0766 584.2
1 10 28 129.10 0.0600 105.8
1 10 38 113.10 0.0678 882.6
1 10 16 237.61 0.0395 433.2
1 10 18 222.30 0.0475 402.5
1 10 31 269.45 0.0783 128.9
1 10 22 354.69 0.0796 38.2
1 10 17 64.44 0.1314 76.6
1 10 20 88.08 0.1109 667.3
1 10 21 110.19 0.0667 930.5
1 10 39 275.12 0.0910 243.1
1 10 30 75.53 0.0844 625.0
1 10 37 138.04 0.0656 501.4
1 10 30 96.54 0.1087 547.0
1 10 26 206.92 0.0776 861.9
1 10 27 46.07 0.0832 646.6
1 10 36 161.53 0.0889 590.2
1 10 30 60.57 0.1362 529.4
1 10 18 70.79 0.0451 822.7
1 10 30 47.10 0.1158 510.7
1 10 25 51.01 0.1078 122.8
1 10 31 145.92 0.0718 739.7
1 10 33 59.48 0.1088 612.5
1 10 33 119.35 0.0565 56.4
1 10 33 45.46 0.1112 698.4
1 10 36 109.66 0.0829 228.4
1 10 25 95.91 0.0493 726.9
1 10 25 58.33 0.1189 797.5
1 10 20 67.40 0.0920 76.9
1 10 16 59.27 0.0586 802.8
1 10 26 54.29 0.0838 136.6
1 10 17 51.25 0.0705 132.4
1 10 18 90.90 0.0834 532.5
1 10 37 78.36 0.1102 140.7
1 10 43 106.40 0.0554 847.1
1 10 39 211.76 0.0762 176.5
1 10 17 553.32 0.0690 359.1
1 10 31 203.53 0.0585 601.2
1 10 27 153.25 0.0633 567.5
1 10 37 169.50 0.0785 857.6
1 10 40 107.96 0.0773 439.0
1 10 30 126.41 0.0713 805.5
1 10 25 85.66 0.0754 431.7
1 10 34 196.11 0.0623 70.7
1 10 31 46.00 0.1215 919.5
1 10 42 124.50 0.0856 853.8
1 10 28 139.71 0.0783 810.2
1 10 37 76.37 0.0976 835.5
1 10 26 189.06 0.0499 617.9
1 10 42 52.22 0.1082 895.0
1 10 23 172.41 0.0433 78.7
1 10 25 107.24 0.0572 248.6
1 10 16 60.95 0.0636 332.9
1 10 35 62.32 0.0974 103.0
1 10 15 46.99 0.1358 800.3
1 10 27 88.13 0.0890 911.0
1 10 34 150.99 0.0991 221.6
1 10 19 117.82 0.0961 801.3
1 10 15 338.58 0.0634 279.9
1 10 20 82.31 0.0788 597.8
1 10 19 118.00 0.0547 589.3
1 10 32 88.13 0.1161 112.7
1 10 27 586.71 0.0495 374.0
1 10 38 150.32 0.0618 589.6
1 10 33 145.96 0.0864 116.3
1 10 23 833.14 0.0732 372.1
1 10 31 99.25 0.0840 946.0
1 10 17 95.29 0.0913 778.1
1 10 36 173.13 0.0624 875.1
1 10 22 161.31 0.0658 852.4
1 10 33 79.97 0.0975 31.9
1 10 46 54.21 0.1024 560.5
1 10 24 103.62 0.0825 76.7
1 10 26 76.73 0.0835 859.9
1 10 16 108.95 0.1057 955.6
1 10 27 53.55 0.1738 67.9
1 10 36 55.87 0.1133 142.5
1 10 19 123.58 0.0701 843.1
1 10 15 62.58 0.0829 837.8
1 10 32 97.02 0.0743 281.5
1 10 26 373.06 0.0517 934.4
1 10 38 90.05 0.0921 632.8
1 10 40 63.41 0.1026 871.3
1 10 46 80.62 0.0802 211.2
1 10 30 76.47 0.0855 472.2
1 10 30 48.96 0.1100 201.0
1 10 35 57.29 0.1229 72.0
1 10 15 47.87 0.0885 747.6
1 10 34 226.25 0.0685 70.1
1 10 42 83.18 0.0974 545.3
1 10 40 72.26 0.1203 389.1
1 10 33 54.31 0.1371 698.0
1 10 22 148.61 0.0772 364.4
1 10 35 114.85 0.0813 543.6
1 10 38 74.22 0.1140 763.8
1 10 14 58.99 0.0483 33.6
1 10 24 81.16 0.1045 935.8
1 10 41 201.44 0.1029 116.9
1 10 25 140.37 0.0662 434.0
1 10 41 151.46 0.0579 589.5
1 10 40 53.62 0.0964 558.3
1 10 20 117.66 0.0612 775.7
1 10 35 75.63 0.1079 193.3
1 10 42 122.35 0.0628 391.4
1 10 29 62.47 0.1113 614.7
1 10 36 86.46 0.1071 63.0
1 10 34 107.32 0.0964 175.8
1 10 25 93.78 0.0930 954.5
1 10 40 74.98 0.1118 146.0
1 10 24 136.74 0.0578 90.7
1 10 33 105.90 0.0921 145.0
1 10 37 159.29 0.0678 238.9
1 10 26 215.41 0.0567 223.5
1 10 35 70.26 0.0936 108.0
1 10 41 144.27 0.0806 204.5
1 10 37 134.29 0.0661 518.4
1 10 31 213.61 0.0550 74.2
1 10 14 692.72 0.0485 242.8
1 10 26 114.39 0.0724 85.2
1 10 31 78.07 0.1011 878.3
1 10 18 55.11 0.1175 49.4
1 10 35 66.37 0.1080 115.1
1 10 26 105.09 0.0583 511.6
1 10 29 51.65 0.1019 82.0
1 10 34 104.28 0.0623 876.5
1 10 28 61.19 0.0850 864.1
1 10 39 62.31 0.0665 883.7
1 10 40 122.05 0.0976 579.7
1 10 34 107.23 0.0924 152.7
1 10 30 77.00 0.1081 795.2
1 10 23 103.63 0.1174 875.5
1 10 15 52.97 0.1477 453.8
1 10 16 177.29 0.0747 67.6
1 10 30 121.11 0.0813 621.8
1 10 28 113.15 0.0770 530.7
1 10 38 185.62 0.0672 863.0
1 10 40 71.45 0.0767 436.9
1 10 23 64.76 0.1163 691.7
1 10 17 78.98 0.0776 618.8
1 10 38 232.01 0.0798 542.9
1 10 33 69.05 0.0730 16.1
1 10 24 60.90 0.0943 469.1
1 10 23 260.17 0.0909 77.9
1 10 27 129.77 0.0950 340.6
1 10 28 125.64 0.0714 124.0
1 10 40 119.78 0.0728 504.6
1 10 38 174.94 0.0817 453.5
1 10 34 48.03 0.1372 96.0
1 10 21 48.48 0.1461 588.4
1 10 31 127.42 0.0640 388.6
1 10 28 64.92 0.1063 767.0
1 10 13 361.59 0.1366 24.0
1 10 30 63.92 0.0707 84.1
1 10 34 61.08 0.0889 112.5
1 10 26 55.53 0.1070 839.0
1 10 30 83.75 0.0733 316.2
1 10 32 81.90 0.0966 181.9
1 10 19 87.08 0.0895 786.9
1 10 21 63.16 0.1048 114.0
1 10 34 298.76 0.0952 231.6
1 10 19 48.65 0.1194 70.3
1 10 13 157.58 0.1021 854.6
1 10 29 88.12 0.0932 398.8
1 10 43 74.30 0.0821 518.6
1 10 45 101.21 0.0644 380.2
1 10 32 56.58 0.1011 675.6
1 10 39 55.87 0.0944 199.5
1 10 21 81.11 0.0563 148.1
1 10 19 217.77 0.0497 362.7
1 10 17 76.97 0.0513 670.4
1 10 32 73.29 0.0596 686.7
1 10 33 70.93 0.1075 607.0
1 10 30 73.01 0.1087 610.6
1 10 20 120.74 0.0834 30.5
1 10 35 95.28 0.0784 817.7
1 10 29 62.86 0.0982 53.6
1 10 30 171.98 0.0570 655.5
1 10 25 97.05 0.0696 437.1
1 10 32 74.36 0.0873 787.6
1 10 42 72.05 0.0867 838.2
1 10 33 98.97 0.1067 176.2
1 10 29 100.51 0.0656 105.1
1 10 25 73.10 0.0798 843.6
1 10 21 137.58 0.0636 95.1
1 10 42 110.46 0.0785 628.3
1 10 36 118.26 0.0634 431.4
1 10 14 481.95 0.1376 822.7
1 10 20 59.16 0.0926 851.0
1 10 38 94.83 0.0998 240.5
1 10 29 55.37 0.1022 726.4
1 10 26 54.27 0.1443 110.6
1 10 30 66.07 0.0611 129.0
1 10 25 188.54 0.0739 898.8
1 10 15 103.03 0.0933 683.2
1 10 34 65.83 0.1217 197.4
1 10 27 113.51 0.0719 656.0
1 10 25 198.75 0.0770 916.3
1 10 42 101.83 0.0806 124.3
1 10 16 444.14 0.0567 156.8
1 10 26 51.47 0.1294 358.8
1 10 18 114.09 0.0906 586.8
1 10 19 97.31 0.0567 757.0
1 10 37 145.06 0.0725 855.7
1 10 18 111.95 0.0746 105.4
1 10 31 66.33 0.1355 935.3
1 10 13 46.46 0.1566 82.7
1 10 30 127.90 0.0889 197.6
1 10 13 121.80 0.1135 146.7
1 10 16 97.17 0.1103 76.0
1 10 18 60.10 0.1423 35.3
1 10 29 57.03 0.1217 447.4
1 10 32 55.48 0.1323 63.6
1 10 23 157.67 0.0398 418.8
1 10 23 45.11 0.0700 592.8
1 10 20 82.14 0.1405 395.2
1 10 32 172.55 0.0501 894.6
1 10 15 72.99 0.0979 831.4
1 10 21 765.81 0.0636 411.9
1 10 31 80.38 0.0904 856.3
1 10 18 85.04 0.1163 67.1
1 10 32 86.99 0.0946 207.7
1 10 20 68.24 0.1027 952.7
1 10 37 82.54 0.0676 822.7
1 10 14 344.11 0.0852 492.7
1 10 18 515.66 0.0521 71.0
1 10 35 64.59 0.1121 226.8
1 10 13 105.73 0.0591 7.0
1 10 26 73.15 0.1170 29.4
1 10 17 62.03 0.0891 771.5
1 10 23 54.84 0.0911 943.1
1 10 20 79.17 0.0689 392.1
1 10 18 71.44 0.0806 555.6
1 10 15 117.98 0.0618 478.2
1 10 13 53.56 0.1103 683.5
1 10 16 107.25 0.0595 112.0
1 10 13 142.01 0.1008 945.6
1 10 19 45.54 0.0715 863.2
1 10 17 57.33 0.1388 5.3
1 10 18 211.27 0.0518 630.2
1 10 29 70.32 0.0958 76.7
1 10 14 106.11 0.0642 737.8
1 10 21 49.97 0.1460 122.1
1 10 21 131.67 0.0759 17.7
1 10 16 362.20 0.0871 7.8
1 10 25 301.81 0.0631 863.2
1 10 24 68.51 0.1312 170.4
1 10 15 67.87 0.0960 590.1
1 10 18 58.37 0.1040 47.4
1 10 38 85.24 0.0729 441.5
1 10 14 47.64 0.1063 137.2
1 10 39 99.48 0.0816 62.2
1 10 14 78.24 0.0744 534.4
1 10 37 65.71 0.0902 396.1
1 10 31 45.73 0.0896 497.0
1 10 39 97.55 0.0766 638.0
1 10 23 47.58 0.0606 305.9
1 10 35 124.35 0.0724 364.0
1 10 42 69.45 0.0995 187.2
1 10 22 51.32 0.0663 840.5
1 10 17 82.11 0.1019 841.5
1 10 37 71.07 0.0856 520.6
1 10 17 104.32 0.0474 329.0
1 10 34 93.77 0.0867 42.7
1 10 16 90.24 0.1392 957.5
1 10 24 63.23 0.0916 255.0
1 11 30 114.86 0.0917 803.7
1 11 35 75.61 0.1156 824.5
1 11 33 113.64 0.0728 798.1
1 11 35 152.32 0.0957 885.8
1 11 22 48.74 0.0798 902.8
1 11 25 105.93 0.1383 532.4
1 11 17 694.40 0.1345 699.5
1 11 40 79.08 0.1178 798.0
1 11 31 124.89 0.0974 18.9
1 11 30 100.83 0.0731 804.4
1 11 14 64.08 0.1155 942.0
1 11 18 81.48 0.0755 618.7
1 11 23 64.59 0.1339 569.0
1 11 42 178.54 0.0818 122.2
1 11 28 135.01 0.0856 128.3
1 11 20 61.15 0.1214 55.6
1 11 24 153.57 0.0636 112.1
1 11 20 115.36 0.0674 936.1
1 11 34 73.91 0.1137 126.7
1 11 21 99.02 0.0872 722.5
1 11 17 147.59 0.0784 715.5
1 11 17 83.69 0.0580 792.7
1 11 16 97.42 0.0306 67.4
1 11 20 221.27 0.0512 64.2
1 11 15 60.91 0.0531 793.6
1 11 18 365.61 0.1022 919.1
1 11 33 86.47 0.1086 849.5
1 11 22 59.68 0.0954 879.8
1 11 17 81.06 0.0840 194.1
1 11 16 185.93 0.0501 939.0
1 11 35 106.04 0.0759 132.1
1 11 30 149.59 0.0805 838.6
1 11 19 55.08 0.0784 14.5
1 11 42 77.15 0.0950 647.0
1 11 16 62.19 0.1532 934.4
1 11 17 115.48 0.0601 168.5
1 11 31 225.82 0.0688 41.2
1 11 24 108.07 0.0698 390.5
1 11 21 103.39 0.0761 287.7
1 11 23 1233.27 0.0620 573.2
1 11 20 48.89 0.0858 925.1
1 11 26 120.89 0.0788 807.2
1 11 26 68.08 0.1044 877.6
1 11 23 123.75 0.0865 884.7
1 11 37 75.01 0.0872 758.0
1 11 28 84.04 0.0670 628.5
1 11 31 58.18 0.1016 320.2
1 11 16 200.27 0.0368 899.3
1 11 20 140.77 0.0687 255.4
1 11 41 51.64 0.0933 620.9
1 11 37 114.24 0.0618 626.9
1 11 30 47.10 0.0870 79.6
1 11 38 81.10 0.0853 330.1
1 11 21 131.67 0.0402 873.7
1 11 31 131.24 0.0656 880.6
1 11 39 279.38 0.0493 596.3
1 11 13 78.45 0.0537 836.6
1 11 28 154.41 0.0723 921.9
1 11 27 104.33 0.0921 907.7
1 11 18 86.39 0.0685 806.2
1 11 27 177.31 0.0849 944.7
1 11 21 75.30 0.0742 700.6
1 11 39 60.56 0.1037 866.2
1 11 38 68.21 0.0954 476.9
1 11 34 147.48 0.0840 432.7
1 11 20 102.36 0.0535 53.5
1 11 33 45.91 0.1085 212.6
1 11 20 49.40 0.1060 794.4
1 11 35 144.93 0.0806 934.0
1 11 30 152.79 0.0749 894.8
1 11 25 48.37 0.1086 733.2
1 11 30 75.21 0.0678 770.3
1 11 34 92.25 0.0948 790.1
1 11 31 63.65 0.0866 145.9
1 11 20 60.86 0.0752 751.5
1 11 21 45.72 0.0920 362.7
1 11 20 79.42 0.0831 287.7
1 11 31 195.48 0.0608 262.0
1 11 35 79.47 0.0848 637.0
1 11 25 56.70 0.0756 584.7
1 11 30 84.36 0.0891 899.7
1 11 33 77.07 0.0910 408.9
1 11 25 81.67 0.0657 382.6
1 11 15 59.42 0.1240 743.6
1 11 27 46.85 0.1373 147.9
1 11 28 86.10 0.0797 301.2
1 11 23 59.25 0.0948 24.6
1 11 29 182.80 0.0628 186.4
1 11 38 223.01 0.0708 894.0
1 11 35 83.18 0.0888 247.0
1 11 24 151.11 0.0628 188.8
1 11 37 177.42 0.0618 868.3
1 11 33 59.99 0.1039 357.9
1 11 17 283.09 0.0468 791.1
1 11 37 204.24 0.0861 649.6
1 11 32 190.87 0.0722 645.0
1 11 19 133.34 0.0534 74.1
1 11 23 158.56 0.0345 288.4
1 11 18 122.69 0.1186 922.1
1 11 20 136.47 0.0396 854.4
1 11 40 146.06 0.0636 825.4
1 11 26 65.76 0.0645 350.0
1 11 21 105.36 0.0534 75.3
1 11 31 149.11 0.0645 794.8
1 11 37 76.64 0.1118 572.8
1 11 37 117.69 0.0843 679.6
1 11 30 55.57 0.1055 709.0
1 11 29 111.55 0.0593 346.9
1 11 36 86.50 0.0949 791.9
1 11 39 153.52 0.0751 833.8
1 11 37 183.29 0.0875 785.9
1 11 33 135.17 0.0804 339.9
1 11 21 1462.78 0.0471 794.8
1 11 24 86.29 0.0967 653.6
1 11 29 75.67 0.0730 909.6
1 11 17 314.83 0.0934 53.0
1 11 39 120.53 0.0764 112.4
1 11 36 50.86 0.1180 404.4
1 11 30 80.86 0.1210 160.6
1 11 32 47.55 0.1146 874.6
1 11 38 89.16 0.0822 774.7
1 11 16 65.54 0.0569 15.3
1 11 23 107.26 0.0638 875.5
1 11 35 101.69 0.0976 325.4
1 11 43 320.66 0.0920 838.1
1 11 32 53.27 0.1393 756.0
1 11 38 117.90 0.0911 649.4
1 11 33 106.94 0.0946 594.9
1 11 41 72.19 0.0912 459.4
1 11 24 196.98 0.0589 294.0
1 11 19 52.54 0.0527 190.1
1 11 24 86.72 0.1042 703.4
1 11 22 80.38 0.0830 783.1
1 11 32 173.13 0.0777 682.0
1 11 36 49.75 0.0941 844.2
1 11 35 93.00 0.1103 416.0
1 11 16 82.71 0.0442 898.6
1 11 25 100.43 0.0871 868.0
1 11 16 45.99 0.0886 27.4
1 11 35 105.89 0.0931 678.2
1 11 30 102.07 0.0793 16.2
1 11 35 52.25 0.1224 185.9
1 11 23 47.27 0.1389 668.6
1 11 30 111.23 0.0859 835.9
1 11 24 91.20 0.0988 286.5
1 11 21 49.14 0.0747 369.3
1 11 20 47.62 0.0966 34.6
1 11 30 68.36 0.1063 793.6
1 11 13 45.83 0.0816 559.0
1 11 19 101.97 0.0907 849.7
1 11 22 48.01 0.1231 287.5
1 11 26 94.65 0.0568 414.9
1 11 13 78.60 0.0891 809.4
1 11 36 137.08 0.0825 887.7
1 11 24 99.73 0.0822 619.1
1 11 23 47.33 0.1372 10.4
1 11 16 87.43 0.0771 381.0
1 11 14 109.65 0.0703 303.2
1 11 39 137.11 0.0674 872.7
1 11 30 168.43 0.0820 578.7
1 11 38 225.90 0.0771 914.7
1 11 24 106.97 0.1298 719.4
1 11 37 147.21 0.0731 854.0
1 11 16 94.27 0.0599 80.6
1 11 33 100.24 0.0794 657.0
1 11 25 84.61 0.0972 879.9
1 11 37 79.16 0.0888 109.4
1 11 15 50.65 0.1100 33.3
1 11 19 59.16 0.0762 592.2
1 11 13 147.68 0.0691 945.7
1 11 40 143.03 0.0738 756.8
1 11 25 401.95 0.0691 7.6
1 11 37 54.87 0.1032 6.9
1 11 32 97.46 0.0613 757.5
1 11 41 300.54 0.0750 643.0
1 11 38 97.85 0.0710 47.6
1 11 38 106.01 0.0810 802.0
1 11 40 95.71 0.0913 693.3
1 11 24 155.61 0.0643 925.2
1 11 22 156.89 0.0815 295.6
1 11 13 117.81 0.0882 264.1
1 11 31 69.26 0.0901 113.0
1 11 27 45.17 0.1034 919.0
1 11 32 147.23 0.0514 881.3
1 11 21 261.08 0.0678 27.2
1 11 42 341.36 0.0620 166.6
1 11 29 93.08 0.0693 862.7
1 11 26 98.47 0.0790 68.3
1 11 21 73.51 0.1133 926.9
1 11 22 45.12 0.0780 685.4
1 11 23 250.40 0.0403 782.3
1 11 41 180.80 0.0774 126.8
1 11 22 112.18 0.0888 51.5
1 11 17 111.28 0.0394 640.0
1 11 19 353.18 0.0617 745.0
1 11 17 76.58 0.0560 288.3
1 11 36 69.21 0.0728 741.1
1 11 27 52.34 0.0892 728.3
1 11 42 127.13 0.0607 400.9
1 11 14 69.73 0.1250 165.5
1 11 31 46.32 0.1019 868.0
1 11 26 102.95 0.0953 931.8
1 11 38 106.47 0.0572 108.5
1 11 38 75.01 0.0859 740.6
1 11 35 96.39 0.0850 785.8
1 11 36 75.97 0.0941 773.0
1 11 31 210.08 0.0499 701.1
1 11 13 52.55 0.0396 845.3
1 11 23 140.53 0.0524 78.6
1 11 19 386.84 0.0884 773.0
1 11 23 272.81 0.0464 654.2
1 11 31 153.22 0.0718 591.9
1 11 34 101.62 0.0531 353.0
1 11 16 277.27 0.0580 890.8
1 11 13 262.36 0.0510 489.1
1 11 40 369.56 0.0541 249.8
1 11 42 262.50 0.0651 306.5
1 11 42 128.44 0.0747 751.8
1 11 15 541.27 0.0404 891.3
1 11 24 230.45 0.0570 5.8
1 11 36 63.36 0.0944 749.7
1 11 25 78.40 0.0901 913.9
1 11 24 171.49 0.0532 197.4
1 11 36 55.44 0.1075 562.5
1 11 31 57.15 0.0928 345.2
1 11 30 93.39 0.0702 300.7
1 11 20 549.87 0.0438 874.2
1 11 15 137.43 0.0834 667.4
1 11 24 180.39 0.0718 930.8
1 11 20 865.25 0.0355 52.9
1 11 30 83.23 0.0963 583.9
1 11 18 73.55 0.0748 60.9
1 11 35 332.65 0.0638 623.4
1 11 40 174.40 0.0678 121.6
1 11 35 99.24 0.0704 712.9
1 11 17 45.82 0.0642 225.9
1 11 14 60.20 0.1317 255.1
1 11 32 80.81 0.0918 896.1
1 11 22 56.94 0.0895 294.4
1 11 40 111.09 0.0787 94.3
1 11 23 59.17 0.1041 653.6
1 11 21 134.37 0.0802 840.2
1 11 38 76.29 0.1093 940.0
1 11 22 220.89 0.0526 253.7
1 11 39 125.58 0.0818 681.9
1 11 30 53.40 0.1027 939.5
1 11 38 313.54 0.0711 688.6
1 11 36 332.38 0.0700 901.4
1 11 26 55.36 0.0733 805.5
1 11 33 78.98 0.1100 163.2
1 11 22 59.99 0.1200 3.0
1 11 15 137.20 0.0778 745.5
1 11 25 349.76 0.0562 135.0
1 11 16 187.67 0.0768 915.1
1 11 22 74.33 0.1013 838.0
1 11 18 51.46 0.0626 739.6
1 11 20 208.90 0.0394 174.6
1 11 29 119.14 0.0738 924.3
1 11 40 108.17 0.0908 680.5
1 11 38 87.57 0.0785 534.8
1 11 24 228.97 0.0626 779.9
1 11 35 58.41 0.1007 626.3
1 11 20 60.21 0.0798 718.1
1 11 22 53.04 0.0807 551.6
1 11 43 70.39 0.0782 907.0
1 11 29 290.57 0.0478 198.2
1 11 37 80.91 0.0668 626.4
1 11 23 85.09 0.0670 326.2
1 11 38 77.74 0.1198 952.0
1 11 41 169.24 0.0575 794.6
1 11 38 61.48 0.0904 594.4
1 11 31 182.79 0.0536 899.1
1 11 25 226.66 0.0469 923.8
1 11 24 103.83 0.0587 28.7
1 11 23 122.97 0.0533 937.3
1 11 13 55.87 0.0966 684.7
1 11 18 655.40 0.1492 862.5
1 11 15 380.79 0.1145 890.6
1 11 33 206.00 0.1095 809.7
1 11 30 78.38 0.1244 652.7
1 11 13 233.58 0.1412 877.9
1 11 36 145.45 0.0761 302.3
1 11 22 143.06 0.1176 886.8
1 11 17 344.92 0.0760 857.0
1 11 40 65.64 0.1091 21.3
1 11 25 89.13 0.0884 13.5
1 11 29 101.60 0.0851 167.0
1 11 33 52.76 0.1037 887.7
1 11 26 106.83 0.0849 792.6
1 11 19 95.19 0.1177 951.1
1 11 39 54.45 0.1258 541.0
1 11 21 165.21 0.0761 911.6
1 11 13 128.65 0.0877 936.5
1 11 24 115.35 0.0562 679.5
1 11 42 123.00 0.0612 836.3
1 11 16 60.55 0.0983 913.0
1 11 31 114.02 0.0655 274.6
1 11 33 46.10 0.1071 892.6
1 11 33 79.67 0.0872 350.7
1 11 20 50.65 0.1483 650.0
1 11 17 46.19 0.1089 928.6
1 11 32 80.71 0.0965 816.5
1 11 23 388.75 0.0501 187.8
1 11 27 98.64 0.0799 939.7
1 11 40 132.20 0.0792 246.6
1 11 39 117.17 0.0735 386.8
1 11 20 213.53 0.1168 942.6
1 11 31 114.46 0.0914 69.4
1 11 19 56.27 0.1085 728.4
1 11 15 78.45 0.0609 41.0
1 11 17 64.04 0.0808 928.9
1 11 31 63.26 0.0898 712.5
1 11 34 184.60 0.1089 749.5
1 11 17 193.10 0.0671 839.8
1 11 43 75.15 0.0899 672.5
1 11 42 73.21 0.0805 895.3
1 11 40 87.48 0.0734 748.8
1 11 24 378.52 0.0486 296.0
1 11 28 302.83 0.0593 740.8
1 11 23 67.42 0.0485 44.6
1 11 23 67.55 0.0738 361.2
1 11 17 294.27 0.0383 221.8
1 11 32 202.00 0.0458 426.4
1 11 23 70.04 0.0911 84.0
1 11 42 86.44 0.0878 729.0
1 11 37 173.95 0.0662 573.6
1 11 32 48.20 0.0949 745.6
1 11 13 508.17 0.1304 721.9
1 11 35 92.05 0.0650 802.9
1 11 26 91.30 0.0777 919.5
1 11 36 69.60 0.0627 574.0
1 11 22 176.50 0.0507 71.6
1 11 35 134.12 0.0830 227.1
1 11 22 146.41 0.0692 466.0
1 11 43 89.96 0.0744 441.0
1 11 27 666.69 0.0574 71.4
1 11 35 260.29 0.0652 150.7
1 11 26 73.44 0.0789 549.2
1 11 27 51.15 0.1103 848.2
1 11 25 168.71 0.0868 911.5
1 11 23 139.62 0.0755 4.4
1 11 35 95.83 0.0927 374.4
1 11 28 138.54 0.0822 130.8
1 11 23 75.81 0.1285 225.1
1 11 23 94.73 0.0650 773.0
1 11 22 66.30 0.0630 209.9
1 11 19 690.49 0.0335 528.2
1 11 27 52.96 0.1250 17.6
1 11 18 89.56 0.1675 884.7
1 11 26 53.14 0.1159 689.1
1 11 24 45.68 0.0953 550.8
1 11 17 150.47 0.0371 549.4
1 11 21 80.31 0.0762 721.8
1 11 17 70.83 0.0723 918.1
1 11 17 96.37 0.0883 283.9
1 11 25 90.99 0.0806 286.4
1 11 31 128.21 0.0836 712.4
1 11 31 61.35 0.1048 873.4
1 11 30 109.60 0.0512 573.8
1 11 36 174.88 0.0761 852.4
1 11 24 274.97 0.1100 873.1
1 11 33 116.42 0.0616 424.4
1 11 13 120.43 0.1315 856.0
1 11 25 131.08 0.0631 857.7
1 11 16 77.59 0.0864 276.7
1 11 38 615.36 0.0582 839.4
1 11 31 153.85 0.0855 564.4
1 11 19 966.54 0.0460 3.8
1 11 36 65.19 0.1338 684.7
1 11 18 155.77 0.0572 836.5
1 11 37 66.94 0.1119 228.8
1 11 18 122.01 0.0890 829.3
1 11 26 188.27 0.0863 4.5
1 11 19 202.95 0.0424 566.8
1 11 35 124.93 0.0900 810.5
1 11 16 99.60 0.0478 23.7
1 11 24 83.84 0.0881 375.4
1 11 28 156.90 0.0595 56.9
1 11 33 110.79 0.0913 717.3
1 11 20 81.95 0.0860 791.0
1 11 19 48.99 0.1480 839.8
1 11 22 61.52 0.0998 889.3
1 11 22 75.78 0.0806 580.6
1 11 17 337.94 0.0741 875.1
1 11 15 160.93 0.0968 897.3
1 11 18 101.70 0.0622 773.7
1 11 15 55.61 0.1290 930.9
1 11 27 189.44 0.0652 409.1
1 11 16 195.29 0.0408 561.1
1 11 14 57.94 0.1043 931.7
1 11 32 45.47 0.1288 641.7
1 11 14 80.56 0.0626 718.5
1 11 16 74.27 0.0677 17.9
1 11 18 114.43 0.0658 898.6
1 11 16 63.76 0.0479 895.1
1 11 19 49.74 0.0579 116.5
1 11 14 121.74 0.1050 804.1
1 11 20 56.21 0.0948 42.0
1 11 16 53.19 0.1045 35.5
1 11 13 57.69 0.1429 330.7
1 11 15 303.30 0.0796 889.2
1 11 24 75.55 0.0652 927.3
1 11 17 65.05 0.0914 268.1
1 11 17 210.55 0.0627 174.9
1 11 17 293.33 0.0234 852.1
1 11 15 68.15 0.0409 513.4
1 11 14 50.28 0.1104 275.8
1 11 13 779.98 0.1295 876.4
1 11 17 258.27 0.1031 772.8
1 11 14 181.35 0.0881 624.7
1 11 23 61.70 0.0990 77.1
1 11 16 76.93 0.0286 551.3
1 11 16 90.92 0.0455 48.4
1 11 14 46.31 0.1011 604.0
1 11 13 62.55 0.0651 635.0
1 11 14 68.12 0.1119 943.4
1 11 16 101.92 0.0850 277.4
1 11 16 351.57 0.0440 493.2
1 11 17 63.75 0.0847 33.0
1 11 14 87.31 0.0664 3.5
1 11 17 422.44 0.0652 485.0
1 11 18 184.20 0.0565 651.2
1 11 16 320.62 0.0537 922.5
1 11 15 53.76 0.0617 292.4
1 11 18 108.53 0.0361 827.8
1 11 16 75.69 0.0673 691.0
1 11 28 70.93 0.0844 733.7
1 11 25 63.75 0.1114 466.4
1 11 21 181.15 0.0592 923.7
1 11 19 195.73 0.0498 551.0
1 11 33 47.82 0.1127 749.3
1 11 13 85.99 0.1366 856.9
1 11 20 122.55 0.0892 86.1
1 11 21 95.22 0.0817 86.8
1 11 30 302.90 0.0830 891.8
1 11 23 80.29 0.0630 353.9
1 11 13 293.69 0.1001 810.6
1 11 14 61.93 0.1116 345.2
1 11 17 51.63 0.1510 546.9
1 11 21 431.26 0.0885 561.6
1 11 19 45.18 0.1207 776.5
1 11 14 45.06 0.1179 558.5
1 11 20 122.87 0.1039 927.0
1 11 18 145.15 0.0494 500.7
1 11 22 45.13 0.0802 590.5
1 11 22 46.43 0.0803 9.9
1 11 39 128.14 0.0823 659.0
1 11 13 161.35 0.0814 24.9
1 11 14 150.10 0.0522 621.8
1 11 18 56.55 0.1282 654.9
1 11 33 322.48 0.0655 803.2
1 12 27 60.59 0.1422 124.0
1 12 37 257.96 0.0565 206.6
1 12 32 359.28 0.0705 144.0
1 12 17 97.77 0.0788 126.5
1 12 32 84.92 0.1110 107.3
1 12 32 78.51 0.0862 122.0
1 12 30 157.91 0.0829 139.7
1 12 23 78.47 0.1047 66.4
1 12 23 63.73 0.1410 138.4
1 12 22 132.79 0.0730 196.5
1 12 28 105.56 0.0975 816.2
1 12 17 57.89 0.0354 115.4
1 12 17 81.88 0.1027 538.5
1 12 22 99.71 0.0842 117.7
1 12 34 152.75 0.0692 358.7
1 12 24 64.50 0.1591 850.8
1 12 22 85.27 0.0812 72.9
1 12 17 102.54 0.0678 73.5
1 12 28 93.22 0.1302 72.8
1 12 17 190.21 0.0565 88.4
1 12 17 138.38 0.0877 171.2
1 12 23 89.48 0.1156 770.9
1 12 29 61.51 0.0982 613.6
1 12 27 60.36 0.0930 554.8
1 12 34 402.47 0.0449 228.5
1 12 36 206.56 0.0685 844.3
1 12 13 53.46 0.1451 836.6
1 12 19 59.82 0.0671 60.7
1 12 15 443.85 0.0495 14.3
1 12 16 89.84 0.1160 938.3
1 12 16 139.14 0.0505 164.3
1 12 13 90.64 0.1174 824.5
1 12 26 79.93 0.0900 253.7
1 12 20 56.13 0.1104 96.5
1 12 16 116.02 0.0903 53.9
1 12 19 107.43 0.0621 219.0
1 12 25 77.63 0.0922 76.8
1 12 31 134.85 0.0658 756.4
1 12 35 52.41 0.0928 750.2
1 12 23 265.68 0.0625 27.2
1 12 44 50.99 0.0895 888.7
1 12 24 123.35 0.0451 536.9
1 12 39 76.40 0.0707 279.7
1 12 26 163.48 0.0941 897.6
1 12 29 127.51 0.0804 122.5
1 12 40 80.58 0.0716 785.6
1 12 31 290.00 0.0824 238.4
1 12 30 69.56 0.0996 816.5
1 12 28 45.70 0.0915 938.5
1 12 13 102.27 0.1364 195.6
1 12 34 166.35 0.0729 825.0
1 12 17 60.27 0.1333 59.7
1 12 17 238.58 0.0900 460.9
1 12 21 202.75 0.0441 442.9
1 12 15 573.81 0.0943 110.2
1 12 19 57.07 0.0814 22.3
1 12 27 81.43 0.0494 34.1
1 12 45 57.93 0.0764 391.8
1 12 18 193.47 0.1095 915.5
1 12 24 54.87 0.0772 145.5
1 12 22 69.43 0.0910 921.8
1 12 25 126.70 0.0742 237.3
1 12 27 55.63 0.1019 242.9
1 12 18 54.56 0.0855 931.0
1 12 32 170.73 0.0694 787.5
1 12 34 179.76 0.0561 796.8
1 12 22 75.64 0.0482 216.5
1 12 32 64.02 0.1269 92.0
1 12 25 117.82 0.0770 819.9
1 12 39 172.91 0.0624 173.2
1 12 15 159.71 0.1003 193.7
1 12 14 55.03 0.0659 124.2
1 12 31 98.39 0.0914 941.8
1 12 33 142.74 0.0828 706.9
1 12 36 164.26 0.0452 863.9
1 12 19 874.91 0.1003 68.2
1 12 32 117.35 0.0700 453.5
1 12 29 80.36 0.0956 572.4
1 12 22 88.15 0.1341 659.5
1 12 42 184.44 0.0657 94.3
1 12 27 242.97 0.0671 579.4
1 12 29 68.40 0.0924 717.0
1 12 31 144.72 0.0814 665.6
1 12 20 71.55 0.0539 917.8
1 12 25 65.46 0.1115 764.6
1 12 22 81.30 0.0955 187.0
1 12 27 47.51 0.1274 182.8
1 12 31 84.72 0.1239 224.7
1 12 38 97.18 0.1100 361.4
1 12 39 201.52 0.0653 815.4
1 12 31 59.91 0.0876 119.4
1 12 14 156.03 0.0996 875.5
1 12 24 108.15 0.0792 65.2
1 12 32 63.04 0.0965 53.4
1 12 14 60.82 0.1019 71.5
1 12 20 158.69 0.0461 586.5
1 12 17 45.94 0.1316 573.7
1 12 14 70.41 0.1593 766.6
1 12 32 159.55 0.1000 108.4
1 12 15 84.74 0.1161 194.9
1 12 23 81.07 0.1110 850.7
1 12 21 72.68 0.0889 753.0
1 12 20 156.10 0.0610 35.5
1 12 39 102.28 0.1065 223.2
1 12 37 262.96 0.0637 279.2
1 12 19 51.95 0.1289 927.1
1 12 28 112.44 0.0934 174.7
1 12 33 396.96 0.0837 117.9
1 12 25 67.35 0.0797 273.3
1 12 21 60.35 0.1348 97.0
1 12 36 110.33 0.0973 841.7
1 12 30 54.63 0.1230 231.3
1 12 17 56.37 0.0513 309.4
1 12 17 674.56 0.0883 114.5
1 12 26 48.22 0.1095 220.8
1 12 37 164.74 0.0756 913.3
1 12 36 143.93 0.0898 92.4
1 12 14 49.47 0.1254 736.3
1 12 21 79.97 0.0983 894.2
1 12 16 81.06 0.0740 939.3
1 12 16 56.18 0.1165 863.2
1 12 22 69.17 0.1048 178.9
1 12 24 50.51 0.0931 94.4
1 12 36 100.14 0.0822 158.7
1 12 26 169.91 0.0624 808.2
1 12 35 183.47 0.0655 703.4
1 12 33 107.45 0.1013 239.9
1 12 23 156.95 0.0856 211.7
1 12 33 94.81 0.0819 166.2
1 12 18 997.67 0.0632 77.3
1 12 38 93.44 0.1021 376.5
1 12 13 158.49 0.0376 753.3
1 12 31 153.17 0.0673 97.5
1 12 40 71.60 0.0952 228.6
1 12 36 99.71 0.0670 749.4
1 12 35 310.84 0.0663 830.5
1 12 42 107.81 0.0807 73.5
1 12 30 126.72 0.0663 48.0
1 12 38 47.03 0.0927 838.9
1 12 23 74.35 0.1058 168.0
1 12 42 66.46 0.0929 276.3
1 12 27 146.66 0.0795 28.8
1 12 22 79.51 0.0770 755.5
1 12 34 113.15 0.0871 130.1
1 12 29 187.19 0.0817 106.3
1 12 32 102.26 0.0881 70.7
1 12 41 197.00 0.0639 436.4
1 12 32 132.50 0.0719 928.8
1 12 35 64.34 0.0788 251.5
1 12 27 249.42 0.0552 80.1
1 12 24 134.35 0.0941 578.4
1 12 24 1554.31 0.0466 387.7
1 12 22 88.42 0.0642 911.7
1 12 29 58.12 0.1087 662.6
1 12 23 98.67 0.1151 668.6
1 12 29 145.69 0.0651 554.9
1 12 29 105.59 0.0685 732.3
1 12 39 71.07 0.1171 399.0
1 12 38 104.16 0.0919 156.1
1 12 23 187.08 0.0459 25.1
1 12 29 166.11 0.0803 102.1
1 12 37 61.51 0.0854 155.0
1 12 21 56.41 0.0866 799.5
1 12 35 49.63 0.1104 814.5
1 12 41 65.30 0.1108 172.0
1 12 29 53.99 0.1118 77.0
1 12 18 119.40 0.0606 473.3
1 12 17 938.63 0.0289 389.9
1 12 15 272.06 0.0402 16.1
1 12 17 146.95 0.0772 865.9
1 12 38 120.91 0.0880 741.4
1 12 32 89.83 0.1074 205.7
1 12 25 63.77 0.0906 824.9
1 12 27 157.03 0.0474 896.5
1 12 19 222.78 0.0798 601.7
1 12 16 91.83 0.0634 513.4
1 12 21 83.25 0.0516 817.5
1 12 21 50.43 0.0988 401.1
1 12 33 102.52 0.0847 250.4
1 12 33 103.73 0.0838 412.5
1 12 38 84.13 0.0998 731.9
1 12 42 106.03 0.0902 193.1
1 12 32 96.56 0.0942 361.6
1 12 20 82.24 0.0605 856.7
1 12 17 79.14 0.0995 943.1
1 12 32 52.69 0.1080 860.5
1 12 43 140.47 0.0780 730.4
1 12 28 286.97 0.0388 863.8
1 12 22 68.62 0.1202 153.7
1 12 33 50.78 0.0755 673.0
1 12 44 80.39 0.0906 269.7
1 12 40 258.87 0.0488 918.1
1 12 31 92.35 0.0782 605.7
1 12 33 175.70 0.0636 82.4
1 12 34 54.13 0.0981 192.7
1 12 43 246.30 0.0778 587.0
1 12 21 69.81 0.0768 170.1
1 12 31 63.23 0.1130 927.6
1 12 16 73.87 0.1105 401.8
1 12 17 170.21 0.0570 65.0
1 12 41 86.84 0.0804 613.5
1 12 25 120.03 0.0622 89.4
1 12 41 93.64 0.0926 741.6
1 12 40 193.52 0.0797 349.9
1 12 34 110.89 0.0760 803.2
1 12 24 184.83 0.0493 439.7
1 12 36 168.37 0.0559 862.4
1 12 18 98.20 0.0471 773.5
1 12 20 135.07 0.0848 664.0
1 12 16 280.68 0.0610 58.7
1 12 14 278.52 0.0582 557.2
1 12 36 177.39 0.0664 178.6
1 12 14 81.86 0.0746 889.9
1 12 39 350.68 0.0628 369.4
1 12 30 81.44 0.0587 137.9
1 12 26 61.00 0.0854 794.9
1 12 36 91.96 0.1315 99.9
1 12 30 66.99 0.1143 458.5
1 12 34 155.92 0.0612 872.0
1 12 39 88.63 0.0646 260.4
1 12 31 68.27 0.1174 219.5
1 12 17 59.85 0.0688 456.4
1 12 34 77.07 0.1227 115.4
1 12 26 51.05 0.1255 788.5
1 12 13 56.93 0.0886 165.0
1 12 30 146.59 0.0471 685.9
1 12 31 101.13 0.0828 708.3
1 12 18 65.23 0.0593 87.2
1 12 17 106.83 0.0549 202.0
1 12 24 103.67 0.0920 79.9
1 12 18 75.90 0.0824 51.9
1 12 29 94.85 0.1004 83.4
1 12 27 50.22 0.1217 53.0
1 12 38 113.17 0.0860 94.7
1 12 39 76.80 0.0933 265.1
1 12 15 214.25 0.0449 895.6
1 12 27 81.94 0.0759 183.1
1 12 28 110.73 0.0879 937.7
1 12 40 311.37 0.0560 361.4
1 12 39 368.39 0.0509 109.4
1 12 42 181.95 0.0769 868.8
1 12 38 149.81 0.0732 137.8
1 12 38 95.70 0.0842 852.0
1 12 31 55.07 0.1087 83.7
1 12 27 135.53 0.0824 265.0
1 12 28 48.85 0.1225 244.8
1 12 19 164.57 0.0389 226.8
1 12 41 100.53 0.0667 278.0
1 12 27 89.75 0.0760 223.8
1 12 16 155.21 0.0299 48.7
1 12 35 412.03 0.0628 222.2
1 12 39 423.04 0.0564 494.3
1 12 25 58.76 0.0981 116.0
1 12 31 68.07 0.0988 276.6
1 12 42 144.21 0.0660 526.1
1 12 27 196.64 0.0642 775.9
1 12 26 91.64 0.0718 745.0
1 12 26 370.43 0.0458 112.8
1 12 27 141.80 0.0411 776.2
1 12 42 166.00 0.0638 165.0
1 12 40 138.33 0.0616 89.4
1 12 37 298.28 0.0487 535.5
1 12 19 403.34 0.0380 931.1
1 12 25 103.72 0.0922 935.6
1 12 17 135.35 0.0546 316.0
1 12 35 53.20 0.0548 210.4
1 12 32 191.46 0.0678 143.1
1 12 31 137.26 0.0487 648.3
1 12 25 80.49 0.0684 404.3
1 12 32 218.06 0.0669 78.2
1 12 31 54.55 0.0916 899.1
1 12 28 48.18 0.1227 843.2
1 12 21 91.40 0.0423 41.3
1 12 16 63.15 0.0384 845.6
1 12 15 158.58 0.0697 28.7
1 12 35 296.18 0.0479 63.9
1 12 34 136.04 0.0719 254.0
1 12 19 177.27 0.0329 151.3
1 12 22 363.20 0.0558 78.4
1 12 41 46.61 0.0682 683.1
1 12 32 234.70 0.0554 161.8
1 12 31 240.12 0.0427 691.5
1 12 14 60.51 0.0702 79.0
1 12 39 121.03 0.0671 134.0
1 12 16 90.43 0.0826 769.5
1 12 28 66.92 0.1209 247.7
1 12 40 47.57 0.1038 941.4
1 12 33 118.75 0.0737 706.9
1 12 32 79.09 0.1067 227.0
1 12 22 56.95 0.0589 130.1
1 12 24 46.94 0.1295 485.4
1 12 21 116.65 0.0934 189.5
1 12 36 79.82 0.1173 126.5
1 12 19 76.70 0.0844 176.8
1 12 32 191.99 0.0759 193.6
1 12 37 77.26 0.0824 866.6
1 12 28 78.81 0.0988 414.2
1 12 30 63.58 0.0910 203.6
1 12 32 85.22 0.1184 177.0
1 12 13 54.13 0.1267 784.1
1 12 22 188.18 0.0748 117.8
1 12 25 208.72 0.0838 876.9
1 12 16 158.62 0.0746 742.8
1 12 18 122.09 0.0486 181.5
1 12 18 145.86 0.0820 876.6
1 12 30 133.83 0.0781 555.9
1 12 20 48.65 0.1475 65.1
1 12 26 221.74 0.0876 911.4
1 12 17 45.19 0.0920 917.9
1 12 15 86.46 0.1173 929.5
1 12 14 103.73 0.1032 625.6
1 12 18 63.27 0.0847 55.9
1 12 16 176.91 0.0607 61.6
1 12 18 55.63 0.0936 616.0
1 12 31 125.23 0.1112 839.5
1 12 28 102.87 0.0897 214.4
1 12 13 50.59 0.0598 28.4
1 12 15 107.88 0.1050 554.0
1 12 18 49.49 0.1260 718.0
1 12 20 157.78 0.0842 891.7
1 12 14 91.07 0.1367 256.0
1 12 20 55.28 0.0679 847.3
1 12 17 54.24 0.0437 798.3
1 12 17 132.15 0.0655 791.4
1 12 23 68.48 0.0840 244.0
1 12 34 69.93 0.0828 226.9
1 12 20 427.54 0.0940 867.5
1 12 16 335.64 0.0598 942.4
1 12 18 141.83 0.0486 107.4
1 12 15 55.50 0.0570 372.9
1 12 13 128.71 0.0814 228.4
1 12 31 119.54 0.0849 916.8
1 12 16 135.79 0.0324 28.2
1 12 18 171.99 0.0768 940.4
1 12 20 45.31 0.0955 264.5
1 12 13 49.25 0.1285 744.3
1 12 15 87.81 0.0738 921.3
1 12 21 79.29 0.1176 207.5
1 12 19 556.04 0.0634 526.7
1 12 26 45.99 0.1239 705.7
1 12 17 324.98 0.0960 272.2
1 12 13 85.90 0.0883 474.3
1 12 13 189.90 0.1460 781.0
1 12 15 99.75 0.0828 828.6
1 12 16 245.90 0.0874 858.7
1 12 20 72.80 0.0923 727.6
1 12 20 259.27 0.0497 81.8
1 12 16 239.33 0.0762 28.6
1 12 16 195.83 0.0773 669.5
1 12 14 80.60 0.0789 755.2
1 12 16 153.64 0.0400 940.5
1 12 17 273.83 0.0331 815.2
1 12 26 82.62 0.1127 105.8
1 12 34 45.14 0.1064 165.0
1 12 18 50.22 0.1139 948.5
1 12 20 259.72 0.0598 203.9
1 12 15 46.77 0.1287 749.0
1 12 13 50.67 0.1094 169.0
1 12 20 63.68 0.0917 897.8
1 12 19 151.98 0.0822 115.9
1 12 14 657.44 0.0351 937.8
1 13 40 218.74 0.0831 772.1
1 13 27 73.85 0.1156 738.0
1 13 29 70.01 0.1039 437.1
1 13 17 51.82 0.0775 607.4
1 13 29 112.61 0.0939 847.2
1 13 34 114.37 0.0795 239.6
1 13 29 193.78 0.0639 377.3
1 13 26 102.88 0.0877 576.1
1 13 18 57.19 0.1454 695.8
1 13 20 165.00 0.0691 128.0
1 13 30 175.00 0.0718 528.4
1 13 20 149.99 0.0770 111.5
1 13 17 46.20 0.1447 571.8
1 13 38 149.05 0.0733 358.0
1 13 20 185.70 0.0717 494.6
1 13 34 683.24 0.0642 464.4
1 13 17 77.61 0.0829 910.7
1 13 39 91.66 0.0945 258.3
1 13 27 266.85 0.0537 775.1
1 13 21 116.46 0.0763 228.3
1 13 30 201.83 0.0562 359.3
1 13 20 85.40 0.0681 80.3
1 13 20 59.32 0.0809 611.8
1 13 19 367.64 0.0581 688.1
1 13 42 79.01 0.0868 714.9
1 13 23 66.21 0.0619 61.3
1 13 31 70.35 0.1203 826.6
1 13 33 168.62 0.0560 697.2
1 13 28 60.83 0.1229 692.7
1 13 32 111.55 0.0663 706.4
1 13 23 64.01 0.1309 489.0
1 13 22 62.84 0.0786 197.0
1 13 17 48.34 0.1093 692.6
1 13 21 205.25 0.0763 836.4
1 13 30 171.73 0.0716 78.5
1 13 17 192.59 0.1014 622.0
1 13 38 47.94 0.1063 216.8
1 13 26 347.45 0.0408 362.6
1 13 37 134.99 0.0546 516.7
1 13 27 72.21 0.1003 229.9
1 13 31 103.05 0.0861 492.0
1 13 36 232.01 0.0837 723.8
1 13 20 53.56 0.1179 215.7
1 13 30 54.88 0.0907 180.3
1 13 16 140.49 0.0485 663.5
1 13 30 145.14 0.0680 763.6
1 13 18 192.55 0.0586 781.3
1 13 17 74.47 0.0639 302.0
1 13 27 106.03 0.0956 212.8
1 13 42 65.55 0.0675 428.3
1 13 25 71.56 0.0884 325.9
1 13 31 73.74 0.0912 490.6
1 13 28 66.14 0.0820 855.0
1 13 23 311.79 0.1026 397.5
1 13 16 61.28 0.0472 639.3
1 13 27 121.79 0.0869 602.3
1 13 28 45.59 0.1228 814.0
1 13 30 147.27 0.0934 724.5
1 13 31 129.39 0.0884 677.6
1 13 16 148.97 0.0402 18.5
1 13 23 45.83 0.1141 484.1
1 13 14 174.52 0.0856 256.3
1 13 28 610.96 0.0525 632.6
1 13 29 63.59 0.0614 102.9
1 13 30 81.97 0.0997 730.8
1 13 30 84.10 0.1011 754.2
1 13 25 75.01 0.0927 541.6
1 13 20 232.65 0.0925 266.3
1 13 30 84.79 0.0906 915.8
1 13 39 111.45 0.0873 64.0
1 13 16 45.25 0.0965 779.9
1 13 17 151.73 0.0588 67.0
1 13 32 98.80 0.0892 289.7
1 13 38 260.26 0.0805 814.5
1 13 40 112.08 0.0768 836.2
1 13 37 210.21 0.0812 482.4
1 13 24 277.22 0.0653 430.0
1 13 17 145.29 0.0493 763.3
1 13 30 69.59 0.1092 714.5
1 13 24 52.34 0.0450 326.5
1 13 24 124.47 0.0601 129.3
1 13 29 55.57 0.1305 317.7
1 13 27 61.86 0.1306 203.9
1 13 41 103.11 0.0759 546.6
1 13 20 83.66 0.0522 605.8
1 13 18 74.31 0.0675 704.3
1 13 29 119.47 0.0909 470.3
1 13 15 45.52 0.0414 61.5
1 13 29 143.82 0.0615 920.8
1 13 28 86.57 0.0877 742.0
1 13 37 137.04 0.0574 483.2
1 13 17 100.86 0.0829 938.9
1 13 17 93.27 0.0522 328.7
1 13 43 286.80 0.0614 786.5
1 13 37 138.02 0.0735 384.4
1 13 37 142.53 0.0684 348.6
1 13 30 62.82 0.0851 488.9
1 13 22 47.75 0.0651 76.4
1 13 26 75.92 0.0638 657.0
1 13 26 192.05 0.0839 107.4
1 13 17 78.97 0.0600 297.2
1 13 30 195.13 0.0800 796.1
1 13 17 88.15 0.0807 37.0
1 13 25 181.08 0.0563 149.7
1 13 21 76.95 0.1138 233.3
1 13 19 85.11 0.0681 200.8
1 13 28 181.27 0.0925 596.6
1 13 33 107.46 0.0941 261.0
1 13 29 134.62 0.0819 459.3
1 13 34 95.78 0.0791 109.2
1 13 37 130.48 0.0768 776.4
1 13 40 143.98 0.0650 115.8
1 13 21 109.32 0.0666 58.4
1 13 39 73.36 0.1179 246.5
1 13 41 92.09 0.0956 472.0
1 13 18 51.58 0.1096 709.4
1 13 18 68.26 0.1221 655.7
1 13 28 152.43 0.0661 669.4
1 13 30 267.39 0.0647 283.4
1 13 42 192.61 0.0740 323.2
1 13 42 96.32 0.0903 498.0
1 13 42 104.36 0.0897 220.0
1 13 22 97.59 0.0726 139.9
1 13 22 82.12 0.0989 457.8
1 13 34 110.78 0.0586 50.3
1 13 14 47.41 0.1214 35.8
1 13 34 79.84 0.0743 624.6
1 13 26 50.79 0.1208 876.5
1 13 37 157.06 0.0796 691.6
1 13 45 265.95 0.0787 45.1
1 13 18 135.01 0.0370 113.4
1 13 23 103.61 0.0880 803.6
1 13 22 97.01 0.0526 645.4
1 13 22 72.95 0.0739 397.7
1 13 37 143.12 0.0608 145.5
1 13 34 109.61 0.0742 141.4
1 13 32 206.43 0.0525 626.2
1 13 29 58.65 0.1211 233.6
1 13 37 184.30 0.0539 861.0
1 13 42 154.69 0.0650 471.3
1 13 38 184.19 0.0653 661.1
1 13 40 154.76 0.0627 855.4
1 13 40 55.73 0.1046 940.0
1 13 33 215.98 0.0618 550.8
1 13 20 76.76 0.1044 156.7
1 13 18 62.55 0.0840 900.9
1 13 18 489.81 0.0505 303.4
1 13 40 90.03 0.0851 146.7
1 13 27 84.42 0.0456 453.4
1 13 40 103.74 0.0812 711.2
1 13 43 63.32 0.0873 124.7
1 13 42 122.89 0.0769 431.4
1 13 20 96.16 0.0446 116.0
1 13 26 103.74 0.0931 80.1
1 13 20 66.94 0.0923 458.6
1 13 19 940.55 0.0444 531.7
1 13 17 139.54 0.0670 561.6
1 13 37 128.38 0.0725 831.0
1 13 26 88.48 0.0594 120.6
1 13 23 85.64 0.1122 566.8
1 13 37 85.77 0.1093 769.0
1 13 40 67.02 0.1037 576.6
1 13 31 88.56 0.0904 381.4
1 13 22 129.49 0.0536 354.5
1 13 18 274.83 0.0538 253.2
1 13 26 110.71 0.0938 585.9
1 13 18 102.29 0.0914 548.4
1 13 30 64.50 0.1201 226.7
1 13 15 115.64 0.0670 499.1
1 13 21 54.78 0.0568 544.0
1 13 40 159.93 0.0862 449.3
1 13 38 144.13 0.0644 339.8
1 13 40 187.22 0.0691 544.0
1 13 34 100.58 0.0887 908.3
1 13 37 168.34 0.0497 670.1
1 13 22 112.41 0.0553 587.5
1 13 21 97.29 0.0998 299.4
1 13 37 86.07 0.1055 260.4
1 13 17 48.59 0.0587 307.4
1 13 18 104.93 0.1004 901.7
1 13 13 159.65 0.0605 716.6
1 13 31 74.35 0.0950 445.3
1 13 33 47.98 0.1077 452.9
1 13 29 45.04 0.1403 100.3
1 13 30 158.14 0.0679 616.4
1 13 31 96.79 0.0857 83.2
1 13 15 45.88 0.0971 534.7
1 13 36 123.79 0.0786 165.8
1 13 38 92.11 0.1080 238.1
1 13 35 74.44 0.1117 422.2
1 13 20 79.88 0.0720 279.0
1 13 24 79.48 0.0968 102.3
1 13 30 192.44 0.0563 846.3
1 13 41 64.77 0.0929 132.3
1 13 40 192.42 0.0604 94.2
1 13 20 93.23 0.1028 709.5
1 13 31 195.03 0.0531 102.6
1 13 22 80.28 0.0752 858.3
1 13 34 259.11 0.0421 649.6
1 13 40 111.35 0.0661 515.4
1 13 36 81.74 0.0933 647.2
1 13 26 154.91 0.0959 821.2
1 13 33 73.74 0.1191 337.5
1 13 32 389.12 0.0406 610.0
1 13 29 248.27 0.0579 107.7
1 13 31 52.21 0.1049 250.3
1 13 40 49.16 0.1072 52.2
1 13 22 121.96 0.0556 631.9
1 13 33 459.91 0.0468 649.8
1 13 38 264.45 0.0805 416.0
1 13 32 129.13 0.0792 93.9
1 13 19 101.75 0.0372 135.3
1 13 16 75.62 0.0670 926.3
1 13 32 47.30 0.1051 826.8
1 13 28 77.40 0.0789 607.8
1 13 34 152.76 0.0703 83.5
1 13 22 81.09 0.0654 298.6
1 13 34 74.54 0.0763 182.6
1 13 40 177.51 0.0515 583.8
1 13 30 79.72 0.1149 113.8
1 13 40 244.87 0.0793 772.6
1 13 45 204.72 0.0788 706.0
1 13 30 215.92 0.0560 44.7
1 13 43 219.16 0.0552 496.2
1 13 31 78.09 0.0756 579.7
1 13 32 143.62 0.0906 686.8
1 13 28 66.77 0.0855 157.5
1 13 42 151.62 0.0836 203.0
1 13 43 126.97 0.0680 743.4
1 13 24 126.42 0.0821 632.0
1 13 29 92.71 0.0568 394.8
1 13 23 58.18 0.0789 758.8
1 13 23 398.02 0.0580 755.2
1 13 19 115.71 0.0559 403.9
1 13 41 185.90 0.0679 562.2
1 13 43 150.10 0.0710 757.9
1 13 35 53.11 0.1555 368.1
1 13 32 112.12 0.0819 226.7
1 13 39 67.56 0.0862 734.1
1 13 14 111.22 0.0442 698.1
1 13 30 88.81 0.0707 435.0
1 13 21 143.61 0.0566 62.9
1 13 32 101.13 0.0733 487.7
1 13 33 60.09 0.0971 576.8
1 13 41 83.02 0.0699 242.6
1 13 26 59.22 0.0594 653.5
1 13 24 104.37 0.1050 734.1
1 13 17 72.17 0.0378 312.4
1 13 17 64.61 0.1469 611.9
1 13 43 93.39 0.0754 170.1
1 13 21 46.32 0.0977 211.8
1 13 20 123.67 0.1250 800.3
1 13 31 83.59 0.0794 547.0
1 13 26 147.06 0.0505 61.1
1 13 31 178.10 0.0530 880.4
1 13 33 248.47 0.0537 766.0
1 13 16 66.30 0.0446 409.6
1 13 29 111.01 0.0721 890.5
1 13 28 77.86 0.0868 778.7
1 13 37 123.86 0.0655 784.9
1 13 18 660.89 0.0801 218.5
1 13 14 69.78 0.1012 774.0
1 13 31 68.20 0.1013 758.2
1 13 26 203.97 0.0937 318.6
1 13 19 402.92 0.0994 814.8
1 13 13 107.63 0.1742 224.1
1 13 30 241.10 0.0684 392.0
1 13 37 239.56 0.1073 673.4
1 13 33 102.69 0.0648 525.9
1 13 32 167.04 0.0580 97.3
1 13 33 265.94 0.0630 248.1
1 13 35 67.66 0.0967 336.5
1 13 26 94.13 0.0758 14.5
1 13 23 204.95 0.0511 688.9
1 13 18 376.52 0.0659 207.2
1 13 26 129.43 0.0943 467.2
1 13 24 239.99 0.1022 231.4
1 13 17 61.28 0.1142 942.9
1 13 35 59.13 0.0874 670.0
1 13 17 62.89 0.0673 318.6
1 13 16 77.07 0.1013 725.6
1 13 31 166.93 0.0609 217.4
1 13 37 110.30 0.0908 406.3
1 13 31 57.72 0.0943 68.4
1 13 19 152.81 0.0521 857.9
1 13 27 130.74 0.0719 686.6
1 13 13 245.99 0.0880 245.3
1 13 25 88.09 0.1088 216.8
1 13 31 197.59 0.0866 691.9
1 13 14 345.57 0.0447 14.0
1 13 28 180.74 0.0752 192.7
1 13 32 154.25 0.1178 103.1
1 13 21 45.78 0.1391 565.7
1 13 25 58.20 0.1254 352.9
1 13 21 47.46 0.1518 638.3
1 13 15 57.58 0.0823 12.3
1 13 37 45.87 0.1499 483.8
1 13 19 54.31 0.1200 248.5
1 13 25 69.77 0.0710 288.0
1 13 19 45.68 0.1165 255.0
1 13 15 98.98 0.1183 226.1
1 13 26 77.40 0.0906 598.6
1 13 24 120.62 0.1037 708.9
1 13 13 69.05 0.1320 793.1
1 13 20 58.47 0.0948 205.9
1 13 16 293.31 0.0543 153.9
1 13 19 74.15 0.1176 673.0
1 13 15 96.33 0.1598 415.5
1 13 14 158.36 0.0324 693.7
1 13 17 71.65 0.1310 685.6
1 13 13 58.14 0.0711 939.0
1 13 27 52.40 0.1074 492.6
1 13 22 134.19 0.0521 376.5
1 13 16 88.23 0.0951 100.2
1 13 18 59.60 0.1480 584.4
1 13 28 718.59 0.0870 600.1
1 13 16 102.35 0.0820 847.8
1 13 16 177.61 0.0521 370.2
1 13 24 76.98 0.0745 466.4
1 13 42 69.40 0.1034 139.0
1 13 36 61.80 0.0899 245.4
1 13 15 253.21 0.0507 28.2
1 13 18 82.64 0.0537 309.2
1 13 19 46.00 0.0555 390.7
1 13 16 251.94 0.0425 534.7
1 13 19 45.40 0.0885 826.0
1 13 16 45.58 0.1147 276.7
1 13 17 45.27 0.0960 590.6
1 13 15 54.26 0.0851 154.1
1 13 17 225.62 0.0838 716.6
1 13 24 56.60 0.1130 715.4
1 14 20 117.06 0.0711 914.4
1 14 29 76.50 0.0862 572.5
1 14 43 156.24 0.0610 450.7
1 14 31 110.65 0.0773 940.7
1 14 15 118.47 0.1142 925.0
1 14 22 49.46 0.0887 431.0
1 14 26 110.56 0.1141 295.0
1 14 32 59.33 0.0997 205.8
1 14 33 174.06 0.0623 239.6
1 14 32 64.49 0.1374 585.2
1 14 28 405.11 0.0636 819.6
1 14 22 65.25 0.1347 941.5
1 14 15 285.28 0.1349 610.7
1 14 25 60.72 0.1131 685.6
1 14 32 115.99 0.1251 112.8
1 14 44 146.47 0.0806 127.5
1 14 31 114.39 0.0691 743.2
1 14 30 92.03 0.0987 528.2
1 14 24 100.32 0.0634 590.3
1 14 35 307.27 0.0889 891.5
1 14 28 69.02 0.0924 95.2
1 14 32 162.69 0.0997 609.2
1 14 21 93.26 0.0691 582.7
1 14 39 112.73 0.0792 107.3
1 14 17 155.58 0.0484 531.2
1 14 22 91.07 0.0727 603.8
1 14 13 245.03 0.0582 245.3
1 14 14 63.18 0.1276 735.9
1 14 37 83.64 0.0918 692.9
1 14 34 402.94 0.0443 692.5
1 14 27 92.03 0.1082 160.6
1 14 26 67.11 0.1221 439.8
1 14 16 83.72 0.1193 933.3
1 14 30 61.48 0.1172 221.2
1 14 21 226.01 0.0929 29.4
1 14 29 147.38 0.0862 830.5
1 14 18 316.23 0.0462 624.6
1 14 15 148.40 0.0430 173.8
1 14 24 91.58 0.0817 368.8
1 14 33 130.98 0.0723 554.2
1 14 33 94.51 0.0890 176.4
1 14 26 109.72 0.0876 868.3
1 14 39 132.33 0.0824 841.5
1 14 35 133.74 0.0516 579.5
1 14 33 83.56 0.0855 259.7
1 14 41 64.76 0.0679 753.9
1 14 20 67.98 0.0797 579.6
1 14 24 112.42 0.1221 394.4
1 14 14 289.51 0.0817 481.7
1 14 22 49.52 0.0975 583.0
1 14 36 160.52 0.0521 889.7
1 14 38 54.33 0.1009 198.7
1 14 18 323.84 0.0311 73.0
1 14 22 89.68 0.1430 257.4
1 14 30 65.39 0.0982 827.2
1 14 15 63.96 0.0497 608.7
1 14 26 174.20 0.0547 567.5
1 14 24 109.30 0.0803 256.3
1 14 28 64.92 0.0756 234.7
1 14 28 153.87 0.0793 324.8
1 14 23 232.14 0.0660 389.5
1 14 37 122.36 0.0686 260.5
1 14 31 151.48 0.0640 841.6
1 14 28 107.31 0.0884 690.4
1 14 38 168.54 0.0742 456.6
1 14 26 81.38 0.0809 542.1
1 14 24 91.21 0.1400 228.0
1 14 31 137.68 0.0982 464.5
1 14 30 302.61 0.0805 248.0
1 14 47 95.45 0.0725 276.5
1 14 29 226.86 0.0594 942.0
1 14 34 116.21 0.0631 376.2
1 14 36 115.13 0.0774 344.0
1 14 22 81.62 0.0608 306.7
1 14 28 89.37 0.0646 560.4
1 14 36 63.50 0.1337 616.1
1 14 24 239.03 0.0784 351.9
1 14 17 126.86 0.1128 250.2
1 14 32 102.60 0.0821 439.1
1 14 17 67.37 0.1592 783.3
1 14 34 231.85 0.0698 712.5
1 14 36 73.45 0.1067 915.5
1 14 13 60.27 0.1353 346.5
1 14 35 68.24 0.1079 174.7
1 14 37 98.12 0.0908 605.2
1 14 29 251.72 0.0593 145.3
1 14 41 106.47 0.0800 515.3
1 14 34 75.67 0.1336 777.0
1 14 30 680.71 0.0844 623.0
1 14 29 259.47 0.0603 689.3
1 14 39 65.79 0.1141 754.3
1 14 39 62.45 0.0838 533.3
1 14 31 102.55 0.0921 870.7
1 14 40 55.23 0.0871 862.7
1 14 29 97.46 0.1047 649.4
1 14 24 62.52 0.1107 136.0
1 14 28 92.95 0.0945 858.9
1 14 40 151.53 0.0640 644.9
1 14 39 54.85 0.0809 356.1
1 14 24 55.16 0.1259 425.3
1 14 38 122.32 0.1087 348.0
1 14 22 158.45 0.0666 525.8
1 14 35 85.96 0.0825 886.6
1 14 31 137.90 0.0792 121.5
1 14 19 154.12 0.0717 799.4
1 14 22 66.16 0.0948 580.3
1 14 20 76.53 0.0763 477.6
1 14 31 77.81 0.1051 874.6
1 14 23 204.37 0.0514 539.5
1 14 20 95.31 0.1255 246.0
1 14 28 376.55 0.0545 648.6
1 14 17 49.70 0.1109 438.4
1 14 40 60.53 0.0967 442.4
1 14 25 164.35 0.0646 468.8
1 14 20 86.35 0.0806 556.7
1 14 21 54.30 0.0766 184.6
1 14 16 64.68 0.1315 942.4
1 14 22 132.83 0.0720 941.5
1 14 35 398.38 0.0977 584.6
1 14 32 145.55 0.0879 549.1
1 14 18 51.87 0.1217 436.8
1 14 41 126.94 0.0819 114.3
1 14 31 111.31 0.0899 704.1
1 14 35 139.52 0.0808 502.7
1 14 37 183.62 0.0628 368.4
1 14 32 85.63 0.1105 744.7
1 14 43 270.19 0.0620 453.0
1 14 32 92.67 0.0891 465.7
1 14 39 55.75 0.1028 195.4
1 14 27 100.89 0.0916 875.0
1 14 38 123.63 0.0511 174.4
1 14 36 146.43 0.0864 363.8
1 14 36 103.55 0.1079 239.1
1 14 31 52.06 0.1406 581.8
1 14 37 65.76 0.1078 385.5
1 14 29 114.35 0.0731 283.1
1 14 41 132.54 0.0690 694.9
1 14 37 193.41 0.0665 332.4
1 14 19 54.37 0.1182 322.9
1 14 38 84.48 0.0770 140.3
1 14 40 236.73 0.0557 741.3
1 14 29 77.61 0.0616 246.9
1 14 41 152.83 0.0896 145.7
1 14 30 243.71 0.0742 148.9
1 14 31 51.68 0.1270 846.6
1 14 39 59.75 0.0933 115.5
1 14 17 125.68 0.1252 216.3
1 14 43 106.97 0.0884 549.5
1 14 42 89.90 0.0721 477.0
1 14 35 52.93 0.1084 184.4
1 14 42 136.45 0.0534 853.1
1 14 27 122.84 0.0709 531.0
1 14 36 147.74 0.0734 308.9
1 14 30 105.62 0.0870 879.7
1 14 41 66.16 0.1080 459.3
1 14 20 100.88 0.0645 877.9
1 14 43 77.35 0.0945 197.9
1 14 17 97.85 0.0808 936.6
1 14 21 90.90 0.0392 555.1
1 14 29 88.50 0.0815 669.7
1 14 37 85.29 0.0795 574.8
1 14 37 90.16 0.0728 379.8
1 14 35 141.94 0.0626 244.7
1 14 35 241.09 0.0762 643.5
1 14 33 86.33 0.0836 373.2
1 14 20 83.05 0.0463 277.4
1 14 31 173.71 0.0661 367.4
1 14 27 184.98 0.0482 545.7
1 14 41 92.61 0.1160 617.8
1 14 31 139.65 0.0953 169.9
1 14 33 90.65 0.0824 805.0
1 14 36 89.58 0.0853 686.2
1 14 42 124.80 0.0742 878.3
1 14 36 106.49 0.0473 792.3
1 14 25 58.84 0.1140 163.0
1 14 36 119.45 0.0617 76.9
1 14 27 92.14 0.0895 425.4
1 14 29 153.22 0.0730 511.1
1 14 13 213.86 0.0486 50.6
1 14 35 96.35 0.0687 705.3
1 14 24 58.36 0.1060 71.2
1 14 15 228.93 0.1027 525.8
1 14 28 52.49 0.1242 152.1
1 14 13 132.26 0.0912 639.0
1 14 20 85.82 0.0915 36.5
1 14 29 196.73 0.0868 581.2
1 14 20 275.52 0.0760 437.6
1 14 40 83.69 0.0802 668.0
1 14 23 53.10 0.1056 273.8
1 14 22 53.44 0.0769 348.9
1 14 20 179.07 0.0904 525.2
1 14 36 116.27 0.0861 193.3
1 14 35 107.38 0.0876 835.1
1 14 36 191.84 0.0615 655.0
1 14 18 75.70 0.1008 519.4
1 14 31 46.13 0.1164 725.7
1 14 20 203.97 0.0637 346.9
1 14 45 172.37 0.0828 723.8
1 14 36 170.69 0.0802 251.9
1 14 26 127.97 0.0910 412.2
1 14 15 719.58 0.1134 717.1
1 14 13 74.60 0.1387 500.1
1 14 37 123.43 0.1034 622.4
1 14 26 142.35 0.0848 71.7
1 14 34 123.11 0.0642 329.3
1 14 35 175.03 0.0729 719.6
1 14 33 221.35 0.0661 885.0
1 14 33 127.15 0.0574 507.2
1 14 35 219.10 0.0501 828.2
1 14 24 1165.52 0.1331 886.7
1 14 30 147.16 0.0612 611.1
1 14 39 204.00 0.0562 806.8
1 14 28 52.23 0.0930 490.8
1 14 40 213.84 0.0824 693.2
1 14 39 211.34 0.0711 622.0
1 14 16 123.07 0.1306 868.2
1 14 17 70.80 0.0608 245.6
1 14 18 221.24 0.0516 389.6
1 14 36 118.96 0.0588 874.1
1 14 22 141.62 0.0618 943.5
1 14 36 71.93 0.1069 487.9
1 14 38 93.88 0.0762 351.1
1 14 30 126.64 0.0935 767.5
1 14 14 184.07 0.0652 924.5
1 14 38 282.62 0.0523 933.5
1 14 34 64.17 0.0963 220.6
1 14 30 53.23 0.0783 147.8
1 14 27 59.56 0.1222 832.5
1 14 27 54.42 0.1026 723.6
1 14 30 86.78 0.0845 527.9
1 14 44 265.24 0.0573 161.7
1 14 22 63.96 0.1099 506.4
1 14 26 60.31 0.1000 172.1
1 14 42 86.56 0.0750 220.2
1 14 29 46.66 0.1191 365.7
1 14 38 270.74 0.0507 581.9
1 14 23 66.81 0.1047 191.6
1 14 30 75.73 0.0962 221.6
1 14 36 146.88 0.0639 337.0
1 14 43 147.33 0.0908 637.5
1 14 33 73.71 0.1008 741.7
1 14 13 64.90 0.0728 217.0
1 14 19 59.35 0.0822 370.9
1 14 36 143.77 0.0703 117.3
1 14 30 61.37 0.0950 466.0
1 14 34 72.16 0.0883 292.8
1 14 38 67.42 0.0879 172.6
1 14 21 108.49 0.0605 720.0
1 14 30 174.55 0.0695 144.0
1 14 24 139.01 0.0377 761.2
1 14 38 87.37 0.0869 478.2
1 14 14 181.97 0.1632 852.6
1 14 34 150.88 0.0802 611.5
1 14 17 73.93 0.0566 283.6
1 14 27 180.51 0.0661 864.4
1 14 41 94.04 0.0876 496.8
1 14 35 103.89 0.0751 599.0
1 14 29 77.79 0.0928 800.2
1 14 24 234.30 0.0588 939.4
1 14 39 145.92 0.0803 249.0
1 14 16 116.61 0.0399 513.6
1 14 26 199.18 0.0487 325.8
1 14 20 94.67 0.0464 494.1
1 14 21 212.25 0.0335 875.7
1 14 38 220.38 0.0714 629.0
1 14 33 62.40 0.0651 149.5
1 14 23 86.87 0.0853 899.5
1 14 35 57.56 0.0921 555.6
1 14 41 303.10 0.0577 854.7
1 14 43 199.77 0.0683 606.3
1 14 17 392.20 0.0517 869.6
1 14 41 249.04 0.0516 632.3
1 14 32 147.41 0.0693 549.9
1 14 37 220.09 0.0816 908.2
1 14 18 90.88 0.0982 710.5
1 14 36 184.43 0.0970 314.3
1 14 36 99.14 0.0859 687.2
1 14 32 137.93 0.0636 494.4
1 14 21 151.00 0.0708 703.5
1 14 40 78.52 0.1175 123.5
1 14 19 95.99 0.1721 528.0
1 14 14 446.88 0.0475 615.9
1 14 13 69.50 0.1140 239.8
1 14 32 48.05 0.1067 896.0
1 14 24 80.14 0.0662 954.5
1 14 22 333.73 0.0737 349.2
1 14 39 63.99 0.1146 736.9
1 14 25 54.66 0.0886 27.4
1 14 25 112.79 0.0660 258.9
1 14 32 180.60 0.0595 615.2
1 14 36 83.94 0.1098 620.9
1 14 33 230.81 0.0453 814.3
1 14 31 74.74 0.1221 759.5
1 14 20 265.94 0.0600 385.9
1 14 28 76.74 0.0835 137.2
1 14 26 104.58 0.0904 413.2
1 14 31 74.21 0.0959 271.4
1 14 17 114.51 0.0551 124.6
1 14 20 312.31 0.0567 377.1
1 14 23 77.66 0.0598 266.0
1 14 15 66.37 0.1573 606.7
1 14 28 170.02 0.0620 572.1
1 14 22 249.79 0.0608 325.4
1 14 16 47.84 0.1219 536.0
1 14 29 104.38 0.0883 837.5
1 14 30 101.06 0.0929 679.4
1 14 21 67.57 0.0747 554.9
1 14 27 122.32 0.0991 652.4
1 14 18 67.43 0.0624 284.6
1 14 17 105.89 0.0455 251.1
1 14 29 118.53 0.0825 803.4
1 14 30 87.42 0.1208 642.4
1 14 28 97.81 0.0947 293.4
1 14 33 99.15 0.0957 740.4
1 14 26 55.94 0.1110 412.5
1 14 36 69.67 0.1132 427.0
1 14 16 54.02 0.1232 643.3
1 14 25 46.53 0.0917 194.8
1 14 24 78.94 0.1015 944.4
1 14 14 91.98 0.0703 651.0
1 14 24 76.76 0.1147 395.5
1 14 27 67.03 0.1614 843.8
1 14 17 103.73 0.0599 699.1
1 14 22 91.60 0.0588 185.2
1 14 16 177.98 0.0504 60.3
1 14 15 47.07 0.0559 570.4
1 14 29 83.39 0.0620 908.9
1 14 19 174.62 0.0845 573.0
1 14 16 109.86 0.0567 525.4
1 14 30 238.16 0.0621 421.9
1 14 15 260.75 0.0464 142.0
1 14 29 142.69 0.0807 466.0
1 14 23 183.75 0.0676 590.6
1 14 16 55.16 0.0284 529.3
1 14 27 182.89 0.0701 845.6
1 14 24 151.76 0.0669 159.8
1 14 20 82.24 0.1250 843.5
1 14 22 213.68 0.1159 692.7
1 14 35 130.16 0.1008 881.3
1 14 16 217.07 0.0795 481.6
1 14 13 72.96 0.0928 518.6
1 14 14 115.26 0.1067 135.6
1 14 20 318.63 0.0776 718.5
1 14 36 96.85 0.0865 908.0
1 14 27 256.94 0.0752 422.0
1 14 35 52.68 0.1195 850.5
1 14 19 54.82 0.0621 801.4
1 14 23 47.29 0.0833 492.1
1 14 13 115.95 0.0341 222.9
1 14 16 51.62 0.1211 675.1
1 14 33 60.14 0.0909 603.4
1 14 36 55.94 0.0999 115.0
1 14 21 330.58 0.0699 403.3
1 14 15 48.61 0.0860 239.2
1 14 16 64.96 0.0841 211.7
1 14 31 55.58 0.1271 750.2
1 14 20 85.80 0.1069 271.9
1 14 25 106.63 0.0616 539.4
1 14 19 49.38 0.0814 246.1
1 14 45 211.07 0.0615 745.0
1 14 15 98.81 0.1157 795.8
1 14 34 154.19 0.0710 892.3
1 14 21 70.67 0.0437 822.6
1 14 22 92.69 0.0877 939.9
1 14 21 71.07 0.0790 572.8
1 14 15 53.42 0.1047 617.6
1 14 17 103.62 0.0499 420.9
1 14 25 73.57 0.1302 646.8
1 14 21 235.43 0.1018 725.5
1 14 26 344.86 0.0985 858.4
1 14 24 121.63 0.0931 489.4
1 14 16 56.11 0.0994 56.9
1 14 38 107.14 0.0836 325.2
1 14 25 157.15 0.0635 154.9
1 14 18 70.10 0.1230 121.0
1 14 14 54.94 0.1204 298.2
1 14 37 118.86 0.0661 485.5
1 14 25 333.34 0.0717 464.2
1 14 17 45.42 0.0471 362.8
1 14 34 143.00 0.0581 898.8
1 14 15 180.79 0.0929 883.2
1 14 19 359.89 0.0829 854.3
1 14 13 141.03 0.0920 503.9
1 14 26 82.45 0.0783 696.5
1 14 14 69.97 0.0746 593.1
1 14 19 79.71 0.0897 213.8
1 14 18 46.73 0.1000 859.9
1 15 39 98.03 0.0793 841.1
1 15 41 423.96 0.0709 526.8
1 15 36 161.13 0.0857 636.6
1 15 30 264.72 0.0548 320.7
1 15 34 134.30 0.0945 645.6
1 15 34 73.16 0.1440 759.6
1 15 33 77.82 0.0934 179.5
1 15 24 211.82 0.0784 444.1
1 15 25 95.24 0.0912 445.6
1 15 27 67.62 0.0836 154.6
1 15 26 59.06 0.0938 927.3
1 15 40 364.21 0.0755 66.7
1 15 25 56.33 0.1155 667.7
1 15 36 403.71 0.0494 598.7
1 15 17 63.33 0.1267 22.0
1 15 18 56.71 0.1175 284.0
1 15 24 79.55 0.0869 597.5
1 15 25 221.63 0.0883 638.1
1 15 26 105.05 0.0652 336.8
1 15 27 60.88 0.0992 852.5
1 15 30 157.99 0.0641 663.0
1 15 40 98.51 0.0971 923.1
1 15 43 144.44 0.0738 233.0
1 15 41 81.85 0.0997 653.1
1 15 31 183.82 0.0552 916.4
1 15 19 54.16 0.1503 916.7
1 15 37 56.27 0.1100 577.0
1 15 32 144.70 0.0811 623.3
1 15 29 262.54 0.1030 350.6
1 15 19 205.85 0.0322 666.2
1 15 21 83.01 0.1030 945.0
1 15 33 50.64 0.1051 29.3
1 15 31 78.34 0.0988 400.0
1 15 26 61.22 0.0794 376.8
1 15 38 92.00 0.0782 815.1
1 15 25 151.38 0.0819 505.6
1 15 24 137.76 0.0952 575.5
1 15 28 160.92 0.0532 454.0
1 15 23 121.27 0.0762 329.1
1 15 30 120.42 0.0921 761.6
1 15 27 428.97 0.1096 475.0
1 15 38 377.98 0.0816 484.5
1 15 34 63.32 0.0996 341.3
1 15 21 219.40 0.0464 45.0
1 15 29 183.62 0.1050 308.7
1 15 21 186.45 0.0794 149.0
1 15 21 179.46 0.0296 686.3
1 15 32 94.04 0.0981 699.0
1 15 34 206.22 0.0712 674.0
1 15 38 244.74 0.0595 908.4
1 15 18 402.54 0.1179 528.5
1 15 26 94.50 0.0834 812.4
1 15 39 62.79 0.0754 707.7
1 15 37 116.48 0.0759 783.7
1 15 31 75.71 0.0839 422.4
1 15 32 96.46 0.0759 588.8
1 15 31 61.13 0.0819 520.9
1 15 18 179.96 0.1160 669.4
1 15 14 73.36 0.1052 267.6
1 15 42 149.83 0.0722 541.4
1 15 25 254.01 0.0969 346.7
1 15 27 84.14 0.1255 329.4
1 15 40 57.91 0.0861 92.7
1 15 28 88.45 0.0812 644.0
1 15 37 125.66 0.0775 476.1
1 15 22 103.68 0.0617 430.1
1 15 38 251.62 0.0643 759.2
1 15 43 130.69 0.0645 262.7
1 15 28 115.62 0.1490 314.7
1 15 28 109.89 0.0714 17.6
1 15 21 45.34 0.1141 297.4
1 15 19 111.59 0.0541 318.5
1 15 29 173.27 0.0624 902.1
1 15 26 141.47 0.1019 178.8
1 15 21 105.48 0.0562 718.7
1 15 39 107.97 0.0797 371.7
1 15 23 115.19 0.0857 460.0
1 15 33 77.71 0.0909 784.8
1 15 28 92.77 0.0751 225.6
1 15 17 53.69 0.0774 281.7
1 15 30 99.26 0.0823 263.5
1 15 20 74.00 0.0545 893.8
1 15 43 108.68 0.0619 571.9
1 15 21 48.55 0.0794 615.7
1 15 36 84.21 0.0789 95.6
1 15 40 209.57 0.0704 487.3
1 15 20 45.27 0.1135 574.0
1 15 29 337.58 0.0702 350.3
1 15 34 368.63 0.0622 483.4
1 15 17 57.84 0.0590 523.6
1 15 17 109.28 0.0423 850.5
1 15 19 643.26 0.1342 429.3
1 15 21 78.02 0.1248 754.7
1 15 29 188.19 0.0564 678.9
1 15 19 63.45 0.0914 882.5
1 15 34 156.23 0.0522 69.5
1 15 16 1255.59 0.0666 402.9
1 15 35 77.34 0.0887 118.9
1 15 38 80.33 0.1052 150.7
1 15 21 63.68 0.1159 554.4
1 15 32 128.37 0.0763 446.8
1 15 31 86.84 0.0677 155.2
1 15 32 107.45 0.0870 913.3
1 15 33 93.61 0.0901 326.9
1 15 24 226.67 0.0440 833.5
1 15 25 80.97 0.0881 868.8
1 15 14 187.54 0.0661 693.3
1 15 24 70.93 0.1082 918.6
1 15 15 179.98 0.1145 345.0
1 15 17 50.33 0.1055 507.1
1 15 39 568.36 0.0542 326.2
1 15 28 166.15 0.0950 407.7
1 15 26 120.56 0.0674 625.2
1 15 22 160.85 0.0603 290.7
1 15 19 79.10 0.1213 583.3
1 15 33 60.32 0.1069 365.0
1 15 25 113.84 0.0896 846.1
1 15 32 142.67 0.0690 602.6
1 15 24 63.85 0.1350 909.9
1 15 17 232.77 0.0633 281.9
1 15 30 152.75 0.0727 231.2
1 15 33 52.38 0.1333 114.5
1 15 32 272.72 0.0993 353.6
1 15 24 187.59 0.0680 477.8
1 15 42 109.72 0.0769 732.0
1 15 30 163.81 0.0744 855.2
1 15 27 116.11 0.0767 919.8
1 15 36 79.08 0.1016 895.6
1 15 16 126.53 0.0600 25.1
1 15 21 69.39 0.1053 54.3
1 15 14 52.25 0.0629 391.3
1 15 17 199.81 0.0584 647.7
1 15 19 97.34 0.0746 427.3
1 15 15 53.27 0.0718 580.0
1 15 34 104.71 0.0787 60.6
1 15 27 85.17 0.1050 918.8
1 15 28 119.45 0.0799 106.5
1 15 31 129.90 0.0823 464.9
1 15 32 72.38 0.0969 701.2
1 15 35 124.57 0.1005 28.3
1 15 34 94.94 0.0581 467.9
1 15 37 83.36 0.0926 129.0
1 15 37 102.70 0.0809 330.6
1 15 36 89.13 0.1065 619.9
1 15 31 90.98 0.0653 859.2
1 15 40 442.70 0.0625 128.3
1 15 27 70.67 0.1231 303.3
1 15 37 65.35 0.1063 443.1
1 15 36 177.27 0.0610 49.1
1 15 39 175.23 0.0779 137.0
1 15 36 80.12 0.0893 277.8
1 15 42 103.96 0.0699 563.3
1 15 32 76.53 0.0807 122.9
1 15 36 50.93 0.0982 126.3
1 15 20 55.16 0.1032 567.6
1 15 29 92.42 0.0880 854.6
1 15 37 107.22 0.0754 483.3
1 15 40 87.86 0.1030 953.5
1 15 36 113.51 0.0872 155.4
1 15 40 235.07 0.0582 506.6
1 15 39 162.03 0.0675 802.5
1 15 29 106.46 0.0667 361.9
1 15 19 127.11 0.0469 672.5
1 15 38 51.04 0.1028 737.1
1 15 26 81.59 0.0618 160.8
1 15 26 104.71 0.0433 302.9
1 15 17 87.02 0.0717 24.8
1 15 35 65.59 0.1001 136.2
1 15 25 52.95 0.1005 524.6
1 15 24 71.63 0.1018 139.4
1 15 21 124.46 0.0839 575.4
1 15 42 84.81 0.0884 804.4
1 15 27 88.99 0.0667 257.2
1 15 43 125.36 0.0861 744.2
1 15 38 149.04 0.0702 591.6
1 15 26 52.47 0.1065 347.8
1 15 29 92.33 0.0790 742.1
1 15 38 103.43 0.0995 558.1
1 15 35 65.88 0.1009 585.5
1 15 34 74.04 0.1208 554.5
1 15 20 57.21 0.0513 716.9
1 15 25 81.34 0.0810 300.2
1 15 25 123.69 0.0651 719.4
1 15 35 127.85 0.0713 135.6
1 15 21 142.55 0.0517 197.4
1 15 30 86.47 0.0785 926.6
1 15 32 143.32 0.0752 329.4
1 15 38 98.99 0.0970 419.4
1 15 23 89.54 0.0948 604.0
1 15 31 49.06 0.1047 650.4
1 15 30 51.35 0.1123 213.8
1 15 18 80.17 0.1015 900.3
1 15 19 51.32 0.1217 438.4
1 15 29 113.75 0.0660 593.5
1 15 32 78.17 0.0975 462.3
1 15 37 73.35 0.1113 898.4
1 15 38 217.06 0.0708 786.7
1 15 41 104.64 0.0675 42.2
1 15 15 143.98 0.0543 572.6
1 15 41 80.22 0.1152 124.9
1 15 40 68.34 0.0946 105.7
1 15 26 54.25 0.1165 272.0
1 15 15 75.39 0.1377 931.0
1 15 26 322.09 0.0732 419.0
1 15 35 161.76 0.0681 932.2
1 15 15 112.56 0.0536 273.4
1 15 30 157.30 0.0650 715.8
1 15 39 64.11 0.1234 889.7
1 15 24 65.30 0.0864 399.0
1 15 33 69.76 0.1260 916.2
1 15 15 102.00 0.0780 888.0
1 15 38 161.75 0.0557 391.6
1 15 26 72.15 0.1072 500.1
1 15 41 65.39 0.1291 543.5
1 15 30 59.21 0.0785 537.3
1 15 34 125.88 0.0795 786.0
1 15 31 83.48 0.0716 462.4
1 15 20 471.48 0.0871 413.4
1 15 40 76.68 0.0906 863.7
1 15 42 168.39 0.0710 779.7
1 15 31 127.90 0.0808 436.4
1 15 38 126.32 0.0676 684.2
1 15 27 591.57 0.0372 208.5
1 15 14 61.68 0.1431 481.1
1 15 38 108.15 0.0767 732.3
1 15 36 57.53 0.0992 285.3
1 15 39 70.07 0.1036 834.9
1 15 34 125.62 0.0880 429.3
1 15 37 203.39 0.0622 461.7
1 15 32 51.41 0.0962 387.7
1 15 42 192.61 0.0601 344.3
1 15 38 102.48 0.0789 397.1
1 15 42 90.22 0.0958 675.8
1 15 43 150.86 0.0882 567.3
1 15 33 217.97 0.0798 808.5
1 15 38 62.00 0.0628 405.7
1 15 35 65.30 0.1071 670.3
1 15 32 71.55 0.0562 725.7
1 15 18 338.44 0.1040 537.8
1 15 26 63.47 0.0825 868.5
1 15 45 314.80 0.0598 519.6
1 15 41 256.42 0.0748 839.6
1 15 30 71.27 0.0918 583.1
1 15 30 52.14 0.1061 419.5
1 15 25 53.47 0.1336 141.1
1 15 37 156.98 0.0519 792.1
1 15 43 183.60 0.0641 136.7
1 15 43 260.76 0.0502 426.5
1 15 20 143.38 0.0879 555.4
1 15 26 141.75 0.0669 893.6
1 15 30 107.81 0.0800 771.4
1 15 35 228.36 0.0438 480.8
1 15 36 63.60 0.0897 611.0
1 15 32 214.88 0.0737 446.8
1 15 34 89.08 0.0981 806.4
1 15 47 109.48 0.0821 729.5
1 15 13 503.07 0.0785 855.8
1 15 34 115.77 0.0760 445.0
1 15 25 134.50 0.0597 877.3
1 15 26 61.01 0.0911 187.3
1 15 28 143.65 0.0591 151.7
1 15 27 64.06 0.1005 567.5
1 15 20 109.70 0.0596 595.6
1 15 26 361.28 0.0773 618.6
1 15 36 101.35 0.0952 146.0
1 15 40 79.09 0.0779 665.4
1 15 42 53.26 0.1014 819.0
1 15 18 114.81 0.0778 693.9
1 15 37 78.36 0.0664 475.9
1 15 21 65.74 0.1137 887.2
1 15 38 87.19 0.1251 163.7
1 15 15 100.95 0.1182 673.0
1 15 39 139.25 0.0643 788.5
1 15 28 127.36 0.0713 35.2
1 15 19 100.33 0.0582 382.9
1 15 28 93.88 0.0845 826.5
1 15 18 76.86 0.0878 12.5
1 15 16 79.70 0.1109 640.5
1 15 14 74.51 0.0531 721.7
1 15 26 68.63 0.0816 346.1
1 15 41 86.80 0.0771 203.0
1 15 32 104.01 0.0754 404.2
1 15 38 207.53 0.0790 469.2
1 15 42 87.85 0.1040 459.0
1 15 38 126.95 0.0599 705.5
1 15 24 114.08 0.0928 834.1
1 15 25 119.63 0.0532 451.6
1 15 36 219.81 0.0512 917.0
1 15 19 153.00 0.0674 919.8
1 15 31 79.91 0.1036 63.2
1 15 42 73.09 0.1264 442.5
1 15 33 121.83 0.0681 594.4
1 15 42 129.94 0.0870 806.2
1 15 21 90.18 0.0912 873.2
1 15 35 86.24 0.1054 89.7
1 15 29 75.30 0.1019 937.4
1 15 30 138.98 0.0834 427.5
1 15 23 80.62 0.0580 364.4
1 15 34 197.94 0.0641 11.4
1 15 22 133.67 0.0929 548.8
1 15 23 247.83 0.0787 825.6
1 15 35 89.84 0.0853 707.2
1 15 16 77.15 0.0256 392.9
1 15 26 112.41 0.1332 94.7
1 15 17 89.76 0.0640 426.5
1 15 16 212.73 0.0699 780.8
1 15 13 157.36 0.1055 610.0
1 15 30 83.38 0.0633 810.9
1 15 32 68.24 0.0918 518.9
1 15 34 189.63 0.0609 520.9
1 15 24 72.62 0.0981 944.8
1 15 27 48.33 0.1159 808.4
1 15 24 89.54 0.0542 14.8
1 15 14 103.83 0.0222 672.5
1 15 19 124.37 0.0850 701.9
1 15 38 85.32 0.0941 455.8
1 15 19 51.56 0.0854 868.7
1 15 15 46.95 0.0883 924.9
1 15 15 70.28 0.0551 454.1
1 15 25 58.40 0.0685 759.0
1 15 16 46.24 0.0668 794.9
1 15 25 119.31 0.0932 301.6
1 15 20 235.41 0.0524 925.3
1 15 21 54.35 0.0927 50.2
1 15 18 51.38 0.0651 255.2
1 15 21 68.84 0.0769 733.4
1 15 28 99.60 0.0757 864.3
1 15 20 78.39 0.0826 464.8
1 15 15 99.88 0.0702 619.0
1 15 28 268.18 0.0733 513.1
1 15 17 67.63 0.0904 593.3
1 15 22 51.67 0.1252 608.2
1 15 16 75.36 0.1025 180.1
1 15 13 62.78 0.0942 423.0
1 15 13 89.50 0.0502 17.7
1 15 15 86.07 0.0987 147.4
1 15 16 79.95 0.0482 215.5
1 15 33 50.59 0.1128 906.8
1 15 14 71.65 0.0581 219.7
1 15 16 124.01 0.0540 418.6
1 15 19 103.75 0.0544 672.9
1 15 23 107.52 0.0956 948.3
1 15 19 200.17 0.0704 831.6
1 15 37 99.49 0.1145 904.6
1 15 38 207.09 0.0750 125.6
1 15 29 117.07 0.0724 646.8
1 15 19 91.07 0.0583 564.2
1 15 31 57.38 0.0889 368.6
1 15 15 49.28 0.0662 588.5
1 15 18 132.50 0.0651 222.6
1 15 34 155.56 0.0742 865.9
1 15 26 78.67 0.1123 772.6
1 15 20 790.08 0.0752 456.6
1 15 17 640.28 0.1299 357.9
1 15 17 91.24 0.0583 384.7
1 15 40 115.77 0.0987 17.5
1 15 29 47.83 0.1279 857.6
1 15 15 82.71 0.0773 584.1
1 15 28 79.03 0.0716 885.7
1 15 15 58.94 0.0886 679.3
1 15 13 73.67 0.1345 617.5
1 15 25 646.20 0.0883 468.2
1 15 22 170.70 0.0642 428.3
1 15 18 115.84 0.0442 381.9
1 15 26 153.19 0.0646 689.5
1 15 15 54.25 0.1276 370.0
1 15 24 46.55 0.1026 418.2
1 15 26 145.05 0.0807 133.2
1 15 38 133.13 0.0710 477.6
1 15 39 80.46 0.0715 763.8
1 15 20 60.10 0.1184 447.0
1 15 25 206.40 0.0848 389.9
1 15 15 105.91 0.0505 864.7
1 15 15 155.77 0.0843 938.8
1 15 30 219.48 0.0575 545.5
1 16 31 116.31 0.0917 376.7
1 16 32 76.10 0.1393 851.0
1 16 24 951.19 0.1080 799.0
1 16 34 169.61 0.0695 817.7
1 16 15 90.38 0.0781 924.2
1 16 14 151.01 0.1161 247.0
1 16 24 94.37 0.0834 176.8
1 16 32 290.95 0.0750 155.1
1 16 13 49.42 0.0972 387.3
1 16 27 76.29 0.1195 310.0
1 16 30 182.05 0.0675 730.5
1 16 20 88.06 0.0737 424.4
1 16 40 64.59 0.0850 380.6
1 16 22 58.04 0.0646 493.1
1 16 18 62.63 0.1008 666.4
1 16 45 89.56 0.0881 409.1
1 16 35 114.24 0.0944 200.9
1 16 41 104.70 0.0528 351.9
1 16 34 167.14 0.0754 619.1
1 16 35 46.83 0.0990 854.6
1 16 31 78.30 0.1063 536.9
1 16 39 95.23 0.0633 662.4
1 16 35 64.58 0.0775 217.5
1 16 35 180.92 0.0569 913.6
1 16 38 104.04 0.0612 206.5
1 16 27 147.86 0.0616 784.6
1 16 14 553.55 0.1520 379.3
1 16 33 94.87 0.0890 226.1
1 16 35 137.39 0.0626 799.4
1 16 37 80.88 0.1012 796.0
1 16 25 106.55 0.0723 607.3
1 16 35 112.43 0.0713 844.8
1 16 18 281.29 0.0951 761.9
1 16 26 63.90 0.1072 303.8
1 16 26 60.03 0.0930 821.2
1 16 29 47.88 0.1519 417.1
1 16 19 274.26 0.0579 940.4
1 16 25 355.54 0.1075 797.5
1 16 23 263.16 0.0799 718.5
1 16 27 98.35 0.0556 924.6
1 16 33 133.23 0.0808 257.3
1 16 24 186.68 0.0927 47.4
1 16 20 77.26 0.1054 756.7
1 16 33 110.08 0.0901 905.7
1 16 26 167.97 0.0657 698.3
1 16 32 138.25 0.0800 57.7
1 16 34 105.21 0.0774 161.9
1 16 36 104.97 0.0920 173.3
1 16 30 84.17 0.0875 186.4
1 16 18 102.84 0.0472 664.9
1 16 21 76.13 0.0665 928.8
1 16 27 112.60 0.1039 935.5
1 16 31 69.36 0.0869 80.5
1 16 15 102.00 0.1087 495.4
1 16 15 67.23 0.0394 516.3
1 16 17 59.55 0.1126 102.0
1 16 30 181.16 0.0485 106.0
1 16 26 107.73 0.0752 469.5
1 16 38 103.35 0.0632 869.0
1 16 32 167.86 0.0898 874.2
1 16 26 148.71 0.0858 621.0
1 16 23 94.82 0.0981 480.0
1 16 22 119.18 0.0496 344.4
1 16 31 154.43 0.1004 296.0
1 16 38 134.33 0.0807 114.8
1 16 26 148.01 0.0773 777.1
1 16 27 100.81 0.0718 43.2
1 16 19 211.77 0.0586 497.9
1 16 39 217.24 0.0607 545.3
1 16 24 56.41 0.0973 485.1
1 16 30 130.06 0.0484 637.0
1 16 23 212.50 0.0750 919.5
1 16 37 205.46 0.0655 693.7
1 16 33 107.08 0.0950 825.4
1 16 25 50.22 0.0939 909.3
1 16 26 130.43 0.0407 459.4
1 16 15 259.80 0.0752 378.3
1 16 18 84.62 0.0369 592.9
1 16 17 114.53 0.0784 844.2
1 16 36 80.64 0.0840 933.8
1 16 19 70.26 0.0491 311.8
1 16 20 190.94 0.0349 644.8
1 16 15 102.00 0.0649 277.0
1 16 28 101.52 0.0914 91.3
1 16 31 66.87 0.0773 874.8
1 16 32 198.87 0.0724 908.4
1 16 24 50.69 0.1150 260.6
1 16 22 178.35 0.0660 944.6
1 16 20 95.25 0.0623 90.2
1 16 14 307.96 0.0744 856.1
1 16 42 105.10 0.0842 369.7
1 16 26 83.63 0.0527 724.9
1 16 26 85.84 0.0677 16.0
1 16 28 247.36 0.0483 433.6
1 16 33 62.28 0.1001 792.3
1 16 33 91.16 0.0974 385.8
1 16 29 74.96 0.0652 20.1
1 16 40 138.37 0.0738 827.4
1 16 30 91.99 0.0869 692.9
1 16 16 57.09 0.0516 25.8
1 16 31 164.33 0.1101 391.7
1 16 33 101.46 0.0790 373.2
1 16 17 46.84 0.0772 858.8
1 16 38 135.19 0.1015 778.4
1 16 17 235.63 0.0540 275.6
1 16 36 139.99 0.0852 835.5
1 16 30 127.57 0.0736 269.2
1 16 23 206.12 0.0699 482.4
1 16 17 98.22 0.0455 411.7
1 16 40 127.88 0.0747 787.0
1 16 31 102.49 0.0527 725.5
1 16 31 325.75 0.0729 99.3
1 16 37 167.38 0.0688 555.4
1 16 34 95.49 0.1038 40.5
1 16 39 121.14 0.0846 467.3
1 16 28 51.10 0.1213 924.8
1 16 15 87.19 0.0458 67.2
1 16 38 156.17 0.0910 805.4
1 16 35 126.47 0.0857 354.3
1 16 25 81.30 0.0756 820.9
1 16 40 66.53 0.1088 759.8
1 16 21 129.77 0.0982 245.5
1 16 37 93.03 0.0944 418.0
1 16 36 159.89 0.0863 808.7
1 16 31 113.37 0.0874 99.4
1 16 22 116.21 0.1282 235.6
1 16 22 159.50 0.0598 798.8
1 16 24 62.32 0.1220 786.5
1 16 31 212.23 0.0632 107.9
1 16 31 133.37 0.0753 127.1
1 16 28 82.42 0.1031 45.4
1 16 31 123.69 0.0600 226.6
1 16 34 87.93 0.1354 889.0
1 16 36 97.70 0.0838 39.6
1 16 26 228.49 0.0575 808.9
1 16 27 118.44 0.0408 293.3
1 16 14 190.34 0.0929 214.7
1 16 26 110.77 0.0891 689.8
1 16 33 172.75 0.0983 168.4
1 16 34 207.19 0.0609 863.1
1 16 16 71.13 0.0405 657.5
1 16 18 221.62 0.1056 834.3
1 16 26 73.29 0.0933 343.1
1 16 36 115.71 0.0679 848.4
1 16 42 82.38 0.0673 846.6
1 16 42 165.53 0.0656 165.8
1 16 43 56.19 0.1324 857.0
1 16 33 77.50 0.0919 629.4
1 16 41 66.03 0.1055 620.9
1 16 31 113.71 0.0546 613.0
1 16 25 61.17 0.1355 678.5
1 16 18 91.12 0.0462 455.7
1 16 20 53.42 0.1448 334.1
1 16 35 116.94 0.0730 120.0
1 16 31 63.97 0.1206 807.5
1 16 16 86.30 0.0813 927.9
1 16 23 122.24 0.0936 26.1
1 16 24 267.89 0.0413 753.3
1 16 43 220.06 0.0489 259.3
1 16 25 383.60 0.0575 33.1
1 16 18 47.65 0.1308 414.9
1 16 34 73.80 0.0917 408.7
1 16 14 124.12 0.0971 951.8
1 16 40 70.79 0.1125 98.0
1 16 40 50.72 0.1110 465.5
1 16 43 254.19 0.0561 775.0
1 16 15 45.76 0.1205 695.5
1 16 34 56.31 0.1072 723.3
1 16 22 76.79 0.0626 602.1
1 16 19 137.70 0.0590 922.0
1 16 32 140.76 0.0620 664.2
1 16 33 48.56 0.1123 10.6
1 16 38 190.80 0.0687 391.5
1 16 29 193.94 0.0539 683.5
1 16 44 166.73 0.0541 724.2
1 16 31 158.96 0.0653 309.3
1 16 36 77.46 0.0864 798.3
1 16 17 87.84 0.1172 587.7
1 16 37 167.19 0.0817 834.5
1 16 20 55.76 0.1400 377.0
1 16 35 74.90 0.0845 634.0
1 16 25 106.64 0.0633 771.7
1 16 39 102.07 0.0961 481.6
1 16 18 339.59 0.0835 829.0
1 16 29 224.37 0.0553 809.8
1 16 27 55.42 0.0770 271.6
1 16 31 71.53 0.1129 631.2
1 16 19 64.88 0.0928 879.9
1 16 35 226.32 0.0709 862.4
1 16 21 102.17 0.0923 641.1
1 16 33 128.81 0.0593 67.1
1 16 30 83.71 0.0790 460.7
1 16 37 132.32 0.0683 933.8
1 16 20 127.32 0.0663 455.0
1 16 27 91.04 0.0713 831.2
1 16 30 47.46 0.1060 125.0
1 16 18 56.16 0.0937 842.0
1 16 21 55.07 0.1255 671.4
1 16 42 72.16 0.0922 586.7
1 16 33 65.27 0.0883 459.4
1 16 31 126.00 0.0431 646.6
1 16 23 141.06 0.0821 815.2
1 16 25 50.74 0.1347 321.0
1 16 36 320.38 0.0698 738.4
1 16 43 190.71 0.0713 633.0
1 16 33 120.28 0.0862 494.3
1 16 35 176.21 0.0815 912.3
1 16 39 76.85 0.1034 688.6
1 16 33 103.23 0.0874 268.5
1 16 37 117.85 0.0640 882.0
1 16 42 139.27 0.0748 779.6
1 16 29 76.63 0.1071 694.7
1 16 36 49.42 0.1330 572.7
1 16 20 77.96 0.0579 25.0
1 16 16 63.27 0.1116 691.4
1 16 34 101.39 0.1030 947.2
1 16 25 68.63 0.0946 17.9
1 16 43 51.92 0.0926 767.3
1 16 22 49.51 0.1237 939.3
1 16 39 572.27 0.0438 908.1
1 16 33 142.78 0.1039 7.0
1 16 35 106.80 0.0747 491.4
1 16 39 75.85 0.0966 476.7
1 16 39 49.24 0.1032 482.6
1 16 21 52.81 0.0606 743.4
1 16 17 45.31 0.1282 385.7
1 16 29 60.26 0.1133 333.6
1 16 41 230.88 0.0734 735.5
1 16 38 121.57 0.0775 878.3
1 16 19 45.48 0.1158 921.0
1 16 42 123.02 0.0853 159.7
1 16 17 114.05 0.0627 786.8
1 16 38 92.25 0.0800 609.6
1 16 28 52.17 0.1211 851.7
1 16 32 47.70 0.1099 313.3
1 16 36 144.19 0.0729 742.3
1 16 13 285.78 0.1191 938.3
1 16 19 87.68 0.1082 517.0
1 16 34 86.99 0.0958 912.4
1 16 34 91.11 0.1037 544.6
1 16 23 79.91 0.1289 937.8
1 16 24 57.11 0.0948 743.7
1 16 19 88.19 0.1047 486.5
1 16 29 63.63 0.1093 806.5
1 16 22 207.32 0.0548 316.1
1 16 21 74.92 0.0701 883.5
1 16 35 358.79 0.0767 765.5
1 16 28 139.19 0.0805 816.2
1 16 31 53.40 0.1003 136.3
1 16 37 97.57 0.0891 153.9
1 16 33 67.50 0.0955 739.4
1 16 16 54.26 0.1122 632.3
1 16 31 289.74 0.0556 793.9
1 16 25 225.14 0.0464 867.9
1 16 33 71.14 0.0530 502.5
1 16 37 89.72 0.0951 270.5
1 16 14 325.49 0.1323 735.9
1 16 30 163.05 0.0952 162.0
1 16 19 67.23 0.1029 27.4
1 16 38 169.17 0.0734 778.5
1 16 15 100.53 0.0694 474.6
1 16 30 317.21 0.0735 880.4
1 16 33 65.01 0.1045 761.6
1 16 24 73.19 0.0632 401.5
1 16 32 96.47 0.0600 161.8
1 16 31 186.48 0.0673 929.6
1 16 31 375.33 0.0843 261.0
1 16 29 101.07 0.0776 831.9
1 16 30 181.04 0.0489 915.8
1 16 40 79.81 0.0830 771.6
1 16 32 69.70 0.1087 732.0
1 16 21 200.73 0.0421 496.8
1 16 41 81.84 0.0684 334.2
1 16 20 200.88 0.0520 300.1
1 16 30 284.45 0.0554 227.0
1 16 35 144.15 0.0730 644.7
1 16 28 213.32 0.1095 933.6
1 16 26 94.22 0.0596 295.4
1 16 36 67.53 0.0984 931.9
1 16 22 173.39 0.1143 39.0
1 16 24 105.77 0.1026 797.4
1 16 32 55.20 0.0734 229.5
1 16 30 135.46 0.0896 370.6
1 16 26 64.70 0.0897 852.6
1 16 34 122.59 0.0651 830.2
1 16 24 270.86 0.0706 434.0
1 16 16 241.23 0.0632 307.1
1 16 39 124.26 0.0832 442.5
1 16 32 174.30 0.0744 680.1
1 16 20 161.07 0.0519 453.1
1 16 29 118.85 0.0776 32.4
1 16 32 70.99 0.1040 897.9
1 16 36 87.28 0.0867 746.0
1 16 31 213.47 0.0790 25.2
1 16 18 117.96 0.1115 3.1
1 16 29 164.30 0.0651 25.2
1 16 23 70.64 0.1356 112.6
1 16 15 390.58 0.0896 830.5
1 16 30 81.71 0.0778 164.3
1 16 34 85.63 0.1021 835.8
1 16 19 89.66 0.0318 607.9
1 16 31 125.16 0.0700 860.0
1 16 26 162.91 0.0499 675.2
1 16 34 52.11 0.1299 384.5
1 16 18 229.79 0.0889 939.0
1 16 34 403.02 0.0951 768.9
1 16 17 62.49 0.0871 768.5
1 16 20 304.21 0.0501 840.2
1 16 22 53.65 0.0995 591.4
1 16 26 165.36 0.0653 246.1
1 16 18 101.78 0.0323 619.7
1 16 16 49.82 0.1447 476.0
1 16 40 117.14 0.0778 558.7
1 16 33 45.15 0.1285 190.1
1 16 34 56.47 0.1072 306.1
1 16 27 49.88 0.1191 670.6
1 16 32 70.32 0.0808 138.6
1 16 15 88.30 0.0729 67.5
1 16 20 56.80 0.0842 879.7
1 16 37 221.61 0.1070 758.0
1 16 31 119.60 0.0781 123.8
1 16 15 58.51 0.0598 207.1
1 16 13 368.96 0.1158 610.5
1 16 22 87.73 0.0740 383.8
1 16 15 67.87 0.0882 479.1
1 16 28 110.98 0.1111 625.3
1 16 17 180.06 0.0486 592.9
1 16 13 77.06 0.0801 937.9
1 16 22 58.10 0.1119 806.2
1 16 13 60.81 0.0251 677.7
1 16 15 97.03 0.1079 786.8
1 16 19 236.60 0.0580 819.7
1 16 20 85.21 0.1055 49.2
1 16 42 59.88 0.0727 112.5
1 16 14 256.23 0.0694 221.2
1 16 37 223.96 0.0725 618.0
1 16 23 103.86 0.0703 19.1
1 16 14 58.68 0.0549 936.4
1 16 22 56.68 0.0742 239.2
1 16 36 132.70 0.0792 383.3
1 16 28 92.01 0.1018 40.6
1 16 27 96.22 0.0744 713.5
1 16 27 129.53 0.0661 671.4
1 16 14 242.00 0.1198 420.2
1 16 37 120.69 0.0565 278.0
1 16 18 54.75 0.0933 410.3
1 16 20 60.77 0.1072 272.6
1 16 21 48.44 0.0893 437.1
1 16 27 88.78 0.0811 235.6
1 16 31 68.45 0.1264 834.7
1 16 24 417.85 0.0912 772.0
1 16 13 68.82 0.1408 757.7
1 16 37 118.97 0.0567 391.7
1 16 24 232.38 0.0852 834.0
1 16 32 167.07 0.0940 416.8
1 16 27 114.34 0.0613 894.3
1 16 35 245.40 0.0668 359.2
1 16 19 58.90 0.0660 942.4
1 16 21 61.77 0.0900 532.8
1 16 26 165.43 0.0668 28.5
1 16 30 156.08 0.0556 880.2
1 16 36 128.67 0.0658 849.6
1 16 28 83.47 0.0919 323.2
1 16 27 315.23 0.0790 818.1
1 17 14 674.38 0.1291 219.7
1 17 18 48.51 0.1070 240.9
1 17 39 126.37 0.0798 591.4
1 17 25 139.97 0.0616 124.7
1 17 15 90.72 0.0670 508.5
1 17 35 156.73 0.0847 589.3
1 17 34 81.72 0.1025 137.3
1 17 36 162.85 0.1069 154.7
1 17 18 77.19 0.0808 298.8
1 17 25 59.79 0.1256 62.3
1 17 29 99.88 0.0839 532.7
1 17 34 74.60 0.0946 577.2
1 17 31 92.15 0.0908 730.7
1 17 39 96.09 0.0761 146.8
1 17 21 157.64 0.0579 369.1
1 17 25 238.50 0.0516 550.9
1 17 31 170.36 0.0692 718.8
1 17 34 123.31 0.0743 805.5
1 17 28 116.33 0.0847 875.2
1 17 24 101.62 0.0530 174.5
1 17 37 110.20 0.0796 72.5
1 17 36 188.80 0.0766 617.2
1 17 29 329.83 0.0546 127.9
1 17 33 108.82 0.0878 727.0
1 17 26 93.70 0.0874 884.0
1 17 28 103.29 0.0628 123.1
1 17 26 140.04 0.0722 934.0
1 17 24 53.41 0.0798 74.0
1 17 34 111.83 0.0825 779.5
1 17 19 81.39 0.0417 844.5
1 17 31 96.04 0.0656 183.4
1 17 28 140.36 0.0703 25.9
1 17 34 110.33 0.0684 787.3
1 17 16 45.15 0.0981 502.2
1 17 30 69.38 0.0688 332.4
1 17 28 133.62 0.0536 60.5
1 17 31 82.39 0.1012 216.0
1 17 25 148.24 0.0849 124.6
1 17 40 150.22 0.0849 471.4
1 17 24 49.93 0.1182 155.0
1 17 35 175.54 0.0707 763.7
1 17 17 100.53 0.0454 279.8
1 17 35 267.07 0.0498 99.8
1 17 30 75.69 0.0857 627.8
1 17 22 67.70 0.0949 789.0
1 17 26 167.30 0.0522 535.3
1 17 44 142.90 0.0674 260.1
1 17 13 46.58 0.0348 498.1
1 17 30 46.88 0.1173 795.2
1 17 19 60.75 0.0594 46.4
1 17 19 239.93 0.0783 173.5
1 17 29 158.06 0.0562 530.0
1 17 20 49.65 0.1102 556.8
1 17 31 102.38 0.0690 560.1
1 17 17 59.26 0.0758 157.4
1 17 15 160.19 0.0992 738.5
1 17 29 161.95 0.0720 708.9
1 17 40 155.91 0.0797 203.4
1 17 27 63.04 0.1141 519.4
1 17 35 134.65 0.0757 73.6
1 17 29 71.13 0.1221 717.9
1 17 18 72.68 0.1191 69.4
1 17 24 102.56 0.0698 16.4
1 17 18 459.14 0.0402 539.0
1 17 29 52.39 0.1070 523.6
1 17 23 85.38 0.0832 781.1
1 17 39 79.93 0.0903 841.2
1 17 39 352.93 0.1005 500.9
1 17 23 164.61 0.0733 544.2
1 17 41 76.15 0.0943 871.3
1 17 18 113.55 0.1036 857.0
1 17 17 103.16 0.1117 704.0
1 17 43 811.10 0.0724 767.1
1 17 25 111.31 0.0624 640.1
1 17 38 60.62 0.1112 720.4
1 17 17 77.50 0.0841 8.4
1 17 32 94.86 0.0837 612.3
1 17 21 46.14 0.0614 72.7
1 17 22 138.38 0.0709 927.0
1 17 21 222.56 0.1003 584.4
1 17 34 61.62 0.1408 681.6
1 17 24 123.54 0.0557 417.2
1 17 23 56.93 0.0702 56.2
1 17 33 48.59 0.1255 121.5
1 17 30 96.78 0.0975 552.3
1 17 31 78.45 0.0690 341.1
1 17 24 53.81 0.0780 325.2
1 17 16 59.13 0.0367 610.2
1 17 30 56.08 0.1206 759.3
1 17 23 48.04 0.1196 627.5
1 17 29 59.13 0.1003 37.4
1 17 43 110.52 0.1111 230.3
1 17 21 123.71 0.0774 45.8
1 17 17 297.57 0.0589 614.6
1 17 42 122.70 0.0618 201.8
1 17 27 64.29 0.1058 123.2
1 17 33 107.76 0.0880 623.8
1 17 21 81.91 0.0459 580.9
1 17 24 54.62 0.1294 860.7
1 17 27 151.53 0.0730 47.9
1 17 16 63.27 0.0496 649.5
1 17 14 52.71 0.0914 519.9
1 17 22 47.16 0.0510 694.4
1 17 39 97.32 0.0940 764.6
1 17 26 55.45 0.1065 858.4
1 17 37 80.41 0.0837 428.9
1 17 29 66.20 0.1204 697.5
1 17 31 65.67 0.1046 542.1
1 17 32 69.95 0.0902 97.1
1 17 21 158.16 0.0646 45.4
1 17 14 90.23 0.0660 222.1
1 17 40 271.75 0.0925 175.1
1 17 32 154.67 0.1011 920.5
1 17 20 251.50 0.0524 43.8
1 17 32 75.74 0.0992 764.0
1 17 43 103.47 0.1125 230.5
1 17 34 72.93 0.0740 196.1
1 17 24 46.89 0.1232 190.5
1 17 21 89.42 0.0693 584.6
1 17 32 68.76 0.1113 635.6
1 17 39 95.22 0.0685 95.5
1 17 17 49.02 0.0378 364.1
1 17 19 61.66 0.0617 32.4
1 17 17 199.56 0.0487 522.0
1 17 32 124.16 0.0992 127.1
1 17 38 80.99 0.0961 854.4
1 17 14 66.34 0.1613 837.8
1 17 27 151.46 0.0633 623.3
1 17 33 201.64 0.0810 806.4
1 17 27 79.98 0.0985 800.0
1 17 22 129.99 0.0793 905.1
1 17 37 127.32 0.0824 159.7
1 17 38 172.92 0.0605 608.4
1 17 38 73.58 0.0919 693.7
1 17 37 65.97 0.0951 570.6
1 17 41 94.78 0.0768 814.7
1 17 16 187.35 0.0646 697.0
1 17 38 121.59 0.0895 653.6
1 17 17 50.32 0.0769 7.4
1 17 36 99.53 0.0832 699.9
1 17 21 76.95 0.1234 161.0
1 17 16 202.66 0.0572 538.7
1 17 43 389.01 0.0574 681.0
1 17 43 176.84 0.0673 130.3
1 17 20 49.76 0.0544 794.0
1 17 34 103.26 0.0745 665.7
1 17 31 96.82 0.0669 116.5
1 17 43 88.33 0.0881 870.6
1 17 31 187.95 0.0911 17.1
1 17 27 85.84 0.0799 243.6
1 17 27 81.49 0.0763 514.0
1 17 37 79.86 0.0955 653.7
1 17 33 92.71 0.0850 703.2
1 17 34 46.51 0.0972 673.4
1 17 40 471.70 0.0641 234.3
1 17 30 123.30 0.0615 413.1
1 17 26 57.41 0.1165 471.7
1 17 37 71.21 0.1158 605.3
1 17 34 95.90 0.0873 536.7
1 17 21 70.47 0.0822 544.4
1 17 30 46.48 0.0916 613.5
1 17 22 110.39 0.0490 723.4
1 17 39 108.63 0.0896 724.0
1 17 37 46.29 0.1080 717.6
1 17 32 90.23 0.0856 868.6
1 17 27 276.16 0.0463 528.5
1 17 38 105.37 0.0823 676.4
1 17 34 51.01 0.1057 108.6
1 17 43 221.53 0.0590 181.5
1 17 35 108.86 0.0813 873.1
1 17 34 77.16 0.1025 871.5
1 17 33 227.65 0.0514 107.6
1 17 22 63.79 0.0948 559.0
1 17 22 60.78 0.1008 25.0
1 17 18 49.28 0.0796 58.4
1 17 38 88.89 0.0875 609.0
1 17 41 239.18 0.0690 825.1
1 17 43 218.37 0.0586 775.0
1 17 33 61.18 0.1257 790.9
1 17 17 47.99 0.1164 550.5
1 17 36 46.80 0.1077 188.0
1 17 36 141.71 0.0766 794.0
1 17 32 50.13 0.1315 737.6
1 17 39 99.79 0.0942 233.9
1 17 32 92.85 0.0856 710.6
1 17 38 97.55 0.0977 793.9
1 17 40 77.84 0.0835 817.0
1 17 13 48.53 0.0947 737.0
1 17 37 125.49 0.1034 82.6
1 17 35 89.75 0.0826 656.8
1 17 39 148.85 0.0695 415.3
1 17 35 75.61 0.1060 401.0
1 17 41 72.04 0.0948 78.6
1 17 27 97.89 0.0619 722.5
1 17 38 103.04 0.0629 593.4
1 17 37 110.92 0.0906 765.4
1 17 42 139.74 0.0931 675.3
1 17 25 266.44 0.0803 560.0
1 17 34 62.82 0.0967 82.5
1 17 20 60.77 0.0933 148.5
1 17 23 150.30 0.0696 502.3
1 17 13 115.82 0.0772 608.3
1 17 19 274.45 0.0788 281.3
1 17 19 54.17 0.0875 41.5
1 17 25 236.02 0.0867 364.3
1 17 21 61.60 0.0837 669.4
1 17 32 61.93 0.1180 645.3
1 17 36 111.91 0.0730 607.4
1 17 37 191.19 0.0635 533.7
1 17 36 147.07 0.0557 727.3
1 17 29 109.91 0.0801 698.3
1 17 24 70.16 0.0654 553.1
1 17 38 124.80 0.0858 422.3
1 17 37 110.92 0.0653 648.9
1 17 41 71.91 0.1056 885.0
1 17 29 224.33 0.0500 710.5
1 17 30 57.07 0.1370 525.9
1 17 29 335.52 0.0599 159.9
1 17 42 185.46 0.0713 55.4
1 17 21 72.60 0.0501 264.1
1 17 40 146.75 0.0897 704.8
1 17 36 138.58 0.0766 869.6
1 17 23 102.43 0.0725 23.6
1 17 35 104.52 0.0909 130.2
1 17 22 68.88 0.1207 654.2
1 17 33 75.33 0.1031 737.0
1 17 18 247.76 0.0528 706.0
1 17 21 87.52 0.1271 55.6
1 17 33 75.98 0.0976 892.7
1 17 21 62.09 0.0751 653.2
1 17 31 84.59 0.0948 718.0
1 17 37 216.80 0.0634 649.3
1 17 28 258.75 0.0717 632.4
1 17 41 123.97 0.0696 865.3
1 17 42 103.38 0.0952 714.0
1 17 41 63.97 0.1018 667.3
1 17 40 151.58 0.0801 671.8
1 17 17 194.75 0.0579 48.9
1 17 27 182.54 0.0651 821.6
1 17 31 214.02 0.0483 387.1
1 17 37 46.52 0.1242 463.8
1 17 40 48.94 0.1186 243.5
1 17 40 124.66 0.0691 711.6
1 17 39 75.64 0.0753 167.4
1 17 25 73.00 0.0765 608.6
1 17 29 108.43 0.1070 103.5
1 17 14 263.19 0.1074 157.9
1 17 24 151.02 0.0709 774.8
1 17 32 133.44 0.0571 47.5
1 17 43 315.44 0.0762 640.1
1 17 35 115.34 0.0900 435.4
1 17 37 111.04 0.0758 317.6
1 17 41 105.60 0.0937 130.2
1 17 22 58.58 0.0806 850.0
1 17 19 105.16 0.0344 759.9
1 17 22 57.79 0.1167 639.9
1 17 44 90.55 0.0725 592.6
1 17 28 178.73 0.0539 715.4
1 17 32 127.46 0.0465 822.4
1 17 26 141.42 0.1113 695.8
1 17 22 46.19 0.0797 586.2
1 17 34 146.97 0.0703 134.5
1 17 25 183.06 0.0458 519.7
1 17 34 152.68 0.0690 556.3
1 17 29 120.47 0.0779 872.6
1 17 41 55.88 0.1088 882.8
1 17 36 82.04 0.0802 828.2
1 17 17 55.08 0.1388 733.8
1 17 14 117.91 0.0644 70.8
1 17 22 80.82 0.1066 72.3
1 17 35 191.30 0.0725 653.1
1 17 14 373.93 0.1102 27.0
1 17 33 473.34 0.0501 166.4
1 17 35 73.88 0.0929 887.8
1 17 35 87.75 0.1020 108.4
1 17 30 158.30 0.0715 215.5
1 17 36 208.36 0.0406 731.9
1 17 38 88.61 0.0941 786.9
1 17 20 62.05 0.0739 587.2
1 17 39 79.77 0.0951 458.2
1 17 34 84.13 0.1011 870.1
1 17 29 231.53 0.1285 738.9
1 17 36 112.58 0.0767 95.0
1 17 36 160.75 0.0747 47.4
1 17 33 139.18 0.0726 835.4
1 17 25 335.17 0.0537 57.4
1 17 30 510.30 0.0509 629.4
1 17 15 114.66 0.0620 13.9
1 17 31 62.97 0.0745 205.7
1 17 18 68.21 0.1239 926.2
1 17 26 61.29 0.1135 114.0
1 17 29 107.29 0.1149 764.0
1 17 25 78.35 0.1159 547.6
1 17 24 133.93 0.0925 130.0
1 17 21 160.87 0.1200 124.1
1 17 24 138.09 0.0764 199.7
1 17 19 46.71 0.0957 46.0
1 17 22 47.87 0.1356 231.4
1 17 16 83.80 0.0662 636.6
1 17 29 84.04 0.0837 599.5
1 17 15 103.24 0.0823 135.5
1 17 18 53.69 0.1123 701.3
1 17 13 138.46 0.0427 810.2
1 17 22 65.08 0.1154 864.4
1 17 38 61.70 0.0899 627.3
1 17 24 119.08 0.0526 706.3
1 17 20 48.76 0.0574 551.3
1 17 24 111.44 0.1133 683.0
1 17 29 180.96 0.0737 594.5
1 17 23 49.90 0.0917 640.0
1 17 16 83.86 0.0579 804.6
1 17 16 46.09 0.0826 129.9
1 17 16 73.24 0.1394 510.6
1 17 16 114.96 0.0790 244.0
1 17 15 47.60 0.1045 688.4
1 17 17 50.86 0.0820 92.8
1 17 17 46.45 0.0648 27.1
1 17 16 159.48 0.0488 490.9
1 17 16 72.36 0.0627 173.3
1 17 13 107.87 0.0914 579.0
1 17 17 84.97 0.0866 868.0
1 17 22 62.85 0.0790 54.5
1 17 14 77.74 0.0690 587.9
1 17 13 52.08 0.1077 519.8
1 17 19 182.62 0.0976 686.8
1 17 28 393.75 0.0677 183.3
1 17 30 69.47 0.1080 654.0
1 17 28 62.48 0.1154 417.4
1 17 16 46.86 0.0873 702.2
1 17 17 162.76 0.0559 694.4
1 17 14 54.07 0.1124 581.3
1 17 18 89.43 0.0958 700.9
1 17 14 231.16 0.0630 740.5
1 17 19 63.72 0.0903 54.6
1 17 15 424.63 0.0909 114.6
1 17 17 76.21 0.0931 631.7
1 17 30 55.10 0.0591 686.7
1 17 15 48.17 0.1035 224.4
1 17 31 59.05 0.1059 39.6
1 17 20 402.27 0.0840 683.8
1 17 15 162.93 0.0629 527.3
1 17 23 46.17 0.0774 37.5
1 17 17 55.88 0.0882 78.8
1 17 32 60.10 0.0992 230.5
1 17 21 47.29 0.0692 662.9
1 17 16 118.68 0.0629 62.0
1 17 18 65.43 0.0616 366.4
1 18 23 113.68 0.0673 669.3
1 18 24 152.46 0.0925 270.3
1 18 16 117.08 0.0643 522.0
1 18 37 149.51 0.0915 253.6
1 18 32 70.68 0.1124 499.6
1 18 30 82.79 0.1093 551.8
1 18 31 74.65 0.1147 607.4
1 18 16 306.04 0.0436 242.6
1 18 27 71.35 0.0710 16.7
1 18 28 187.05 0.0722 287.9
1 18 20 96.41 0.0719 816.7
1 18 32 101.82 0.0680 641.9
1 18 31 137.20 0.0960 862.3
1 18 30 63.97 0.1048 613.3
1 18 21 85.23 0.0959 460.1
1 18 26 265.33 0.0975 917.9
1 18 30 109.83 0.1093 625.5
1 18 18 53.71 0.0850 149.7
1 18 17 52.82 0.1098 67.6
1 18 30 261.49 0.0561 337.4
1 18 35 79.03 0.1179 555.5
1 18 30 91.55 0.1251 460.4
1 18 25 56.12 0.1591 456.4
1 18 39 152.90 0.0593 594.0
1 18 29 115.38 0.1050 731.9
1 18 22 93.19 0.1006 792.7
1 18 37 162.30 0.0567 620.3
1 18 25 223.91 0.0491 161.7
1 18 34 100.74 0.1058 657.2
1 18 24 98.81 0.0578 804.3
1 18 40 217.01 0.0707 852.8
1 18 25 301.78 0.1256 552.7
1 18 31 143.11 0.0759 12.2
1 18 30 49.17 0.1107 367.9
1 18 34 219.32 0.0590 318.7
1 18 28 92.09 0.0693 389.0
1 18 13 140.46 0.1204 620.1
1 18 36 71.70 0.1190 152.3
1 18 25 98.53 0.0787 652.4
1 18 30 62.04 0.0669 589.5
1 18 25 53.81 0.1120 403.7
1 18 27 105.08 0.0752 929.5
1 18 32 125.66 0.0835 709.6
1 18 19 46.61 0.0746 809.0
1 18 44 104.37 0.0741 815.6
1 18 35 80.76 0.0850 801.1
1 18 23 179.06 0.0776 892.8
1 18 34 54.46 0.1131 826.8
1 18 18 574.02 0.1545 478.7
1 18 25 94.66 0.1227 221.1
1 18 26 93.41 0.0536 187.0
1 18 28 236.17 0.0742 353.9
1 18 45 228.12 0.0689 786.9
1 18 17 92.01 0.0552 241.5
1 18 21 122.64 0.0875 727.4
1 18 26 74.86 0.0724 918.9
1 18 30 62.27 0.0808 622.6
1 18 39 128.34 0.0977 331.9
1 18 40 200.13 0.0632 714.7
1 18 41 109.76 0.0797 697.0
1 18 27 49.74 0.1175 98.6
1 18 37 304.27 0.0694 206.8
1 18 19 73.32 0.0781 561.3
1 18 38 91.94 0.0613 727.9
1 18 29 63.86 0.0853 842.0
1 18 22 125.53 0.0533 673.7
1 18 29 78.58 0.0735 412.9
1 18 14 66.05 0.1202 232.8
1 18 35 60.03 0.1129 539.1
1 18 22 190.93 0.0715 338.1
1 18 25 203.94 0.0438 438.6
1 18 38 70.05 0.0825 209.8
1 18 37 186.50 0.0593 736.8
1 18 33 368.56 0.0570 439.0
1 18 39 100.64 0.1318 472.6
1 18 38 116.78 0.0741 842.4
1 18 32 152.34 0.0846 185.8
1 18 39 52.41 0.1027 376.6
1 18 38 122.20 0.0682 763.7
1 18 16 83.78 0.1185 237.1
1 18 36 221.57 0.0640 858.2
1 18 24 140.21 0.0547 510.6
1 18 17 114.93 0.0718 636.6
1 18 26 199.41 0.0598 455.5
1 18 30 105.39 0.0555 295.3
1 18 28 80.66 0.0830 687.4
1 18 26 127.64 0.0869 120.3
1 18 23 727.79 0.0784 442.8
1 18 37 58.38 0.0713 504.6
1 18 29 247.94 0.0517 513.8
1 18 41 50.96 0.1303 848.6
1 18 39 103.48 0.0710 411.7
1 18 36 63.36 0.0941 398.7
1 18 31 72.50 0.1128 907.3
1 18 15 74.96 0.0486 373.0
1 18 39 78.27 0.1071 550.3
1 18 28 84.30 0.0564 424.2
1 18 27 131.55 0.0596 256.4
1 18 20 98.36 0.0850 262.0
1 18 17 68.70 0.1200 492.1
1 18 16 79.22 0.0776 478.8
1 18 26 120.60 0.0884 919.7
1 18 18 137.84 0.0623 357.0
1 18 13 88.13 0.0643 306.0
1 18 40 217.04 0.0917 818.6
1 18 16 60.08 0.0842 160.0
1 18 27 108.50 0.0771 472.4
1 18 41 182.98 0.0728 687.0
1 18 20 84.77 0.0780 243.4
1 18 16 207.02 0.0933 741.4
1 18 21 84.51 0.0966 736.4
1 18 35 178.36 0.0732 465.9
1 18 40 208.61 0.0939 794.4
1 18 42 62.59 0.0782 175.0
1 18 32 97.82 0.1021 911.6
1 18 22 171.92 0.0569 674.0
1 18 38 71.26 0.0984 389.4
1 18 30 171.51 0.0738 266.0
1 18 23 71.96 0.0821 726.6
1 18 27 93.65 0.0756 941.1
1 18 34 237.88 0.0634 337.5
1 18 27 63.23 0.1221 476.3
1 18 25 160.07 0.1087 713.5
1 18 22 47.54 0.1237 381.3
1 18 33 52.14 0.1247 653.1
1 18 35 161.86 0.0648 475.4
1 18 24 91.05 0.0966 757.5
1 18 18 109.45 0.1100 825.6
1 18 17 97.76 0.0478 574.1
1 18 21 54.18 0.1044 919.0
1 18 42 291.25 0.0848 536.0
1 18 37 141.26 0.0623 633.3
1 18 26 57.53 0.1419 916.6
1 18 29 134.70 0.0617 300.4
1 18 40 49.77 0.1052 832.7
1 18 27 108.48 0.0931 520.5
1 18 32 57.26 0.1144 365.4
1 18 37 108.23 0.0637 317.3
1 18 29 59.09 0.1045 56.0
1 18 28 82.17 0.0866 502.3
1 18 37 228.76 0.0443 837.8
1 18 41 293.51 0.0585 402.6
1 18 35 104.57 0.0992 404.3
1 18 41 159.76 0.0600 627.2
1 18 30 47.53 0.1196 120.8
1 18 39 110.59 0.0748 521.6
1 18 33 163.92 0.0864 122.7
1 18 22 51.89 0.0683 473.0
1 18 27 161.77 0.0725 772.4
1 18 34 58.34 0.1158 622.2
1 18 27 185.33 0.0931 687.6
1 18 38 72.43 0.0929 837.6
1 18 18 59.56 0.0714 323.6
1 18 44 89.36 0.0652 369.1
1 18 20 75.64 0.0322 509.6
1 18 45 173.78 0.0789 268.7
1 18 13 47.24 0.1307 839.0
1 18 14 85.03 0.0943 714.2
1 18 34 123.50 0.1010 201.0
1 18 36 74.44 0.0941 555.3
1 18 37 135.06 0.0897 223.6
1 18 34 94.87 0.0780 160.0
1 18 38 159.54 0.0665 528.8
1 18 41 188.85 0.0448 489.7
1 18 41 415.87 0.0518 413.9
1 18 30 45.01 0.1108 893.6
1 18 30 535.78 0.0677 238.9
1 18 26 132.57 0.0615 528.1
1 18 34 76.27 0.0780 445.1
1 18 42 149.35 0.0584 871.9
1 18 32 116.55 0.0736 606.8
1 18 15 73.66 0.0490 725.7
1 18 43 138.97 0.0954 563.2
1 18 39 139.67 0.0658 514.2
1 18 26 95.39 0.0864 699.0
1 18 39 70.26 0.0803 905.8
1 18 31 167.55 0.0530 342.0
1 18 39 171.40 0.0818 525.7
1 18 37 61.55 0.1135 388.0
1 18 37 303.24 0.0709 674.3
1 18 37 155.63 0.0756 515.9
1 18 26 54.53 0.1237 567.2
1 18 39 124.99 0.0556 637.6
1 18 37 335.03 0.0423 627.5
1 18 34 372.64 0.0387 105.4
1 18 18 98.55 0.1278 437.8
1 18 44 250.05 0.0578 348.8
1 18 20 56.47 0.1133 478.0
1 18 19 118.40 0.0627 901.1
1 18 41 162.43 0.0868 532.6
1 18 42 261.86 0.0654 777.5
1 18 37 72.03 0.1132 467.2
1 18 37 116.26 0.0912 360.4
1 18 24 67.68 0.1092 444.5
1 18 27 113.83 0.0928 840.7
1 18 39 195.45 0.0715 912.4
1 18 18 525.48 0.0972 656.2
1 18 25 69.40 0.0973 734.6
1 18 15 56.06 0.1001 585.5
1 18 37 140.03 0.0751 548.0
1 18 31 107.68 0.0729 449.4
1 18 28 45.61 0.1281 387.1
1 18 37 300.24 0.0751 571.3
1 18 38 67.54 0.1108 407.3
1 18 36 104.70 0.0786 713.5
1 18 39 48.61 0.1250 951.6
1 18 41 47.29 0.1284 502.7
1 18 32 48.46 0.0746 287.3
1 18 38 119.62 0.0648 906.2
1 18 39 192.52 0.0661 515.7
1 18 37 106.99 0.0560 188.5
1 18 43 173.56 0.0675 214.4
1 18 35 182.56 0.0667 862.0
1 18 16 103.76 0.0660 319.9
1 18 34 107.17 0.0905 317.9
1 18 41 214.14 0.0654 399.8
1 18 38 123.91 0.0865 467.8
1 18 27 47.53 0.1194 623.9
1 18 28 134.02 0.0403 258.5
1 18 17 45.27 0.1159 711.4
1 18 40 129.17 0.0505 453.9
1 18 33 160.53 0.0712 668.1
1 18 22 94.75 0.0440 400.3
1 18 27 123.86 0.0688 597.1
1 18 41 68.08 0.0832 623.7
1 18 16 104.50 0.1297 646.1
1 18 19 45.17 0.1196 177.3
1 18 38 137.32 0.0713 469.0
1 18 44 77.94 0.0885 74.2
1 18 43 156.54 0.0776 541.0
1 18 22 137.78 0.0756 395.8
1 18 25 65.12 0.1001 504.7
1 18 33 108.65 0.0799 465.6
1 18 34 118.93 0.0700 386.9
1 18 35 444.68 0.0616 754.7
1 18 22 75.38 0.0851 261.0
1 18 21 193.25 0.0737 567.4
1 18 35 141.27 0.1033 772.0
1 18 35 138.66 0.0646 223.7
1 18 32 52.72 0.1121 201.5
1 18 30 123.99 0.0972 416.8
1 18 28 58.60 0.0904 568.4
1 18 39 359.99 0.0791 662.7
1 18 36 219.97 0.0660 163.6
1 18 24 201.71 0.0867 441.8
1 18 41 121.88 0.0860 292.1
1 18 33 82.74 0.0796 491.5
1 18 40 163.45 0.0801 838.1
1 18 28 135.03 0.0688 382.5
1 18 35 153.83 0.0713 583.6
1 18 41 103.96 0.0782 855.9
1 18 31 145.74 0.0657 284.5
1 18 33 76.99 0.0930 458.2
1 18 32 207.59 0.0614 454.6
1 18 37 212.49 0.0669 632.1
1 18 36 126.56 0.0883 386.8
1 18 29 531.43 0.0664 77.6
1 18 20 90.68 0.0776 930.2
1 18 41 97.55 0.0732 691.9
1 18 20 852.30 0.1006 615.8
1 18 33 115.26 0.0649 906.5
1 18 35 87.47 0.0944 173.6
1 18 24 374.47 0.0454 75.3
1 18 29 266.78 0.0687 667.7
1 18 18 51.85 0.0868 491.4
1 18 24 100.43 0.0591 759.9
1 18 33 236.91 0.0631 484.7
1 18 29 113.01 0.1127 575.6
1 18 28 224.23 0.0618 789.4
1 18 40 117.25 0.0768 687.0
1 18 35 109.19 0.0636 235.0
1 18 24 75.00 0.0815 413.1
1 18 24 131.67 0.0372 243.8
1 18 39 194.33 0.0450 465.2
1 18 15 94.71 0.1554 535.0
1 18 40 322.97 0.0637 770.1
1 18 37 332.57 0.0532 642.0
1 18 29 68.94 0.1339 337.2
1 18 38 79.43 0.0753 506.6
1 18 40 103.54 0.0788 546.6
1 18 26 240.13 0.0557 627.4
1 18 18 390.13 0.1235 849.3
1 18 36 87.76 0.0862 866.8
1 18 34 432.84 0.0450 429.5
1 18 22 155.67 0.0645 82.4
1 18 22 55.08 0.1172 203.3
1 18 31 96.12 0.0845 879.8
1 18 35 79.91 0.0729 434.9
1 18 24 65.21 0.0493 616.0
1 18 36 81.72 0.0911 276.5
1 18 30 110.76 0.0807 190.6
1 18 41 109.39 0.0720 814.7
1 18 35 201.36 0.0590 88.4
1 18 13 455.14 0.0870 353.5
1 18 19 106.52 0.1281 670.3
1 18 37 91.08 0.0868 828.5
1 18 28 106.19 0.0834 383.9
1 18 41 93.45 0.0691 199.6
1 18 40 133.46 0.0601 524.5
1 18 42 101.51 0.0770 488.3
1 18 29 505.86 0.0637 600.2
1 18 20 103.08 0.0634 274.5
1 18 27 142.72 0.0608 559.7
1 18 21 100.80 0.0842 572.0
1 18 42 127.21 0.0631 476.8
1 18 26 137.05 0.0484 905.6
1 18 25 92.37 0.0705 873.5
1 18 22 112.40 0.0613 859.5
1 18 27 52.79 0.0898 470.2
1 18 33 97.23 0.0789 421.8
1 18 21 169.93 0.0501 672.8
1 18 20 121.63 0.0813 177.0
1 18 33 87.86 0.0670 138.8
1 18 24 235.49 0.0932 524.9
1 18 13 105.65 0.0551 700.4
1 18 30 374.22 0.0857 711.4
1 18 29 100.35 0.0596 374.8
1 18 26 50.39 0.1241 541.7
1 18 18 93.99 0.0507 650.7
1 18 36 83.05 0.0861 554.6
1 18 26 105.21 0.0836 809.9
1 18 28 104.41 0.0711 531.4
1 18 40 102.54 0.0970 262.4
1 18 26 250.11 0.0668 427.7
1 18 17 167.05 0.0582 348.8
1 18 26 104.50 0.0640 245.6
1 18 30 72.27 0.0996 478.1
1 18 30 129.19 0.0564 724.8
1 18 18 51.47 0.0554 771.5
1 18 29 108.16 0.0862 657.0
1 18 34 103.67 0.0826 828.2
1 18 27 73.04 0.1031 431.0
1 18 40 71.52 0.0963 925.2
1 18 43 75.66 0.0797 424.8
1 18 39 147.19 0.0667 410.4
1 18 33 83.29 0.0948 514.3
1 18 37 189.32 0.0739 802.8
1 18 36 64.98 0.1217 546.7
1 18 24 93.84 0.0745 927.9
1 18 36 114.39 0.0837 93.6
1 18 35 94.80 0.0838 610.5
1 18 30 562.73 0.0391 717.8
1 18 39 60.35 0.1086 836.3
1 18 16 70.89 0.0735 637.3
1 18 35 155.57 0.0721 362.9
1 18 19 196.98 0.0895 40.4
1 18 17 107.83 0.0657 357.1
1 18 17 54.41 0.0572 136.3
1 18 31 267.95 0.0727 498.1
1 18 30 124.64 0.0647 397.8
1 18 17 67.88 0.0536 458.8
1 18 23 213.87 0.0658 806.8
1 18 31 387.28 0.0667 542.2
1 18 31 54.89 0.1072 730.5
1 18 18 195.54 0.0873 240.8
1 18 22 82.18 0.1149 365.7
1 18 21 170.77 0.0992 582.0
1 18 17 54.76 0.0713 420.2
1 18 27 161.54 0.0829 435.2
1 18 29 156.45 0.0844 847.4
1 18 34 198.01 0.0791 613.3
1 18 32 139.70 0.0876 603.4
1 18 22 198.03 0.1048 248.0
1 18 24 63.08 0.1562 543.0
1 18 26 102.14 0.1009 719.4
1 18 13 95.99 0.1289 542.4
1 18 20 190.28 0.0499 33.2
1 18 26 134.40 0.0857 356.9
1 18 15 82.72 0.1543 481.6
1 18 29 47.96 0.1477 406.6
1 18 20 76.29 0.0729 811.9
1 18 23 158.44 0.0629 639.5
1 18 17 140.29 0.0329 380.8
1 18 23 114.67 0.0365 758.2
1 18 28 64.49 0.0984 525.4
1 18 14 57.84 0.1271 233.5
1 18 14 75.11 0.0334 288.4
1 18 13 108.60 0.1125 245.0
1 18 39 340.29 0.0684 712.2
1 18 28 105.43 0.1038 695.6
1 18 42 211.29 0.0721 42.4
1 18 31 92.58 0.0734 484.8
1 18 21 58.26 0.0642 87.5
1 18 16 98.49 0.0587 439.8
1 18 26 303.75 0.0515 79.4
1 18 22 120.30 0.0922 184.0
1 18 14 65.56 0.1188 527.4
1 18 21 171.96 0.0610 456.6
1 18 16 92.98 0.0618 129.6
1 18 22 260.26 0.0425 683.6
1 18 13 140.72 0.0977 714.9
1 18 22 56.54 0.0824 676.9
1 18 22 46.95 0.0739 659.2
1 18 29 48.85 0.1382 314.2
1 18 19 111.02 0.0893 669.6
1 18 15 60.98 0.1298 64.7
1 18 14 73.73 0.0579 726.8
1 18 15 87.08 0.0980 727.0
1 18 19 184.85 0.0509 278.4
1 18 13 77.09 0.0910 375.4
1 18 22 267.50 0.0619 935.4
1 18 17 61.34 0.1109 720.0
1 18 32 105.49 0.0887 397.6
1 18 30 51.99 0.1173 823.9
1 18 35 88.92 0.0794 874.5
1 18 14 109.50 0.0712 774.2
1 18 26 97.27 0.0852 527.3
1 18 23 49.31 0.0806 910.0
1 18 30 49.17 0.1425 450.0
1 18 26 181.95 0.0811 199.8
1 18 33 96.65 0.0901 230.8
1 18 22 106.45 0.0740 699.0
1 18 16 417.27 0.0542 415.3
1 18 26 56.50 0.1035 287.9
1 18 16 100.18 0.0824 41.6
1 18 23 77.17 0.0478 576.3
1 18 33 111.72 0.0954 234.7
1 18 13 193.39 0.0652 753.5
1 18 37 60.94 0.1028 680.8
1 18 18 54.25 0.0758 402.4
1 18 39 57.44 0.1074 595.5
1 18 45 56.08 0.1089 718.7
1 18 22 67.46 0.0685 688.4
1 18 27 52.22 0.1263 451.8
1 18 19 63.07 0.1023 372.3
1 18 20 417.14 0.1064 229.1
1 18 37 192.60 0.0685 389.6
1 18 24 267.09 0.0768 129.5
1 18 25 112.76 0.0648 580.9
1 18 26 102.13 0.1178 706.3
1 18 16 57.84 0.1014 650.1
1 18 28 71.18 0.0806 865.3
1 18 35 88.03 0.0944 589.6
1 18 16 47.09 0.1307 176.1
1 18 15 81.88 0.0840 902.2
1 18 26 87.41 0.1278 208.6
1 18 25 52.69 0.0683 812.8
1 18 31 72.20 0.0939 860.5
1 18 32 157.73 0.0898 590.5
1 18 21 101.83 0.1258 182.8
1 18 37 216.24 0.0703 474.2
1 18 21 182.63 0.0909 212.5
1 18 17 57.51 0.1328 727.3
1 18 31 69.16 0.0954 849.0
1 18 23 51.97 0.0782 414.3
1 18 33 74.94 0.1023 840.8
1 18 14 124.48 0.1114 638.5
1 18 21 49.44 0.1386 286.2
1 18 32 120.05 0.0704 716.8
1 18 29 100.40 0.1071 727.3
1 18 24 54.04 0.0902 712.5
1 18 21 168.04 0.0339 120.7
1 18 19 227.71 0.0706 832.1
1 18 30 174.60 0.0643 181.6
1 18 27 52.76 0.1014 201.5
1 18 25 97.98 0.0985 913.1
1 18 15 721.56 0.0355 43.9
1 18 25 48.70 0.0841 618.2
1 18 33 141.84 0.0715 252.0
1 18 16 135.74 0.0670 38.0
1 18 22 85.19 0.0786 298.2
1 18 20 56.45 0.0574 745.3
1 18 36 113.65 0.0818 302.1
1 18 17 552.92 0.0390 79.8
1 18 14 118.26 0.0599 732.4
1 18 17 130.74 0.0701 630.6
1 18 15 72.35 0.1086 838.3
1 18 20 45.79 0.1186 463.4
1 18 24 147.06 0.0868 548.4
1 18 29 81.49 0.0811 392.5
1 18 17 88.94 0.0640 702.6
1 19 33 112.23 0.0740 457.0
1 19 30 177.60 0.0829 583.5
1 19 30 97.63 0.0833 782.7
1 19 29 106.55 0.1041 426.4
1 19 31 347.78 0.0768 903.7
1 19 39 128.66 0.0730 875.3
1 19 24 293.76 0.0575 126.0
1 19 38 84.51 0.1046 655.0
1 19 32 107.25 0.0904 482.1
1 19 37 84.75 0.0839 301.3
1 19 34 99.10 0.0976 155.8
1 19 32 81.40 0.0809 625.8
1 19 35 94.15 0.0888 322.3
1 19 30 363.12 0.0703 578.9
1 19 25 129.41 0.0613 582.8
1 19 32 77.94 0.0914 776.9
1 19 36 181.36 0.0511 791.5
1 19 27 128.92 0.0628 289.3
1 19 28 608.43 0.1197 368.0
1 19 13 78.59 0.1153 309.8
1 19 27 53.04 0.1303 232.6
1 19 32 229.63 0.0458 490.2
1 19 24 106.60 0.0674 580.5
1 19 27 184.13 0.0712 803.6
1 19 40 48.23 0.0958 507.8
1 19 43 132.52 0.0648 469.6
1 19 42 114.85 0.0816 700.7
1 19 32 159.34 0.0833 665.4
1 19 37 120.84 0.0791 307.3
1 19 33 160.02 0.0609 599.5
1 19 39 82.21 0.0662 228.5
1 19 42 173.79 0.0843 690.1
1 19 26 68.01 0.0788 687.8
1 19 32 88.31 0.0971 874.3
1 19 21 129.29 0.0533 55.7
1 19 40 100.25 0.0700 538.9
1 19 31 67.06 0.0611 718.9
1 19 25 84.95 0.0622 728.0
1 19 29 56.00 0.1076 349.6
1 19 35 100.65 0.0833 323.5
1 19 24 136.84 0.0542 368.2
1 19 43 247.36 0.0859 333.8
1 19 20 135.82 0.0562 47.7
1 19 19 67.91 0.0614 604.0
1 19 30 54.08 0.1217 787.5
1 19 34 69.49 0.0800 323.5
1 19 21 50.71 0.1189 627.0
1 19 15 98.37 0.0619 68.6
1 19 23 390.63 0.0372 408.9
1 19 14 48.00 0.1143 592.4
1 19 32 144.49 0.0707 580.4
1 19 33 87.91 0.0855 362.4
1 19 34 53.92 0.1218 446.8
1 19 32 64.20 0.0959 145.7
1 19 39 86.33 0.0814 910.5
1 19 25 448.43 0.0802 334.3
1 19 36 50.77 0.1165 229.7
1 19 15 85.57 0.0616 140.8
1 19 18 77.38 0.0841 307.9
1 19 30 121.08 0.0666 257.4
1 19 31 49.39 0.0879 156.1
1 19 31 262.69 0.0613 244.1
1 19 32 242.33 0.0468 271.4
1 19 33 152.52 0.0848 300.0
1 19 26 159.95 0.0525 671.8
1 19 40 51.23 0.1208 172.5
1 19 26 59.35 0.1218 340.0
1 19 38 73.85 0.0875 630.4
1 19 20 330.33 0.0818 368.6
1 19 23 81.02 0.0753 508.5
1 19 19 111.04 0.0653 356.7
1 19 17 50.54 0.0993 575.3
1 19 16 124.05 0.0645 761.4
1 19 39 119.06 0.0602 183.0
1 19 36 102.06 0.0867 697.6
1 19 30 109.40 0.0592 296.8
1 19 17 69.82 0.0857 816.2
1 19 16 250.79 0.0521 101.9
1 19 31 52.94 0.0752 701.6
1 19 35 235.41 0.0815 432.4
1 19 20 194.19 0.0845 377.5
1 19 37 112.08 0.0909 329.9
1 19 40 54.08 0.1438 239.5
1 19 32 45.17 0.1242 576.5
1 19 16 54.45 0.0600 277.8
1 19 20 92.40 0.0679 184.8
1 19 22 78.18 0.0847 2.6
1 19 23 323.79 0.0421 308.0
1 19 36 48.85 0.1294 858.0
1 19 25 83.49 0.0762 119.0
1 19 27 95.70 0.0741 242.0
1 19 32 137.63 0.0685 467.3
1 19 34 130.17 0.0975 580.7
1 19 37 77.53 0.1079 893.0
1 19 33 90.01 0.1112 561.8
1 19 22 106.43 0.0740 423.4
1 19 25 72.78 0.1029 766.0
1 19 33 66.97 0.0969 397.7
1 19 40 105.60 0.0659 202.5
1 19 18 86.80 0.0400 658.1
1 19 34 78.86 0.1125 842.3
1 19 37 131.90 0.0830 442.5
1 19 24 71.74 0.0858 271.0
1 19 36 168.00 0.0690 591.5
1 19 42 63.08 0.1079 343.4
1 19 32 277.44 0.0538 744.5
1 19 37 202.57 0.0660 562.5
1 19 34 67.30 0.1209 526.0
1 19 30 137.64 0.0771 269.0
1 19 16 76.93 0.0728 277.5
1 19 15 173.66 0.0881 325.2
1 19 17 47.62 0.0798 346.6
1 19 21 120.66 0.0596 106.5
1 19 25 131.54 0.0824 529.5
1 19 35 52.69 0.1197 808.5
1 19 31 208.22 0.0581 565.1
1 19 36 119.26 0.0827 300.3
1 19 19 57.87 0.0946 336.7
1 19 32 96.17 0.0960 735.9
1 19 28 61.88 0.0931 740.2
1 19 39 378.33 0.0566 484.4
1 19 31 275.48 0.0478 134.5
1 19 43 156.83 0.0797 454.9
1 19 20 51.51 0.0566 727.6
1 19 17 97.96 0.0528 721.8
1 19 33 51.37 0.0947 518.0
1 19 19 99.74 0.0860 534.4
1 19 42 287.77 0.0785 500.1
1 19 36 63.53 0.0808 727.9
1 19 29 136.60 0.1348 678.7
1 19 26 96.23 0.0468 429.0
1 19 40 120.98 0.0660 690.2
1 19 36 76.36 0.1071 620.2
1 19 35 62.27 0.0943 641.1
1 19 40 135.22 0.0541 811.0
1 19 43 69.05 0.1046 873.0
1 19 38 47.54 0.1271 245.6
1 19 40 78.88 0.1039 575.8
1 19 29 123.13 0.0911 654.0
1 19 27 84.77 0.0517 430.6
1 19 27 92.83 0.0653 796.7
1 19 24 183.91 0.0618 412.9
1 19 40 85.22 0.0937 911.4
1 19 14 182.41 0.0503 486.6
1 19 15 109.06 0.0643 950.0
1 19 39 175.22 0.0713 681.1
1 19 27 174.45 0.0655 23.1
1 19 25 226.06 0.0618 9.8
1 19 24 62.60 0.1166 806.5
1 19 25 87.33 0.0614 200.4
1 19 15 143.54 0.1222 325.8
1 19 32 59.03 0.1044 499.7
1 19 15 75.16 0.0803 620.4
1 19 36 131.26 0.0532 442.0
1 19 41 106.34 0.0805 279.5
1 19 42 57.70 0.1065 419.8
1 19 32 73.66 0.0681 798.1
1 19 34 266.24 0.0662 518.7
1 19 19 102.11 0.0635 244.5
1 19 41 109.23 0.0796 566.0
1 19 39 108.66 0.0765 513.6
1 19 17 104.27 0.0566 272.8
1 19 35 208.03 0.0541 690.3
1 19 33 99.02 0.1059 566.4
1 19 15 68.03 0.1391 723.6
1 19 16 158.18 0.0734 608.9
1 19 19 60.01 0.0513 324.3
1 19 29 45.39 0.0926 437.0
1 19 36 96.47 0.0740 559.2
1 19 22 57.54 0.1032 620.6
1 19 21 51.97 0.1128 597.4
1 19 32 55.64 0.0729 389.4
1 19 34 53.55 0.1316 225.1
1 19 24 69.13 0.1117 585.5
1 19 36 125.30 0.0967 466.0
1 19 22 157.06 0.0938 293.6
1 19 15 91.08 0.1046 625.2
1 19 37 124.63 0.0736 411.9
1 19 29 293.20 0.0720 585.0
1 19 19 201.92 0.1007 453.0
1 19 42 118.80 0.0710 632.8
1 19 38 100.78 0.0770 609.3
1 19 33 87.05 0.0864 436.8
1 19 24 77.94 0.0718 71.0
1 19 31 68.48 0.0718 344.7
1 19 29 69.27 0.1164 434.1
1 19 25 68.75 0.0951 590.0
1 19 26 64.33 0.1087 598.2
1 19 34 93.01 0.0566 460.3
1 19 23 147.61 0.0644 120.2
1 19 25 66.76 0.1012 509.7
1 19 16 72.05 0.0552 720.6
1 19 21 111.47 0.0834 293.5
1 19 38 212.18 0.0456 749.4
1 19 23 54.89 0.0971 529.3
1 19 18 226.09 0.0641 816.2
1 19 40 198.96 0.0553 404.9
1 19 34 50.86 0.1179 308.5
1 19 43 308.25 0.0717 631.7
1 19 40 68.65 0.0741 449.7
1 19 32 255.98 0.0680 401.0
1 19 32 124.44 0.0862 241.8
1 19 36 152.17 0.0596 665.9
1 19 31 141.09 0.0521 603.6
1 19 39 88.24 0.0823 397.0
1 19 35 115.23 0.0859 634.7
1 19 36 81.15 0.0970 291.4
1 19 37 107.22 0.0695 777.2
1 19 36 75.69 0.0802 354.0
1 19 39 387.16 0.0759 487.7
1 19 34 77.44 0.0824 670.8
1 19 43 143.22 0.0871 255.7
1 19 20 45.72 0.1337 415.4
1 19 36 271.28 0.0692 657.8
1 19 33 423.23 0.0827 398.5
1 19 18 59.09 0.1512 172.5
1 19 20 103.23 0.0409 208.4
1 19 18 83.93 0.0875 111.6
1 19 27 85.50 0.0802 114.7
1 19 18 174.92 0.1246 107.6
1 19 32 54.06 0.1088 186.4
1 19 34 141.05 0.0823 698.2
1 19 43 193.02 0.0792 814.5
1 19 29 55.16 0.0886 230.7
1 19 27 74.46 0.0895 671.0
1 19 34 70.20 0.0870 300.5
1 19 28 52.71 0.0941 401.4
1 19 24 68.21 0.0902 132.0
1 19 34 92.53 0.0654 316.5
1 19 29 55.73 0.0676 504.0
1 19 18 108.34 0.0575 81.7
1 19 31 165.88 0.0805 892.3
1 19 24 114.82 0.1005 803.0
1 19 29 139.34 0.0839 733.6
1 19 18 74.82 0.0906 118.7
1 19 21 107.13 0.0661 376.0
1 19 24 301.62 0.0536 120.1
1 19 41 99.04 0.0603 895.5
1 19 14 60.35 0.0507 542.3
1 19 35 227.01 0.0760 128.1
1 19 21 250.47 0.0629 810.9
1 19 17 100.54 0.1086 564.5
1 19 23 94.16 0.1179 784.9
1 19 30 111.73 0.0840 780.4
1 19 33 103.65 0.0762 555.2
1 19 30 135.52 0.0976 504.6
1 19 45 89.46 0.0634 452.2
1 19 21 75.15 0.0771 246.4
1 19 28 132.42 0.0988 434.0
1 19 26 176.75 0.0573 354.3
1 19 24 173.63 0.0418 511.5
1 19 17 118.68 0.0990 542.5
1 19 19 129.63 0.0501 903.4
1 19 23 53.46 0.0991 523.3
1 19 37 85.37 0.0766 604.2
1 19 16 65.81 0.0931 543.4
1 19 16 46.05 0.1279 428.0
1 19 42 77.77 0.0964 562.0
1 19 29 122.57 0.0608 419.4
1 19 24 220.03 0.0667 390.7
1 19 38 65.76 0.0806 279.6
1 19 32 104.36 0.0817 484.2
1 19 27 51.65 0.1216 364.1
1 19 42 55.96 0.1000 750.6
1 19 31 93.54 0.0615 502.9
1 19 28 48.73 0.1013 497.1
1 19 13 116.15 0.1450 372.4
1 19 36 109.64 0.0894 374.4
1 19 38 69.79 0.0767 608.7
1 19 31 126.87 0.1271 404.5
1 19 35 50.98 0.1257 390.9
1 19 19 81.55 0.1812 522.5
1 19 39 132.39 0.0753 312.6
1 19 19 122.21 0.0484 281.8
1 19 17 429.37 0.0419 646.5
1 19 17 133.23 0.0516 589.6
1 19 35 288.82 0.0682 394.5
1 19 38 72.58 0.0743 78.0
1 19 20 126.55 0.0613 265.3
1 19 32 292.11 0.0591 324.1
1 19 16 130.31 0.0533 188.7
1 19 20 161.02 0.0457 515.0
1 19 18 107.31 0.0392 583.9
1 19 20 117.58 0.0839 605.1
1 19 27 78.02 0.1159 550.5
1 19 30 137.65 0.0759 903.4
1 19 18 109.70 0.0928 751.0
1 19 16 108.79 0.1056 761.6
1 19 22 93.83 0.0979 157.5
1 19 17 121.52 0.1136 337.0
1 19 22 108.97 0.0855 194.6
1 19 26 74.14 0.1381 521.6
1 19 37 209.74 0.0761 414.7
1 19 18 92.89 0.0580 643.6
1 19 15 106.64 0.0538 605.2
1 19 28 61.15 0.0983 558.2
1 19 18 101.98 0.1066 427.6
1 19 23 63.00 0.1108 623.1
1 19 17 57.02 0.0908 218.0
1 19 18 87.54 0.0790 393.2
1 19 22 265.86 0.0490 549.6
1 19 31 147.38 0.0798 789.2
1 19 25 92.32 0.0986 736.2
1 19 19 102.87 0.1335 515.9
1 19 18 179.81 0.0799 354.7
1 19 14 88.65 0.0421 759.4
1 19 13 244.78 0.0909 356.8
1 19 13 758.64 0.0431 348.0
1 19 26 223.43 0.0614 512.4
1 19 16 61.66 0.0972 682.6
1 19 15 240.87 0.0454 245.9
1 19 17 89.08 0.0753 932.5
1 19 19 67.26 0.0916 808.7
1 19 14 52.20 0.1076 96.6
1 19 16 48.93 0.0358 392.3
1 19 14 92.49 0.1355 164.3
1 19 15 76.23 0.0690 44.7
1 19 16 117.67 0.0357 156.3
1 19 13 53.07 0.0469 729.7
1 19 15 408.67 0.0596 220.8
1 19 23 53.85 0.1424 86.4
1 19 16 45.16 0.1140 451.0
1 19 14 65.05 0.0567 118.6
1 19 29 74.86 0.0982 440.6
1 19 15 65.54 0.0487 17.3
1 19 23 159.83 0.0342 715.7
1 19 27 242.17 0.0806 233.8
1 19 17 64.51 0.0825 508.1
1 19 15 193.49 0.0969 87.0
1 19 29 140.29 0.0703 357.8
1 19 37 70.83 0.0851 773.0
1 19 15 81.87 0.1356 218.9
1 19 16 139.89 0.0580 944.6
1 19 25 105.15 0.0609 397.2
1 19 24 187.13 0.0494 225.9
1 19 14 643.29 0.0665 498.0
1 19 18 73.29 0.0720 486.2
1 19 23 68.97 0.0842 553.4
1 19 14 439.31 0.0499 181.1
1 19 17 74.75 0.0919 927.6
1 19 22 185.05 0.1301 301.8
1 19 15 324.36 0.0914 207.0
1 19 16 119.07 0.1034 192.8
1 20 28 51.58 0.1322 14.2
1 20 27 146.29 0.0829 500.4
1 20 31 234.62 0.0647 208.9
1 20 34 101.92 0.0819 382.7
1 20 40 141.99 0.0882 622.4
1 20 40 410.76 0.0584 636.5
1 20 29 60.94 0.0738 252.2
1 20 42 116.74 0.0871 390.1
1 20 33 104.31 0.0743 334.4
1 20 34 68.52 0.0811 250.1
1 20 27 187.52 0.0568 60.9
1 20 33 174.44 0.0658 201.4
1 20 34 258.27 0.0619 119.4
1 20 29 219.16 0.0695 428.8
1 20 28 63.24 0.1080 475.6
1 20 21 55.22 0.1104 220.7
1 20 25 74.58 0.0996 534.5
1 20 26 68.83 0.0906 352.0
1 20 17 138.11 0.1458 795.5
1 20 27 208.12 0.0735 648.7
1 20 26 58.18 0.0831 186.5
1 20 24 271.72 0.0598 42.6
1 20 41 230.02 0.0599 187.0
1 20 24 223.96 0.0615 47.1
1 20 35 164.91 0.0625 496.0
1 20 26 55.76 0.1067 142.1
1 20 24 114.63 0.0903 23.0
1 20 38 50.55 0.0683 100.7
1 20 30 161.60 0.1099 154.7
1 20 26 171.17 0.0449 112.1
1 20 31 187.47 0.0992 396.1
1 20 15 85.57 0.1564 166.3
1 20 18 90.55 0.0849 921.6
1 20 27 145.58 0.0865 918.9
1 20 21 100.73 0.0708 91.9
1 20 36 147.22 0.0597 784.5
1 20 30 91.46 0.0753 359.7
1 20 21 57.71 0.0732 211.4
1 20 20 86.98 0.0925 252.4
1 20 39 107.61 0.0736 194.8
1 20 23 64.55 0.0743 382.9
1 20 20 314.31 0.0872 334.3
1 20 31 163.83 0.0666 431.5
1 20 30 96.05 0.1003 549.6
1 20 24 70.83 0.0816 906.9
1 20 17 81.76 0.0502 488.5
1 20 22 77.68 0.0666 62.4
1 20 14 86.37 0.0559 313.5
1 20 40 133.20 0.0726 196.5
1 20 32 384.82 0.0762 892.4
1 20 21 64.79 0.0495 294.3
1 20 40 98.90 0.0752 880.9
1 20 17 202.24 0.0437 338.4
1 20 14 100.51 0.1073 296.4
1 20 34 100.74 0.0637 403.6
1 20 16 264.21 0.1342 108.5
1 20 23 186.71 0.0459 214.4
1 20 24 132.26 0.0722 211.3
1 20 28 63.68 0.0816 60.7
1 20 37 115.76 0.0888 239.2
1 20 25 149.11 0.1135 158.8
1 20 27 134.61 0.0912 103.3
1 20 22 158.16 0.0808 623.7
1 20 18 184.26 0.0332 788.4
1 20 17 133.65 0.0515 147.3
1 20 16 59.61 0.1012 727.9
1 20 19 58.01 0.0988 642.0
1 20 29 134.33 0.0648 799.4
1 20 30 66.01 0.0651 375.6
1 20 29 105.93 0.0823 501.0
1 20 14 74.44 0.0415 396.8
1 20 32 179.21 0.0570 180.2
1 20 28 47.70 0.0983 240.4
1 20 17 45.93 0.1009 131.3
1 20 17 55.53 0.0581 196.0
1 20 43 210.48 0.0538 834.7
1 20 26 135.38 0.0716 407.4
1 20 33 188.12 0.0893 457.1
1 20 31 129.66 0.0884 319.6
1 20 22 487.57 0.0654 540.5
1 20 19 111.78 0.0438 38.1
1 20 38 90.38 0.0869 544.7
1 20 25 78.97 0.0873 46.3
1 20 27 197.50 0.0608 140.0
1 20 23 181.60 0.0642 393.9
1 20 21 169.63 0.0639 319.9
1 20 15 164.69 0.0571 103.7
1 20 20 84.38 0.0545 519.3
1 20 17 168.83 0.0517 66.0
1 20 17 73.85 0.0502 300.6
1 20 16 130.93 0.0629 879.0
1 20 15 45.99 0.0703 292.0
1 20 21 57.54 0.0810 12.9
1 20 42 130.91 0.0767 938.9
1 20 35 77.27 0.1056 742.3
1 20 40 60.51 0.1101 132.6
1 20 29 121.83 0.0774 276.7
1 20 37 103.62 0.0688 486.6
1 20 27 109.10 0.0612 57.7
1 20 34 88.83 0.0688 262.5
1 20 24 76.53 0.0568 326.6
1 20 20 82.54 0.1259 861.3
1 20 28 81.71 0.0973 200.9
1 20 18 95.79 0.0450 930.8
1 20 25 51.84 0.0842 215.0
1 20 21 389.85 0.1270 352.6
1 20 28 218.73 0.0738 99.7
1 20 38 98.34 0.1233 379.0
1 20 17 70.19 0.0736 908.1
1 20 20 72.03 0.1452 86.3
1 20 25 73.44 0.0740 84.1
1 20 22 160.96 0.0761 343.8
1 20 28 174.44 0.0581 398.7
1 20 15 49.30 0.1197 937.3
1 20 32 168.26 0.0949 515.7
1 20 17 201.07 0.0741 342.3
1 20 23 74.34 0.0890 349.6
1 20 22 87.80 0.0574 509.4
1 20 17 77.34 0.0415 524.0
1 20 29 294.70 0.0598 568.7
1 20 33 74.02 0.1152 173.5
1 20 37 109.73 0.0784 239.3
1 20 31 120.65 0.0740 220.6
1 20 26 58.09 0.1435 360.0
1 20 20 112.08 0.0587 98.1
1 20 24 70.20 0.1109 370.0
1 20 36 100.86 0.1020 473.1
1 20 23 57.84 0.1409 50.0
1 20 22 133.09 0.0785 317.8
1 20 21 133.68 0.0707 18.9
1 20 15 107.37 0.0823 888.0
1 20 34 207.53 0.0733 112.4
1 20 17 45.26 0.0993 153.9
1 20 30 52.78 0.1440 282.3
1 20 23 145.41 0.0498 501.4
1 20 19 78.62 0.0726 771.4
1 20 15 82.97 0.0420 940.6
1 20 16 124.32 0.0760 87.0
1 20 33 77.75 0.1301 130.7
1 20 29 97.86 0.0913 474.5
1 20 20 65.94 0.1093 99.6
1 20 25 264.56 0.0691 94.7
1 20 40 101.79 0.0848 61.0
1 20 21 124.15 0.0564 896.5
1 20 24 63.03 0.0968 122.9
1 20 15 110.61 0.0521 922.0
1 20 19 89.21 0.0850 416.5
1 20 17 112.94 0.0545 751.5
1 20 41 431.42 0.0898 489.4
1 20 35 158.83 0.0633 321.3
1 20 41 178.72 0.0873 70.7
1 20 32 54.02 0.0992 346.1
1 20 18 386.92 0.0705 256.0
1 20 21 82.57 0.0739 19.5
1 20 27 100.96 0.1050 373.9
1 20 15 59.70 0.1401 871.5
1 20 17 69.82 0.0668 593.6
1 20 35 127.51 0.1141 218.5
1 20 16 64.00 0.0983 434.2
1 20 34 199.11 0.0568 175.0
1 20 40 48.97 0.1085 471.5
1 20 37 98.08 0.0830 422.6
1 20 41 82.66 0.0894 586.3
1 20 17 49.34 0.0752 499.8
1 20 36 80.93 0.0781 155.1
1 20 31 59.32 0.0980 111.2
1 20 23 104.08 0.0621 36.7
1 20 41 114.97 0.0676 492.5
1 20 37 93.12 0.0811 445.4
1 20 35 135.17 0.0751 194.4
1 20 28 145.61 0.0625 444.0
1 20 16 48.88 0.1168 504.9
1 20 43 98.08 0.0775 391.8
1 20 33 142.31 0.0657 21.3
1 20 14 62.39 0.0329 511.1
1 20 46 92.09 0.0688 204.2
1 20 34 222.30 0.0634 534.0
1 20 44 142.50 0.0890 407.4
1 20 25 351.71 0.0405 758.6
1 20 24 52.90 0.0806 74.5
1 20 41 194.99 0.0608 338.0
1 20 26 62.38 0.0658 336.7
1 20 33 60.64 0.1037 418.3
1 20 18 47.03 0.1050 65.4
1 20 24 47.16 0.0768 427.3
1 20 16 138.89 0.0684 370.2
1 20 27 51.80 0.0782 250.3
1 20 30 109.98 0.0659 389.2
1 20 17 370.39 0.0516 378.7
1 20 16 77.47 0.1030 406.8
1 20 22 56.01 0.0961 41.6
1 20 33 82.11 0.0702 601.5
1 20 30 156.54 0.0822 574.3
1 20 37 71.93 0.0754 283.1
1 20 24 55.49 0.1338 139.4
1 20 38 148.42 0.0774 462.5
1 20 31 90.81 0.1007 675.4
1 20 26 69.87 0.0949 561.7
1 20 13 87.76 0.0630 79.4
1 20 16 317.58 0.0502 90.6
1 20 43 51.20 0.1080 775.5
1 20 43 183.13 0.0644 419.6
1 20 35 189.08 0.0769 417.7
1 20 24 679.92 0.0634 113.6
1 20 24 97.37 0.0707 351.5
1 20 33 67.40 0.0907 545.9
1 20 26 119.75 0.0659 273.0
1 20 28 144.37 0.0505 17.7
1 20 18 95.92 0.0518 88.4
1 20 17 92.64 0.0666 512.2
1 20 20 386.49 0.0497 746.8
1 20 18 58.57 0.0902 477.5
1 20 31 57.19 0.1142 382.3
1 20 40 108.40 0.0627 295.3
1 20 33 48.62 0.1122 529.4
1 20 31 124.63 0.0398 217.5
1 20 31 92.13 0.0702 78.3
1 20 21 61.81 0.1237 498.1
1 20 31 62.70 0.1145 518.5
1 20 28 113.11 0.0783 505.0
1 20 29 78.21 0.0891 231.5
1 20 29 57.85 0.1266 376.3
1 20 14 83.56 0.1150 492.6
1 20 25 213.71 0.0800 157.3
1 20 36 88.11 0.0871 81.3
1 20 37 107.29 0.1098 210.3
1 20 31 98.36 0.0872 236.9
1 20 36 122.11 0.0957 171.8
1 20 23 79.87 0.1090 341.7
1 20 36 81.19 0.0930 584.9
1 20 39 95.54 0.0795 195.6
1 20 17 521.66 0.0335 899.5
1 20 37 191.27 0.0581 446.2
1 20 38 165.10 0.0890 164.0
1 20 37 145.94 0.0515 629.4
1 20 37 199.10 0.0944 279.4
1 20 39 226.54 0.0978 210.2
1 20 36 91.05 0.0827 289.3
1 20 40 102.48 0.0746 340.7
1 20 23 78.16 0.0730 270.6
1 20 38 63.23 0.0791 589.3
1 20 32 335.54 0.0540 382.5
1 20 15 61.77 0.1212 32.0
1 20 25 53.65 0.1058 98.5
1 20 30 234.76 0.0749 263.4
1 20 25 46.12 0.0893 110.0
1 20 20 83.88 0.0557 25.2
1 20 40 45.95 0.1064 496.2
1 20 31 129.34 0.0587 125.1
1 20 20 169.12 0.0713 365.9
1 20 28 125.14 0.0745 881.0
1 20 24 88.28 0.0511 201.0
1 20 27 51.37 0.0890 304.4
1 20 22 89.61 0.0579 17.0
1 20 40 68.62 0.0668 145.3
1 20 35 53.69 0.0936 60.8
1 20 42 191.06 0.0680 360.5
1 20 39 175.08 0.0661 349.1
1 20 27 74.36 0.0706 76.6
1 20 15 155.30 0.0925 96.4
1 20 24 252.29 0.0610 218.4
1 20 32 110.02 0.0772 302.6
1 20 34 72.22 0.1080 342.8
1 20 26 108.66 0.0772 40.3
1 20 27 84.95 0.0796 904.7
1 20 33 99.72 0.0782 819.9
1 20 26 77.92 0.0593 507.9
1 20 27 221.15 0.0573 402.6
1 20 28 66.79 0.1513 489.0
1 20 43 147.34 0.0577 369.4
1 20 21 221.50 0.1221 55.4
1 20 21 107.38 0.0668 258.6
1 20 42 100.11 0.0703 203.1
1 20 37 99.03 0.1002 504.5
1 20 16 81.08 0.0829 22.0
1 20 24 152.31 0.0587 19.1
1 20 25 148.64 0.0698 36.2
1 20 27 218.95 0.0737 467.3
1 20 18 51.62 0.0456 16.3
1 20 39 142.66 0.0715 644.2
1 20 33 120.25 0.0987 741.2
1 20 29 130.12 0.0595 440.1
1 20 38 151.54 0.0655 150.2
1 20 38 64.90 0.1187 264.2
1 20 38 69.96 0.1131 243.1
1 20 42 63.81 0.0936 345.3
1 20 33 383.39 0.0897 330.5
1 20 43 112.87 0.0656 109.3
1 20 39 103.98 0.0932 641.4
1 20 34 126.98 0.0820 551.6
1 20 15 133.30 0.0990 514.2
1 20 31 111.96 0.0600 263.2
1 20 24 127.76 0.0945 810.0
1 20 19 140.78 0.0815 418.3
1 20 37 61.30 0.0946 554.6
1 20 15 66.01 0.1413 389.1
1 20 28 436.34 0.0460 497.7
1 20 34 92.88 0.0822 564.1
1 20 31 53.22 0.0899 478.4
1 20 16 222.99 0.0816 390.7
1 20 27 53.10 0.1370 328.5
1 20 16 60.01 0.0859 374.6
1 20 26 95.74 0.0936 430.7
1 20 32 203.56 0.0472 257.0
1 20 24 606.09 0.0495 324.4
1 20 33 233.53 0.0744 229.5
1 20 24 85.08 0.0992 174.4
1 20 21 110.55 0.0845 822.2
1 20 26 57.82 0.1168 179.1
1 20 38 111.94 0.0964 404.0
1 20 25 196.32 0.0674 629.8
1 20 21 144.45 0.0762 655.3
1 20 20 65.59 0.0812 98.7
1 20 15 377.58 0.0649 335.3
1 20 21 53.91 0.0883 352.4
1 20 25 95.56 0.0909 43.3
1 20 13 53.14 0.0679 896.1
1 20 16 71.64 0.0952 473.4
1 20 23 100.25 0.0689 909.6
1 20 18 116.02 0.0465 426.6
1 20 17 645.42 0.1119 309.3
1 20 14 85.59 0.0521 317.7
1 20 20 48.80 0.0660 445.0
1 20 15 74.24 0.1033 70.2
1 20 19 49.44 0.1133 46.0
1 20 18 157.17 0.0450 447.7
1 20 17 180.99 0.0414 312.4
1 20 17 77.55 0.0941 20.3
1 20 24 80.32 0.1297 227.3
1 20 16 45.13 0.1149 100.0
1 20 15 45.84 0.0938 119.3
1 20 18 131.28 0.0745 343.7
1 20 30 53.44 0.0971 213.1
1 20 19 59.88 0.1136 890.6
1 20 18 45.59 0.0852 934.0
1 20 13 191.09 0.0506 364.0
1 20 16 216.42 0.0658 497.1
1 20 21 75.67 0.0837 300.8
1 20 14 156.53 0.0782 228.2
1 20 39 80.40 0.0940 514.4
1 20 23 70.56 0.1143 64.2
1 20 38 117.23 0.0688 543.8
1 20 28 108.56 0.1017 447.9
1 20 32 85.94 0.0746 586.1
1 20 21 152.79 0.0782 495.3
1 20 31 58.49 0.1326 501.7
1 20 29 72.31 0.0903 42.5
1 20 22 45.64 0.1317 404.1
1 20 14 153.52 0.0551 11.6
1 20 13 60.01 0.0926 370.6
1 20 15 69.34 0.0740 793.1
1 20 25 118.47 0.0429 248.5
1 20 20 52.99 0.0547 364.5
1 20 27 133.48 0.0564 305.2
1 20 39 77.75 0.0928 52.9
1 20 16 51.05 0.1053 51.7
1 21 38 236.21 0.0744 694.4
1 21 30 139.01 0.0610 415.4
1 21 27 140.74 0.1058 75.3
1 21 32 257.58 0.0760 804.8
1 21 28 88.56 0.0872 561.8
1 21 33 119.97 0.0911 154.4
1 21 28 65.42 0.1505 683.3
1 21 15 103.79 0.0748 563.1
1 21 23 139.83 0.0529 507.3
1 21 28 130.50 0.1007 932.7
1 21 18 106.21 0.0536 921.1
1 21 30 140.00 0.0830 705.3
1 21 36 144.54 0.0807 125.7
1 21 25 96.43 0.0863 359.0
1 21 37 138.17 0.1111 223.4
1 21 41 412.85 0.0591 87.7
1 21 29 54.21 0.1346 656.3
1 21 20 101.91 0.0726 40.6
1 21 14 124.27 0.1067 809.0
1 21 21 201.29 0.0705 638.4
1 21 36 195.59 0.0683 682.7
1 21 35 105.11 0.0780 53.1
1 21 23 121.02 0.0726 336.3
1 21 22 55.67 0.1068 620.5
1 21 29 110.84 0.0847 370.4
1 21 27 113.95 0.0787 52.0
1 21 29 77.68 0.0910 853.5
1 21 20 123.89 0.0697 740.9
1 21 17 78.99 0.0830 1.8
1 21 30 63.43 0.1018 207.0
1 21 28 89.18 0.0989 932.4
1 21 24 330.63 0.0476 243.0
1 21 16 141.72 0.0791 942.2
1 21 14 111.37 0.0525 214.3
1 21 33 82.43 0.1098 473.3
1 21 30 47.88 0.1106 929.4
1 21 29 227.95 0.0460 288.5
1 21 18 170.70 0.0638 56.2
1 21 23 322.58 0.0607 889.2
1 21 31 115.50 0.1014 102.1
1 21 35 75.83 0.0760 470.4
1 21 14 78.88 0.1309 846.4
1 21 31 249.41 0.1177 177.7
1 21 32 177.68 0.0659 815.4
1 21 32 59.90 0.0650 839.5
1 21 25 131.98 0.1054 615.0
1 21 28 77.13 0.0848 922.9
1 21 35 61.43 0.1339 258.2
1 21 29 185.67 0.0770 909.5
1 21 18 120.72 0.0611 526.3
1 21 34 272.04 0.0737 584.2
1 21 16 131.15 0.0391 433.1
1 21 26 95.89 0.0856 265.0
1 21 15 182.21 0.0256 202.5
1 21 34 115.60 0.0739 482.5
1 21 40 108.84 0.0617 176.0
1 21 30 127.61 0.0717 349.7
1 21 30 107.18 0.0968 21.6
1 21 28 71.34 0.1262 79.7
1 21 29 149.39 0.0639 894.5
1 21 33 154.34 0.0651 872.8
1 21 29 133.35 0.0863 263.5
1 21 21 51.61 0.0901 696.4
1 21 19 56.01 0.1265 78.4
1 21 16 138.70 0.0463 726.1
1 21 29 90.46 0.0858 666.4
1 21 25 80.60 0.0766 154.5
1 21 26 61.65 0.0887 609.6
1 21 14 54.53 0.0346 408.9
1 21 13 113.69 0.0711 345.3
1 21 18 83.74 0.0654 942.8
1 21 17 55.54 0.0812 533.7
1 21 38 107.82 0.0892 633.6
1 21 31 98.53 0.0666 905.9
1 21 18 56.49 0.0465 324.1
1 21 45 353.92 0.0633 616.9
1 21 42 83.93 0.0943 36.7
1 21 34 177.18 0.0571 59.3
1 21 26 86.37 0.0929 931.8
1 21 35 224.09 0.0591 554.7
1 21 15 198.50 0.0500 604.4
1 21 27 57.63 0.1245 858.0
1 21 18 45.37 0.0765 844.2
1 21 43 147.25 0.0610 231.7
1 21 18 120.41 0.0780 47.6
1 21 32 104.46 0.0721 269.3
1 21 14 60.38 0.0557 659.9
1 21 25 64.37 0.0993 471.5
1 21 28 362.17 0.0797 549.0
1 21 36 116.07 0.0646 866.0
1 21 23 164.12 0.0686 125.3
1 21 33 52.29 0.1146 197.8
1 21 36 123.78 0.0611 160.1
1 21 25 80.78 0.0778 749.0
1 21 41 109.69 0.0737 936.2
1 21 32 113.11 0.0715 936.5
1 21 34 84.86 0.0648 91.4
1 21 19 180.31 0.0606 863.6
1 21 17 49.39 0.0661 254.6
1 21 25 98.18 0.0843 595.2
1 21 32 146.97 0.0652 38.4
1 21 16 493.38 0.0853 256.3
1 21 35 268.68 0.0673 608.6
1 21 18 82.48 0.0843 27.3
1 21 15 116.30 0.0978 660.1
1 21 24 71.40 0.1144 595.1
1 21 24 192.51 0.0505 55.6
1 21 36 118.19 0.0925 216.4
1 21 25 534.67 0.0530 531.2
1 21 34 71.00 0.0926 53.7
1 21 24 203.56 0.0844 530.7
1 21 15 203.68 0.1084 149.7
1 21 37 130.37 0.1000 264.7
1 21 33 97.51 0.0951 549.9
1 21 30 202.00 0.0515 188.3
1 21 35 70.36 0.1257 287.1
1 21 27 70.90 0.1089 315.0
1 21 26 94.51 0.0854 676.1
1 21 28 130.23 0.0746 756.0
1 21 35 137.52 0.0723 84.3
1 21 31 313.06 0.0628 842.3
1 21 42 63.16 0.1015 332.4
1 21 17 87.65 0.0851 237.5
1 21 28 103.28 0.0822 279.8
1 21 34 113.97 0.0701 709.0
1 21 24 56.48 0.1250 142.4
1 21 28 75.35 0.1102 506.1
1 21 18 104.06 0.0790 158.5
1 21 46 271.89 0.0839 35.0
1 21 32 74.64 0.0923 876.0
1 21 36 78.83 0.1212 604.2
1 21 27 51.44 0.0854 588.9
1 21 38 157.40 0.0746 677.3
1 21 28 99.96 0.0763 856.0
1 21 15 47.21 0.1243 521.9
1 21 34 71.77 0.0924 210.0
1 21 32 52.59 0.1232 691.7
1 21 35 218.81 0.0677 114.6
1 21 27 176.00 0.0722 603.8
1 21 25 102.46 0.0795 824.0
1 21 20 70.38 0.0789 512.0
1 21 23 168.58 0.0845 2.5
1 21 37 90.97 0.0955 139.1
1 21 14 93.81 0.0371 14.6
1 21 36 100.48 0.1164 24.7
1 21 40 228.82 0.0572 844.2
1 21 35 109.01 0.0976 159.9
1 21 46 125.04 0.0671 883.1
1 21 38 73.05 0.1197 297.3
1 21 22 206.56 0.0962 248.7
1 21 31 144.39 0.0581 849.3
1 21 24 65.98 0.1080 703.4
1 21 24 121.09 0.0865 472.4
1 21 23 52.67 0.1385 696.5
1 21 37 105.63 0.1009 77.3
1 21 30 121.35 0.0503 142.3
1 21 28 93.60 0.0923 805.5
1 21 39 62.50 0.0880 83.0
1 21 30 57.69 0.1087 470.0
1 21 26 407.74 0.0466 861.1
1 21 28 121.29 0.1197 563.4
1 21 34 86.24 0.0899 913.6
1 21 29 85.83 0.0875 860.4
1 21 30 128.55 0.0722 548.0
1 21 29 114.62 0.0786 175.4
1 21 23 84.70 0.0860 891.0
1 21 35 53.96 0.1220 813.4
1 21 32 102.99 0.0866 930.3
1 21 18 109.81 0.1261 202.6
1 21 16 128.54 0.0413 862.8
1 21 24 62.81 0.0831 880.7
1 21 25 127.41 0.0724 12.2
1 21 16 64.53 0.0707 501.5
1 21 31 149.55 0.0718 882.0
1 21 26 118.79 0.0714 7.6
1 21 39 189.08 0.0816 828.6
1 21 36 230.74 0.0747 870.6
1 21 26 124.30 0.0610 225.9
1 21 29 92.55 0.0658 318.4
1 21 44 141.18 0.0588 652.3
1 21 25 206.98 0.0680 860.3
1 21 35 79.79 0.0991 565.0
1 21 36 78.17 0.1134 921.3
1 21 15 47.65 0.1386 208.3
1 21 40 108.24 0.0978 79.5
1 21 16 225.97 0.0527 709.6
1 21 20 108.46 0.0800 596.5
1 21 24 65.07 0.0850 926.6
1 21 13 74.85 0.0741 852.6
1 21 32 162.48 0.0548 109.6
1 21 40 182.12 0.0616 371.7
1 21 38 226.80 0.0712 422.3
1 21 31 172.60 0.0675 782.7
1 21 22 489.00 0.0856 221.2
1 21 19 193.50 0.0623 521.7
1 21 34 105.78 0.0912 888.4
1 21 35 71.61 0.0863 686.3
1 21 35 64.05 0.1094 371.2
1 21 16 241.02 0.0469 487.5
1 21 25 161.17 0.0652 64.0
1 21 22 149.40 0.0693 62.0
1 21 29 96.29 0.0705 360.9
1 21 14 56.24 0.1702 5.3
1 21 16 58.51 0.1074 184.9
1 21 19 53.98 0.0523 509.2
1 21 39 73.43 0.0846 206.4
1 21 18 128.55 0.0649 942.6
1 21 38 191.32 0.0806 251.5
1 21 39 179.19 0.0749 255.8
1 21 30 81.40 0.1009 419.2
1 21 36 79.89 0.0692 735.2
1 21 39 91.80 0.0792 148.5
1 21 35 77.00 0.0844 169.4
1 21 23 146.32 0.0371 668.9
1 21 14 90.34 0.0708 924.4
1 21 19 90.95 0.1097 215.3
1 21 40 150.54 0.0751 509.0
1 21 24 92.00 0.0742 117.2
1 21 20 45.62 0.0812 872.0
1 21 32 111.70 0.0830 243.6
1 21 42 131.59 0.0759 818.3
1 21 33 76.33 0.0793 892.2
1 21 22 152.92 0.0567 387.2
1 21 29 122.30 0.0831 559.1
1 21 25 46.05 0.1240 890.0
1 21 33 70.65 0.0792 868.2
1 21 33 46.35 0.1218 313.5
1 21 27 76.82 0.1037 131.3
1 21 13 156.11 0.1182 592.8
1 21 34 89.80 0.0807 684.3
1 21 30 182.09 0.0558 506.2
1 21 16 56.46 0.1070 929.0
1 21 15 250.61 0.0657 402.1
1 21 15 57.38 0.1066 917.8
1 21 33 74.45 0.0911 680.6
1 21 40 84.11 0.0908 673.3
1 21 34 105.05 0.0734 273.5
1 21 25 224.41 0.0801 109.9
1 21 21 517.43 0.0486 547.7
1 21 17 79.42 0.0825 45.0
1 21 32 152.37 0.0606 671.8
1 21 42 45.30 0.1231 407.0
1 21 34 57.79 0.1162 665.0
1 21 26 73.25 0.0910 674.6
1 21 44 85.53 0.0827 690.0
1 21 44 75.88 0.0695 511.6
1 21 35 132.83 0.0734 52.4
1 21 36 140.53 0.0576 516.5
1 21 27 74.93 0.0885 842.4
1 21 39 71.76 0.1023 128.4
1 21 30 114.03 0.1049 264.5
1 21 36 93.32 0.0986 106.7
1 21 44 106.47 0.0805 344.1
1 21 31 56.51 0.0842 874.8
1 21 24 93.53 0.0748 861.0
1 21 40 76.08 0.0963 256.4
1 21 29 106.13 0.0760 903.5
1 21 28 80.57 0.1232 756.5
1 21 29 105.30 0.0930 529.8
1 21 19 117.97 0.0992 532.1
1 21 24 154.07 0.0712 147.4
1 21 26 70.03 0.1012 7.9
1 21 34 98.56 0.0985 528.8
1 21 40 285.31 0.0621 29.0
1 21 29 168.62 0.0882 556.9
1 21 31 145.09 0.0677 914.0
1 21 22 50.44 0.1286 548.5
1 21 38 268.72 0.0588 256.4
1 21 39 84.10 0.1154 85.0
1 21 35 90.69 0.0740 575.0
1 21 39 91.49 0.0866 383.0
1 21 30 110.59 0.0941 588.0
1 21 33 259.48 0.0687 36.7
1 21 42 285.34 0.0549 504.9
1 21 35 109.14 0.0799 751.9
1 21 26 48.10 0.1099 170.3
1 21 39 96.71 0.0892 23.0
1 21 37 123.35 0.0897 934.5
1 21 16 251.30 0.0380 92.0
1 21 32 89.37 0.0887 743.6
1 21 29 99.50 0.1125 445.6
1 21 39 101.79 0.1219 473.6
1 21 30 142.37 0.0556 616.5
1 21 32 105.57 0.0739 56.6
1 21 27 185.25 0.1074 31.0
1 21 38 45.06 0.0914 78.0
1 21 18 107.90 0.0512 837.0
1 21 23 64.77 0.0572 875.6
1 21 38 193.03 0.0836 731.1
1 21 25 310.29 0.1212 148.5
1 21 17 79.91 0.0499 242.0
1 21 29 47.07 0.0977 929.0
1 21 32 109.79 0.0851 528.3
1 21 32 104.76 0.0803 95.2
1 21 34 89.36 0.0763 593.0
1 21 28 138.09 0.0487 360.8
1 21 34 158.13 0.0782 695.4
1 21 38 256.35 0.0687 189.3
1 21 19 77.35 0.1137 579.5
1 21 38 228.49 0.0647 641.0
1 21 37 135.50 0.0653 502.9
1 21 21 125.50 0.0490 937.7
1 21 24 132.85 0.0522 429.1
1 21 15 50.11 0.1356 696.0
1 21 38 69.75 0.0814 920.5
1 21 30 173.85 0.0532 811.2
1 21 22 101.47 0.0799 132.8
1 21 18 54.84 0.0894 699.9
1 21 16 562.02 0.0416 410.2
1 21 39 115.10 0.0989 611.7
1 21 34 107.16 0.0812 499.4
1 21 32 169.73 0.0672 35.0
1 21 31 87.30 0.0916 856.8
1 21 16 77.10 0.0628 486.1
1 21 17 175.41 0.0566 329.5
1 21 34 138.57 0.0911 910.4
1 21 34 168.19 0.0714 838.5
1 21 38 68.20 0.0718 41.2
1 21 17 82.36 0.0658 695.5
1 21 37 144.93 0.0725 891.9
1 21 24 80.18 0.0869 881.8
1 21 16 111.03 0.0924 906.7
1 21 37 100.61 0.0997 46.0
1 21 42 355.53 0.0693 653.1
1 21 28 311.44 0.0680 262.9
1 21 18 159.25 0.0543 677.7
1 21 20 245.20 0.0700 281.2
1 21 35 112.56 0.0859 155.7
1 21 27 162.70 0.0609 933.9
1 21 38 190.87 0.0731 930.0
1 21 42 72.52 0.0770 817.3
1 21 34 63.96 0.1022 467.5
1 21 17 48.24 0.0443 410.4
1 21 26 47.86 0.0710 33.0
1 21 41 156.16 0.0534 417.3
1 21 47 136.98 0.0666 59.1
1 21 41 192.25 0.0721 322.7
1 21 37 133.99 0.0906 908.2
1 21 24 100.36 0.1050 39.2
1 21 44 76.30 0.0769 211.4
1 21 37 310.96 0.0586 710.2
1 21 40 75.11 0.0882 792.0
1 21 41 244.39 0.0581 605.0
1 21 19 254.07 0.0419 689.2
1 21 30 53.28 0.1078 171.3
1 21 13 653.62 0.1268 846.0
1 21 32 49.81 0.0565 664.6
1 21 27 110.43 0.0557 450.0
1 21 31 57.22 0.0881 592.8
1 21 34 133.77 0.0764 121.4
1 21 29 231.09 0.0785 560.8
1 21 18 85.42 0.0409 171.3
1 21 17 111.87 0.0341 552.0
1 21 35 176.32 0.0787 314.0
1 21 35 270.70 0.0783 875.0
1 21 21 185.55 0.1287 827.4
1 21 32 101.93 0.0818 598.4
1 21 41 63.28 0.0896 198.6
1 21 23 69.65 0.1036 38.9
1 21 30 102.28 0.0847 449.0
1 21 26 207.55 0.0597 664.3
1 21 38 66.62 0.1113 159.5
1 21 29 48.07 0.0918 714.1
1 21 14 45.57 0.0919 868.5
1 21 16 138.91 0.1296 19.8
1 21 33 251.80 0.0669 210.3
1 21 14 337.82 0.1180 10.2
1 21 33 157.44 0.0532 159.3
1 21 45 53.05 0.0972 165.0
1 21 26 194.23 0.0955 880.6
1 21 25 45.92 0.0862 403.0
1 21 15 127.04 0.1431 17.5
1 21 30 115.95 0.1006 294.2
1 21 21 100.03 0.0436 247.3
1 21 27 158.84 0.0524 254.0
1 21 30 129.86 0.0626 371.7
1 21 38 85.92 0.0688 100.1
1 21 32 71.44 0.1123 260.7
1 21 36 227.47 0.0851 217.5
1 21 30 61.65 0.1091 374.8
1 21 38 128.53 0.0769 401.6
1 21 28 186.49 0.0588 254.7
1 21 29 84.91 0.0941 521.0
1 21 22 162.79 0.0521 210.4
1 21 33 73.88 0.0994 674.8
1 21 43 91.80 0.0738 327.2
1 21 25 69.20 0.0615 103.8
1 21 39 62.52 0.1151 661.4
1 21 33 70.47 0.0759 63.0
1 21 31 353.20 0.0475 46.2
1 21 34 148.38 0.0669 432.4
1 21 37 74.39 0.1152 78.5
1 21 39 273.12 0.0634 823.9
1 21 18 235.98 0.0440 388.3
1 21 25 97.71 0.0736 592.4
1 21 27 173.21 0.0713 374.4
1 21 17 64.37 0.0963 55.3
1 21 27 105.62 0.0449 273.9
1 21 31 67.77 0.1379 79.5
1 21 31 87.11 0.1027 397.3
1 21 36 152.94 0.0787 91.2
1 21 23 208.97 0.0494 422.7
1 21 31 94.25 0.0927 839.4
1 21 25 72.01 0.0913 174.6
1 21 17 91.88 0.0692 840.6
1 21 14 102.40 0.0562 947.1
1 21 37 139.94 0.1162 128.4
1 21 25 218.33 0.0839 41.4
1 21 26 53.11 0.0966 285.4
1 21 30 170.51 0.1088 698.0
1 21 23 79.54 0.0873 35.1
1 21 18 57.33 0.1059 899.6
1 21 28 185.65 0.0586 497.4
1 21 31 53.80 0.1384 236.7
1 21 18 48.37 0.1249 871.7
1 21 16 112.35 0.0408 243.1
1 21 16 442.57 0.1038 94.4
1 21 21 189.58 0.0415 102.2
1 21 16 225.39 0.0665 545.8
1 21 13 97.40 0.0563 242.0
1 21 37 96.00 0.0859 78.1
1 21 14 49.84 0.1228 92.0
1 21 18 47.15 0.1010 493.1
1 21 18 89.79 0.0582 658.5
1 21 17 109.80 0.0522 841.3
1 21 18 124.59 0.0834 137.5
1 21 23 155.93 0.0550 248.8
1 21 16 83.64 0.0346 768.1
1 21 40 131.28 0.0707 618.8
1 21 37 113.78 0.0840 135.7
1 21 21 152.28 0.0821 549.8
1 21 22 76.34 0.0809 391.8
1 21 21 71.16 0.0975 858.5
1 21 17 72.99 0.0767 597.9
1 21 19 122.59 0.0902 948.2
1 21 18 64.07 0.0568 479.4
1 21 27 47.21 0.1324 696.5
1 21 28 387.71 0.0698 201.7
1 21 20 139.67 0.0882 822.0
1 21 16 57.23 0.0848 570.8
1 21 14 47.96 0.0968 57.4
1 21 17 218.02 0.0783 592.7
1 21 16 98.69 0.0449 814.1
1 21 21 115.07 0.0442 604.0
1 21 16 114.77 0.0497 482.1
1 21 16 45.77 0.0865 946.9
1 21 14 47.90 0.1445 870.9
1 21 16 51.84 0.1296 912.3
1 21 27 91.37 0.0573 790.1
1 21 20 90.77 0.1031 53.6
1 21 32 68.14 0.1067 905.6
1 21 28 125.66 0.0780 632.2
1 21 15 48.01 0.1024 771.5
1 21 16 58.12 0.0765 530.6
1 21 13 233.43 0.0570 847.4
1 21 19 141.34 0.0362 710.6
1 21 27 48.25 0.1303 363.0
1 21 17 125.02 0.0496 840.6
1 21 18 212.65 0.0553 803.9
1 21 13 127.29 0.0708 579.7
1 21 21 46.59 0.0617 808.1
1 21 17 158.58 0.1386 887.4
1 21 28 260.92 0.0644 133.0
1 21 39 212.74 0.0998 562.5
1 21 15 77.66 0.0567 832.2
1 21 17 59.39 0.0679 30.3
1 21 17 1069.69 0.0683 434.9
1 21 17 242.65 0.0368 499.8
1 21 20 320.39 0.1124 855.6
1 21 17 149.84 0.0489 471.7
1 21 35 132.43 0.0523 316.4
1 21 19 77.51 0.1197 257.6
1 21 15 88.70 0.0298 199.2
1 21 30 185.82 0.0855 98.1
1 21 21 68.16 0.0993 841.6
1 21 16 84.21 0.0960 16.8
1 21 13 77.93 0.1157 824.7
1 21 20 1061.05 0.0733 614.6
1 21 32 61.50 0.1202 726.0
1 21 25 56.23 0.1325 586.0
1 21 13 62.13 0.1063 596.5
1 21 17 129.09 0.0482 58.5
1 21 15 45.28 0.1023 858.0
1 22 39 263.93 0.0779 30.4
1 22 34 257.80 0.0617 381.8
1 22 29 74.19 0.0512 131.1
1 22 21 505.45 0.1137 453.0
1 22 24 222.41 0.0623 715.8
1 22 25 101.96 0.0840 895.4
1 22 38 354.14 0.0634 268.5
1 22 24 87.02 0.0603 70.7
1 22 29 114.04 0.0775 175.8
1 22 21 91.35 0.0828 213.3
1 22 21 149.40 0.0789 904.9
1 22 17 79.48 0.0777 28.4
1 22 17 65.00 0.1457 353.3
1 22 37 156.05 0.0755 537.1
1 22 26 191.87 0.0600 749.4
1 22 28 97.63 0.1202 417.2
1 22 22 89.43 0.0757 907.9
1 22 14 129.84 0.0527 805.5
1 22 22 95.93 0.0600 402.3
1 22 13 81.33 0.1572 426.4
1 22 32 544.74 0.0728 47.0
1 22 41 163.72 0.0803 785.9
1 22 24 47.48 0.1338 333.0
1 22 40 236.60 0.0575 35.0
1 22 27 53.97 0.1358 190.1
1 22 29 191.62 0.0694 344.9
1 22 14 59.95 0.0616 585.7
1 22 35 174.89 0.0824 125.2
1 22 17 88.86 0.1276 881.6
1 22 29 81.82 0.1091 128.8
1 22 16 109.79 0.0484 786.9
1 22 20 292.14 0.0425 414.2
1 22 17 212.36 0.0482 66.9
1 22 28 135.80 0.0839 556.6
1 22 22 140.86 0.0623 525.7
1 22 20 185.88 0.0486 258.5
1 22 36 256.36 0.0403 343.9
1 22 25 932.15 0.0627 393.3
1 22 28 86.43 0.0874 395.5
1 22 28 119.16 0.0959 295.1
1 22 22 53.20 0.1320 53.7
1 22 22 313.55 0.0415 625.3
1 22 24 148.89 0.0532 367.4
1 22 26 62.13 0.0941 322.3
1 22 23 73.74 0.1062 358.2
1 22 25 210.90 0.0377 449.9
1 22 28 88.06 0.1055 274.8
1 22 25 245.43 0.0609 833.6
1 22 40 136.22 0.0467 759.9
1 22 27 207.95 0.0498 706.6
1 22 26 231.36 0.0461 302.6
1 22 22 103.28 0.0615 701.3
1 22 31 157.63 0.0832 289.8
1 22 36 50.53 0.1016 151.6
1 22 13 60.59 0.1536 250.0
1 22 19 136.06 0.0494 858.9
1 22 39 49.33 0.1035 260.5
1 22 19 50.82 0.1302 906.4
1 22 40 150.73 0.0635 287.9
1 22 39 1511.62 0.1044 302.5
1 22 36 145.26 0.0554 470.7
1 22 32 159.50 0.0778 921.5
1 22 22 94.80 0.1153 900.3
1 22 30 59.97 0.0907 593.5
1 22 24 113.15 0.0913 670.6
1 22 15 78.57 0.1052 918.3
1 22 20 99.15 0.0738 201.9
1 22 24 124.27 0.0817 407.1
1 22 33 93.58 0.1084 332.0
1 22 23 48.66 0.1012 867.1
1 22 26 77.42 0.0886 78.4
1 22 25 101.40 0.0593 492.5
1 22 23 48.32 0.0872 667.9
1 22 35 71.91 0.1122 850.4
1 22 38 173.81 0.0745 804.5
1 22 17 129.56 0.0661 278.9
1 22 33 112.08 0.0585 286.0
1 22 21 51.76 0.0741 720.1
1 22 41 203.96 0.0565 799.1
1 22 25 48.65 0.1106 871.2
1 22 28 58.91 0.1024 464.6
1 22 23 79.26 0.0631 896.0
1 22 17 86.83 0.0327 303.4
1 22 34 83.34 0.0993 197.4
1 22 37 310.51 0.0798 193.4
1 22 18 68.35 0.0601 384.7
1 22 27 86.29 0.0936 654.9
1 22 32 50.01 0.1100 360.2
1 22 19 92.23 0.0627 662.6
1 22 19 77.97 0.0889 333.7
1 22 24 88.94 0.1027 687.2
1 22 27 52.07 0.1341 386.1
1 22 20 116.46 0.0681 81.2
1 22 27 82.43 0.0899 132.7
1 22 30 941.87 0.0720 219.6
1 22 36 127.06 0.0702 744.1
1 22 34 72.89 0.0785 157.1
1 22 25 59.89 0.1250 387.8
1 22 25 132.88 0.0940 354.1
1 22 22 217.95 0.1135 343.9
1 22 36 82.11 0.1128 608.4
1 22 16 112.25 0.0541 876.5
1 22 31 120.55 0.0833 105.1
1 22 27 77.15 0.1237 319.4
1 22 36 58.34 0.1113 258.6
1 22 39 153.06 0.0722 892.3
1 22 27 63.67 0.0898 352.2
1 22 18 157.22 0.0783 270.2
1 22 20 63.81 0.1147 914.0
1 22 13 169.04 0.0874 661.0
1 22 28 162.86 0.0661 177.9
1 22 22 136.99 0.0769 239.5
1 22 17 156.10 0.0852 221.7
1 22 24 55.18 0.1272 277.4
1 22 39 54.13 0.1050 332.4
1 22 26 408.80 0.0955 282.9
1 22 19 150.95 0.0640 710.8
1 22 38 61.66 0.1125 384.7
1 22 17 562.38 0.0767 231.3
1 22 45 289.62 0.0738 849.4
1 22 42 191.74 0.0580 161.9
1 22 43 64.52 0.0772 204.5
1 22 29 60.81 0.1425 381.7
1 22 24 586.64 0.0766 175.3
1 22 19 66.88 0.0647 256.5
1 22 28 62.53 0.1127 731.6
1 22 18 85.21 0.0490 873.8
1 22 30 55.27 0.1212 846.5
1 22 25 164.42 0.0841 648.8
1 22 16 160.02 0.0685 485.2
1 22 25 165.08 0.0941 168.1
1 22 41 151.92 0.0937 114.8
1 22 19 50.41 0.0460 584.6
1 22 37 95.40 0.0864 856.8
1 22 35 159.39 0.0838 419.2
1 22 36 61.47 0.1093 408.8
1 22 39 93.21 0.0900 317.8
1 22 19 68.84 0.0792 103.0
1 22 20 46.84 0.1156 784.0
1 22 40 87.12 0.0954 37.3
1 22 28 176.71 0.0809 270.7
1 22 25 132.08 0.0496 927.6
1 22 41 114.91 0.0851 444.9
1 22 22 125.13 0.0573 703.3
1 22 24 58.00 0.0630 33.0
1 22 41 79.16 0.1327 225.6
1 22 34 171.07 0.0617 746.0
1 22 20 123.66 0.0588 16.8
1 22 43 166.73 0.0701 395.8
1 22 30 103.80 0.0859 169.8
1 22 34 79.84 0.0954 365.9
1 22 37 45.83 0.1183 271.2
1 22 31 212.55 0.0623 329.8
1 22 27 79.89 0.0757 731.0
1 22 21 71.06 0.1030 688.9
1 22 39 121.63 0.0804 332.5
1 22 42 131.59 0.0698 20.5
1 22 33 46.63 0.1161 785.6
1 22 43 141.74 0.0647 377.9
1 22 29 309.08 0.0557 287.3
1 22 35 98.87 0.0661 768.3
1 22 34 268.55 0.0701 370.2
1 22 28 172.88 0.0618 436.4
1 22 22 56.04 0.1425 316.2
1 22 25 157.64 0.0611 283.2
1 22 21 51.06 0.0368 124.1
1 22 39 98.09 0.0750 466.0
1 22 25 145.45 0.0831 867.9
1 22 33 139.73 0.0957 216.2
1 22 18 439.92 0.1186 278.1
1 22 14 388.63 0.1113 857.9
1 22 32 252.05 0.0577 273.9
1 22 38 199.66 0.0879 309.9
1 22 24 64.92 0.1338 804.3
1 22 30 60.78 0.0976 270.7
1 22 41 69.32 0.1142 878.0
1 22 28 146.38 0.0599 339.3
1 22 35 89.64 0.0860 866.2
1 22 36 199.79 0.0862 354.3
1 22 34 68.96 0.1181 839.7
1 22 42 149.50 0.0824 470.2
1 22 40 67.35 0.1070 440.4
1 22 16 92.57 0.0529 19.7
1 22 35 55.25 0.1271 867.7
1 22 42 231.78 0.0769 428.6
1 22 30 415.89 0.0677 292.7
1 22 24 125.85 0.0839 253.3
1 22 29 181.57 0.0688 718.8
1 22 29 149.36 0.0608 87.7
1 22 35 47.56 0.0940 398.2
1 22 40 91.91 0.0863 254.5
1 22 36 254.31 0.0702 870.4
1 22 46 81.92 0.1030 848.0
1 22 41 144.02 0.0733 832.5
1 22 27 62.60 0.0983 686.3
1 22 29 68.99 0.0931 342.7
1 22 39 171.23 0.0539 758.4
1 22 16 49.60 0.0370 137.6
1 22 30 89.61 0.0838 258.3
1 22 45 77.72 0.0858 386.3
1 22 31 86.73 0.1005 309.2
1 22 21 45.31 0.1007 191.1
1 22 37 87.90 0.0833 42.5
1 22 26 259.63 0.0763 824.5
1 22 38 66.70 0.1063 72.4
1 22 38 355.60 0.0670 302.9
1 22 40 88.23 0.0887 211.0
1 22 19 95.08 0.0800 576.8
1 22 41 197.38 0.0863 417.5
1 22 13 226.25 0.1521 371.3
1 22 41 59.47 0.1325 338.8
1 22 36 58.92 0.0797 202.3
1 22 25 59.26 0.0973 388.6
1 22 16 79.74 0.0617 277.7
1 22 24 186.56 0.0749 266.3
1 22 35 137.03 0.0776 730.0
1 22 24 91.97 0.0728 166.0
1 22 28 63.27 0.1140 64.1
1 22 30 75.48 0.1111 328.6
1 22 32 157.57 0.0545 144.0
1 22 29 55.97 0.0948 116.9
1 22 29 75.29 0.1052 51.4
1 22 39 86.17 0.0885 145.4
1 22 28 59.84 0.1255 239.6
1 22 24 189.10 0.0699 84.4
1 22 39 119.09 0.0752 298.4
1 22 26 595.57 0.0859 749.2
1 22 31 88.51 0.1005 751.9
1 22 20 101.62 0.0626 390.8
1 22 37 170.48 0.0566 74.9
1 22 38 210.00 0.0565 780.2
1 22 38 215.73 0.0702 894.0
1 22 34 106.89 0.1589 705.4
1 22 38 239.40 0.0664 398.5
1 22 39 76.92 0.0741 756.6
1 22 29 157.32 0.0586 742.7
1 22 32 101.46 0.1117 728.3
1 22 22 318.25 0.1027 354.9
1 22 40 99.80 0.0973 742.8
1 22 24 76.97 0.1154 283.7
1 22 34 125.54 0.0779 26.2
1 22 30 64.64 0.1212 142.1
1 22 32 264.95 0.0809 111.5
1 22 29 122.30 0.0622 195.8
1 22 27 55.76 0.0960 282.8
1 22 18 355.68 0.0659 904.9
1 22 22 59.65 0.1281 898.0
1 22 34 130.81 0.0837 832.6
1 22 13 98.47 0.1816 370.0
1 22 26 448.30 0.0863 392.3
1 22 29 75.75 0.0840 344.2
1 22 24 130.95 0.0520 143.0
1 22 26 140.27 0.0535 90.3
1 22 38 205.74 0.0647 411.0
1 22 39 54.89 0.1175 835.9
1 22 36 201.29 0.0573 76.6
1 22 18 244.73 0.0680 90.5
1 22 37 118.07 0.0832 405.3
1 22 19 85.93 0.0525 154.8
1 22 26 137.51 0.0724 423.0
1 22 32 71.66 0.0875 356.8
1 22 29 68.29 0.1111 845.9
1 22 43 61.43 0.1051 354.5
1 22 32 56.21 0.1251 459.3
1 22 27 173.71 0.0477 254.1
1 22 31 82.58 0.0902 897.6
1 22 33 81.03 0.0819 374.9
1 22 39 118.45 0.0733 209.5
1 22 23 60.85 0.0670 46.3
1 22 23 159.93 0.0541 720.3
1 22 23 52.03 0.1269 584.9
1 22 34 107.68 0.0754 315.4
1 22 44 251.60 0.0809 223.8
1 22 32 102.54 0.0624 432.4
1 22 22 53.17 0.0959 247.8
1 22 30 89.60 0.1093 816.8
1 22 35 95.55 0.0720 125.1
1 22 35 167.20 0.0638 287.9
1 22 31 121.92 0.0723 339.3
1 22 19 146.60 0.0641 285.5
1 22 29 47.54 0.1096 317.8
1 22 25 49.24 0.0865 359.0
1 22 41 196.09 0.0623 784.4
1 22 22 103.38 0.0560 411.5
1 22 38 105.35 0.0845 257.0
1 22 34 83.03 0.0857 373.7
1 22 42 118.19 0.0818 599.0
1 22 39 412.70 0.0513 249.4
1 22 29 102.11 0.0529 884.8
1 22 34 162.23 0.0662 192.5
1 22 24 53.21 0.1493 816.0
1 22 30 84.63 0.0605 930.2
1 22 30 60.12 0.0790 360.6
1 22 37 312.52 0.0624 321.6
1 22 30 234.92 0.0768 409.1
1 22 42 101.66 0.0797 239.4
1 22 15 45.36 0.1107 760.2
1 22 32 72.76 0.0613 206.9
1 22 35 111.24 0.0973 99.4
1 22 14 59.52 0.1106 452.5
1 22 19 78.43 0.0723 700.7
1 22 35 56.80 0.1176 239.2
1 22 45 63.34 0.1077 421.4
1 22 30 171.74 0.0602 786.6
1 22 40 77.77 0.0873 478.3
1 22 16 52.47 0.0970 88.4
1 22 28 144.44 0.0872 423.0
1 22 38 64.65 0.1001 622.0
1 22 40 883.01 0.0724 364.1
1 22 33 56.88 0.0834 375.7
1 22 41 219.24 0.0568 401.6
1 22 24 227.77 0.0862 392.8
1 22 33 158.77 0.0739 909.6
1 22 44 138.09 0.0794 355.6
1 22 31 131.14 0.0652 270.0
1 22 35 65.46 0.1012 799.2
1 22 33 97.07 0.0707 678.5
1 22 15 84.55 0.0460 324.4
1 22 22 96.28 0.0857 444.3
1 22 19 398.93 0.1150 366.6
1 22 20 75.11 0.0888 846.0
1 22 15 51.97 0.0545 381.8
1 22 30 193.01 0.0737 210.7
1 22 22 90.46 0.0842 393.1
1 22 17 268.39 0.0852 904.0
1 22 21 632.73 0.0532 738.2
1 22 18 111.62 0.0803 896.2
1 22 21 68.00 0.0858 166.9
1 22 24 57.59 0.0911 379.6
1 22 31 88.08 0.0816 862.6
1 22 32 53.96 0.1054 603.5
1 22 20 50.50 0.1087 367.8
1 22 21 75.36 0.0926 880.6
1 22 13 168.61 0.0685 911.5
1 22 20 71.18 0.0858 925.5
1 22 17 258.35 0.0577 282.0
1 22 36 260.51 0.0802 57.6
1 22 15 254.72 0.0656 674.8
1 22 19 90.89 0.0947 706.9
1 22 16 78.40 0.0775 648.0
1 22 13 67.00 0.0558 169.8
1 22 16 45.99 0.1451 691.4
1 22 13 921.16 0.0437 128.5
1 22 29 182.12 0.0869 218.4
1 22 26 94.39 0.0987 216.0
1 22 16 74.33 0.1155 879.4
1 22 17 48.62 0.1794 139.6
1 22 33 55.96 0.0739 622.9
1 22 16 689.73 0.0957 310.4
1 22 17 66.61 0.0477 79.6
1 22 17 286.94 0.0658 71.1
1 22 15 185.10 0.0771 731.0
1 22 21 49.01 0.0936 201.3
1 22 19 68.89 0.1539 791.0
1 22 18 85.52 0.0541 752.1
1 22 31 176.92 0.0824 37.1
1 22 17 72.91 0.0992 46.4
1 22 24 136.39 0.0599 20.5
1 22 27 221.81 0.0504 328.2
1 22 22 65.49 0.0669 852.9
1 22 32 45.40 0.1336 611.6
1 22 25 60.81 0.0910 278.7
1 22 22 90.19 0.0487 274.5
1 22 13 87.45 0.1251 817.4
1 22 19 56.43 0.0818 873.3
1 22 23 109.32 0.0622 686.6
1 22 18 84.30 0.1083 832.3
1 22 27 72.33 0.1073 747.5
1 22 16 54.45 0.0854 296.0
1 22 14 143.35 0.0625 798.7
1 22 24 157.03 0.0968 360.2
1 22 29 90.71 0.1110 296.6
1 22 27 56.27 0.1312 205.0
1 22 35 119.37 0.1003 433.7
1 22 26 61.70 0.1129 263.0
1 22 26 291.02 0.0607 606.0
1 22 19 48.76 0.0965 683.9
1 22 18 45.84 0.0860 396.3
1 22 20 87.84 0.1202 190.8
1 22 21 217.86 0.0663 929.1
1 22 18 95.58 0.0919 268.8
1 22 33 249.95 0.0538 710.4
1 22 16 227.76 0.0630 701.1
1 22 14 52.00 0.0827 721.1
1 22 22 167.54 0.0496 677.1
1 22 26 260.72 0.0559 306.1
1 22 22 419.84 0.0487 870.2
1 22 31 94.21 0.0649 150.8
1 22 14 75.46 0.1078 420.5
1 22 14 80.38 0.1022 292.2
1 22 13 188.44 0.1172 852.9
1 22 27 68.44 0.0529 721.5
1 22 15 104.23 0.0317 788.4
1 22 20 222.70 0.0549 316.6
1 22 38 77.52 0.1082 384.8
1 22 28 106.55 0.0585 717.8
1 22 15 123.31 0.0480 837.3
1 22 15 65.56 0.1645 361.8
1 22 20 145.04 0.0958 693.4
1 22 14 45.53 0.1222 755.5
1 22 15 65.97 0.1160 882.3
1 22 37 60.04 0.1194 457.8
1 22 28 81.50 0.1507 371.7
1 22 21 81.40 0.0304 505.3
1 22 18 449.41 0.0662 691.9
1 22 36 108.02 0.0808 304.1
1 22 29 158.33 0.0695 738.9
1 22 26 55.61 0.0943 699.3
1 22 39 137.93 0.0831 306.4
1 22 33 46.46 0.1063 393.9
1 22 34 147.13 0.0628 311.9
1 22 25 271.97 0.0822 310.2
1 22 17 343.67 0.0823 215.4
1 22 25 166.69 0.0438 657.4
1 22 27 1732.13 0.0879 264.4
1 22 29 182.74 0.0643 708.3
1 22 45 268.16 0.0746 248.9
1 22 28 58.33 0.0815 693.0
1 22 22 65.40 0.0688 921.7
1 22 13 81.59 0.0896 387.9
1 22 29 65.95 0.0912 49.7
1 22 31 50.09 0.1416 363.2
1 22 18 794.71 0.0367 247.8
1 22 18 94.97 0.0811 830.9
1 22 18 144.24 0.0852 138.2
1 22 37 98.04 0.0804 867.0
1 22 25 92.99 0.0651 859.8
1 22 22 358.84 0.0643 344.3
1 22 28 252.78 0.0624 409.8
1 22 13 141.70 0.0647 893.3
1 22 31 152.88 0.0726 173.5
1 22 15 183.62 0.0969 409.2
1 22 16 123.17 0.0902 16.8
1 23 36 163.98 0.0811 115.5
1 23 38 170.43 0.0696 252.6
1 23 34 218.42 0.0859 601.2
1 23 32 183.07 0.0668 617.0
1 23 30 189.81 0.0755 164.4
1 23 18 83.85 0.0490 135.6
1 23 30 214.52 0.0767 429.8
1 23 21 97.32 0.1035 91.7
1 23 30 204.02 0.0734 393.1
1 23 18 81.32 0.0758 194.6
1 23 41 52.70 0.0875 744.4
1 23 16 179.12 0.0539 54.9
1 23 25 586.76 0.0642 431.5
1 23 26 133.30 0.1137 727.2
1 23 32 58.76 0.1325 124.8
1 23 39 105.63 0.1064 772.6
1 23 15 164.51 0.0475 205.5
1 23 36 74.88 0.0710 672.1
1 23 23 82.84 0.1009 283.0
1 23 24 209.39 0.0891 250.5
1 23 32 294.53 0.0510 733.0
1 23 35 184.52 0.0599 187.9
1 23 17 87.68 0.1267 255.4
1 23 44 61.59 0.0728 361.4
1 23 22 173.11 0.0527 607.2
1 23 37 228.48 0.0863 150.4
1 23 36 84.90 0.0753 71.2
1 23 30 171.32 0.0933 781.0
1 23 31 87.04 0.1006 648.3
1 23 24 84.95 0.0455 806.0
1 23 27 113.31 0.1034 916.3
1 23 23 130.79 0.0797 711.7
1 23 32 75.49 0.0957 670.8
1 23 20 96.60 0.0442 870.5
1 23 36 136.26 0.0545 242.0
1 23 33 100.49 0.0885 500.9
1 23 22 113.28 0.0574 536.5
1 23 24 75.62 0.0904 325.9
1 23 18 254.57 0.0475 61.2
1 23 21 95.36 0.0593 851.9
1 23 30 221.51 0.0905 756.4
1 23 27 289.85 0.0440 155.6
1 23 32 137.96 0.0986 456.2
1 23 26 51.72 0.1470 454.5
1 23 21 58.62 0.0735 587.9
1 23 35 120.63 0.0746 373.2
1 23 41 92.95 0.0850 382.1
1 23 35 74.65 0.0998 539.4
1 23 37 228.23 0.0572 240.5
1 23 24 72.81 0.1152 460.3
1 23 32 58.11 0.1430 690.0
1 23 41 219.62 0.0570 414.5
1 23 35 100.42 0.0849 565.7
1 23 14 64.86 0.1092 243.6
1 23 18 330.19 0.1090 572.6
1 23 34 136.26 0.1070 250.6
1 23 32 324.53 0.1389 130.6
1 23 22 127.63 0.0709 674.1
1 23 23 69.70 0.0845 919.3
1 23 20 136.93 0.1307 117.0
1 23 43 332.61 0.0692 686.7
1 23 36 80.36 0.1037 540.0
1 23 31 123.19 0.0671 105.9
1 23 22 213.65 0.0649 268.3
1 23 27 62.70 0.0731 410.6
1 23 32 61.59 0.1028 12.3
1 23 15 884.40 0.0611 267.4
1 23 33 95.82 0.0803 771.4
1 23 24 105.62 0.0694 53.0
1 23 37 171.70 0.0630 347.0
1 23 23 407.88 0.0890 18.5
1 23 43 207.75 0.0785 519.5
1 23 31 94.49 0.0839 331.5
1 23 44 103.53 0.0900 642.3
1 23 16 87.44 0.0680 614.7
1 23 28 116.90 0.0607 102.2
1 23 20 155.68 0.1064 18.5
1 23 34 167.07 0.0777 852.5
1 23 38 163.74 0.0584 616.5
1 23 36 213.30 0.0844 852.6
1 23 16 111.17 0.0413 34.4
1 23 17 101.05 0.0547 134.7
1 23 31 112.03 0.0967 706.6
1 23 33 164.37 0.0803 879.5
1 23 25 106.76 0.0777 723.8
1 23 38 117.81 0.0878 245.5
1 23 36 119.54 0.0707 159.2
1 23 16 68.84 0.0904 563.5
1 23 15 74.15 0.0769 485.0
1 23 13 48.06 0.0811 18.2
1 23 15 72.59 0.0806 402.1
1 23 39 196.09 0.0723 272.6
1 23 32 133.71 0.0788 807.5
1 23 18 114.15 0.0665 468.2
1 23 24 320.88 0.0868 696.0
1 23 27 64.33 0.0749 636.3
1 23 31 93.37 0.0772 624.9
1 23 29 169.40 0.0911 89.4
1 23 21 151.62 0.0815 727.5
1 23 29 143.59 0.0565 370.1
1 23 33 46.45 0.1261 230.6
1 23 35 169.15 0.0978 720.2
1 23 39 270.43 0.0644 558.9
1 23 18 94.44 0.1264 652.8
1 23 29 85.39 0.1224 387.3
1 23 19 69.13 0.1085 445.8
1 23 24 50.09 0.0678 406.3
1 23 25 310.48 0.0532 93.0
1 23 35 94.26 0.0919 17.9
1 23 30 120.13 0.0700 123.3
1 23 20 48.03 0.1243 307.7
1 23 25 266.67 0.0594 501.8
1 23 26 95.58 0.0596 486.8
1 23 32 82.80 0.0943 698.3
1 23 23 61.89 0.0979 48.5
1 23 24 79.47 0.0746 294.2
1 23 18 112.02 0.0603 430.7
1 23 38 170.70 0.0770 827.6
1 23 33 80.10 0.0726 613.4
1 23 23 135.98 0.0711 245.4
1 23 43 80.22 0.0903 381.0
1 23 16 47.09 0.1146 82.0
1 23 31 100.25 0.1160 398.0
1 23 21 165.75 0.0804 165.6
1 23 17 310.62 0.1502 765.6
1 23 32 45.16 0.1306 595.7
1 23 35 196.79 0.0667 176.8
1 23 18 70.90 0.1037 22.5
1 23 19 203.00 0.0502 457.4
1 23 18 49.80 0.1092 74.0
1 23 24 126.39 0.0629 107.1
1 23 30 95.38 0.0930 442.7
1 23 26 106.40 0.1169 744.4
1 23 37 120.69 0.0894 385.2
1 23 29 70.89 0.0901 533.1
1 23 29 306.18 0.0720 392.0
1 23 40 65.74 0.0715 613.5
1 23 14 73.83 0.1203 22.5
1 23 13 69.30 0.1947 763.4
1 23 28 142.02 0.0709 568.2
1 23 37 115.56 0.0859 853.4
1 23 19 175.14 0.1236 80.1
1 23 33 77.93 0.1273 739.7
1 23 44 121.10 0.0841 509.5
1 23 34 149.54 0.0565 417.6
1 23 42 147.01 0.0670 620.7
1 23 36 75.99 0.0972 539.3
1 23 38 134.75 0.0719 630.4
1 23 29 199.19 0.0785 422.6
1 23 40 87.50 0.0843 463.0
1 23 30 146.84 0.0620 51.9
1 23 40 125.43 0.0798 406.0
1 23 40 115.69 0.0761 657.8
1 23 36 85.06 0.0616 140.7
1 23 18 91.08 0.0773 857.3
1 23 30 63.13 0.0772 614.2
1 23 41 78.50 0.0932 532.7
1 23 29 162.53 0.0835 548.9
1 23 38 129.45 0.0557 929.4
1 23 36 129.27 0.0824 429.1
1 23 42 121.36 0.0505 84.4
1 23 31 106.01 0.0705 622.0
1 23 36 251.38 0.0607 693.1
1 23 38 97.94 0.0887 193.5
1 23 44 226.99 0.0547 665.6
1 23 20 272.57 0.0522 706.7
1 23 18 46.04 0.1347 717.2
1 23 18 102.54 0.0722 253.2
1 23 16 447.59 0.1197 550.1
1 23 39 133.82 0.0682 721.8
1 23 36 340.75 0.0565 196.5
1 23 31 100.19 0.0798 300.8
1 23 39 93.80 0.0700 95.3
1 23 44 67.04 0.1048 418.5
1 23 23 159.36 0.0570 519.0
1 23 31 61.28 0.1051 417.3
1 23 37 67.63 0.1039 404.7
1 23 37 123.24 0.0565 734.9
1 23 16 500.06 0.1449 644.4
1 23 13 169.30 0.1503 600.4
1 23 14 148.36 0.1513 610.3
1 23 32 119.25 0.0489 330.6
1 23 30 58.97 0.0749 31.5
1 23 35 75.83 0.1060 948.0
1 23 26 342.14 0.0633 607.9
1 23 15 106.80 0.1045 298.8
1 23 41 147.06 0.0773 633.4
1 23 42 185.40 0.0829 728.1
1 23 15 69.14 0.1129 69.0
1 23 37 273.02 0.0715 599.7
1 23 37 113.00 0.0709 436.2
1 23 35 142.24 0.0895 140.8
1 23 26 78.82 0.0866 57.4
1 23 14 53.39 0.1060 641.9
1 23 39 89.64 0.0851 713.2
1 23 35 89.26 0.1194 129.8
1 23 43 86.19 0.0946 404.9
1 23 37 107.58 0.0899 396.0
1 23 26 78.78 0.1247 109.1
1 23 40 255.04 0.0688 191.3
1 23 16 50.22 0.0943 663.8
1 23 34 72.83 0.1145 549.8
1 23 14 57.16 0.1014 4.3
1 23 32 76.31 0.1171 322.6
1 23 27 81.88 0.0599 480.2
1 23 37 153.21 0.0670 775.0
1 23 37 109.39 0.0770 279.4
1 23 34 115.40 0.0773 675.8
1 23 38 202.66 0.0901 157.7
1 23 43 73.71 0.0975 733.0
1 23 25 61.58 0.1331 841.1
1 23 38 80.45 0.1258 814.8
1 23 35 131.71 0.0677 425.2
1 23 38 61.74 0.1263 616.0
1 23 32 76.73 0.1234 683.4
1 23 31 45.12 0.1198 549.5
1 23 27 225.74 0.0583 490.0
1 23 31 52.54 0.1116 467.2
1 23 40 239.54 0.0491 666.0
1 23 18 737.48 0.1021 587.4
1 23 25 171.21 0.0715 89.9
1 23 25 103.77 0.1083 501.5
1 23 30 193.87 0.0708 611.3
1 23 13 60.49 0.1044 73.9
1 23 39 294.14 0.0726 235.0
1 23 39 72.71 0.1004 379.5
1 23 28 47.55 0.1068 858.3
1 23 40 172.57 0.0648 703.7
1 23 30 128.25 0.0851 61.5
1 23 35 132.30 0.0916 440.9
1 23 41 99.54 0.0944 93.3
1 23 15 57.08 0.1463 574.3
1 23 39 126.26 0.0764 335.5
1 23 16 77.25 0.0524 31.1
1 23 28 233.01 0.0642 638.7
1 23 25 232.15 0.0352 40.3
1 23 29 282.50 0.0418 266.4
1 23 20 55.89 0.1092 505.0
1 23 29 132.02 0.0885 781.2
1 23 35 124.48 0.0846 648.5
1 23 30 78.76 0.0988 406.1
1 23 26 47.54 0.1396 95.0
1 23 24 107.30 0.0555 107.4
1 23 16 53.02 0.0467 30.9
1 23 20 114.97 0.0732 552.8
1 23 16 114.39 0.0567 403.6
1 23 30 170.49 0.0654 68.9
1 23 23 46.15 0.0994 341.5
1 23 36 259.22 0.0569 806.2
1 23 32 290.34 0.0600 501.6
1 23 18 219.23 0.0560 35.2
1 23 36 119.15 0.0858 772.3
1 23 19 51.90 0.1610 326.4
1 23 15 67.55 0.0483 308.6
1 23 37 284.42 0.0500 724.3
1 23 34 232.90 0.0437 164.1
1 23 30 70.69 0.1020 855.2
1 23 21 94.41 0.0818 616.7
1 23 17 71.62 0.0699 579.3
1 23 35 66.13 0.1196 430.3
1 23 38 59.60 0.1144 497.4
1 23 32 67.80 0.1269 442.0
1 23 30 79.64 0.0845 248.2
1 23 14 162.70 0.0906 818.2
1 23 14 62.32 0.0992 253.0
1 23 30 123.30 0.0862 111.0
1 23 21 45.38 0.0613 449.8
1 23 31 51.17 0.1066 131.8
1 23 38 351.23 0.0538 888.9
1 23 27 414.21 0.1379 599.4
1 23 38 78.73 0.0936 350.0
1 23 17 73.32 0.0650 605.8
1 23 31 68.13 0.0608 290.0
1 23 39 76.77 0.0853 829.8
1 23 19 49.72 0.0700 101.9
1 23 26 168.40 0.0558 49.2
1 23 24 64.17 0.0640 689.0
1 23 33 94.10 0.0732 469.6
1 23 32 48.49 0.1310 744.6
1 23 41 86.81 0.0779 241.2
1 23 42 152.85 0.0684 839.2
1 23 38 184.59 0.0517 765.6
1 23 24 51.15 0.0699 122.6
1 23 38 109.07 0.0895 46.2
1 23 33 49.36 0.1009 235.1
1 23 30 101.19 0.0712 938.7
1 23 21 59.75 0.0538 95.6
1 23 37 130.16 0.0672 880.5
1 23 14 50.24 0.0606 86.5
1 23 32 83.06 0.0783 489.5
1 23 31 91.90 0.0713 741.8
1 23 39 77.43 0.0901 826.7
1 23 41 97.43 0.0935 443.2
1 23 27 118.39 0.0752 278.4
1 23 29 79.75 0.0757 329.1
1 23 18 57.88 0.0677 36.8
1 23 21 54.17 0.1324 785.8
1 23 17 87.88 0.0502 760.0
1 23 31 60.94 0.0971 448.4
1 23 21 112.67 0.0455 747.4
1 23 32 123.62 0.0604 852.3
1 23 15 142.82 0.0825 7.8
1 23 18 88.44 0.0402 398.8
1 23 16 53.51 0.0828 528.3
1 23 16 82.09 0.0774 897.0
1 23 26 91.45 0.0959 620.8
1 23 43 116.65 0.0872 244.9
1 23 25 100.76 0.0609 269.6
1 23 26 229.30 0.0631 768.6
1 23 18 218.21 0.0418 410.9
1 23 36 615.48 0.0465 563.0
1 23 29 49.04 0.0911 140.4
1 23 20 56.22 0.0989 214.5
1 23 35 101.17 0.0857 826.4
1 23 31 103.75 0.0635 748.9
1 23 26 55.38 0.1182 284.6
1 23 33 50.40 0.0962 130.2
1 23 16 168.37 0.0505 774.9
1 23 23 325.75 0.0821 879.3
1 23 13 55.12 0.1028 858.5
1 23 31 144.49 0.0652 829.3
1 23 30 191.93 0.0481 402.7
1 23 33 112.92 0.0700 586.6
1 23 33 149.47 0.0777 788.2
1 23 28 170.40 0.0366 832.2
1 23 26 69.04 0.1084 537.9
1 23 17 242.23 0.0938 879.8
1 23 23 230.17 0.0400 867.2
1 23 15 82.50 0.1134 825.3
1 23 20 53.93 0.0967 564.9
1 23 18 309.47 0.0262 105.8
1 23 38 132.11 0.0938 253.2
1 23 40 233.53 0.0579 617.0
1 23 36 86.29 0.0966 133.0
1 23 22 52.24 0.1087 606.7
1 23 31 64.61 0.0672 572.0
1 23 30 81.52 0.1078 501.3
1 23 27 73.07 0.0848 110.3
1 23 24 102.29 0.0661 672.1
1 23 28 156.43 0.0858 558.0
1 23 21 67.09 0.0936 148.0
1 23 13 51.52 0.1136 243.2
1 23 32 46.55 0.1180 185.1
1 23 26 67.12 0.1066 608.4
1 23 23 63.45 0.1190 813.0
1 23 24 99.24 0.1019 224.0
1 23 16 52.52 0.1208 253.9
1 23 18 55.74 0.1541 440.0
1 23 27 77.75 0.1294 495.2
1 23 19 260.30 0.0521 511.5
1 23 17 181.90 0.1113 246.3
1 23 24 113.26 0.0682 59.4
1 23 27 159.31 0.0707 335.0
1 23 21 80.06 0.0569 46.4
1 23 14 337.75 0.0382 498.6
1 23 23 68.67 0.0949 644.1
1 23 25 735.53 0.0654 220.9
1 23 21 101.21 0.0689 788.4
1 23 15 225.01 0.0425 890.1
1 23 14 70.06 0.0739 912.3
1 23 15 59.80 0.1450 192.0
1 23 17 45.53 0.0549 35.1
1 23 18 61.97 0.0422 339.0
1 23 17 93.16 0.0573 107.2
1 23 18 88.29 0.0986 347.2
1 23 29 207.68 0.0574 41.8
1 23 18 193.23 0.0420 585.3
1 23 38 120.12 0.0847 77.3
1 23 16 497.98 0.0624 504.6
1 23 24 48.41 0.1382 629.3
1 23 14 227.10 0.0621 218.4
1 23 27 139.29 0.0937 438.8
1 23 13 49.56 0.1532 540.4
1 23 20 132.11 0.0611 139.6
1 23 16 49.42 0.1056 561.4
1 23 41 90.04 0.0686 498.4
1 23 33 51.11 0.1114 244.4
1 23 18 72.10 0.0670 354.2
1 23 21 202.59 0.0542 313.7
1 23 16 59.18 0.0493 360.2
1 23 24 52.59 0.1387 834.7
1 23 37 120.21 0.0929 609.6
1 23 14 131.75 0.0979 639.1
1 23 19 52.16 0.0413 810.5
1 23 16 131.46 0.0738 870.3
1 23 30 72.35 0.1208 157.8
1 23 15 51.62 0.1061 315.5
1 23 14 160.14 0.0762 502.9
1 23 22 65.15 0.0888 675.6
1 23 25 88.14 0.0593 594.4
1 23 13 74.11 0.1289 849.2
1 23 13 59.43 0.0780 494.0
1 23 29 48.32 0.0798 383.6
1 23 16 81.54 0.0684 808.9
1 23 38 96.78 0.0880 756.1
1 23 14 194.05 0.1195 810.5
1 23 15 57.54 0.0995 825.8
1 23 23 61.76 0.0373 290.7
1 23 13 174.05 0.0554 824.1
1 23 18 286.07 0.1018 721.8
1 23 13 59.71 0.0984 846.0
1 23 18 151.22 0.0431 311.0
1 23 13 64.58 0.0398 103.8
1 23 34 49.99 0.1210 292.1
1 23 20 132.91 0.0374 304.9
1 23 13 77.00 0.0643 840.3
1 23 16 145.85 0.0968 56.9
1 24 41 190.10 0.0881 353.1
1 24 27 141.26 0.0747 174.9
1 24 25 163.64 0.0955 229.5
1 24 42 151.31 0.0708 886.8
1 24 21 114.41 0.1055 877.4
1 24 16 52.84 0.1044 332.7
1 24 29 89.14 0.1186 604.0
1 24 20 151.44 0.0506 365.8
1 24 38 165.76 0.0769 810.7
1 24 22 85.54 0.0563 519.8
1 24 24 68.04 0.1016 526.1
1 24 35 97.99 0.0977 644.4
1 24 23 92.67 0.0745 921.4
1 24 31 78.05 0.1224 247.0
1 24 31 210.10 0.0720 339.8
1 24 20 133.81 0.0797 196.5
1 24 17 99.74 0.0867 928.3
1 24 40 134.78 0.0728 106.4
1 24 25 154.05 0.0583 694.1
1 24 28 62.73 0.1162 106.1
1 24 17 463.38 0.1063 502.8
1 24 27 60.12 0.1174 228.6
1 24 28 223.20 0.0418 50.3
1 24 27 160.59 0.0814 801.9
1 24 28 189.26 0.0757 35.1
1 24 28 80.56 0.0919 374.7
1 24 23 101.49 0.0839 419.4
1 24 26 174.57 0.0413 373.6
1 24 29 130.66 0.0880 483.5
1 24 17 168.45 0.0918 800.8
1 24 27 73.44 0.1482 937.1
1 24 19 54.88 0.1012 53.0
1 24 26 109.43 0.0676 461.5
1 24 35 56.26 0.1107 921.0
1 24 19 103.82 0.0510 46.2
1 24 30 172.69 0.0600 540.6
1 24 13 217.44 0.0736 636.9
1 24 17 77.78 0.0656 364.1
1 24 27 116.20 0.0932 469.9
1 24 21 64.12 0.1161 29.6
1 24 21 78.75 0.0791 527.8
1 24 20 106.27 0.0537 30.3
1 24 32 120.10 0.0955 194.6
1 24 32 107.60 0.0651 293.8
1 24 22 69.84 0.1017 417.4
1 24 24 54.14 0.0882 632.3
1 24 42 155.09 0.0697 196.3
1 24 18 58.59 0.0922 453.6
1 24 28 225.23 0.0685 67.4
1 24 35 140.12 0.0465 406.1
1 24 44 49.22 0.1055 385.0
1 24 38 198.22 0.0575 517.7
1 24 34 139.73 0.0835 586.9
1 24 26 71.69 0.1029 428.3
1 24 27 128.47 0.0625 577.7
1 24 14 53.31 0.0220 419.4
1 24 15 78.06 0.1241 526.1
1 24 17 545.72 0.0340 316.7
1 24 21 151.57 0.1114 458.4
1 24 30 91.31 0.0912 553.9
1 24 26 468.66 0.0989 464.1
1 24 16 143.77 0.0675 940.9
1 24 19 105.86 0.0962 498.0
1 24 41 200.32 0.0767 374.8
1 24 43 216.60 0.0728 495.4
1 24 18 608.29 0.1097 433.0
1 24 36 85.02 0.0943 333.4
1 24 27 326.02 0.0567 458.7
1 24 16 136.67 0.0501 939.2
1 24 36 81.20 0.0728 892.4
1 24 42 157.84 0.0714 174.8
1 24 23 135.49 0.0986 509.7
1 24 30 88.62 0.0635 731.8
1 24 18 56.02 0.0731 942.4
1 24 29 181.20 0.0594 920.3
1 24 27 57.59 0.0914 371.9
1 24 16 145.90 0.0711 56.8
1 24 26 52.89 0.1016 912.0
1 24 16 51.67 0.0454 348.0
1 24 21 75.53 0.0529 247.5
1 24 43 159.93 0.0702 754.6
1 24 28 177.34 0.0643 566.6
1 24 18 128.91 0.1344 688.9
1 24 35 97.16 0.0583 248.2
1 24 20 97.01 0.0829 686.9
1 24 34 131.27 0.1160 475.0
1 24 21 45.78 0.1017 653.6
1 24 19 191.03 0.0879 542.9
1 24 34 339.34 0.0510 58.5
1 24 23 45.61 0.0896 555.1
1 24 15 205.80 0.1145 479.2
1 24 37 119.21 0.0734 502.5
1 24 30 200.98 0.0948 500.3
1 24 41 162.99 0.0770 568.6
1 24 19 178.01 0.0654 753.6
1 24 28 51.42 0.1039 656.9
1 24 29 195.05 0.0745 333.1
1 24 33 112.46 0.1171 442.9
1 24 29 152.17 0.0927 659.3
1 24 30 168.54 0.0552 252.8
1 24 28 193.89 0.0538 349.7
1 24 34 95.69 0.0748 609.7
1 24 25 93.61 0.1068 99.9
1 24 32 136.59 0.0868 654.6
1 24 37 96.71 0.1074 237.5
1 24 28 49.40 0.1164 675.2
1 24 29 161.23 0.0417 160.6
1 24 24 77.02 0.1058 891.2
1 24 35 144.14 0.0612 537.6
1 24 15 254.72 0.0691 310.3
1 24 35 138.72 0.0852 775.3
1 24 33 265.70 0.0578 179.7
1 24 13 56.08 0.1345 218.5
1 24 23 120.94 0.0328 92.7
1 24 15 55.52 0.1038 377.6
1 24 34 101.80 0.0897 128.2
1 24 38 77.56 0.1215 166.6
1 24 29 57.52 0.1003 414.2
1 24 32 98.10 0.0980 500.5
1 24 39 149.04 0.0709 331.2
1 24 29 140.82 0.0824 119.4
1 24 14 440.05 0.0448 543.2
1 24 21 60.54 0.1089 606.9
1 24 16 56.53 0.1193 528.8
1 24 23 66.26 0.0966 397.8
1 24 22 171.09 0.0509 339.1
1 24 34 121.21 0.0595 227.2
1 24 30 143.18 0.0594 590.6
1 24 45 358.85 0.0553 589.6
1 24 22 55.08 0.0725 588.0
1 24 31 205.88 0.0538 380.6
1 24 31 51.34 0.1162 841.1
1 24 19 73.69 0.1003 11.8
1 24 34 56.31 0.0905 394.1
1 24 21 76.07 0.0607 341.0
1 24 20 50.52 0.1137 289.9
1 24 42 299.94 0.0668 653.0
1 24 34 105.86 0.0795 869.1
1 24 23 214.63 0.0587 216.5
1 24 32 238.17 0.0704 522.2
1 24 42 82.51 0.0844 447.6
1 24 13 149.28 0.0591 612.5
1 24 21 72.27 0.1168 926.6
1 24 13 433.89 0.0503 893.7
1 24 41 121.55 0.0683 29.6
1 24 31 117.50 0.0719 71.7
1 24 35 111.40 0.0758 693.4
1 24 39 91.48 0.0873 641.4
1 24 30 393.44 0.0768 868.3
1 24 19 165.83 0.0757 153.5
1 24 31 120.70 0.0722 426.5
1 24 19 65.97 0.0800 195.6
1 24 30 158.71 0.0591 607.9
1 24 38 52.26 0.1047 751.7
1 24 28 156.85 0.0762 404.8
1 24 16 122.47 0.0775 548.5
1 24 35 105.33 0.0816 406.9
1 24 35 61.50 0.1050 382.3
1 24 15 352.83 0.0416 915.4
1 24 36 62.87 0.1057 364.8
1 24 35 77.38 0.1136 643.6
1 24 40 60.60 0.0929 710.5
1 24 25 49.72 0.0944 171.7
1 24 35 82.71 0.0815 682.4
1 24 19 141.85 0.0766 74.1
1 24 13 120.52 0.1213 541.3
1 24 40 208.00 0.0711 476.4
1 24 34 152.67 0.0665 196.3
1 24 25 121.96 0.0401 421.0
1 24 37 63.26 0.1135 528.4
1 24 19 84.67 0.0597 788.1
1 24 27 102.83 0.0678 470.6
1 24 20 54.81 0.0470 491.4
1 24 16 119.44 0.0521 26.5
1 24 40 134.65 0.0584 608.7
1 24 17 104.54 0.1197 475.0
1 24 33 138.12 0.0615 209.3
1 24 40 153.56 0.0760 470.1
1 24 40 89.13 0.0780 511.3
1 24 37 417.94 0.0450 742.6
1 24 42 222.43 0.0618 246.6
1 24 29 190.81 0.0558 533.8
1 24 23 70.55 0.0562 601.0
1 24 39 71.77 0.0878 484.4
1 24 33 86.23 0.0966 325.9
1 24 14 106.60 0.1050 650.3
1 24 28 141.08 0.0639 14.7
1 24 26 172.91 0.0867 89.3
1 24 21 109.28 0.0724 331.4
1 24 32 52.07 0.0961 643.5
1 24 29 83.86 0.0902 662.7
1 24 43 100.30 0.0665 846.6
1 24 23 84.31 0.0521 873.5
1 24 27 117.18 0.0883 362.6
1 24 24 151.47 0.0624 761.0
1 24 23 49.41 0.1456 661.4
1 24 22 73.51 0.0590 355.5
1 24 28 119.93 0.0722 826.4
1 24 37 206.27 0.0841 636.9
1 24 23 58.29 0.1175 72.9
1 24 14 62.65 0.1201 421.1
1 24 13 75.22 0.1417 491.0
1 24 21 120.36 0.0850 455.7
1 24 23 108.07 0.0798 313.7
1 24 39 108.46 0.0753 894.0
1 24 42 121.95 0.0842 311.5
1 24 21 49.84 0.0822 939.6
1 24 35 86.57 0.1111 135.8
1 24 32 191.62 0.0633 229.1
1 24 40 161.16 0.0730 498.9
1 24 38 98.87 0.0871 485.4
1 24 30 75.76 0.0605 385.6
1 24 22 102.24 0.0859 752.0
1 24 21 105.08 0.0780 19.7
1 24 41 101.51 0.0732 669.5
1 24 39 264.67 0.0740 33.5
1 24 30 57.82 0.1147 669.0
1 24 43 168.30 0.0815 883.8
1 24 33 48.06 0.0981 751.6
1 24 37 190.76 0.0541 795.3
1 24 36 83.77 0.0706 629.0
1 24 17 140.29 0.0849 282.0
1 24 40 93.99 0.1104 218.7
1 24 42 82.51 0.0888 447.5
1 24 23 85.70 0.0920 62.8
1 24 16 160.66 0.1157 14.5
1 24 35 139.08 0.0774 245.6
1 24 16 45.59 0.1326 262.0
1 24 13 53.40 0.0510 530.8
1 24 23 1234.44 0.1178 55.9
1 24 34 52.96 0.0951 21.3
1 24 16 94.93 0.0297 318.7
1 24 31 189.29 0.0731 816.6
1 24 36 92.10 0.1002 552.8
1 24 30 58.40 0.1092 600.4
1 24 25 130.61 0.0707 546.6
1 24 31 100.91 0.0930 785.9
1 24 16 46.61 0.1121 736.0
1 24 36 170.19 0.0630 428.5
1 24 32 63.13 0.1089 654.0
1 24 19 151.61 0.0812 260.5
1 24 26 53.04 0.0863 382.1
1 24 36 112.71 0.0845 512.4
1 24 31 129.97 0.0592 874.3
1 24 45 323.54 0.0684 438.5
1 24 32 115.49 0.0657 379.5
1 24 30 283.69 0.0580 42.9
1 24 38 98.99 0.0629 469.2
1 24 20 67.03 0.0674 576.5
1 24 16 81.18 0.0781 887.7
1 24 22 105.49 0.0485 334.2
1 24 13 277.86 0.0784 296.9
1 24 30 269.23 0.0553 882.3
1 24 23 101.36 0.0749 511.9
1 24 15 46.54 0.1740 953.8
1 24 33 101.54 0.0787 674.7
1 24 32 147.01 0.0732 499.0
1 24 40 130.43 0.0922 634.6
1 24 33 85.74 0.1173 21.9
1 24 17 172.04 0.0658 399.8
1 24 23 305.55 0.0640 698.5
1 24 16 295.20 0.0496 591.3
1 24 26 267.03 0.0616 791.7
1 24 27 132.31 0.0653 622.2
1 24 30 77.06 0.0663 863.3
1 24 25 117.65 0.0790 668.3
1 24 22 80.12 0.1039 924.7
1 24 33 164.07 0.0599 891.3
1 24 30 179.65 0.0624 15.9
1 24 16 91.68 0.0864 646.0
1 24 32 51.68 0.1151 667.1
1 24 16 72.63 0.0978 928.9
1 24 29 71.84 0.0984 750.0
1 24 17 47.03 0.0437 616.9
1 24 17 66.67 0.0640 676.8
1 24 27 266.21 0.0447 924.2
1 24 38 170.84 0.0585 562.2
1 24 18 63.79 0.1084 861.7
1 24 37 93.18 0.0807 389.0
1 24 44 226.12 0.0531 643.1
1 24 37 86.22 0.0852 790.5
1 24 41 81.87 0.0727 701.1
1 24 39 193.07 0.0855 352.7
1 24 36 46.11 0.1169 465.2
1 24 35 173.92 0.0560 186.6
1 24 18 230.98 0.0466 42.9
1 24 26 75.81 0.0975 604.2
1 24 26 82.93 0.0621 528.9
1 24 25 99.68 0.0649 522.2
1 24 34 119.31 0.0745 759.7
1 24 19 112.81 0.0832 646.7
1 24 31 117.66 0.0542 355.3
1 24 24 61.54 0.0862 63.4
1 24 35 99.14 0.0936 169.5
1 24 25 58.58 0.0605 436.0
1 24 30 63.70 0.0752 95.0
1 24 23 659.24 0.1034 459.5
1 24 36 159.64 0.0700 389.1
1 24 32 171.85 0.0636 210.3
1 24 20 126.86 0.0805 517.4
1 24 30 96.86 0.1319 54.5
1 24 33 193.84 0.0569 70.8
1 24 35 172.20 0.0547 189.9
1 24 30 295.45 0.0403 467.8
1 24 18 98.80 0.1094 432.7
1 24 37 143.49 0.0631 676.8
1 24 39 105.79 0.0798 633.2
1 24 29 169.17 0.0697 597.2
1 24 32 200.47 0.0564 717.8
1 24 36 105.20 0.0751 372.9
1 24 31 186.74 0.0561 356.2
1 24 39 74.11 0.0958 756.6
1 24 22 45.46 0.0771 421.0
1 24 23 56.21 0.0594 363.7
1 24 18 55.92 0.0587 54.9
1 24 22 92.41 0.0614 499.3
1 24 21 386.47 0.1171 654.8
1 24 25 66.67 0.0644 672.6
1 24 28 135.60 0.0491 762.3
1 24 37 170.88 0.0744 722.8
1 24 29 60.56 0.0662 585.4
1 24 33 137.90 0.0652 746.6
1 24 30 95.40 0.0871 364.9
1 24 34 61.04 0.1357 613.6
1 24 15 51.90 0.1002 513.2
1 24 32 134.53 0.0756 684.5
1 24 17 98.88 0.0653 939.3
1 24 20 451.09 0.0785 893.8
1 24 32 211.34 0.0637 356.0
1 24 34 110.63 0.0544 473.0
1 24 31 222.54 0.0805 903.1
1 24 34 119.21 0.0822 597.3
1 24 34 77.34 0.0955 465.7
1 24 35 262.97 0.0625 378.2
1 24 22 151.88 0.0849 342.3
1 24 35 70.94 0.1242 501.0
1 24 17 153.43 0.0429 237.6
1 24 22 219.03 0.0475 908.3
1 24 13 55.84 0.1465 41.6
1 24 28 50.54 0.0728 48.0
1 24 32 159.89 0.0814 121.6
1 24 15 121.59 0.0370 567.1
1 24 18 111.14 0.0598 467.2
1 24 30 47.41 0.1012 21.4
1 24 25 48.38 0.0882 852.0
1 24 37 302.54 0.0868 214.0
1 24 30 204.53 0.0599 43.5
1 24 38 139.94 0.0798 291.4
1 24 17 56.88 0.0992 515.4
1 24 35 95.89 0.0791 655.0
1 24 20 78.09 0.0503 98.5
1 24 21 105.82 0.0421 896.7
1 24 34 138.24 0.0878 776.0
1 24 36 69.80 0.1242 354.4
1 24 16 58.59 0.0481 40.0
1 24 41 65.18 0.1050 675.3
1 24 18 139.48 0.0598 662.4
1 24 18 94.50 0.0809 310.2
1 24 30 138.75 0.0775 403.8
1 24 31 86.33 0.1163 695.5
1 24 40 102.94 0.0935 528.6
1 24 31 55.57 0.1308 749.5
1 24 32 119.59 0.1074 589.2
1 24 22 60.68 0.0898 554.6
1 24 13 48.40 0.1560 523.7
1 24 14 248.14 0.0848 230.8
1 24 18 101.74 0.0356 740.3
1 24 26 165.51 0.0674 877.9
1 24 18 283.18 0.0653 219.3
1 24 38 151.28 0.0668 790.2
1 24 37 208.46 0.0846 778.6
1 24 16 187.81 0.0635 176.5
1 24 24 94.87 0.0814 327.8
1 24 23 89.02 0.0702 174.3
1 24 26 139.46 0.0704 82.7
1 24 30 69.44 0.1123 692.2
1 24 38 73.07 0.0998 689.0
1 24 32 55.88 0.1258 728.3
1 24 25 84.51 0.0980 784.7
1 24 20 60.14 0.0957 595.1
1 24 33 106.29 0.0961 216.5
1 24 18 90.03 0.0394 825.0
1 24 17 84.04 0.0538 62.7
1 24 20 275.87 0.0685 230.4
1 24 14 494.05 0.0995 467.9
1 24 18 202.22 0.0671 919.0
1 24 24 72.71 0.1169 370.5
1 24 16 110.36 0.0885 491.5
1 24 18 71.41 0.1230 563.2
1 24 19 119.88 0.0571 216.1
1 24 20 92.03 0.0910 349.7
1 24 31 371.22 0.0465 391.5
1 24 14 73.86 0.0662 486.5
1 24 13 127.98 0.1253 513.5
1 24 13 73.47 0.0408 759.3
1 24 16 238.53 0.0356 925.3
1 24 34 96.27 0.0598 252.1
1 24 38 78.07 0.0677 577.7
1 24 15 105.86 0.0509 328.6
1 24 17 53.76 0.0819 930.5
1 24 32 73.91 0.0999 209.2
1 24 16 97.99 0.0322 480.4
1 24 18 176.22 0.0740 664.0
1 24 23 392.97 0.0925 556.8
1 24 18 181.06 0.0927 113.0
1 24 22 117.90 0.0719 511.8
1 24 31 53.04 0.0750 325.3
1 24 19 53.56 0.1244 885.0
1 24 22 45.18 0.1061 495.1
1 24 16 60.92 0.0808 625.4
1 24 18 60.12 0.1063 932.1
1 24 17 92.30 0.0431 654.6
1 24 20 94.50 0.0797 709.1
1 24 13 53.45 0.0917 544.8
1 24 15 50.62 0.1069 935.3
1 24 13 272.31 0.1645 891.0
1 24 13 105.74 0.0385 633.3
1 24 17 47.75 0.1268 147.6
1 24 20 61.77 0.1127 675.0
1 24 15 64.77 0.0683 328.1
1 24 17 63.46 0.1253 574.6
1 24 30 45.07 0.1355 407.4
1 24 29 57.45 0.0878 71.5
1 24 15 80.05 0.1298 172.7
1 24 29 56.24 0.1292 528.0
1 24 14 70.23 0.0934 919.9
1 24 21 49.54 0.0880 484.2
1 24 17 89.01 0.0642 828.4
1 24 24 102.90 0.1039 516.7
1 24 20 193.19 0.0553 232.5
1 24 18 154.69 0.0601 414.9
1 24 17 55.06 0.0430 926.6
1 24 31 312.12 0.0560 852.3
1 24 31 48.03 0.1076 824.7
1 24 29 201.82 0.0610 706.5
1 24 24 106.38 0.0649 729.7
1 24 17 71.09 0.0924 336.3
1 24 20 202.60 0.0577 829.6
1 24 28 85.78 0.0711 227.7
1 24 15 48.33 0.0675 944.5
1 24 18 940.13 0.0462 752.4
1 24 15 48.98 0.0980 630.9
1 24 13 154.81 0.0857 526.7
1 24 24 117.46 0.0721 518.4
1 24 17 136.70 0.0508 838.2
1 24 17 1431.06 0.0579 222.8
1 24 16 59.78 0.0494 322.5
1 24 19 48.87 0.0632 473.5
1 24 16 66.03 0.0647 841.3
1 24 17 48.62 0.0636 201.6
1 24 24 147.10 0.0884 43.4
1 24 16 50.48 0.1027 572.2
1 24 27 50.78 0.1340 373.9
1 24 30 47.93 0.1563 428.5
1 24 17 726.59 0.0925 192.5
1 24 25 56.08 0.1215 25.9
1 24 14 62.36 0.1494 568.1
1 24 25 74.98 0.1010 76.8
1 24 13 198.33 0.1456 35.1
1 24 14 45.24 0.0579 487.6
1 24 23 287.05 0.0678 830.1
1 24 13 55.71 0.0768 335.0
1 24 15 68.26 0.1447 203.9
1 25 27 117.83 0.0882 667.9
1 25 30 83.39 0.0790 110.8
1 25 29 668.14 0.0657 371.3
1 25 20 96.31 0.0636 61.2
1 25 15 107.64 0.0852 929.2
1 25 28 148.58 0.0681 103.0
1 25 35 160.17 0.0715 384.4
1 25 25 62.08 0.1220 529.9
1 25 27 90.40 0.0644 157.6
1 25 27 75.67 0.0888 216.7
1 25 21 106.62 0.0788 267.8
1 25 15 48.41 0.0903 599.9
1 25 20 87.12 0.0717 921.4
1 25 14 66.80 0.0923 518.2
1 25 33 206.81 0.0659 676.6
1 25 36 184.70 0.0748 701.9
1 25 17 67.42 0.1219 242.5
1 25 22 82.89 0.0781 720.8
1 25 24 79.23 0.0933 536.5
1 25 33 64.19 0.1545 281.7
1 25 17 48.75 0.0975 106.0
1 25 41 92.61 0.0902 690.4
1 25 28 207.70 0.0689 156.4
1 25 32 233.77 0.0727 801.5
1 25 24 197.73 0.0662 741.3
1 25 26 95.86 0.0789 92.9
1 25 25 90.15 0.0376 588.9
1 25 35 113.10 0.0783 682.8
1 25 23 98.70 0.0981 187.4
1 25 16 45.95 0.1259 160.4
1 25 25 91.34 0.0822 566.1
1 25 15 57.85 0.1203 52.9
1 25 29 52.53 0.1131 411.9
1 25 17 63.43 0.1039 414.8
1 25 21 53.27 0.0728 261.2
1 25 41 60.67 0.0550 706.7
1 25 31 220.67 0.0783 708.6
1 25 28 57.45 0.1140 462.8
1 25 31 108.46 0.1080 729.0
1 25 16 289.36 0.0794 932.1
1 25 23 105.29 0.0651 96.0
1 25 25 62.68 0.0898 51.6
1 25 18 78.02 0.1032 528.4
1 25 24 76.92 0.1330 510.0
1 25 27 153.53 0.0859 356.8
1 25 16 57.55 0.0672 344.4
1 25 26 91.69 0.1086 135.1
1 25 24 225.80 0.0512 122.8
1 25 25 154.40 0.0690 76.1
1 25 23 184.11 0.0271 246.6
1 25 30 138.46 0.0644 143.7
1 25 35 195.60 0.0796 823.3
1 25 16 91.31 0.0331 552.2
1 25 30 53.06 0.1204 698.2
1 25 35 77.28 0.0698 44.3
1 25 17 57.65 0.0434 915.4
1 25 38 159.18 0.0653 766.4
1 25 40 102.79 0.1186 166.2
1 25 16 185.75 0.0674 905.7
1 25 24 46.59 0.1520 177.6
1 25 22 56.36 0.0954 171.5
1 25 33 212.67 0.0557 740.9
1 25 34 98.50 0.0659 185.7
1 25 29 62.58 0.1063 128.9
1 25 24 106.09 0.0628 367.0
1 25 19 99.02 0.0570 195.3
1 25 18 54.81 0.0691 660.2
1 25 16 181.63 0.0716 939.6
1 25 24 126.92 0.0462 39.0
1 25 17 58.93 0.0362 373.4
1 25 19 86.25 0.0950 484.8
1 25 19 64.72 0.0826 912.1
1 25 27 83.65 0.0867 671.2
1 25 27 142.88 0.0712 792.7
1 25 25 78.48 0.0663 451.8
1 25 38 117.20 0.0995 720.9
1 25 31 79.35 0.0811 774.7
1 25 19 78.30 0.1002 727.0
1 25 17 152.70 0.0579 236.3
1 25 29 94.83 0.0733 651.4
1 25 23 66.72 0.0970 498.6
1 25 25 66.97 0.1174 491.3
1 25 20 46.06 0.0730 138.0
1 25 21 74.83 0.1548 259.9
1 25 42 132.38 0.0669 546.6
1 25 19 124.83 0.0387 29.3
1 25 13 82.67 0.1353 39.0
1 25 39 323.40 0.0550 716.1
1 25 28 128.41 0.1021 252.9
1 25 30 262.88 0.0716 371.3
1 25 35 346.72 0.0404 192.6
1 25 33 45.99 0.0969 922.6
1 25 27 128.41 0.0591 652.1
1 25 25 46.05 0.1380 98.9
1 25 25 52.89 0.1239 81.9
1 25 18 84.30 0.0641 401.6
1 25 27 64.96 0.1029 741.5
1 25 21 160.91 0.0584 630.7
1 25 21 50.59 0.1094 97.4
1 25 38 168.48 0.1015 577.9
1 25 38 62.81 0.1103 225.1
1 25 27 56.77 0.0684 712.9
1 25 24 163.24 0.0705 433.7
1 25 15 60.85 0.0404 780.1
1 25 23 75.09 0.0730 371.8
1 25 27 53.34 0.1210 636.0
1 25 29 70.35 0.1008 81.9
1 25 13 52.48 0.0755 651.0
1 25 17 62.32 0.1206 304.9
1 25 25 53.48 0.1035 295.1
1 25 40 338.09 0.0600 666.6
1 25 37 54.71 0.1192 319.9
1 25 20 347.88 0.0283 624.4
1 25 16 59.39 0.0777 218.1
1 25 17 68.76 0.0761 202.7
1 25 23 215.36 0.0531 98.1
1 25 22 167.64 0.0499 907.5
1 25 34 47.14 0.1135 542.6
1 25 38 64.58 0.1155 179.5
1 25 42 133.19 0.0733 670.4
1 25 15 89.81 0.1143 98.6
1 25 26 50.31 0.0821 89.2
1 25 42 184.03 0.0676 370.4
1 25 19 62.21 0.0652 23.0
1 25 45 158.01 0.0734 416.7
1 25 35 172.30 0.0679 682.5
1 25 24 270.05 0.0597 593.0
1 25 45 334.16 0.0808 555.7
1 25 23 88.54 0.0690 360.6
1 25 16 64.29 0.1232 143.9
1 25 19 143.21 0.1029 394.1
1 25 27 316.62 0.0763 752.9
1 25 39 75.23 0.1005 676.7
1 25 15 56.17 0.1406 96.5
1 25 30 100.01 0.0621 382.4
1 25 30 49.09 0.0676 167.1
1 25 34 132.83 0.0806 751.0
1 25 39 104.32 0.0805 777.0
1 25 35 131.81 0.1002 786.3
1 25 39 75.56 0.0918 102.9
1 25 35 190.84 0.0757 505.3
1 25 21 119.72 0.0789 669.7
1 25 35 221.13 0.0619 685.5
1 25 20 69.52 0.0694 870.8
1 25 13 49.48 0.1024 127.3
1 25 14 149.78 0.1143 60.4
1 25 25 50.31 0.1168 587.6
1 25 30 93.13 0.1006 210.4
1 25 39 154.16 0.0850 119.6
1 25 33 104.52 0.0925 109.3
1 25 13 84.58 0.0966 170.7
1 25 13 223.14 0.1475 155.9
1 25 14 85.38 0.1128 408.7
1 25 37 163.32 0.0839 779.2
1 25 21 136.05 0.0481 69.8
1 25 35 51.55 0.0916 401.0
1 25 27 55.90 0.0874 783.1
1 25 26 89.31 0.0779 531.9
1 25 35 100.70 0.0777 713.6
1 25 13 80.35 0.1192 209.7
1 25 40 201.18 0.0554 668.4
1 25 42 255.11 0.0608 618.7
1 25 28 48.35 0.0752 491.1
1 25 34 152.28 0.0640 549.4
1 25 13 45.17 0.1137 240.4
1 25 37 96.25 0.0991 206.0
1 25 27 139.64 0.0810 93.7
1 25 16 127.26 0.0452 428.3
1 25 37 61.72 0.0874 44.0
1 25 33 86.77 0.1069 231.5
1 25 40 98.13 0.0763 295.5
1 25 20 180.06 0.0806 383.9
1 25 36 113.36 0.0728 367.6
1 25 20 86.62 0.0518 410.5
1 25 37 85.03 0.1014 612.3
1 25 23 152.85 0.0461 361.7
1 25 31 52.20 0.1227 285.7
1 25 30 56.48 0.1154 652.0
1 25 24 87.54 0.0607 918.2
1 25 37 260.70 0.0634 168.2
1 25 34 67.50 0.1015 63.6
1 25 35 164.79 0.0738 669.1
1 25 30 149.98 0.0690 252.7
1 25 19 149.07 0.0554 25.4
1 25 35 65.96 0.0900 359.3
1 25 26 60.68 0.0778 446.3
1 25 37 134.02 0.0605 122.9
1 25 39 81.22 0.0947 705.9
1 25 22 78.60 0.0587 354.1
1 25 30 146.23 0.0641 253.2
1 25 31 48.96 0.1198 663.8
1 25 30 198.38 0.0837 640.4
1 25 24 54.82 0.1158 948.9
1 25 21 98.00 0.0780 324.1
1 25 41 201.61 0.0551 657.0
1 25 35 86.39 0.1082 784.0
1 25 46 190.26 0.0553 713.8
1 25 32 55.00 0.1430 786.6
1 25 44 209.63 0.0616 765.0
1 25 41 76.14 0.0958 232.4
1 25 18 85.02 0.0429 635.3
1 25 26 111.68 0.0728 916.4
1 25 40 80.81 0.0856 193.7
1 25 20 96.18 0.1038 370.3
1 25 40 200.98 0.0699 331.6
1 25 43 64.44 0.0934 651.2
1 25 25 108.11 0.0910 528.3
1 25 34 227.07 0.0560 650.7
1 25 25 80.76 0.0801 545.8
1 25 27 72.55 0.0938 647.1
1 25 26 140.02 0.0760 75.3
1 25 23 104.20 0.1140 122.0
1 25 13 77.13 0.0837 227.4
1 25 24 96.75 0.0800 139.5
1 25 29 202.39 0.0847 612.0
1 25 39 127.81 0.0851 423.2
1 25 41 49.57 0.1034 449.8
1 25 31 545.65 0.0425 375.1
1 25 20 124.39 0.1352 822.7
1 25 33 86.37 0.1045 595.6
1 25 37 108.69 0.0670 659.2
1 25 16 127.48 0.0747 379.5
1 25 37 69.23 0.1195 168.9
1 25 30 63.06 0.1212 443.4
1 25 42 112.46 0.1137 382.7
1 25 16 108.54 0.0398 51.1
1 25 23 48.61 0.1264 168.9
1 25 36 141.52 0.0780 787.9
1 25 32 162.89 0.0744 269.5
1 25 30 78.63 0.0936 332.1
1 25 32 127.56 0.0662 733.3
1 25 33 58.39 0.1307 144.8
1 25 41 104.52 0.0698 519.1
1 25 23 150.04 0.0589 359.6
1 25 18 376.09 0.0584 610.8
1 25 39 110.76 0.0759 309.4
1 25 17 45.54 0.0761 746.8
1 25 18 58.40 0.0987 510.6
1 25 32 118.20 0.0717 599.4
1 25 19 68.48 0.1286 805.2
1 25 15 128.76 0.0524 757.8
1 25 14 55.92 0.1700 497.7
1 25 34 294.28 0.0933 509.7
1 25 42 178.14 0.0723 163.8
1 25 29 58.56 0.0761 205.6
1 25 25 159.39 0.0546 614.0
1 25 35 50.42 0.1063 672.2
1 25 39 87.35 0.0785 747.9
1 25 18 126.27 0.0663 223.3
1 25 29 151.02 0.0527 567.6
1 25 28 87.87 0.0735 576.6
1 25 25 102.65 0.0651 918.8
1 25 41 247.90 0.0624 716.5
1 25 37 180.70 0.0831 508.1
1 25 23 57.20 0.1190 523.3
1 25 39 98.49 0.0784 498.3
1 25 34 59.52 0.0991 407.0
1 25 29 64.19 0.0681 197.0
1 25 14 59.08 0.0878 466.0
1 25 30 75.41 0.0961 700.7
1 25 17 61.59 0.0871 503.3
1 25 28 76.08 0.1033 783.1
1 25 19 486.77 0.0563 902.8
1 25 18 429.29 0.0640 680.4
1 25 14 52.08 0.1362 541.4
1 25 38 374.38 0.0516 797.7
1 25 40 75.62 0.0735 751.2
1 25 28 52.02 0.0904 641.7
1 25 44 500.79 0.0639 705.0
1 25 28 118.53 0.0549 482.0
1 25 35 149.02 0.1212 251.5
1 25 38 126.70 0.0715 224.0
1 25 22 180.04 0.0492 570.2
1 25 25 298.31 0.0411 265.3
1 25 38 68.50 0.0971 342.8
1 25 34 103.06 0.0584 440.8
1 25 41 161.27 0.0716 702.0
1 25 24 176.62 0.0424 922.2
1 25 15 105.07 0.0633 705.5
1 25 45 89.00 0.0527 715.5
1 25 26 231.57 0.0615 224.6
1 25 37 50.68 0.1324 490.8
1 25 42 74.53 0.0721 80.0
1 25 16 58.66 0.0518 74.5
1 25 17 246.95 0.0688 275.2
1 25 37 185.55 0.0620 778.5
1 25 36 281.65 0.0452 653.7
1 25 23 65.86 0.0915 340.4
1 25 19 72.60 0.0669 426.8
1 25 29 112.61 0.0624 276.1
1 25 30 50.97 0.0626 147.9
1 25 33 67.31 0.0770 889.7
1 25 17 73.23 0.0563 247.9
1 25 25 86.97 0.0479 643.2
1 25 17 53.72 0.0775 115.4
1 25 43 99.18 0.0679 293.3
1 25 40 65.25 0.1170 183.4
1 25 34 146.96 0.0731 45.0
1 25 40 82.16 0.0883 285.5
1 25 34 214.19 0.0641 740.8
1 25 18 402.02 0.0685 354.7
1 25 42 78.77 0.1118 202.4
1 25 28 87.28 0.0782 771.4
1 25 43 154.69 0.0522 631.5
1 25 32 92.57 0.0855 774.4
1 25 41 46.19 0.1335 50.1
1 25 31 124.51 0.0603 579.6
1 25 25 518.67 0.0732 633.3
1 25 31 204.02 0.0894 509.9
1 25 32 59.34 0.1051 724.3
1 25 23 188.94 0.0550 119.5
1 25 40 50.02 0.0966 570.7
1 25 35 151.87 0.0967 703.8
1 25 23 143.51 0.0410 33.8
1 25 31 47.40 0.0950 726.9
1 25 28 433.19 0.0660 748.9
1 25 26 62.99 0.0808 338.2
1 25 27 89.74 0.0758 472.4
1 25 41 101.21 0.1212 395.0
1 25 31 353.77 0.0488 705.1
1 25 20 900.97 0.0643 526.6
1 25 32 100.49 0.0823 201.8
1 25 35 81.69 0.1048 677.4
1 25 16 376.31 0.0446 935.6
1 25 22 116.31 0.0739 320.5
1 25 35 108.72 0.0603 251.8
1 25 24 57.37 0.0935 447.5
1 25 13 101.43 0.1156 391.1
1 25 19 73.41 0.0690 19.9
1 25 35 89.33 0.0871 91.9
1 25 28 66.52 0.1079 889.0
1 25 34 105.59 0.0900 410.9
1 25 17 55.44 0.0575 93.4
1 25 18 52.95 0.0616 661.1
1 25 22 78.56 0.0858 85.0
1 25 25 95.27 0.0976 30.3
1 25 17 215.75 0.0494 932.7
1 25 34 89.20 0.0871 771.4
1 25 16 112.03 0.0795 551.2
1 25 17 106.56 0.1007 630.8
1 25 18 50.74 0.0965 597.7
1 25 23 45.36 0.1285 87.2
1 25 28 76.11 0.0908 143.0
1 25 29 79.71 0.0880 384.0
1 25 16 98.86 0.0618 560.5
1 25 20 48.85 0.1330 710.5
1 25 15 49.67 0.1063 169.6
1 25 15 46.39 0.1493 640.5
1 25 18 146.05 0.0541 379.1
1 25 16 151.93 0.0304 198.5
1 25 14 81.52 0.0799 74.9
1 25 22 97.92 0.1191 62.5
1 25 14 262.70 0.1137 143.6
1 25 18 123.18 0.0415 298.0
1 25 14 58.33 0.1342 306.9
1 25 27 123.22 0.0975 90.2
1 25 19 66.94 0.1154 45.8
1 25 13 243.92 0.0561 607.5
1 25 33 53.76 0.1417 713.4
1 25 27 239.93 0.0629 623.3
1 25 33 175.30 0.0768 710.0
1 25 16 315.71 0.0543 415.5
1 25 39 193.39 0.0734 133.5
1 25 13 379.15 0.0862 59.5
1 25 17 73.85 0.0556 55.9
1 25 20 53.38 0.1339 914.7
1 25 14 205.67 0.0837 75.4
1 25 17 52.34 0.0969 509.6
1 25 26 71.52 0.0944 179.1
1 25 14 206.35 0.0554 375.0
1 25 30 83.42 0.0710 654.7
1 25 22 129.40 0.0488 647.0
1 25 13 45.19 0.0333 699.2
1 25 30 46.57 0.0956 501.1
1 25 18 64.81 0.0556 319.0
1 25 15 46.19 0.1343 725.9
1 25 19 77.62 0.0656 604.0
1 26 38 92.36 0.1034 127.6
1 26 23 292.92 0.0684 380.8
1 26 24 84.14 0.0611 571.7
1 26 29 98.33 0.0996 213.6
1 26 27 419.76 0.0537 105.9
1 26 25 81.61 0.1189 710.1
1 26 32 98.68 0.0786 65.4
1 26 27 222.45 0.0697 740.5
1 26 25 115.35 0.0953 78.9
1 26 30 174.31 0.0976 66.3
1 26 16 75.77 0.0964 531.5
1 26 18 82.86 0.0433 801.8
1 26 31 87.61 0.1012 930.8
1 26 16 86.41 0.0679 908.4
1 26 15 115.73 0.0533 141.0
1 26 14 80.87 0.1252 108.5
1 26 17 102.37 0.0655 900.6
1 26 19 148.72 0.0609 416.0
1 26 13 57.95 0.1325 7.0
1 26 38 85.05 0.1005 946.5
1 26 23 71.66 0.1040 349.5
1 26 28 60.51 0.1169 521.4
1 26 25 256.56 0.0690 132.4
1 26 23 55.41 0.0616 58.3
1 26 41 75.40 0.1096 596.3
1 26 36 88.47 0.1145 123.4
1 26 35 88.37 0.0751 414.9
1 26 22 187.21 0.0528 281.8
1 26 37 62.78 0.0779 421.5
1 26 40 52.14 0.1020 375.5
1 26 34 62.43 0.1173 531.5
1 26 28 50.40 0.1199 51.3
1 26 25 109.49 0.0568 360.9
1 26 22 169.67 0.0690 719.7
1 26 23 84.67 0.1061 418.0
1 26 20 131.87 0.0530 571.0
1 26 19 51.25 0.1291 709.0
1 26 17 315.93 0.1230 55.7
1 26 34 115.21 0.0996 794.5
1 26 33 245.80 0.0675 417.9
1 26 25 81.92 0.0837 446.2
1 26 19 96.31 0.0725 326.1
1 26 21 61.39 0.0716 819.8
1 26 36 177.42 0.0741 511.4
1 26 33 67.62 0.1131 206.8
1 26 31 67.10 0.0972 517.2
1 26 20 51.58 0.0472 418.3
1 26 41 306.99 0.0670 405.7
1 26 36 79.74 0.0761 183.6
1 26 17 125.93 0.0928 531.9
1 26 42 204.16 0.0729 158.7
1 26 43 89.59 0.0622 656.1
1 26 22 194.94 0.1516 487.2
1 26 29 251.07 0.0516 398.9
1 26 16 74.08 0.0855 28.1
1 26 31 50.61 0.1135 193.4
1 26 17 106.78 0.1481 182.2
1 26 29 151.34 0.0628 613.9
1 26 18 90.37 0.0825 480.4
1 26 26 81.90 0.0791 465.6
1 26 26 117.72 0.0964 61.9
1 26 36 147.43 0.0534 369.3
1 26 26 82.54 0.1125 47.5
1 26 24 56.92 0.0994 179.5
1 26 19 111.57 0.0425 322.8
1 26 33 115.88 0.0795 114.4
1 26 37 89.90 0.0822 60.1
1 26 36 280.51 0.0607 749.0
1 26 13 532.75 0.1126 475.8
1 26 31 143.81 0.0786 386.6
1 26 28 75.84 0.0977 349.3
1 26 19 46.46 0.1233 111.2
1 26 44 171.44 0.0690 791.6
1 26 32 92.46 0.0869 912.3
1 26 35 249.60 0.0504 678.6
1 26 25 47.25 0.1162 597.7
1 26 43 194.20 0.0704 343.7
1 26 39 138.13 0.0583 942.0
1 26 38 82.93 0.0593 869.7
1 26 26 230.96 0.0529 15.7
1 26 30 144.38 0.0863 430.1
1 26 26 71.31 0.0876 140.2
1 26 32 46.17 0.0840 110.9
1 26 22 180.92 0.0574 373.0
1 26 33 431.05 0.0589 31.8
1 26 36 120.44 0.0763 351.6
1 26 16 150.80 0.0782 76.2
1 26 24 55.85 0.0986 263.6
1 26 32 51.95 0.1047 162.7
1 26 40 248.00 0.0549 71.1
1 26 22 178.61 0.0714 924.8
1 26 13 197.63 0.0416 470.4
1 26 31 460.48 0.0587 159.7
1 26 26 225.78 0.1206 137.6
1 26 29 169.13 0.0948 54.4
1 26 26 121.24 0.0831 37.3
1 26 20 129.02 0.0462 809.4
1 26 26 48.12 0.1225 35.5
1 26 28 85.13 0.0547 123.1
1 26 18 99.89 0.0454 137.5
1 26 19 245.31 0.0549 40.2
1 26 29 85.83 0.0813 665.0
1 26 20 55.52 0.1207 127.0
1 26 31 94.20 0.0947 503.2
1 26 16 82.25 0.1241 313.0
1 26 21 67.38 0.0653 270.7
1 26 13 691.16 0.1228 427.3
1 26 34 109.25 0.0848 902.3
1 26 32 77.05 0.1071 453.4
1 26 38 221.83 0.0627 287.9
1 26 27 101.11 0.0455 293.7
1 26 24 82.41 0.0884 64.1
1 26 33 139.28 0.0765 376.3
1 26 27 159.43 0.0678 793.0
1 26 16 78.41 0.0876 764.6
1 26 23 210.36 0.0447 37.2
1 26 17 76.26 0.0468 438.3
1 26 25 153.08 0.0603 411.8
1 26 33 185.42 0.0920 290.0
1 26 42 157.45 0.0600 203.8
1 26 28 66.30 0.1096 468.8
1 26 34 53.82 0.1277 441.7
1 26 16 55.47 0.1005 216.9
1 26 32 132.58 0.0719 222.3
1 26 26 53.81 0.1043 251.0
1 26 18 71.04 0.0792 434.1
1 26 32 404.00 0.0550 460.4
1 26 34 62.55 0.0653 418.5
1 26 25 114.50 0.0580 798.5
1 26 26 78.36 0.0904 804.9
1 26 22 88.71 0.1159 8.2
1 26 39 174.63 0.0814 33.5
1 26 20 361.27 0.1261 480.7
1 26 36 111.29 0.1066 502.5
1 26 38 115.45 0.0800 91.1
1 26 34 103.49 0.0818 607.1
1 26 31 65.37 0.1116 797.6
1 26 29 72.75 0.0992 787.9
1 26 19 58.97 0.0925 819.0
1 26 22 70.60 0.0716 170.0
1 26 27 248.10 0.0723 780.6
1 26 34 146.49 0.0769 429.0
1 26 34 53.78 0.0776 368.5
1 26 37 174.12 0.0750 240.5
1 26 45 149.99 0.0509 933.7
1 26 14 107.11 0.0451 274.3
1 26 25 61.41 0.1211 420.2
1 26 39 139.12 0.0755 754.4
1 26 23 100.12 0.0909 377.7
1 26 28 349.98 0.0475 70.2
1 26 35 164.00 0.0705 415.0
1 26 36 138.21 0.0699 141.6
1 26 42 196.27 0.0672 71.0
1 26 15 73.65 0.1257 555.6
1 26 36 87.96 0.1026 945.6
1 26 37 51.99 0.1000 388.2
1 26 17 48.07 0.0606 35.2
1 26 31 113.70 0.0646 591.3
1 26 22 69.59 0.0772 919.7
1 26 22 137.37 0.0643 915.2
1 26 27 55.70 0.1042 388.6
1 26 24 176.59 0.0983 513.8
1 26 24 123.44 0.0908 524.3
1 26 42 56.30 0.1115 75.1
1 26 13 75.10 0.0903 922.7
1 26 39 190.45 0.0605 36.8
1 26 29 156.14 0.0943 135.8
1 26 17 52.81 0.1014 14.7
1 26 21 163.84 0.0529 57.5
1 26 31 129.14 0.0616 487.9
1 26 16 48.61 0.1263 144.0
1 26 17 128.38 0.0786 297.8
1 26 23 130.54 0.0841 77.6
1 26 18 165.75 0.0987 418.0
1 26 15 225.16 0.0486 327.9
1 26 27 116.21 0.0669 17.5
1 26 35 62.60 0.1258 379.4
1 26 20 90.46 0.0791 130.3
1 26 41 171.59 0.0553 419.9
1 26 32 233.55 0.0620 198.4
1 26 15 81.69 0.1234 68.2
1 26 35 66.31 0.0727 481.8
1 26 22 48.60 0.1103 63.3
1 26 23 105.76 0.0577 48.4
1 26 27 48.92 0.1008 728.7
1 26 16 121.60 0.0625 181.4
1 26 41 175.85 0.0705 665.1
1 26 16 175.27 0.0657 30.8
1 26 18 161.42 0.0657 606.1
1 26 35 87.92 0.0999 853.6
1 26 20 148.94 0.0630 542.4
1 26 31 56.36 0.1149 756.2
1 26 33 49.01 0.1056 397.6
1 26 20 91.72 0.0372 670.8
1 26 37 80.36 0.1050 662.8
1 26 46 49.70 0.0625 911.3
1 26 36 50.19 0.1113 493.6
1 26 25 100.35 0.0755 369.4
1 26 36 121.34 0.0713 250.0
1 26 36 53.87 0.1069 844.3
1 26 26 53.17 0.0909 155.0
1 26 24 93.36 0.0678 399.1
1 26 19 86.17 0.0846 679.8
1 26 16 56.48 0.0768 45.5
1 26 36 238.02 0.0591 794.3
1 26 43 83.56 0.0879 500.0
1 26 28 56.17 0.1188 828.7
1 26 24 124.46 0.0607 261.7
1 26 33 92.94 0.0934 105.6
1 26 42 169.93 0.0655 63.0
1 26 22 68.56 0.0818 446.6
1 26 18 282.69 0.0343 25.2
1 26 20 136.19 0.0656 758.4
1 26 36 151.70 0.0976 146.2
1 26 34 85.36 0.1015 802.6
1 26 21 72.81 0.0881 249.3
1 26 41 146.83 0.0574 406.2
1 26 23 99.28 0.0737 28.2
1 26 15 91.70 0.0914 190.8
1 26 19 63.46 0.0843 391.1
1 26 38 66.19 0.0925 364.7
1 26 34 110.67 0.0964 303.3
1 26 29 54.27 0.1178 312.8
1 26 18 123.27 0.1247 503.9
1 26 21 88.30 0.0782 782.7
1 26 35 233.33 0.0730 53.2
1 26 36 54.84 0.1111 501.1
1 26 35 174.42 0.0686 154.0
1 26 24 198.99 0.0511 919.6
1 26 32 183.98 0.0644 489.5
1 26 14 58.41 0.1591 245.6
1 26 45 72.03 0.0725 531.8
1 26 38 65.44 0.1202 31.8
1 26 24 46.22 0.0883 172.9
1 26 41 190.40 0.0601 447.8
1 26 17 210.68 0.0854 923.9
1 26 21 188.94 0.0640 752.5
1 26 39 97.09 0.0662 626.9
1 26 14 91.14 0.0487 58.4
1 26 28 101.24 0.0612 278.8
1 26 38 102.33 0.0793 171.9
1 26 32 155.00 0.0614 624.0
1 26 36 65.91 0.1106 530.3
1 26 43 113.71 0.0807 416.0
1 26 30 107.42 0.0709 18.8
1 26 43 69.33 0.0659 823.0
1 26 38 705.60 0.0885 65.2
1 26 42 59.25 0.0961 304.7
1 26 35 47.99 0.1012 800.7
1 26 38 110.82 0.1099 66.3
1 26 23 175.63 0.0537 425.3
1 26 42 72.65 0.0859 901.4
1 26 25 69.88 0.0739 166.6
1 26 16 133.53 0.0579 748.7
1 26 14 285.08 0.0569 17.7
1 26 20 224.28 0.0458 371.2
1 26 29 109.32 0.0648 76.5
1 26 36 158.57 0.0591 292.1
1 26 33 88.35 0.0798 50.0
1 26 28 82.93 0.0589 816.2
1 26 32 68.11 0.0925 385.7
1 26 41 205.05 0.0610 402.3
1 26 17 431.61 0.0337 48.9
1 26 14 832.93 0.0998 486.4
1 26 34 72.99 0.0937 523.6
1 26 32 92.97 0.1015 553.2
1 26 26 148.76 0.0703 916.1
1 26 14 49.81 0.0441 51.3
1 26 22 307.41 0.0438 431.5
1 26 33 103.66 0.0825 936.7
1 26 39 104.66 0.0657 608.8
1 26 46 79.74 0.0703 562.3
1 26 42 255.05 0.0642 91.5
1 26 25 86.92 0.0766 606.7
1 26 32 59.55 0.0987 902.6
1 26 17 47.69 0.1227 569.8
1 26 32 73.85 0.0927 599.8
1 26 29 91.09 0.0614 611.9
1 26 18 54.71 0.1428 60.7
1 26 14 270.64 0.0586 355.4
1 26 25 169.14 0.1141 179.4
1 26 19 88.82 0.1175 570.8
1 26 23 46.43 0.0822 622.1
1 26 16 115.37 0.0898 52.0
1 26 27 73.17 0.0805 950.8
1 26 38 95.77 0.0646 20.5
1 26 27 344.76 0.0433 700.5
1 26 43 209.09 0.0826 430.0
1 26 27 112.68 0.0648 939.6
1 26 22 161.03 0.0477 413.9
1 26 44 138.36 0.0571 388.2
1 26 32 63.80 0.0925 477.0
1 26 43 73.89 0.0894 549.9
1 26 21 135.43 0.0569 402.6
1 26 44 81.69 0.0965 185.4
1 26 31 45.80 0.1221 557.0
1 26 21 57.06 0.0749 25.7
1 26 37 61.72 0.0963 900.7
1 26 41 82.19 0.0856 215.0
1 26 23 70.81 0.0969 367.6
1 26 40 271.65 0.0572 61.3
1 26 23 92.57 0.0657 115.5
1 26 31 50.37 0.0977 345.5
1 26 40 256.98 0.0674 444.6
1 26 42 56.49 0.0856 402.7
1 26 22 188.26 0.0409 926.9
1 26 42 186.78 0.0774 553.0
1 26 37 69.19 0.0804 853.8
1 26 23 60.71 0.1185 800.2
1 26 29 160.64 0.0919 357.1
1 26 47 76.18 0.0812 683.9
1 26 22 165.79 0.0666 939.8
1 26 44 119.76 0.0794 589.8
1 26 38 77.02 0.1184 482.3
1 26 23 55.15 0.1372 571.7
1 26 17 58.39 0.1121 299.9
1 26 28 211.59 0.0573 75.4
1 26 27 386.05 0.0370 853.3
1 26 16 259.82 0.0631 382.8
1 26 15 154.79 0.0392 15.0
1 26 30 72.57 0.1035 733.2
1 26 19 46.98 0.1149 898.4
1 26 24 51.97 0.1180 378.0
1 26 23 96.00 0.0864 542.3
1 26 26 48.32 0.1268 599.8
1 26 15 154.32 0.0769 281.0
1 26 18 60.04 0.0550 808.3
1 26 19 164.47 0.0664 231.6
1 26 15 112.87 0.0420 451.0
1 26 21 52.09 0.1044 462.3
1 26 29 142.82 0.0839 687.5
1 26 27 140.39 0.0577 36.8
1 26 13 45.91 0.1102 448.7
1 26 15 45.84 0.1099 803.8
1 26 25 56.84 0.0953 454.8
1 26 27 244.65 0.0757 402.5
1 26 31 50.37 0.1310 172.3
1 26 21 48.47 0.1304 730.5
1 26 34 127.13 0.0925 45.5
1 26 28 137.41 0.0622 352.1
1 26 20 268.36 0.0524 32.6
1 26 24 64.57 0.0744 269.1
1 26 16 54.79 0.1513 46.2
1 26 19 113.37 0.1095 686.0
1 26 14 305.96 0.0970 44.6
1 26 15 46.60 0.0972 648.2
1 26 16 482.32 0.0436 567.1
1 26 16 66.76 0.0599 573.8
1 26 21 47.31 0.1203 865.8
1 26 22 127.88 0.0803 326.6
1 26 17 46.53 0.0675 430.1
1 26 17 90.69 0.0604 160.7
1 26 23 155.37 0.0538 343.1
1 26 21 50.02 0.0759 403.3
1 26 20 65.78 0.0929 928.8
1 26 23 46.97 0.0949 675.0
1 26 19 109.39 0.0680 897.3
1 26 18 56.24 0.0954 233.1
1 26 14 233.15 0.0738 391.5
1 27 23 125.34 0.0797 401.5
1 27 37 83.87 0.0935 643.5
1 27 30 266.00 0.0546 908.7
1 27 29 127.55 0.0798 190.1
1 27 38 206.98 0.0774 554.6
1 27 19 84.45 0.1271 251.6
1 27 31 114.36 0.0883 870.5
1 27 39 202.66 0.0911 852.6
1 27 28 54.87 0.1338 302.8
1 27 18 73.50 0.0994 932.7
1 27 34 172.76 0.0965 24.6
1 27 23 256.62 0.0763 275.1
1 27 29 75.64 0.1162 71.4
1 27 25 145.68 0.1106 326.6
1 27 15 206.02 0.1076 534.8
1 27 37 96.10 0.0882 667.0
1 27 22 101.43 0.0904 45.2
1 27 37 126.65 0.0883 725.3
1 27 21 58.40 0.1297 264.4
1 27 30 80.09 0.1063 456.2
1 27 26 111.27 0.0975 544.4
1 27 31 61.44 0.1108 807.9
1 27 38 85.49 0.0539 829.6
1 27 14 177.34 0.0573 22.2
1 27 25 149.54 0.0830 68.6
1 27 15 101.37 0.0819 582.5
1 27 18 151.48 0.0495 114.4
1 27 33 118.07 0.0857 134.2
1 27 24 100.21 0.0503 65.5
1 27 37 72.09 0.1030 346.4
1 27 17 251.72 0.0923 636.4
1 27 27 127.99 0.0805 432.4
1 27 26 92.82 0.0869 687.1
1 27 29 94.42 0.0843 891.8
1 27 25 55.07 0.1080 744.3
1 27 23 558.38 0.0753 916.6
1 27 18 146.33 0.0370 163.2
1 27 34 153.23 0.0814 880.4
1 27 24 224.37 0.0804 933.4
1 27 16 163.46 0.0903 610.0
1 27 18 100.86 0.0856 948.3
1 27 22 93.17 0.0595 731.5
1 27 28 198.43 0.0471 316.4
1 27 18 93.13 0.0734 11.1
1 27 14 352.96 0.1192 883.2
1 27 26 83.91 0.1175 25.1
1 27 32 228.21 0.0614 662.4
1 27 23 235.32 0.0725 32.8
1 27 35 237.23 0.0640 382.2
1 27 26 71.40 0.1183 319.7
1 27 28 231.66 0.0792 339.3
1 27 30 72.00 0.0811 136.4
1 27 28 48.52 0.0939 529.3
1 27 35 136.03 0.0821 52.5
1 27 24 145.15 0.0573 36.3
1 27 28 151.96 0.0599 411.7
1 27 31 207.61 0.0646 408.3
1 27 25 115.96 0.0846 778.2
1 27 39 91.53 0.0896 838.3
1 27 17 189.10 0.0907 890.7
1 27 30 126.06 0.0888 891.5
1 27 30 84.14 0.0507 830.1
1 27 33 50.93 0.0952 339.0
1 27 17 65.72 0.0532 355.6
1 27 19 107.60 0.0971 886.8
1 27 29 102.65 0.0692 401.3
1 27 23 102.60 0.1059 727.3
1 27 26 163.42 0.0808 151.0
1 27 22 158.71 0.0749 476.7
1 27 16 187.55 0.0741 189.3
1 27 32 179.85 0.1134 168.9
1 27 27 199.32 0.0503 277.5
1 27 28 110.61 0.0749 28.5
1 27 22 67.03 0.1192 297.0
1 27 18 781.88 0.0542 795.8
1 27 26 150.61 0.1495 201.8
1 27 29 69.29 0.0718 66.7
1 27 29 99.36 0.0684 934.2
1 27 26 123.66 0.0668 894.8
1 27 16 209.99 0.0631 17.0
1 27 28 104.55 0.0663 93.3
1 27 35 76.27 0.0862 429.0
1 27 31 56.52 0.1154 18.6
1 27 15 66.30 0.0939 855.6
1 27 40 91.46 0.0825 526.0
1 27 14 103.23 0.0652 364.0
1 27 36 96.58 0.0930 294.6
1 27 19 84.17 0.0517 590.7
1 27 26 124.17 0.0545 885.6
1 27 28 48.41 0.1190 667.0
1 27 38 119.97 0.0500 946.5
1 27 16 81.32 0.1274 868.4
1 27 25 63.24 0.0811 704.8
1 27 34 211.68 0.0631 16.3
1 27 24 138.13 0.0556 137.4
1 27 31 64.01 0.0907 682.4
1 27 26 55.19 0.1362 844.0
1 27 41 133.17 0.0880 952.9
1 27 28 68.36 0.1081 873.7
1 27 17 69.86 0.0882 424.0
1 27 34 575.27 0.0506 914.2
1 27 35 108.72 0.0815 133.1
1 27 29 100.73 0.0573 671.4
1 27 37 209.72 0.0657 682.8
1 27 26 210.11 0.1028 932.4
1 27 35 91.41 0.0932 634.5
1 27 41 89.69 0.0862 336.8
1 27 24 137.40 0.1074 112.2
1 27 29 110.68 0.0897 158.3
1 27 32 80.28 0.0777 801.8
1 27 40 89.12 0.1000 168.9
1 27 15 70.84 0.1447 627.0
1 27 32 96.44 0.0883 884.0
1 27 15 112.96 0.0702 19.9
1 27 18 106.76 0.0580 11.7
1 27 28 45.96 0.1301 640.4
1 27 31 139.45 0.0941 829.5
1 27 24 82.59 0.1072 209.8
1 27 41 279.75 0.0903 623.7
1 27 42 130.62 0.0721 809.7
1 27 26 69.08 0.1113 687.0
1 27 27 96.74 0.0981 50.6
1 27 35 198.05 0.0866 851.4
1 27 28 54.38 0.1280 429.0
1 27 14 119.27 0.0788 128.1
1 27 19 59.45 0.0688 754.8
1 27 16 49.44 0.0840 111.9
1 27 16 86.28 0.0922 42.5
1 27 13 66.00 0.0744 55.8
1 27 13 55.37 0.1193 56.6
1 27 37 113.49 0.0846 850.9
1 27 30 98.52 0.0787 518.3
1 27 29 91.60 0.0916 67.7
1 27 24 70.05 0.0860 257.8
1 27 25 48.75 0.1313 621.9
1 27 22 98.04 0.0379 812.4
1 27 23 155.48 0.0842 328.9
1 27 17 145.63 0.0898 843.6
1 27 15 100.53 0.0662 150.3
1 27 13 53.47 0.1346 720.9
1 27 32 206.17 0.0565 800.4
1 27 30 376.31 0.0685 825.6
1 27 27 183.11 0.0724 91.1
1 27 36 102.00 0.0925 295.2
1 27 25 69.62 0.1002 891.3
1 27 40 119.54 0.1044 76.5
1 27 41 98.95 0.0650 403.0
1 27 38 132.06 0.0749 118.4
1 27 24 165.96 0.0768 133.8
1 27 15 96.64 0.0482 330.2
1 27 39 52.19 0.0904 75.7
1 27 39 86.68 0.0930 814.5
1 27 38 75.31 0.0682 356.1
1 27 39 94.19 0.0988 302.3
1 27 30 70.35 0.1115 215.2
1 27 40 161.56 0.0728 191.0
1 27 20 85.19 0.0917 221.4
1 27 28 64.82 0.0484 329.7
1 27 18 64.63 0.0591 95.9
1 27 13 142.74 0.1302 140.6
1 27 33 77.87 0.0759 844.5
1 27 35 71.61 0.1160 41.0
1 27 35 125.26 0.0788 793.3
1 27 27 48.65 0.0766 392.6
1 27 32 278.56 0.0772 102.4
1 27 41 75.95 0.1079 420.0
1 27 28 238.48 0.0517 519.3
1 27 20 178.07 0.0507 823.7
1 27 31 132.17 0.0875 51.9
1 27 26 52.68 0.0958 869.8
1 27 18 115.86 0.0813 215.3
1 27 26 83.15 0.0569 524.6
1 27 37 84.85 0.0998 708.0
1 27 17 91.66 0.0559 630.2
1 27 29 109.80 0.0736 137.4
1 27 22 163.05 0.0619 294.3
1 27 26 98.56 0.1347 208.9
1 27 19 52.38 0.1084 893.0
1 27 16 69.45 0.0459 568.8
1 27 29 102.03 0.0775 853.2
1 27 17 49.35 0.1116 641.3
1 27 35 97.03 0.0929 69.0
1 27 19 87.70 0.0524 896.2
1 27 34 57.13 0.1165 278.0
1 27 19 85.61 0.0933 413.1
1 27 15 70.00 0.0878 789.5
1 27 29 78.35 0.1128 657.0
1 27 13 65.67 0.0899 420.3
1 27 38 70.26 0.1111 51.5
1 27 33 61.88 0.1040 81.3
1 27 36 161.48 0.0634 163.4
1 27 38 174.33 0.0620 793.0
1 27 42 180.48 0.0676 201.8
1 27 21 72.89 0.0777 647.5
1 27 35 67.23 0.0935 296.5
1 27 35 195.85 0.0803 52.0
1 27 35 148.57 0.0929 369.0
1 27 34 56.83 0.0929 857.2
1 27 23 134.07 0.1271 641.9
1 27 18 59.33 0.1500 764.4
1 27 32 98.37 0.0662 434.6
1 27 25 90.91 0.0511 748.0
1 27 36 56.81 0.1162 946.8
1 27 41 130.20 0.0834 304.2
1 27 39 229.44 0.0698 920.1
1 27 27 63.55 0.1396 52.4
1 27 27 92.18 0.0821 114.2
1 27 39 74.44 0.1020 108.4
1 27 20 264.52 0.0670 933.4
1 27 26 403.88 0.0491 34.8
1 27 40 323.67 0.0748 208.2
1 27 30 566.64 0.0748 780.1
1 27 37 267.54 0.0514 853.5
1 27 35 78.55 0.1148 675.3
1 27 39 256.50 0.0686 898.3
1 27 41 160.16 0.0732 60.0
1 27 31 74.38 0.0792 707.7
1 27 40 259.11 0.0656 33.7
1 27 27 146.98 0.0394 282.7
1 27 45 293.69 0.0667 626.5
1 27 43 103.08 0.0856 93.4
1 27 38 117.71 0.0975 34.6
1 27 37 121.05 0.0729 415.3
1 27 35 84.59 0.1074 720.0
1 27 17 90.98 0.0518 713.2
1 27 26 135.77 0.0688 136.6
1 27 19 46.24 0.1404 786.9
1 27 31 50.90 0.0595 360.6
1 27 32 78.22 0.0932 77.1
1 27 33 247.92 0.0900 830.2
1 27 28 127.23 0.0788 351.7
1 27 34 114.13 0.0775 515.4
1 27 18 189.69 0.0396 29.3
1 27 23 312.48 0.0600 14.2
1 27 15 46.48 0.1154 944.4
1 27 35 95.92 0.0793 790.7
1 27 40 112.84 0.0746 309.1
1 27 24 81.00 0.0979 199.0
1 27 20 87.12 0.0990 543.2
1 27 23 73.42 0.0790 312.8
1 27 18 49.05 0.1125 363.2
1 27 29 186.61 0.0618 340.0
1 27 19 116.07 0.0897 720.0
1 27 18 131.65 0.0664 4.6
1 27 24 52.85 0.1084 62.1
1 27 27 52.47 0.0987 793.6
1 27 29 97.69 0.0704 241.8
1 27 33 104.50 0.0924 577.2
1 27 26 103.37 0.0992 375.0
1 27 22 56.97 0.1303 687.2
1 27 22 73.32 0.1169 161.5
1 27 14 49.49 0.1041 831.8
1 27 32 198.88 0.0615 72.6
1 27 33 203.45 0.0522 918.0
1 27 21 364.12 0.0664 481.5
1 27 18 121.45 0.0738 59.4
1 27 21 100.94 0.0521 534.8
1 27 18 119.82 0.1076 46.0
1 27 28 74.90 0.0715 701.4
1 27 41 330.39 0.0731 812.4
1 27 30 217.60 0.0595 265.8
1 27 37 98.89 0.1054 193.8
1 27 22 62.45 0.0921 497.7
1 27 20 133.29 0.0574 271.2
1 27 31 384.16 0.0407 786.2
1 27 20 99.80 0.0662 678.3
1 27 25 176.35 0.0550 247.5
1 27 24 87.09 0.0589 79.9
1 27 32 54.34 0.1024 726.0
1 27 13 308.21 0.0817 27.6
1 27 16 55.06 0.0819 880.8
1 27 21 246.70 0.0824 28.7
1 27 27 48.90 0.0620 872.3
1 27 41 196.09 0.0667 463.0
1 27 41 141.68 0.0698 79.9
1 27 17 196.18 0.0617 634.6
1 27 20 103.75 0.0551 781.9
1 27 22 48.23 0.1214 850.4
1 27 34 82.39 0.0717 827.2
1 27 14 218.86 0.0688 239.5
1 27 18 89.36 0.0628 586.9
1 27 31 69.71 0.1109 926.5
1 27 32 187.41 0.0614 916.5
1 27 16 116.64 0.1076 37.5
1 27 27 54.73 0.1351 891.5
1 27 14 124.29 0.0645 55.5
1 27 29 135.03 0.0660 664.1
1 27 34 127.41 0.0885 866.3
1 27 30 46.95 0.0900 667.0
1 27 38 395.75 0.0478 829.8
1 27 21 147.09 0.1138 53.3
1 27 39 205.08 0.0633 104.4
1 27 30 69.36 0.0725 88.7
1 27 23 65.18 0.0740 117.7
1 27 23 416.59 0.0649 188.9
1 27 30 135.76 0.0599 71.1
1 27 13 87.85 0.0750 358.1
1 27 14 90.02 0.0678 841.5
1 27 34 185.43 0.0746 113.6
1 27 45 127.05 0.0588 925.0
1 27 42 115.53 0.0779 156.2
1 27 44 196.45 0.0672 886.0
1 27 42 246.72 0.0788 953.2
1 27 43 240.63 0.0676 903.4
1 27 30 158.75 0.0499 637.8
1 27 37 544.91 0.0460 14.2
1 27 30 73.49 0.0453 311.2
1 27 29 105.66 0.0763 157.5
1 27 35 183.26 0.0782 52.9
1 27 40 182.31 0.0580 831.8
1 27 34 60.21 0.1021 162.2
1 27 20 171.02 0.0507 876.8
1 27 27 164.83 0.0514 816.0
1 27 35 84.89 0.0800 130.5
1 27 43 150.77 0.0713 937.9
1 27 24 60.24 0.0861 223.2
1 27 33 182.54 0.0583 845.5
1 27 24 53.24 0.0964 591.3
1 27 23 133.82 0.0510 76.9
1 27 36 59.15 0.0759 101.6
1 27 42 345.67 0.0560 939.5
1 27 16 116.44 0.0707 576.1
1 27 43 80.34 0.0912 919.3
1 27 41 166.77 0.0554 749.4
1 27 34 125.40 0.0901 42.5
1 27 23 45.27 0.1237 800.4
1 27 14 280.26 0.1479 810.6
1 27 38 52.55 0.1114 509.9
1 27 26 143.38 0.0724 735.6
1 27 19 432.30 0.0477 882.0
1 27 36 146.81 0.0612 164.9
1 27 29 129.86 0.0753 881.5
1 27 29 46.93 0.1159 481.7
1 27 33 250.09 0.0545 946.0
1 27 20 55.50 0.1111 352.4
1 27 34 105.84 0.0743 323.9
1 27 38 288.49 0.1063 927.8
1 27 17 53.73 0.0494 266.3
1 27 31 54.89 0.1446 827.0
1 27 33 91.35 0.0702 385.9
1 27 39 131.46 0.0690 867.7
1 27 31 61.84 0.1131 882.8
1 27 29 136.85 0.0838 792.7
1 27 29 199.56 0.0704 189.4
1 27 33 289.18 0.0700 16.8
1 27 19 332.00 0.1246 742.7
1 27 17 117.70 0.0612 256.6
1 27 38 71.26 0.0901 941.1
1 27 33 57.91 0.1001 847.8
1 27 21 60.47 0.0949 759.4
1 27 21 171.27 0.0396 32.4
1 27 31 69.89 0.0802 822.7
1 27 14 136.30 0.1084 94.1
1 27 24 94.51 0.0498 893.3
1 27 23 70.60 0.1354 936.0
1 27 20 196.46 0.0692 194.2
1 27 32 137.35 0.0799 652.9
1 27 33 88.65 0.1065 169.6
1 27 23 209.79 0.0691 172.2
1 27 36 80.86 0.1014 704.1
1 27 19 92.03 0.0603 505.2
1 27 35 100.46 0.1126 313.8
1 27 33 126.04 0.0733 802.5
1 27 31 71.87 0.0988 755.5
1 27 27 54.63 0.0913 854.5
1 27 16 49.08 0.1238 435.7
1 27 21 57.72 0.1198 834.6
1 27 25 190.87 0.1018 168.3
1 27 18 93.69 0.0789 336.0
1 27 16 345.30 0.0351 38.2
1 27 26 55.53 0.1270 903.0
1 27 17 122.08 0.0705 788.7
1 27 17 194.34 0.0775 783.4
1 27 16 63.03 0.0708 324.2
1 27 16 55.88 0.1021 677.3
1 27 22 99.15 0.0853 909.0
1 27 17 269.39 0.0750 756.0
1 27 16 119.16 0.0583 699.9
1 27 28 57.41 0.1002 343.0
1 27 29 56.97 0.1249 244.1
1 27 32 114.15 0.0861 835.8
1 27 22 102.90 0.0711 786.9
1 27 23 49.88 0.0895 196.1
1 27 33 104.67 0.1024 161.7
1 27 14 80.26 0.0971 903.5
1 27 26 112.07 0.0782 893.9
1 27 17 46.76 0.0890 56.4
1 27 14 112.41 0.0869 235.1
1 27 19 67.27 0.0454 678.4
1 27 18 146.63 0.0412 245.2
1 27 31 119.82 0.0836 71.4
1 27 20 113.03 0.1278 56.6
1 27 31 45.67 0.1246 124.0
1 27 13 50.20 0.1445 699.1
1 27 24 239.35 0.0635 768.9
1 27 15 55.27 0.0750 819.9
1 27 37 45.25 0.1276 500.5
1 27 13 77.83 0.0658 828.9
1 27 20 169.51 0.0812 912.8
1 27 23 108.96 0.0853 176.1
1 27 19 121.40 0.0695 936.0
1 27 35 53.19 0.1052 741.9
1 27 29 72.75 0.0926 288.0
1 27 35 168.60 0.0597 844.9
1 27 32 157.30 0.0716 788.4
1 27 32 120.84 0.0936 908.0
1 27 29 141.29 0.0484 700.4
1 27 39 113.04 0.0746 884.5
1 27 22 214.24 0.0560 650.0
1 27 15 221.61 0.0622 40.2
1 27 17 164.27 0.1064 9.5
1 27 30 190.22 0.0576 43.0
1 27 14 49.54 0.0946 767.5
1 27 17 338.12 0.0976 165.5
1 27 16 207.61 0.0472 245.6
1 27 18 50.58 0.0741 605.3
1 27 14 94.40 0.1461 664.8
1 27 18 532.44 0.0474 758.6
1 27 16 274.22 0.0411 343.1
1 27 34 167.41 0.0892 402.5
1 27 17 377.99 0.0403 869.3
1 27 27 73.66 0.1075 849.0
1 27 18 107.45 0.0688 465.2
1 27 18 72.58 0.0718 220.6
1 27 17 51.06 0.1056 791.0
1 27 24 114.86 0.0866 99.0
1 27 15 61.51 0.0493 783.9
1 27 26 131.47 0.0682 954.7
1 27 34 70.63 0.0846 80.9
1 27 23 307.75 0.0482 826.6
1 27 13 49.12 0.1668 957.8
1 27 17 48.40 0.1043 376.3
1 27 19 61.94 0.1389 47.3
1 27 16 133.14 0.1115 470.4
1 27 26 100.33 0.1225 770.7
1 27 26 119.07 0.0778 868.8
1 27 21 49.41 0.1326 825.8
1 28 29 86.64 0.0827 506.4
1 28 28 188.25 0.0984 221.3
1 28 20 121.55 0.0808 856.0
1 28 37 156.01 0.0848 190.2
1 28 32 103.19 0.0977 312.2
1 28 34 122.87 0.0922 277.0
1 28 30 82.07 0.0970 515.7
1 28 15 111.36 0.0725 404.6
1 28 17 195.19 0.0625 678.5
1 28 21 128.61 0.0593 837.3
1 28 24 114.99 0.0737 345.9
1 28 23 61.74 0.1303 650.9
1 28 29 76.07 0.0836 676.0
1 28 33 171.67 0.0709 341.0
1 28 29 80.52 0.0854 473.0
1 28 24 187.74 0.0793 843.8
1 28 24 61.22 0.1383 77.6
1 28 26 95.11 0.1007 478.8
1 28 25 126.62 0.0941 470.0
1 28 17 90.82 0.0523 406.5
1 28 18 156.72 0.0658 712.5
1 28 19 58.90 0.1456 425.5
1 28 16 93.13 0.0906 936.3
1 28 23 79.64 0.0828 589.3
1 28 29 112.51 0.0688 157.9
1 28 34 104.22 0.0893 197.0
1 28 44 124.77 0.0860 485.8
1 28 23 109.21 0.0877 275.1
1 28 24 99.90 0.0799 258.6
1 28 15 70.75 0.0961 486.8
1 28 24 71.05 0.0946 372.7
1 28 24 65.66 0.1185 320.4
1 28 19 162.49 0.0443 458.2
1 28 30 148.35 0.0954 135.3
1 28 16 50.37 0.1159 299.3
1 28 25 55.62 0.1011 53.6
1 28 24 60.23 0.0777 452.2
1 28 35 76.87 0.0810 430.9
1 28 41 177.43 0.0714 161.5
1 28 38 100.01 0.0828 358.7
1 28 38 74.55 0.0677 323.4
1 28 32 459.04 0.0812 318.0
1 28 31 106.23 0.0950 482.3
1 28 37 81.33 0.0944 172.6
1 28 27 267.32 0.0612 573.5
1 28 27 61.64 0.1054 235.0
1 28 41 97.04 0.0889 186.5
1 28 28 70.56 0.0726 869.3
1 28 22 116.37 0.0603 366.4
1 28 29 101.75 0.0968 250.4
1 28 23 353.21 0.1051 156.0
1 28 23 56.36 0.0904 433.1
1 28 19 64.74 0.0544 651.1
1 28 32 72.23 0.0641 503.2
1 28 27 58.44 0.1213 888.1
1 28 21 231.49 0.1280 944.1
1 28 31 187.56 0.0662 43.7
1 28 23 442.05 0.0822 348.3
1 28 29 73.37 0.0818 657.3
1 28 28 87.37 0.0897 923.2
1 28 26 182.30 0.0554 761.8
1 28 19 93.17 0.0714 428.4
1 28 33 168.81 0.0619 930.7
1 28 18 54.41 0.0681 387.4
1 28 18 49.91 0.1258 153.0
1 28 28 106.59 0.0790 825.1
1 28 28 46.90 0.0809 497.4
1 28 18 87.43 0.0699 441.3
1 28 27 51.77 0.1202 322.7
1 28 29 128.52 0.0596 68.7
1 28 22 45.82 0.1264 728.7
1 28 22 79.21 0.0771 68.3
1 28 34 112.79 0.0633 114.1
1 28 40 112.69 0.0862 900.6
1 28 39 135.78 0.0794 201.5
1 28 15 93.78 0.0481 113.2
1 28 36 207.12 0.0676 616.4
1 28 33 51.95 0.1187 404.6
1 28 27 68.85 0.0804 545.7
1 28 30 235.17 0.0666 903.0
1 28 27 64.43 0.0926 617.0
1 28 21 68.97 0.0701 126.4
1 28 18 284.75 0.0999 362.9
1 28 31 86.14 0.1121 346.5
1 28 28 190.70 0.0513 339.2
1 28 32 67.39 0.1031 923.2
1 28 30 96.34 0.0664 504.3
1 28 16 184.40 0.0483 407.6
1 28 35 46.26 0.1394 463.2
1 28 42 181.75 0.0744 174.1
1 28 33 576.68 0.0616 268.2
1 28 35 215.76 0.0611 387.1
1 28 32 198.17 0.0561 605.7
1 28 32 131.01 0.0614 144.5
1 28 27 130.17 0.0754 592.7
1 28 43 95.09 0.0632 196.5
1 28 28 68.50 0.0922 757.3
1 28 34 129.29 0.0892 385.6
1 28 34 139.32 0.0728 231.3
1 28 13 83.16 0.1200 914.4
1 28 34 365.22 0.0787 928.2
1 28 32 190.57 0.0665 110.5
1 28 40 243.70 0.0881 400.5
1 28 36 72.37 0.1080 940.0
1 28 30 100.15 0.0628 187.4
1 28 25 117.11 0.0940 123.1
1 28 33 105.22 0.1009 456.0
1 28 38 176.81 0.0720 442.1
1 28 13 72.99 0.0487 519.7
1 28 27 90.07 0.0964 499.4
1 28 35 134.72 0.0914 432.6
1 28 34 263.66 0.0600 278.1
1 28 34 129.56 0.0924 733.7
1 28 38 132.97 0.0704 470.6
1 28 30 69.11 0.0933 428.5
1 28 29 139.73 0.0839 923.9
1 28 35 85.86 0.0838 141.9
1 28 22 69.04 0.1257 165.3
1 28 28 46.43 0.1418 274.0
1 28 18 78.17 0.0901 578.2
1 28 35 100.89 0.0722 369.9
1 28 15 91.89 0.0483 199.1
1 28 32 189.14 0.0868 949.3
1 28 22 83.07 0.0914 880.0
1 28 37 73.80 0.0659 603.0
1 28 37 160.78 0.0757 895.8
1 28 43 104.40 0.0875 856.9
1 28 16 69.47 0.1152 811.4
1 28 40 47.25 0.0647 506.4
1 28 24 69.66 0.1131 281.5
1 28 41 63.81 0.0830 543.3
1 28 18 52.56 0.0635 159.2
1 28 33 60.72 0.1171 168.3
1 28 35 134.47 0.0682 599.4
1 28 43 93.87 0.0669 923.2
1 28 35 82.99 0.0831 252.7
1 28 20 52.19 0.0798 490.1
1 28 40 190.84 0.0868 452.3
1 28 42 281.58 0.0720 928.9
1 28 38 125.52 0.0869 524.4
1 28 44 106.79 0.0916 394.9
1 28 44 83.21 0.0986 304.9
1 28 16 65.28 0.0559 376.9
1 28 17 103.77 0.0821 348.3
1 28 44 52.09 0.1170 482.7
1 28 21 50.84 0.1190 309.0
1 28 37 122.35 0.0751 98.0
1 28 27 176.35 0.0501 132.7
1 28 17 56.97 0.1630 823.0
1 28 35 130.87 0.0769 347.2
1 28 39 71.04 0.1112 92.3
1 28 16 56.43 0.0865 335.9
1 28 17 47.05 0.1055 923.2
1 28 16 74.95 0.0975 594.8
1 28 48 58.18 0.0894 617.2
1 28 21 102.21 0.0389 435.0
1 28 18 193.39 0.0571 181.4
1 28 33 72.67 0.1034 449.4
1 28 21 118.55 0.0614 64.2
1 28 28 188.29 0.0852 440.8
1 28 19 187.98 0.0644 429.9
1 28 13 47.92 0.0921 890.0
1 28 19 124.36 0.0561 28.0
1 28 41 164.25 0.0815 389.2
1 28 25 80.96 0.0794 215.0
1 28 23 170.58 0.0981 435.4
1 28 22 177.55 0.0632 159.0
1 28 37 70.01 0.1307 708.7
1 28 35 86.78 0.1027 888.1
1 28 20 68.23 0.1203 809.3
1 28 18 156.25 0.0589 532.2
1 28 26 62.14 0.1353 665.1
1 28 24 184.77 0.1228 153.2
1 28 35 65.87 0.0855 245.7
1 28 14 74.16 0.0958 657.4
1 28 35 138.91 0.0736 712.6
1 28 37 111.52 0.0864 567.1
1 28 23 167.01 0.0692 366.8
1 28 38 212.03 0.0661 368.7
1 28 18 57.32 0.0694 721.8
1 28 31 95.03 0.0835 713.4
1 28 34 53.44 0.1214 281.1
1 28 33 136.67 0.0566 247.6
1 28 25 243.06 0.0772 453.6
1 28 30 49.25 0.1071 439.3
1 28 17 167.19 0.0881 761.6
1 28 22 101.63 0.0531 206.2
1 28 23 261.34 0.0547 111.9
1 28 37 176.87 0.0861 347.0
1 28 40 70.81 0.1068 389.7
1 28 23 67.20 0.0873 538.4
1 28 39 102.89 0.0872 631.8
1 28 38 191.49 0.0747 567.8
1 28 29 62.01 0.1128 341.5
1 28 32 45.58 0.1316 208.3
1 28 20 1294.25 0.0949 358.2
1 28 37 88.95 0.0725 213.4
1 28 28 137.55 0.0572 132.3
1 28 29 71.19 0.0908 714.1
1 28 28 119.13 0.0624 403.3
1 28 30 216.01 0.0578 637.8
1 28 30 244.44 0.0614 456.8
1 28 16 277.89 0.0372 14.0
1 28 40 236.67 0.0616 583.2
1 28 42 219.85 0.0755 358.3
1 28 25 105.21 0.0706 839.4
1 28 24 46.60 0.0792 597.5
1 28 41 202.66 0.0774 601.8
1 28 19 56.48 0.0800 426.5
1 28 23 67.44 0.1025 561.0
1 28 38 68.90 0.1022 147.8
1 28 22 158.15 0.0960 341.2
1 28 38 159.49 0.0686 138.9
1 28 24 153.91 0.0564 29.5
1 28 41 72.47 0.0784 823.3
1 28 37 66.72 0.0712 375.7
1 28 37 108.54 0.0882 365.4
1 28 32 54.10 0.1271 426.1
1 28 24 45.50 0.1118 905.0
1 28 16 72.20 0.0381 749.1
1 28 21 75.05 0.0554 54.7
1 28 32 57.65 0.0594 52.8
1 28 44 165.63 0.0674 123.6
1 28 29 148.75 0.0603 812.3
1 28 27 79.23 0.0783 430.2
1 28 29 63.74 0.0905 936.0
1 28 17 264.65 0.0347 81.4
1 28 31 64.04 0.0729 74.4
1 28 44 142.72 0.0670 419.6
1 28 31 76.75 0.0837 411.3
1 28 26 107.13 0.0477 358.3
1 28 17 57.17 0.0421 307.5
1 28 37 169.27 0.0581 589.4
1 28 17 84.92 0.0531 881.3
1 28 13 112.85 0.0579 465.8
1 28 20 77.01 0.0701 135.3
1 28 24 92.94 0.0665 68.2
1 28 30 164.19 0.0514 389.1
1 28 39 151.50 0.0766 238.2
1 28 18 46.35 0.0465 839.4
1 28 34 143.77 0.0663 480.5
1 28 16 49.12 0.0458 886.4
1 28 19 81.79 0.0648 126.8
1 28 23 102.88 0.1082 533.6
1 28 23 46.05 0.1100 324.7
1 28 18 128.47 0.0419 336.3
1 28 31 98.17 0.1041 281.9
1 28 25 189.20 0.0575 825.4
1 28 32 151.84 0.0658 349.0
1 28 32 131.16 0.0715 380.9
1 28 44 121.71 0.0663 262.9
1 28 35 123.27 0.0734 202.6
1 28 29 144.98 0.0660 367.2
1 28 20 142.48 0.0797 725.4
1 28 36 76.90 0.0751 480.2
1 28 14 63.18 0.0876 690.5
1 28 35 105.07 0.0890 145.8
1 28 13 88.81 0.0533 316.5
1 28 35 66.06 0.0963 734.8
1 28 24 100.94 0.0689 369.8
1 28 24 46.25 0.0673 151.2
1 28 27 62.37 0.0915 731.0
1 28 41 605.44 0.0696 344.9
1 28 30 149.68 0.0618 586.5
1 28 25 165.02 0.0742 370.6
1 28 27 79.33 0.0830 681.7
1 28 23 1171.61 0.0728 580.6
1 28 27 161.76 0.0714 552.3
1 28 39 53.12 0.1212 304.3
1 28 37 107.52 0.1049 215.5
1 28 27 375.43 0.0489 303.2
1 28 26 441.51 0.0905 780.2
1 28 44 75.55 0.1054 861.1
1 28 16 67.34 0.1284 346.4
1 28 16 51.57 0.0806 399.3
1 28 34 104.24 0.0989 390.7
1 28 30 252.43 0.0911 152.5
1 28 31 68.91 0.1264 380.0
1 28 29 134.20 0.0945 279.3
1 28 16 108.01 0.0723 716.5
1 28 26 46.93 0.1147 231.8
1 28 18 64.84 0.1250 334.7
1 28 31 51.54 0.1104 586.1
1 28 13 101.75 0.1296 949.6
1 28 23 58.99 0.1308 177.3
1 28 25 108.82 0.0748 605.8
1 28 19 59.25 0.1133 425.5
1 28 14 116.83 0.0712 863.1
1 28 22 222.29 0.0687 622.6
1 28 21 161.30 0.1129 573.3
1 28 17 73.23 0.0991 29.7
1 28 26 48.28 0.1301 924.5
1 28 30 87.10 0.1045 484.3
1 28 16 163.25 0.0653 345.6
1 28 14 81.55 0.0503 26.7
1 28 15 82.13 0.0450 476.3
1 28 27 82.26 0.1385 879.1
1 28 19 119.36 0.0451 305.0
1 28 14 69.93 0.0906 508.0
1 28 23 1110.11 0.0490 618.7
1 28 28 143.34 0.0639 229.4
1 28 30 56.01 0.0990 489.6
1 28 17 55.07 0.0745 858.7
1 28 14 53.34 0.1038 727.6
1 28 33 163.19 0.0751 333.2
1 28 31 77.86 0.1008 509.5
1 28 26 82.20 0.0983 99.8
1 28 13 82.87 0.0810 364.0
1 28 32 48.96 0.1008 209.9
1 28 34 135.29 0.0792 722.4
1 28 18 102.62 0.0745 931.2
1 28 16 46.34 0.1287 37.6
1 28 13 106.63 0.0631 190.3
1 28 16 55.12 0.0691 518.3
1 28 21 58.31 0.0826 748.1
1 28 32 59.80 0.1088 349.5
1 28 35 91.91 0.0608 943.2
1 28 36 91.14 0.0807 154.7
1 28 14 56.63 0.0489 463.6
1 28 30 129.77 0.0666 175.6
1 28 14 129.86 0.0886 570.8
1 28 29 115.32 0.0705 95.1
1 28 35 55.52 0.1214 828.8
1 28 29 59.19 0.1036 179.6
1 28 16 55.21 0.0795 685.3
1 28 15 59.60 0.1002 288.1
1 28 26 79.73 0.1130 885.9
1 28 42 55.94 0.0979 347.4
1 28 30 137.74 0.0653 425.5
1 28 25 105.43 0.1024 471.1
1 28 23 273.04 0.0386 413.3
1 28 27 53.72 0.1213 175.5
1 28 17 65.44 0.0755 234.7
1 28 26 156.03 0.0514 844.5
1 28 18 908.52 0.0586 198.5
1 28 17 45.11 0.0974 604.1
1 28 21 51.73 0.1339 406.5
1 28 18 237.04 0.0794 559.7
1 28 16 265.40 0.0195 313.8
1 28 13 118.62 0.1680 299.7
1 28 17 68.44 0.0549 58.8
1 28 15 53.76 0.1056 757.3
1 28 24 82.14 0.0885 446.3
1 28 26 45.02 0.0923 490.3
1 28 13 85.47 0.0986 927.0
1 28 15 112.23 0.1462 418.2
1 28 19 200.00 0.0306 380.0
1 28 21 186.62 0.0596 596.7
1 28 13 120.49 0.0715 928.0
1 28 16 93.69 0.0767 460.0
1 28 23 115.62 0.1058 319.6
1 29 32 193.54 0.0812 609.3
1 29 18 64.69 0.0806 451.5
1 29 29 264.92 0.0494 617.3
1 29 16 47.83 0.0489 684.4
1 29 30 94.59 0.0863 545.1
1 29 43 78.44 0.1033 548.7
1 29 14 50.90 0.0611 426.1
1 29 28 169.45 0.0788 472.1
1 29 15 808.93 0.0394 421.7
1 29 28 78.81 0.1029 640.1
1 29 29 144.88 0.0838 380.2
1 29 30 231.13 0.0485 587.3
1 29 41 63.56 0.1006 124.0
1 29 27 113.48 0.0691 228.7
1 29 21 60.66 0.0726 46.3
1 29 21 73.09 0.0736 722.6
1 29 21 179.11 0.0761 806.4
1 29 25 129.47 0.0759 25.3
1 29 16 48.14 0.0977 634.8
1 29 15 61.50 0.1053 947.6
1 29 13 80.75 0.0658 811.8
1 29 20 85.38 0.0942 430.5
1 29 36 67.88 0.1053 54.9
1 29 22 485.23 0.0679 454.3
1 29 38 298.14 0.0616 822.1
1 29 31 179.07 0.0889 549.0
1 29 25 100.16 0.0857 543.4
1 29 34 73.45 0.1050 833.0
1 29 34 60.22 0.1042 401.1
1 29 25 69.90 0.1034 727.3
1 29 23 93.52 0.0936 528.8
1 29 21 64.00 0.0871 217.0
1 29 26 53.00 0.1463 604.0
1 29 13 149.44 0.0519 554.0
1 29 43 63.96 0.0895 662.3
1 29 34 77.39 0.0791 307.0
1 29 21 378.22 0.0750 888.5
1 29 29 121.53 0.0726 60.4
1 29 36 159.40 0.0520 83.1
1 29 30 110.29 0.1029 246.0
1 29 33 88.15 0.1171 49.3
1 29 28 143.01 0.1086 105.8
1 29 34 49.46 0.1114 275.3
1 29 27 53.62 0.0840 560.5
1 29 20 86.82 0.0539 759.0
1 29 26 503.76 0.0611 100.5
1 29 41 46.90 0.1111 251.0
1 29 31 86.88 0.0778 718.4
1 29 18 609.39 0.0507 81.4
1 29 15 210.83 0.0856 270.7
1 29 15 117.48 0.0316 598.8
1 29 39 68.84 0.1043 694.2
1 29 43 70.32 0.0791 394.9
1 29 37 182.05 0.0674 163.2
1 29 34 91.58 0.1211 657.9
1 29 31 75.88 0.0685 554.1
1 29 29 106.52 0.0861 63.5
1 29 31 70.43 0.0614 820.8
1 29 32 302.50 0.0548 620.0
1 29 35 196.84 0.0605 858.3
1 29 31 84.95 0.0954 116.6
1 29 33 105.96 0.0713 214.5
1 29 33 160.31 0.0695 216.1
1 29 23 66.70 0.1346 462.5
1 29 34 117.72 0.0876 552.1
1 29 15 141.48 0.0386 34.6
1 29 25 130.04 0.1021 887.0
1 29 21 58.85 0.0819 463.9
1 29 24 116.11 0.0464 828.6
1 29 18 59.65 0.0746 882.5
1 29 23 240.96 0.0459 46.0
1 29 35 107.39 0.0739 720.3
1 29 13 52.91 0.0950 116.5
1 29 16 63.85 0.0855 137.4
1 29 34 97.82 0.0993 350.4
1 29 21 168.20 0.0812 923.6
1 29 42 149.46 0.0661 441.0
1 29 38 221.29 0.0480 381.5
1 29 15 49.27 0.1086 420.2
1 29 25 50.94 0.0641 415.7
1 29 25 118.09 0.0884 389.3
1 29 42 68.62 0.0970 249.3
1 29 19 152.43 0.0558 382.8
1 29 39 182.17 0.0568 683.5
1 29 32 64.83 0.1052 663.3
1 29 32 46.57 0.0900 216.6
1 29 17 67.85 0.1232 102.3
1 29 25 254.78 0.0614 37.3
1 29 17 115.92 0.0661 459.1
1 29 18 68.69 0.0887 669.0
1 29 21 84.96 0.0903 900.0
1 29 30 99.42 0.0895 251.2
1 29 17 158.25 0.0975 86.5
1 29 22 120.20 0.0617 59.0
1 29 40 62.49 0.0867 568.4
1 29 29 70.55 0.0974 273.3
1 29 26 68.25 0.0738 153.0
1 29 32 372.58 0.0599 114.6
1 29 21 200.96 0.0269 27.3
1 29 24 77.83 0.0888 714.5
1 29 38 80.72 0.1010 572.6
1 29 27 79.76 0.1058 843.4
1 29 39 154.49 0.0735 62.7
1 29 31 104.18 0.0688 872.2
1 29 14 71.77 0.1023 319.0
1 29 22 99.45 0.0748 693.3
1 29 13 64.69 0.0688 910.0
1 29 16 51.58 0.1083 731.6
1 29 32 47.69 0.1506 145.1
1 29 31 145.09 0.0753 70.4
1 29 33 107.64 0.0830 713.2
1 29 28 99.36 0.0643 545.4
1 29 36 183.24 0.0511 888.5
1 29 29 54.79 0.1071 42.7
1 29 44 141.52 0.0814 280.7
1 29 24 112.29 0.0520 194.6
1 29 25 110.99 0.0472 798.2
1 29 35 473.14 0.0735 905.6
1 29 44 110.34 0.0912 441.6
1 29 28 120.55 0.0854 519.9
1 29 36 81.57 0.1047 397.5
1 29 25 57.19 0.1310 514.5
1 29 41 267.45 0.0830 620.5
1 29 34 557.52 0.0471 45.0
1 29 26 66.98 0.0658 391.5
1 29 23 63.45 0.1049 718.3
1 29 38 148.19 0.0830 565.3
1 29 35 101.98 0.0893 223.3
1 29 35 171.04 0.0763 464.3
1 29 19 173.11 0.1070 270.4
1 29 27 172.52 0.0613 112.1
1 29 20 52.07 0.1435 914.5
1 29 21 122.97 0.0634 590.0
1 29 30 83.01 0.0931 571.4
1 29 22 56.50 0.1262 675.4
1 29 19 68.77 0.1387 296.0
1 29 20 568.79 0.1307 148.8
1 29 36 135.34 0.0766 680.3
1 29 40 114.64 0.0835 354.8
1 29 44 138.00 0.0523 159.9
1 29 31 166.92 0.0601 670.7
1 29 40 140.60 0.0831 696.9
1 29 29 55.98 0.1152 587.2
1 29 28 136.49 0.0746 422.0
1 29 22 100.48 0.1280 73.8
1 29 14 82.62 0.1523 248.0
1 29 18 82.50 0.0557 389.9
1 29 14 317.99 0.0498 557.0
1 29 25 120.05 0.0613 405.5
1 29 15 90.35 0.0542 14.0
1 29 39 82.27 0.1234 669.7
1 29 15 50.73 0.0503 265.9
1 29 28 67.80 0.1066 927.1
1 29 36 175.79 0.0465 909.0
1 29 39 245.83 0.0620 609.1
1 29 32 224.67 0.0542 42.9
1 29 40 169.01 0.0881 717.0
1 29 38 127.95 0.0735 735.4
1 29 37 201.45 0.0637 644.4
1 29 35 69.65 0.1018 622.4
1 29 43 127.91 0.0838 385.1
1 29 38 374.16 0.0559 220.3
1 29 40 69.44 0.0782 242.8
1 29 27 99.18 0.0676 830.3
1 29 32 122.21 0.0617 881.6
1 29 31 131.98 0.0859 317.5
1 29 32 55.51 0.0737 653.1
1 29 37 129.47 0.0683 50.3
1 29 33 142.76 0.0981 645.7
1 29 15 412.10 0.0489 524.6
1 29 24 152.88 0.0781 921.3
1 29 39 250.10 0.0516 418.2
1 29 35 79.18 0.0921 187.7
1 29 33 142.88 0.0804 500.1
1 29 40 119.05 0.0777 51.8
1 29 39 155.71 0.0695 117.4
1 29 21 81.68 0.0592 112.0
1 29 26 52.87 0.1228 526.0
1 29 23 59.50 0.0965 701.0
1 29 23 232.38 0.0473 849.1
1 29 40 103.28 0.0699 403.3
1 29 43 194.74 0.0553 736.9
1 29 31 122.58 0.0522 610.8
1 29 40 114.30 0.0615 668.8
1 29 42 74.83 0.0931 912.4
1 29 21 91.61 0.0876 779.0
1 29 20 56.79 0.1168 631.2
1 29 27 102.25 0.0658 33.3
1 29 31 57.87 0.0832 146.8
1 29 23 141.22 0.0552 327.4
1 29 17 47.46 0.1111 722.1
1 29 30 76.22 0.0775 490.0
1 29 46 146.07 0.0725 421.5
1 29 45 203.78 0.0663 262.0
1 29 35 120.66 0.0770 154.3
1 29 39 115.64 0.0755 64.6
1 29 39 99.17 0.0831 882.2
1 29 33 129.15 0.0750 732.4
1 29 15 83.95 0.0671 505.6
1 29 34 106.71 0.0743 377.7
1 29 44 95.61 0.0739 157.1
1 29 37 168.16 0.0682 421.8
1 29 26 150.35 0.0817 32.4
1 29 31 313.57 0.0620 153.3
1 29 29 74.32 0.0925 85.6
1 29 36 79.36 0.1116 679.0
1 29 24 161.96 0.0858 119.3
1 29 33 58.37 0.1091 275.0
1 29 19 100.01 0.0390 548.9
1 29 32 148.18 0.0941 568.9
1 29 24 227.63 0.0626 913.9
1 29 24 157.82 0.0823 813.2
1 29 19 160.91 0.0459 860.9
1 29 22 52.74 0.1232 248.8
1 29 18 86.01 0.0701 330.3
1 29 31 65.88 0.0818 151.2
1 29 28 93.51 0.1075 904.3
1 29 37 92.18 0.0623 176.3
1 29 27 46.62 0.1184 416.0
1 29 34 129.69 0.0813 217.3
1 29 40 111.45 0.0497 574.1
1 29 20 68.22 0.0839 93.7
1 29 28 181.29 0.0727 491.8
1 29 23 92.90 0.0676 154.6
1 29 16 72.24 0.0842 859.4
1 29 34 58.52 0.1202 457.0
1 29 31 80.07 0.0887 884.0
1 29 43 91.88 0.0636 188.0
1 29 25 161.58 0.0499 33.1
1 29 36 129.12 0.0789 596.0
1 29 40 135.33 0.0829 770.2
1 29 40 55.26 0.0957 59.6
1 29 26 214.02 0.0478 600.0
1 29 37 78.89 0.0938 377.8
1 29 35 130.46 0.0726 157.7
1 29 22 86.77 0.0548 521.6
1 29 28 251.12 0.0467 543.7
1 29 42 105.97 0.0745 431.5
1 29 38 122.70 0.0908 853.3
1 29 18 54.54 0.0688 909.4
1 29 17 177.82 0.0530 812.4
1 29 34 75.56 0.0948 906.4
1 29 17 119.75 0.0518 939.5
1 29 16 73.90 0.0723 758.8
1 29 38 224.33 0.0442 55.0
1 29 29 325.24 0.0585 932.9
1 29 44 66.71 0.0959 293.5
1 29 38 67.42 0.0511 149.6
1 29 30 107.39 0.1353 211.6
1 29 23 197.01 0.0732 736.2
1 29 17 53.07 0.0560 58.5
1 29 29 165.99 0.0745 146.3
1 29 28 85.59 0.0932 884.5
1 29 39 79.58 0.1157 146.7
1 29 25 88.19 0.0968 927.5
1 29 24 63.16 0.0635 927.1
1 29 39 103.17 0.0599 126.9
1 29 22 76.86 0.0534 417.4
1 29 24 52.26 0.0976 719.4
1 29 26 70.38 0.0915 274.4
1 29 24 125.62 0.0614 288.8
1 29 42 181.82 0.0693 122.3
1 29 34 181.59 0.0843 78.4
1 29 44 147.20 0.0900 693.8
1 29 35 107.66 0.0699 572.6
1 29 41 304.14 0.0666 277.0
1 29 19 47.33 0.1021 503.9
1 29 25 146.60 0.0726 587.6
1 29 15 74.92 0.0537 15.6
1 29 17 327.21 0.0968 483.6
1 29 42 75.42 0.1296 571.5
1 29 33 306.51 0.0698 734.0
1 29 29 98.68 0.0510 624.0
1 29 31 80.09 0.0601 482.3
1 29 41 94.12 0.0626 254.6
1 29 37 69.82 0.0882 668.7
1 29 34 87.65 0.0634 342.9
1 29 23 632.89 0.0844 50.4
1 29 32 69.86 0.0682 46.1
1 29 39 85.05 0.0859 274.2
1 29 21 56.85 0.0730 644.1
1 29 14 228.18 0.1133 494.2
1 29 19 490.10 0.0501 541.3
1 29 41 171.29 0.0706 700.1
1 29 26 138.67 0.0577 855.0
1 29 25 73.53 0.0955 944.7
1 29 22 154.00 0.0549 92.4
1 29 31 85.50 0.0818 528.5
1 29 36 118.81 0.0811 444.6
1 29 17 120.22 0.0374 379.3
1 29 35 59.75 0.0774 561.5
1 29 30 100.88 0.0856 623.8
1 29 16 57.53 0.0366 17.5
1 29 29 70.82 0.1051 747.0
1 29 30 150.34 0.0838 409.5
1 29 13 178.03 0.0515 494.4
1 29 17 51.09 0.1366 506.1
1 29 33 128.36 0.0764 857.1
1 29 22 51.78 0.0720 61.0
1 29 28 257.05 0.0992 184.0
1 29 29 90.07 0.0998 323.1
1 29 29 145.03 0.0838 356.4
1 29 25 53.00 0.1018 607.8
1 29 31 120.14 0.0741 208.2
1 29 30 81.96 0.0979 90.1
1 29 29 225.19 0.0706 104.5
1 29 29 100.72 0.0472 408.3
1 29 34 124.55 0.0665 78.6
1 29 26 75.42 0.1096 34.8
1 29 34 110.07 0.0979 496.7
1 29 44 95.97 0.0971 148.4
1 29 30 81.28 0.0852 331.4
1 29 30 69.53 0.1334 879.3
1 29 30 94.40 0.1008 38.0
1 29 22 57.89 0.0769 358.7
1 29 18 188.49 0.0434 923.7
1 29 30 107.35 0.0928 305.5
1 29 38 307.33 0.0563 509.0
1 29 34 232.04 0.0792 732.8
1 29 21 62.24 0.0933 172.8
1 29 37 53.10 0.1146 554.2
1 29 31 114.91 0.0918 303.1
1 29 37 101.20 0.0935 193.7
1 29 26 71.25 0.1057 197.6
1 29 28 141.65 0.0921 765.0
1 29 27 65.11 0.1020 474.7
1 29 28 62.94 0.1474 868.2
1 29 40 138.15 0.1074 649.8
1 29 30 112.10 0.0762 49.3
1 29 14 89.47 0.0966 597.0
1 29 19 181.85 0.0708 46.4
1 29 30 356.36 0.0676 32.9
1 29 15 175.54 0.0801 508.8
1 29 22 61.67 0.1192 161.1
1 29 29 126.72 0.0888 510.7
1 29 16 77.60 0.0972 679.3
1 29 13 84.43 0.0904 608.7
1 29 18 59.19 0.1192 494.7
1 29 35 59.00 0.1168 706.1
1 29 21 127.72 0.0500 923.4
1 29 15 68.18 0.0962 245.3
1 29 15 60.23 0.0911 565.2
1 29 17 391.54 0.0428 314.5
1 29 13 165.59 0.0702 282.2
1 29 13 94.55 0.1272 368.3
1 29 29 106.93 0.0692 633.8
1 29 18 140.74 0.1089 485.3
1 29 27 62.11 0.1001 899.3
1 29 17 65.93 0.0559 748.3
1 29 15 55.42 0.0484 234.4
1 29 20 55.81 0.0857 850.4
1 29 24 108.94 0.0883 916.7
1 29 17 45.57 0.0594 311.5
1 29 14 443.11 0.1377 50.2
1 29 18 86.67 0.0662 166.6
1 29 21 193.48 0.0409 338.2
1 29 16 83.16 0.1076 371.8
1 29 15 45.70 0.1408 125.0
1 29 15 183.01 0.0535 941.3
1 29 27 157.15 0.0548 36.8
1 29 21 94.81 0.0542 30.1
1 29 13 94.67 0.1429 127.1
1 29 22 57.19 0.1427 245.5
1 29 38 141.87 0.0881 659.5
1 29 17 148.51 0.0590 79.0
1 29 33 208.91 0.0607 141.8
1 29 22 114.29 0.0738 919.5
1 29 14 84.46 0.0740 197.7
1 29 14 174.43 0.0514 11.7
1 29 15 79.02 0.0397 943.0
1 29 20 165.63 0.0389 734.6
1 29 33 76.01 0.0808 410.5
1 29 18 83.26 0.0444 332.8
1 29 20 188.38 0.0532 21.8
1 29 19 89.94 0.0812 945.3
1 29 20 69.20 0.1284 515.6
1 29 18 77.89 0.0853 225.7
1 30 31 324.41 0.0660 194.0
1 30 32 165.78 0.0979 68.6
1 30 17 58.28 0.0503 364.3
1 30 33 137.05 0.0877 86.8
1 30 35 112.14 0.0950 612.0
1 30 32 195.75 0.0806 61.5
1 30 15 206.55 0.0509 335.4
1 30 17 64.23 0.0550 356.6
1 30 15 53.83 0.0669 117.9
1 30 31 79.77 0.0707 188.1
1 30 24 144.06 0.0695 816.8
1 30 31 137.04 0.0670 634.1
1 30 15 114.56 0.0804 61.1
1 30 21 64.00 0.1067 688.4
1 30 30 95.00 0.1332 130.8
1 30 23 126.71 0.0715 9.1
1 30 37 120.13 0.0866 443.2
1 30 23 252.75 0.0780 879.6
1 30 16 422.03 0.0748 35.3
1 30 29 180.59 0.0702 771.0
1 30 28 58.09 0.1250 871.7
1 30 37 168.56 0.0936 902.4
1 30 17 156.08 0.0535 39.6
1 30 31 51.61 0.1327 510.7
1 30 28 101.87 0.0676 926.3
1 30 43 94.10 0.0946 675.3
1 30 30 85.84 0.0933 452.8
1 30 41 101.28 0.0802 855.2
1 30 26 57.58 0.0814 117.2
1 30 19 64.68 0.1238 38.4
1 30 26 180.84 0.0548 857.2
1 30 26 135.95 0.0733 88.0
1 30 28 129.22 0.0935 193.6
1 30 23 59.71 0.0793 458.6
1 30 18 226.81 0.0493 721.1
1 30 27 104.34 0.1256 62.1
1 30 17 127.87 0.0559 17.7
1 30 36 168.29 0.0784 593.0
1 30 36 140.87 0.0575 122.0
1 30 42 94.18 0.0711 937.9
1 30 15 434.07 0.0512 195.2
1 30 34 103.50 0.0776 209.9
1 30 18 100.67 0.0405 70.7
1 30 27 92.01 0.0687 908.2
1 30 20 46.64 0.1339 596.1
1 30 29 90.65 0.0705 842.0
1 30 30 238.14 0.0600 743.4
1 30 18 51.04 0.1447 517.0
1 30 20 93.61 0.1008 604.4
1 30 24 92.90 0.0648 675.2
1 30 23 92.56 0.0436 912.3
1 30 27 67.20 0.1018 509.1
1 30 23 218.71 0.0606 660.2
1 30 32 91.54 0.0904 59.4
1 30 25 77.98 0.1169 463.4
1 30 26 83.16 0.1016 230.5
1 30 18 95.46 0.0686 29.1
1 30 21 51.80 0.1214 719.3
1 30 16 82.15 0.0773 7.3
1 30 23 76.92 0.0810 571.9
1 30 18 257.00 0.0438 464.0
1 30 13 88.58 0.0824 5.1
1 30 14 76.19 0.0559 368.4
1 30 27 51.33 0.0827 555.0
1 30 15 358.16 0.0671 730.3
1 30 32 255.49 0.0449 238.0
1 30 27 81.02 0.0608 714.4
1 30 24 58.60 0.0801 159.7
1 30 23 124.73 0.1147 896.7
1 30 13 566.75 0.0669 688.1
1 30 31 107.18 0.0865 500.5
1 30 17 226.84 0.0303 53.9
1 30 29 133.14 0.0776 124.2
1 30 28 92.05 0.0768 72.2
1 30 13 60.30 0.1117 333.3
1 30 15 66.41 0.0394 639.1
1 30 38 174.59 0.0517 426.6
1 30 44 144.29 0.0632 106.3
1 30 35 241.92 0.0566 163.5
1 30 42 256.93 0.0709 208.2
1 30 33 85.12 0.0558 740.8
1 30 33 64.78 0.1171 388.0
1 30 43 155.78 0.0872 910.7
1 30 31 48.25 0.0986 194.7
1 30 30 119.03 0.0821 751.0
1 30 38 188.94 0.0525 491.4
1 30 38 143.14 0.0801 729.5
1 30 35 146.35 0.0677 843.4
1 30 29 75.07 0.0884 193.8
1 30 36 91.52 0.0993 375.3
1 30 18 47.46 0.0614 538.4
1 30 18 139.19 0.0378 735.0
1 30 38 116.48 0.0798 635.5
1 30 28 63.44 0.0900 755.1
1 30 31 87.20 0.0705 118.8
1 30 35 239.35 0.0627 192.5
1 30 44 184.01 0.0644 813.8
1 30 31 108.89 0.0435 837.3
1 30 28 73.90 0.0720 785.6
1 30 28 84.03 0.0762 227.8
1 30 38 51.39 0.0967 885.0
1 30 17 110.35 0.0919 734.7
1 30 43 223.69 0.0470 410.3
1 30 14 57.72 0.1072 840.4
1 30 35 137.69 0.0565 578.0
1 30 34 186.67 0.0646 193.6
1 30 17 210.04 0.0405 888.7
1 30 17 229.26 0.0638 301.2
1 30 22 188.01 0.0369 171.8
1 30 15 73.91 0.0490 732.4
1 30 29 184.10 0.0542 563.0
1 30 35 89.68 0.1101 677.0
1 30 30 46.80 0.1095 675.1
1 30 30 106.94 0.0805 697.0
1 30 18 93.38 0.1007 355.9
1 30 19 210.59 0.0825 730.5
1 30 40 81.10 0.0917 254.0
1 30 22 286.31 0.1147 710.0
1 30 36 147.92 0.0899 74.7
1 30 24 240.98 0.0725 260.8
1 30 18 48.64 0.1356 102.6
1 30 20 147.01 0.0359 780.3
1 30 15 96.33 0.0923 54.9
1 30 15 793.92 0.0489 703.1
1 30 29 125.18 0.0931 848.5
1 30 15 56.13 0.1359 737.5
1 30 16 94.83 0.0643 53.6
1 30 20 55.16 0.1053 587.0
1 30 23 102.54 0.0506 85.0
1 30 23 227.88 0.0668 63.3
1 30 30 192.70 0.0916 578.7
1 30 26 56.07 0.0620 769.7
1 30 22 76.91 0.1382 859.0
1 30 38 105.85 0.1024 702.9
1 30 32 159.27 0.1006 827.4
1 30 19 51.48 0.0961 633.4
1 30 28 53.67 0.1025 911.2
1 30 25 54.63 0.0890 112.7
1 30 19 66.40 0.0851 880.0
1 30 19 78.49 0.0810 644.9
1 30 36 87.29 0.0728 345.6
1 30 17 100.40 0.0706 859.6
1 30 38 217.68 0.0672 209.5
1 30 24 129.65 0.1154 787.8
1 30 37 91.52 0.0830 725.6
1 30 31 131.80 0.0517 209.9
1 30 34 92.00 0.0715 431.4
1 30 35 80.95 0.0995 586.2
1 30 39 80.16 0.0853 815.0
1 30 32 110.62 0.0573 96.0
1 30 19 108.74 0.0853 809.3
1 30 35 78.48 0.0816 828.1
1 30 33 244.97 0.0618 804.6
1 30 15 302.03 0.0587 350.4
1 30 40 179.21 0.0642 886.4
1 30 13 86.21 0.0654 930.2
1 30 37 112.70 0.0936 257.1
1 30 28 64.18 0.0896 760.5
1 30 32 104.96 0.0659 241.4
1 30 17 188.99 0.0596 813.0
1 30 35 57.03 0.1186 71.5
1 30 37 55.06 0.1016 388.3
1 30 43 249.63 0.0521 879.6
1 30 32 270.62 0.0670 439.8
1 30 24 47.78 0.0942 229.1
1 30 20 83.67 0.0888 73.6
1 30 36 157.12 0.0646 215.6
1 30 43 63.55 0.1033 91.2
1 30 30 181.89 0.0478 476.2
1 30 33 89.19 0.0816 753.6
1 30 32 153.99 0.0601 546.7
1 30 26 61.04 0.0470 452.8
1 30 33 132.34 0.0752 735.0
1 30 42 87.62 0.0926 722.6
1 30 37 230.96 0.0690 192.0
1 30 27 47.68 0.1307 546.9
1 30 46 162.17 0.0653 327.1
1 30 40 123.34 0.0666 707.4
1 30 37 92.45 0.0723 515.4
1 30 24 108.91 0.0558 703.0
1 30 16 240.15 0.0573 333.0
1 30 31 446.83 0.0596 822.8
1 30 22 128.51 0.0603 359.5
1 30 13 95.66 0.0903 453.3
1 30 17 105.73 0.0689 432.7
1 30 26 118.20 0.0568 520.2
1 30 25 134.84 0.0653 215.8
1 30 13 66.37 0.0688 927.2
1 30 18 45.64 0.1108 23.9
1 30 23 64.67 0.1008 863.0
1 30 15 75.36 0.0952 939.1
1 30 18 362.70 0.0430 788.9
1 30 20 261.98 0.0668 868.8
1 30 24 92.64 0.0566 712.6
1 30 19 49.19 0.1331 668.7
1 30 17 57.14 0.1073 932.4
1 30 41 439.05 0.0535 768.1
1 30 42 220.84 0.0564 196.7
1 30 41 74.55 0.1042 97.5
1 30 42 342.28 0.0671 228.1
1 30 43 134.84 0.0683 948.6
1 30 25 89.22 0.0614 657.7
1 30 30 253.75 0.0633 76.3
1 30 41 150.96 0.0816 892.7
1 30 39 51.14 0.1118 305.9
1 30 21 88.59 0.0540 268.9
1 30 19 194.77 0.0474 775.6
1 30 20 87.47 0.1359 899.9
1 30 28 69.49 0.1005 958.7
1 30 32 115.77 0.0803 227.5
1 30 39 115.20 0.0759 801.1
1 30 40 63.09 0.0880 856.9
1 30 38 89.38 0.0945 859.2
1 30 20 103.37 0.0811 72.6
1 30 39 210.52 0.0689 92.3
1 30 31 139.31 0.0602 548.4
1 30 40 66.33 0.0895 850.4
1 30 30 100.60 0.0637 541.3
1 30 14 223.05 0.0799 616.0
1 30 43 72.35 0.0970 911.7
1 30 38 103.20 0.0787 849.2
1 30 30 88.00 0.1088 896.4
1 30 30 59.86 0.0934 643.4
1 30 21 140.01 0.0803 456.0
1 30 39 207.17 0.0727 905.4
1 30 19 86.61 0.0854 121.0
1 30 32 63.93 0.1084 496.5
1 30 33 56.03 0.0944 744.4
1 30 17 92.92 0.0992 16.7
1 30 39 56.65 0.1213 130.9
1 30 33 49.85 0.1332 801.7
1 30 16 201.48 0.0369 738.6
1 30 39 159.52 0.0733 912.0
1 30 19 88.92 0.0879 623.5
1 30 29 147.39 0.0704 522.9
1 30 25 58.94 0.1121 54.5
1 30 15 284.11 0.0450 681.5
1 30 33 83.51 0.1040 577.4
1 30 41 168.57 0.0709 526.4
1 30 39 98.85 0.1070 44.5
1 30 41 174.65 0.0737 95.8
1 30 39 103.11 0.0843 306.1
1 30 22 60.40 0.1106 917.0
1 30 20 111.17 0.1182 866.5
1 30 26 180.34 0.0578 879.9
1 30 17 65.64 0.1030 480.7
1 30 38 83.28 0.0508 552.1
1 30 17 80.08 0.1168 861.0
1 30 19 127.94 0.1260 100.8
1 30 14 304.40 0.1470 462.7
1 30 32 96.06 0.0948 261.5
1 30 39 49.50 0.1013 958.7
1 30 23 69.17 0.0767 532.2
1 30 38 122.09 0.0616 864.3
1 30 25 134.57 0.0647 787.8
1 30 37 52.97 0.1061 353.1
1 30 37 112.80 0.0891 814.2
1 30 40 117.72 0.0689 669.8
1 30 22 46.23 0.0647 568.5
1 30 28 68.36 0.0665 783.4
1 30 37 164.47 0.0722 85.0
1 30 33 62.32 0.1014 801.3
1 30 36 288.12 0.0871 684.6
1 30 27 55.39 0.1026 477.0
1 30 36 55.57 0.1217 440.5
1 30 20 165.86 0.0596 58.8
1 30 43 117.06 0.0811 140.4
1 30 39 85.01 0.0838 843.0
1 30 24 58.11 0.0951 713.9
1 30 42 94.44 0.0763 526.9
1 30 30 99.79 0.0646 137.9
1 30 33 58.28 0.1035 708.3
1 30 35 118.37 0.0763 396.9
1 30 23 56.68 0.1241 62.1
1 30 23 65.23 0.1041 551.0
1 30 45 270.71 0.0600 121.6
1 30 44 131.10 0.0736 736.6
1 30 37 206.87 0.0756 45.2
1 30 41 156.10 0.0578 837.7
1 30 27 168.89 0.1273 741.6
1 30 45 126.32 0.0634 385.5
1 30 24 138.18 0.0406 669.6
1 30 40 203.16 0.0732 29.4
1 30 20 281.10 0.0689 540.8
1 30 36 256.21 0.0667 867.0
1 30 29 57.45 0.0720 519.1
1 30 27 53.36 0.0975 40.8
1 30 34 70.25 0.0711 573.7
1 30 24 209.59 0.0658 31.6
1 30 38 128.17 0.0525 898.4
1 30 13 73.22 0.0930 714.7
1 30 22 144.08 0.0453 340.3
1 30 35 325.42 0.0448 787.5
1 30 42 69.51 0.0835 91.7
1 30 31 179.45 0.0862 624.5
1 30 24 88.26 0.0939 509.9
1 30 33 177.18 0.0732 680.8
1 30 38 122.08 0.0781 937.6
1 30 26 90.26 0.0604 392.0
1 30 21 137.35 0.0543 638.2
1 30 23 114.67 0.0593 737.4
1 30 21 208.12 0.0932 445.1
1 30 16 501.45 0.0791 484.9
1 30 25 175.97 0.0512 221.9
1 30 17 69.98 0.1328 945.9
1 30 18 313.30 0.0420 708.1
1 30 13 123.00 0.0314 724.7
1 30 13 93.39 0.0699 509.4
1 30 15 55.43 0.1158 917.5
1 30 29 78.22 0.0844 99.9
1 30 29 92.64 0.0784 134.4
1 30 17 81.22 0.1423 772.2
1 30 16 61.88 0.0420 544.6
1 30 23 48.41 0.0761 676.5
1 30 13 159.42 0.0783 220.1
1 30 37 207.87 0.0566 581.9
1 30 28 169.65 0.0575 8.9
1 30 16 307.16 0.0490 781.4
1 30 39 47.08 0.1213 450.6
1 30 16 74.58 0.0841 119.7
1 30 32 125.31 0.0919 668.2
1 30 16 100.94 0.0580 88.3
1 30 27 143.75 0.0544 454.8
1 30 18 214.04 0.0615 776.8
1 30 27 81.17 0.0855 797.0
1 30 25 605.00 0.0352 905.8
1 30 32 83.14 0.1083 232.0
1 30 38 148.66 0.0994 495.3
1 30 25 48.67 0.1318 756.5
1 30 44 95.74 0.0935 506.1
1 30 37 120.96 0.0806 657.0
1 30 21 53.53 0.1136 724.6
1 30 27 91.53 0.0872 940.6
1 30 43 198.14 0.0804 874.3
1 30 39 140.99 0.0770 233.1
1 30 30 94.64 0.0919 808.2
1 30 26 129.59 0.0788 781.1
1 30 13 929.63 0.0448 740.8
1 30 19 92.01 0.1015 727.4
1 30 27 59.36 0.1477 908.0
1 30 30 101.82 0.1067 802.2
1 30 23 45.75 0.1027 734.9
1 30 17 75.72 0.1098 775.0
1 30 18 134.06 0.0465 718.6
1 30 15 62.28 0.0960 346.1
1 30 22 109.87 0.1012 74.2
1 30 20 50.32 0.1251 71.9
1 30 23 95.95 0.0627 697.8
1 30 21 110.85 0.0825 750.7
1 30 14 391.54 0.0474 217.9
1 30 23 132.21 0.0775 745.6
1 30 13 68.17 0.1094 826.2
1 30 28 263.28 0.0712 528.1
1 30 27 199.56 0.0488 605.3
1 30 16 70.90 0.0774 49.8
1 30 24 48.82 0.1343 614.0
1 30 23 319.01 0.0673 732.7
1 30 17 466.28 0.0722 23.3
1 30 16 103.28 0.0582 6.0
1 30 19 70.55 0.0818 82.7
1 30 14 244.48 0.0580 260.4
1 30 17 49.12 0.1269 72.0
1 30 16 1761.04 0.0827 166.2
1 30 15 124.59 0.0594 258.3
1 30 14 70.50 0.0499 874.0
1 30 24 50.81 0.1063 822.7
1 30 16 59.46 0.0339 74.2
1 30 13 56.14 0.0469 132.1
1 30 20 197.70 0.0537 72.9
1 30 16 92.26 0.0391 400.8
1 30 17 155.38 0.0846 931.5
1 30 18 223.91 0.0608 910.0
1 30 15 150.44 0.0407 110.5
1 30 18 116.05 0.0747 696.1
1 30 16 61.28 0.0762 637.9
1 30 18 194.10 0.0546 215.2
1 30 22 86.30 0.0688 921.8
1 30 27 58.75 0.0971 69.7
1 30 28 74.82 0.0961 58.9
1 30 29 121.90 0.0964 46.3
1 30 19 73.36 0.0876 8.5
1 30 23 113.34 0.0839 26.1
1 30 15 45.56 0.0487 409.5
1 30 13 45.55 0.0780 89.8
1 30 13 80.64 0.0637 232.3
1 30 13 120.99 0.0630 802.0
1 30 15 60.06 0.0666 732.1
1 30 24 57.08 0.0778 465.9
1 30 16 74.68 0.0767 868.5
1 30 36 147.04 0.0516 576.6
1 30 24 79.11 0.1034 785.6
1 30 18 58.11 0.1220 958.8
1 30 26 73.39 0.1052 808.4
1 30 24 125.79 0.0822 436.3
1 30 18 87.18 0.0837 937.4
1 30 16 77.76 0.0877 932.6
1 30 16 130.46 0.0704 634.4
1 30 23 45.23 0.0809 460.0
1 30 19 80.78 0.0644 936.5
1 30 14 46.80 0.0801 929.3
1 30 18 48.33 0.0650 934.0
1 30 16 288.75 0.0996 766.7
1 30 21 189.40 0.0444 66.8
1 30 21 1612.84 0.0581 506.4
1 30 15 46.11 0.1371 651.2
1 30 21 50.92 0.0777 815.0
1 30 19 52.03 0.0899 382.5
1 30 18 116.05 0.0970 90.5
1 30 16 50.49 0.0570 16.6
1 30 13 47.67 0.0696 746.4
1 31 39 367.29 0.0921 222.3
1 31 34 165.86 0.0712 766.9
1 31 30 119.98 0.0828 173.4
1 31 28 81.28 0.0869 817.1
1 31 33 160.34 0.0900 93.6
1 31 25 156.87 0.0904 737.6
1 31 21 140.48 0.0789 552.8
1 31 16 122.55 0.0933 297.0
1 31 30 98.29 0.0752 811.0
1 31 27 49.98 0.0941 550.5
1 31 28 48.07 0.0889 498.2
1 31 32 155.25 0.0765 100.3
1 31 27 67.69 0.1165 325.5
1 31 24 67.82 0.0761 153.5
1 31 16 54.85 0.0675 717.4
1 31 24 109.20 0.0960 917.5
1 31 27 72.34 0.0746 537.2
1 31 29 207.79 0.0687 738.6
1 31 17 142.86 0.0525 800.1
1 31 26 76.30 0.1013 23.1
1 31 28 59.48 0.1194 267.7
1 31 15 79.29 0.1045 496.4
1 31 16 121.94 0.0373 252.2
1 31 16 303.39 0.0523 235.3
1 31 18 51.14 0.1153 856.0
1 31 24 116.05 0.0590 99.8
1 31 24 174.38 0.1111 101.2
1 31 18 96.92 0.0600 234.2
1 31 24 136.21 0.0738 82.8
1 31 37 75.90 0.1066 340.5
1 31 27 45.64 0.1378 803.7
1 31 30 117.24 0.0719 448.1
1 31 16 68.47 0.0620 292.0
1 31 29 47.49 0.1115 582.8
1 31 23 57.01 0.1238 491.5
1 31 37 93.96 0.0795 337.2
1 31 40 181.60 0.0692 230.7
1 31 25 276.99 0.0569 142.1
1 31 33 127.71 0.1275 78.0
1 31 25 133.77 0.0608 839.0
1 31 17 122.69 0.1139 723.0
1 31 26 121.13 0.0792 87.1
1 31 34 46.07 0.1151 336.2
1 31 19 45.31 0.1273 105.6
1 31 30 61.53 0.1109 846.1
1 31 16 241.99 0.0906 369.3
1 31 19 69.28 0.0469 796.8
1 31 14 92.91 0.0793 89.6
1 31 15 117.82 0.0601 784.0
1 31 18 146.97 0.0639 733.1
1 31 29 137.62 0.0839 298.0
1 31 26 61.02 0.1014 10.0
1 31 36 83.70 0.0986 848.0
1 31 18 519.81 0.0334 727.2
1 31 28 72.97 0.0785 331.3
1 31 21 204.46 0.0501 204.7
1 31 22 73.78 0.0995 139.7
1 31 20 126.81 0.1124 14.7
1 31 30 98.64 0.0851 222.2
1 31 23 51.56 0.0932 748.1
1 31 23 113.81 0.0823 344.0
1 31 22 133.34 0.0482 112.0
1 31 29 79.95 0.1198 535.5
1 31 35 85.80 0.1001 424.3
1 31 30 80.37 0.1180 323.8
1 31 33 299.39 0.0511 866.9
1 31 36 96.67 0.0846 587.4
1 31 15 86.76 0.0824 429.3
1 31 34 56.14 0.1090 48.9
1 31 37 221.08 0.0709 48.2
1 31 31 120.10 0.0654 901.2
1 31 38 79.29 0.0951 406.5
1 31 35 166.52 0.0655 85.3
1 31 27 122.93 0.0731 746.3
1 31 41 113.13 0.0738 722.3
1 31 35 86.12 0.1003 468.3
1 31 23 46.06 0.0615 845.5
1 31 21 127.99 0.1039 577.0
1 31 25 48.97 0.0653 294.6
1 31 39 76.09 0.0863 300.1
1 31 30 61.09 0.1066 352.5
1 31 39 181.75 0.0674 147.2
1 31 27 151.43 0.0715 311.5
1 31 26 230.91 0.0356 45.0
1 31 43 85.11 0.0610 496.5
1 31 33 155.33 0.0626 507.2
1 31 38 268.09 0.0568 853.6
1 31 25 176.54 0.0642 45.5
1 31 40 86.18 0.0822 98.3
1 31 30 128.94 0.0818 506.2
1 31 39 271.74 0.0648 36.9
1 31 34 63.53 0.0810 145.6
1 31 31 298.17 0.0842 753.2
1 31 26 90.15 0.0606 200.3
1 31 36 167.15 0.1032 448.5
1 31 40 45.68 0.0944 504.0
1 31 34 71.88 0.1275 662.0
1 31 29 124.37 0.0732 773.0
1 31 37 90.51 0.0753 762.6
1 31 27 69.62 0.0703 56.3
1 31 33 69.91 0.1040 264.4
1 31 28 64.58 0.0864 755.1
1 31 27 65.19 0.0830 274.4
1 31 27 182.20 0.0559 249.0
1 31 35 110.82 0.0920 821.6
1 31 25 74.57 0.0998 236.9
1 31 30 89.08 0.0752 818.2
1 31 33 89.58 0.0897 333.4
1 31 27 62.92 0.0899 408.4
1 31 21 67.10 0.1158 186.7
1 31 36 82.31 0.0895 610.4
1 31 19 58.38 0.0927 428.6
1 31 28 58.24 0.1069 398.1
1 31 23 119.23 0.0637 21.5
1 31 37 509.00 0.0482 143.3
1 31 39 106.78 0.1017 48.0
1 31 25 83.77 0.0783 200.9
1 31 13 63.97 0.1057 734.4
1 31 22 82.21 0.1054 923.2
1 31 32 123.93 0.0725 534.5
1 31 30 229.87 0.0791 198.5
1 31 39 66.96 0.1033 378.4
1 31 33 45.27 0.1414 74.1
1 31 36 214.51 0.0726 397.0
1 31 41 141.56 0.0735 208.6
1 31 14 101.04 0.0861 748.8
1 31 28 168.54 0.0741 852.5
1 31 36 65.91 0.1081 351.4
1 31 26 54.11 0.0874 785.9
1 31 20 126.60 0.0638 321.8
1 31 43 307.31 0.0612 214.0
1 31 35 167.17 0.0647 363.4
1 31 33 169.31 0.0665 671.0
1 31 42 181.36 0.0819 322.6
1 31 31 284.68 0.0581 172.5
1 31 35 101.92 0.0612 660.2
1 31 24 82.98 0.1007 323.9
1 31 19 71.72 0.0626 188.0
1 31 16 203.95 0.0412 23.1
1 31 33 63.56 0.1133 929.3
1 31 17 46.83 0.0723 547.3
1 31 20 217.37 0.0685 215.4
1 31 21 82.67 0.0920 528.6
1 31 21 146.66 0.0815 244.8
1 31 33 203.56 0.0845 422.4
1 31 27 363.36 0.0674 46.7
1 31 22 110.18 0.0653 178.9
1 31 37 686.86 0.0549 801.8
1 31 25 853.42 0.0652 235.5
1 31 43 135.81 0.0707 153.7
1 31 25 130.08 0.0644 421.3
1 31 22 95.94 0.0652 288.8
1 31 30 94.25 0.0818 287.6
1 31 42 120.19 0.0615 374.4
1 31 34 104.24 0.0745 414.5
1 31 41 238.05 0.0589 640.4
1 31 13 49.27 0.1794 710.6
1 31 24 75.33 0.0639 233.1
1 31 33 45.87 0.0876 267.8
1 31 37 182.43 0.0577 827.0
1 31 39 99.85 0.0692 846.3
1 31 26 47.50 0.0937 320.5
1 31 43 103.84 0.0694 445.5
1 31 42 126.18 0.0862 246.4
1 31 38 87.96 0.0735 484.5
1 31 39 89.03 0.1059 228.9
1 31 43 332.83 0.0748 214.9
1 31 36 86.21 0.0862 579.6
1 31 43 109.87 0.0945 72.0
1 31 23 55.29 0.1244 775.9
1 31 43 97.97 0.0914 337.7
1 31 36 185.63 0.0662 274.6
1 31 30 77.08 0.0793 432.3
1 31 36 117.25 0.0863 852.9
1 31 16 61.42 0.1404 934.0
1 31 17 183.26 0.0662 402.9
1 31 35 163.52 0.0736 792.4
1 31 37 71.84 0.0858 194.0
1 31 13 58.32 0.0865 730.4
1 31 40 227.13 0.0718 830.6
1 31 40 139.67 0.0638 50.1
1 31 35 162.10 0.0585 121.0
1 31 22 173.89 0.0577 741.9
1 31 29 109.58 0.1152 283.6
1 31 25 110.72 0.0599 67.7
1 31 33 140.67 0.0833 102.4
1 31 33 101.52 0.0726 485.1
1 31 40 54.66 0.1179 917.7
1 31 31 65.96 0.1218 113.5
1 31 33 107.08 0.0925 312.0
1 31 41 230.23 0.0683 43.3
1 31 38 708.23 0.0658 353.4
1 31 39 86.35 0.1076 71.2
1 31 24 136.29 0.0805 23.5
1 31 31 150.11 0.0757 487.5
1 31 34 72.18 0.0975 290.3
1 31 28 149.80 0.0782 950.2
1 31 31 66.65 0.1354 411.2
1 31 28 290.94 0.0690 142.0
1 31 16 104.18 0.1392 388.3
1 31 21 212.36 0.0474 103.4
1 31 33 107.67 0.1047 394.6
1 31 32 128.42 0.0833 590.2
1 31 20 48.22 0.1365 231.0
1 31 41 58.77 0.0917 409.1
1 31 36 93.21 0.0826 747.0
1 31 36 76.69 0.1137 879.3
1 31 18 151.16 0.1112 303.5
1 31 32 139.37 0.0755 397.5
1 31 26 319.87 0.0612 757.2
1 31 18 443.32 0.0339 406.3
1 31 40 127.40 0.0728 916.2
1 31 16 177.17 0.0646 162.1
1 31 25 75.28 0.0786 58.7
1 31 33 127.13 0.0757 309.7
1 31 34 266.08 0.0751 733.7
1 31 27 121.82 0.0745 17.8
1 31 33 80.12 0.0785 291.1
1 31 34 133.36 0.0901 72.8
1 31 30 94.76 0.0737 358.9
1 31 27 117.08 0.0536 356.4
1 31 16 83.79 0.0800 643.6
1 31 34 49.09 0.1124 31.2
1 31 23 129.74 0.0856 364.7
1 31 16 71.66 0.0825 178.4
1 31 27 62.54 0.0517 937.9
1 31 13 284.67 0.0265 570.9
1 31 37 62.53 0.1030 881.5
1 31 44 101.00 0.0787 540.0
1 31 20 158.10 0.0766 221.3
1 31 32 87.34 0.1026 480.6
1 31 38 336.88 0.0514 158.6
1 31 29 364.84 0.0348 427.9
1 31 41 232.01 0.0547 486.3
1 31 26 146.71 0.0797 52.6
1 31 43 169.39 0.0835 313.9
1 31 43 123.90 0.0879 358.4
1 31 40 164.43 0.0533 327.4
1 31 23 56.00 0.0926 890.5
1 31 21 1519.75 0.0350 29.1
1 31 34 66.65 0.0888 315.8
1 31 36 59.82 0.0870 24.4
1 31 37 253.86 0.0643 743.5
1 31 34 68.45 0.1003 854.6
1 31 38 94.33 0.0711 476.5
1 31 42 91.62 0.0610 387.3
1 31 45 200.99 0.0719 330.1
1 31 30 62.66 0.0735 398.3
1 31 29 219.69 0.0713 912.2
1 31 38 80.36 0.0932 509.9
1 31 32 69.60 0.0892 374.9
1 31 37 94.23 0.0844 915.4
1 31 28 55.65 0.1028 361.2
1 31 39 65.97 0.1004 491.3
1 31 26 96.53 0.1170 542.0
1 31 15 67.01 0.0426 17.9
1 31 28 51.13 0.1086 502.2
1 31 40 51.84 0.1148 503.0
1 31 37 156.61 0.0583 796.6
1 31 36 221.49 0.0693 328.0
1 31 34 95.50 0.0722 21.7
1 31 23 126.60 0.1017 477.0
1 31 36 121.99 0.0707 334.4
1 31 26 226.44 0.0480 217.4
1 31 20 48.98 0.0894 484.8
1 31 28 150.18 0.0662 745.4
1 31 16 156.97 0.0678 902.2
1 31 17 47.48 0.0721 520.5
1 31 24 61.01 0.0945 316.9
1 31 18 123.03 0.1117 301.5
1 31 16 110.56 0.0450 933.0
1 31 16 272.44 0.0777 333.8
1 31 23 89.53 0.0834 583.5
1 31 14 102.24 0.0425 489.5
1 31 20 209.71 0.0341 74.2
1 31 33 184.85 0.0843 131.7
1 31 29 166.45 0.0675 173.0
1 31 17 1064.45 0.0414 404.7
1 31 39 65.04 0.1191 430.2
1 31 36 283.94 0.0819 127.8
1 31 24 89.82 0.0515 757.1
1 31 33 64.81 0.1219 139.4
1 31 17 90.04 0.1155 302.3
1 31 16 672.98 0.0672 930.5
1 31 15 213.86 0.0633 13.8
1 31 40 195.41 0.0589 317.7
1 31 36 80.02 0.0804 228.1
1 31 21 552.31 0.0991 803.5
1 31 28 179.37 0.0627 441.6
1 31 38 104.26 0.0933 558.4
1 31 24 203.41 0.0817 38.0
1 31 27 52.24 0.0971 52.5
1 31 28 545.49 0.0519 841.4
1 31 37 66.21 0.1022 197.5
1 31 33 60.34 0.1064 149.5
1 31 27 146.92 0.0882 721.3
1 31 36 96.44 0.0874 773.3
1 31 18 60.96 0.0488 794.0
1 31 22 79.01 0.0914 348.2
1 31 15 209.32 0.0524 212.0
1 31 28 281.98 0.0588 301.5
1 31 29 178.90 0.0482 338.6
1 31 43 332.36 0.0605 37.4
1 31 29 59.73 0.1290 893.0
1 31 21 81.55 0.0899 789.9
1 31 20 188.38 0.0700 249.0
1 31 31 101.61 0.0943 359.0
1 31 21 51.91 0.1152 127.2
1 31 16 261.51 0.0615 246.2
1 31 21 93.02 0.0587 455.3
1 31 23 147.88 0.1153 342.2
1 31 17 87.02 0.0424 263.2
1 31 14 80.74 0.0906 359.5
1 31 28 60.60 0.0838 474.6
1 31 21 94.37 0.0822 55.6
1 31 19 198.46 0.0576 489.0
1 31 14 48.42 0.0738 613.8
1 31 14 108.54 0.0756 36.7
1 31 15 114.53 0.0461 162.6
1 31 21 46.62 0.1093 259.1
1 31 17 57.51 0.0853 15.6
1 31 15 97.97 0.0795 164.3
1 31 16 47.94 0.1091 239.0
1 31 17 185.20 0.0717 313.2
1 31 15 80.18 0.0407 727.4
1 31 17 401.20 0.0971 85.6
1 31 13 49.82 0.1007 42.3
1 31 15 66.96 0.1560 298.4
1 31 17 45.30 0.1190 507.4
1 31 20 79.65 0.0574 736.0
1 31 21 187.94 0.1127 102.9
1 31 20 54.20 0.1278 120.2
1 31 13 53.12 0.0587 227.7
1 31 17 45.27 0.0902 550.1
1 31 17 104.24 0.0871 472.7
1 31 15 614.12 0.0744 85.7
1 31 23 96.01 0.0574 922.6
1 31 32 173.76 0.0617 804.1
1 31 17 72.90 0.0938 51.7
1 31 30 176.28 0.0688 361.5
1 31 16 49.17 0.0804 411.1
1 31 16 46.60 0.0776 763.5
1 31 14 195.31 0.1074 10.1
1 31 37 268.09 0.0648 49.6
1 31 14 85.26 0.0716 164.0
1 31 34 107.68 0.0737 336.0
1 31 18 418.19 0.0437 430.0
1 31 16 79.73 0.0749 162.0
1 31 39 46.70 0.1387 167.6
1 31 16 60.86 0.1020 225.9
1 31 15 76.56 0.0494 442.5
1 31 18 45.04 0.1113 311.1
1 31 14 112.19 0.1278 48.5
1 31 18 434.13 0.0685 727.2
1 31 29 118.83 0.0667 162.7
1 31 41 417.78 0.0625 154.5
1 31 13 52.33 0.1079 166.4
1 31 37 131.42 0.0884 358.5
1 31 13 171.69 0.0441 201.3
1 31 23 205.21 0.0588 257.7
1 31 17 147.91 0.0376 273.8
1 31 29 46.95 0.1094 749.3
1 31 13 109.99 0.0537 595.9
1 31 13 241.41 0.0329 445.3
1 31 19 49.92 0.0988 187.0
1 32 37 160.97 0.0894 35.5
1 32 35 140.69 0.0665 891.1
1 32 34 114.06 0.0839 798.5
1 32 19 189.24 0.0642 161.1
1 32 27 63.89 0.0973 819.7
1 32 26 70.36 0.1085 887.1
1 32 35 86.83 0.1132 134.3
1 32 18 77.10 0.1204 886.3
1 32 21 122.44 0.0712 54.7
1 32 14 63.80 0.1179 23.6
1 32 30 266.53 0.0551 663.5
1 32 25 231.13 0.0505 423.5
1 32 23 123.84 0.0666 226.7
1 32 14 92.86 0.1113 902.5
1 32 24 108.98 0.0936 758.8
1 32 22 75.88 0.0708 869.6
1 32 28 118.88 0.1011 83.4
1 32 29 318.15 0.0796 828.9
1 32 16 91.73 0.0522 387.2
1 32 13 53.05 0.1246 404.7
1 32 28 53.48 0.1401 323.8
1 32 17 132.69 0.0642 811.1
1 32 17 71.49 0.0764 44.9
1 32 28 92.34 0.0880 737.4
1 32 20 219.42 0.0371 773.5
1 32 23 237.99 0.0525 213.0
1 32 39 146.08 0.0631 316.5
1 32 20 82.37 0.0679 919.7
1 32 30 80.65 0.0701 524.6
1 32 34 56.61 0.1107 280.1
1 32 34 58.00 0.1304 173.6
1 32 26 113.13 0.0720 406.5
1 32 19 137.93 0.0480 438.1
1 32 21 82.21 0.1221 20.8
1 32 30 46.52 0.1375 604.1
1 32 26 174.93 0.0523 74.4
1 32 33 213.55 0.1158 416.0
1 32 24 192.15 0.0674 227.2
1 32 26 184.55 0.0594 45.0
1 32 24 72.37 0.1119 65.0
1 32 27 144.57 0.0809 671.9
1 32 27 154.16 0.0979 36.2
1 32 40 117.59 0.0768 723.7
1 32 38 117.77 0.0890 353.9
1 32 24 232.16 0.0773 845.6
1 32 30 90.05 0.0920 117.9
1 32 27 62.55 0.0870 685.5
1 32 22 48.19 0.1077 910.7
1 32 23 134.51 0.0319 125.0
1 32 44 96.63 0.0898 30.0
1 32 32 242.63 0.0674 320.0
1 32 15 109.24 0.0669 113.8
1 32 22 116.33 0.0522 595.5
1 32 15 221.76 0.0499 125.0
1 32 27 55.83 0.0952 420.1
1 32 20 82.10 0.0834 786.8
1 32 24 97.05 0.0471 692.1
1 32 27 46.90 0.0807 353.9
1 32 29 55.84 0.1170 780.2
1 32 33 305.79 0.0883 617.4
1 32 36 252.89 0.0597 471.1
1 32 29 83.36 0.0505 304.2
1 32 36 131.66 0.0597 74.4
1 32 17 193.09 0.1021 407.1
1 32 17 64.17 0.0768 841.0
1 32 35 390.46 0.0807 791.7
1 32 19 83.11 0.0503 23.4
1 32 39 122.03 0.0892 543.2
1 32 17 70.44 0.0479 351.2
1 32 30 271.11 0.0580 146.3
1 32 19 185.98 0.0535 921.5
1 32 20 96.56 0.0704 639.1
1 32 20 147.70 0.0654 106.9
1 32 20 78.59 0.1211 649.7
1 32 33 167.85 0.0755 366.1
1 32 16 53.64 0.1494 467.5
1 32 16 72.41 0.1311 790.1
1 32 38 81.19 0.0732 477.4
1 32 39 84.76 0.0771 300.6
1 32 29 76.69 0.1189 47.4
1 32 32 88.75 0.0935 773.0
1 32 25 69.66 0.0824 718.5
1 32 27 75.63 0.0755 711.9
1 32 17 170.54 0.0897 796.0
1 32 28 93.63 0.1021 726.3
1 32 16 64.38 0.0882 891.0
1 32 16 92.91 0.0625 41.4
1 32 33 124.12 0.0733 428.7
1 32 34 131.16 0.0858 138.3
1 32 31 158.57 0.0826 810.0
1 32 29 62.39 0.0654 622.4
1 32 13 118.36 0.0637 59.7
1 32 14 61.15 0.0844 637.6
1 32 27 100.40 0.0803 13.7
1 32 13 314.03 0.0429 643.6
1 32 37 52.28 0.0975 279.5
1 32 14 51.51 0.1149 695.7
1 32 38 345.18 0.0667 636.7
1 32 36 117.88 0.0662 365.2
1 32 21 65.56 0.0766 344.2
1 32 30 97.28 0.0817 717.3
1 32 38 87.46 0.1155 88.3
1 32 34 201.14 0.0604 918.1
1 32 35 130.85 0.0573 515.7
1 32 30 143.99 0.0970 825.6
1 32 35 117.71 0.1064 845.3
1 32 28 120.11 0.0858 398.4
1 32 13 56.61 0.0635 576.1
1 32 18 111.35 0.0641 131.1
1 32 39 149.30 0.0758 776.4
1 32 34 81.52 0.0919 817.3
1 32 30 59.00 0.1044 726.8
1 32 23 164.28 0.0442 38.7
1 32 24 53.05 0.1205 738.1
1 32 26 82.50 0.0782 35.0
1 32 20 52.61 0.1164 342.4
1 32 14 204.07 0.0648 127.3
1 32 19 46.02 0.1255 97.8
1 32 15 116.11 0.0428 866.1
1 32 39 151.57 0.0641 144.4
1 32 39 69.09 0.0701 468.5
1 32 34 213.88 0.0510 798.5
1 32 18 177.24 0.0560 52.6
1 32 40 52.78 0.1067 331.8
1 32 21 45.81 0.1067 81.6
1 32 20 71.64 0.0765 392.6
1 32 20 70.61 0.1059 385.4
1 32 16 135.31 0.0657 42.4
1 32 36 67.84 0.1244 557.6
1 32 37 116.15 0.1109 594.9
1 32 34 117.39 0.0858 772.5
1 32 29 53.09 0.0801 512.0
1 32 33 215.41 0.0671 610.0
1 32 36 129.82 0.0753 764.7
1 32 38 205.62 0.0698 434.0
1 32 26 258.74 0.0665 478.8
1 32 40 143.16 0.0882 618.3
1 32 13 856.23 0.0794 718.6
1 32 43 90.57 0.0825 743.6
1 32 36 67.71 0.0808 889.5
1 32 32 56.09 0.0962 283.9
1 32 35 95.51 0.0687 481.0
1 32 35 151.49 0.0646 61.2
1 32 21 53.80 0.1268 686.3
1 32 21 66.25 0.0957 91.6
1 32 24 53.17 0.1360 761.0
1 32 26 113.63 0.0573 888.2
1 32 33 74.07 0.0828 445.2
1 32 37 88.31 0.0665 798.1
1 32 42 194.06 0.0648 531.1
1 32 16 58.16 0.1272 675.2
1 32 38 230.17 0.0758 99.9
1 32 34 168.60 0.0531 730.4
1 32 20 87.75 0.0836 280.4
1 32 46 191.05 0.0618 534.0
1 32 38 96.01 0.0799 646.7
1 32 26 167.99 0.0700 294.9
1 32 28 155.25 0.0752 894.5
1 32 16 146.39 0.0633 257.4
1 32 41 115.53 0.0787 370.4
1 32 34 89.12 0.0687 492.8
1 32 19 200.38 0.0924 450.2
1 32 25 50.17 0.1071 592.4
1 32 30 68.89 0.0892 343.0
1 32 40 56.82 0.1239 211.4
1 32 22 117.88 0.1086 648.3
1 32 21 71.44 0.0875 336.8
1 32 33 126.54 0.0588 713.0
1 32 25 136.58 0.0518 435.3
1 32 29 62.18 0.0775 542.3
1 32 31 167.91 0.0584 718.0
1 32 34 160.93 0.0729 518.0
1 32 30 191.30 0.0640 408.0
1 32 40 68.09 0.0983 693.5
1 32 21 101.66 0.0802 265.5
1 32 17 161.06 0.0443 208.4
1 32 14 97.74 0.1232 7.5
1 32 42 73.18 0.1333 349.4
1 32 13 53.44 0.1037 618.3
1 32 35 216.08 0.0778 50.4
1 32 39 54.82 0.1110 77.0
1 32 39 170.99 0.0733 173.5
1 32 22 179.12 0.1008 232.2
1 32 26 106.76 0.0864 60.0
1 32 31 47.03 0.0978 333.5
1 32 37 54.03 0.1127 731.6
1 32 41 122.91 0.1050 751.5
1 32 31 114.74 0.0595 16.2
1 32 28 171.17 0.0664 86.0
1 32 28 138.97 0.0952 781.0
1 32 23 169.85 0.0681 36.1
1 32 42 104.19 0.0950 939.4
1 32 32 77.02 0.1111 560.1
1 32 37 98.09 0.1082 155.7
1 32 14 82.65 0.0793 31.3
1 32 26 97.03 0.0805 381.5
1 32 17 74.29 0.0749 636.9
1 32 18 89.80 0.0641 425.4
1 32 25 58.85 0.0830 745.0
1 32 29 88.34 0.0810 504.4
1 32 35 228.76 0.0493 501.4
1 32 38 119.53 0.0842 52.0
1 32 20 581.34 0.0569 116.0
1 32 47 71.90 0.0650 828.2
1 32 13 143.65 0.0994 210.3
1 32 23 67.96 0.0796 404.9
1 32 35 63.78 0.1121 317.3
1 32 27 73.51 0.0861 542.1
1 32 18 45.77 0.0518 747.5
1 32 16 129.84 0.0569 28.1
1 32 23 116.63 0.0508 855.3
1 32 15 46.29 0.1489 97.3
1 32 36 93.26 0.0755 827.3
1 32 19 232.32 0.1020 95.5
1 32 14 253.97 0.1081 16.0
1 32 33 64.25 0.1080 133.8
1 32 39 183.56 0.0711 55.2
1 32 37 121.63 0.0611 509.9
1 32 26 241.52 0.0545 665.0
1 32 27 155.83 0.0577 854.6
1 32 41 91.16 0.0667 412.4
1 32 25 62.57 0.0872 502.0
1 32 30 62.10 0.0925 105.3
1 32 32 48.35 0.1119 33.2
1 32 25 420.78 0.0624 503.7
1 32 44 129.09 0.0783 496.1
1 32 41 99.97 0.0698 248.0
1 32 25 315.39 0.0572 234.5
1 32 26 56.60 0.1038 315.5
1 32 25 109.05 0.0680 485.8
1 32 36 50.11 0.1552 727.0
1 32 34 165.14 0.0783 529.3
1 32 25 57.93 0.0547 301.6
1 32 28 128.75 0.0645 646.3
1 32 18 235.08 0.0580 400.3
1 32 40 58.91 0.0974 466.3
1 32 32 55.49 0.1029 446.1
1 32 26 79.32 0.1142 924.5
1 32 35 130.16 0.0548 674.9
1 32 18 84.66 0.0379 528.8
1 32 16 53.01 0.0596 374.8
1 32 31 50.37 0.0693 668.4
1 32 26 145.35 0.0472 354.4
1 32 28 54.31 0.0728 544.8
1 32 20 55.46 0.0891 281.8
1 32 43 384.42 0.0610 488.4
1 32 29 92.45 0.0973 427.8
1 32 22 47.67 0.1002 497.4
1 32 32 161.55 0.0542 525.5
1 32 23 146.67 0.0786 135.8
1 32 32 65.55 0.0913 501.6
1 32 17 59.94 0.0525 658.3
1 32 29 113.10 0.0711 47.5
1 32 26 82.35 0.0673 150.5
1 32 25 47.11 0.1093 413.5
1 32 24 76.35 0.0611 286.9
1 32 33 68.38 0.1149 43.8
1 32 34 54.14 0.1258 559.1
1 32 16 235.41 0.0874 15.1
1 32 29 97.81 0.1068 601.1
1 32 29 211.89 0.0831 28.3
1 32 17 77.06 0.0395 489.9
1 32 27 86.05 0.1147 52.5
1 32 30 106.01 0.0868 683.6
1 32 29 135.98 0.0740 166.2
1 32 34 75.29 0.0916 149.8
1 32 34 64.84 0.0974 879.2
1 32 29 84.35 0.1033 51.3
1 32 22 68.50 0.1087 411.7
1 32 17 286.58 0.0659 269.6
1 32 18 164.73 0.0619 247.4
1 32 30 65.30 0.0877 385.1
1 32 29 95.34 0.0739 733.4
1 32 27 303.03 0.0527 251.9
1 32 14 1386.39 0.0385 297.9
1 32 22 86.55 0.0739 456.2
1 32 24 56.49 0.1163 80.5
1 32 29 140.40 0.0848 801.4
1 32 35 169.32 0.0642 808.1
1 32 29 85.98 0.1090 890.9
1 32 24 78.72 0.1243 104.8
1 32 36 133.44 0.0548 160.2
1 32 27 172.22 0.1012 654.0
1 32 27 90.66 0.1061 51.7
1 32 29 86.07 0.0970 594.0
1 32 16 81.45 0.0848 44.1
1 32 24 53.39 0.1083 727.9
1 32 28 58.18 0.1103 914.7
1 32 28 53.72 0.1133 565.9
1 32 19 51.91 0.1199 339.0
1 32 20 47.44 0.0796 779.0
1 32 15 82.56 0.0633 499.5
1 32 30 84.49 0.0692 382.8
1 32 14 55.84 0.0528 151.5
1 32 26 151.05 0.0759 78.5
1 32 23 101.88 0.0726 241.9
1 32 23 95.73 0.0777 60.9
1 32 27 140.10 0.0693 795.0
1 32 13 69.17 0.1480 2.9
1 32 17 69.27 0.0951 721.7
1 32 19 135.46 0.0534 108.1
1 32 15 157.14 0.1126 619.7
1 32 32 87.01 0.0594 823.0
1 32 18 50.90 0.0882 271.3
1 32 15 56.75 0.1186 412.3
1 32 18 142.92 0.0572 266.6
1 32 31 167.29 0.0695 423.8
1 32 21 171.12 0.0557 503.5
1 32 32 153.81 0.0907 241.0
1 32 25 60.04 0.0949 489.4
1 32 30 229.05 0.0525 49.0
1 32 35 197.43 0.0634 954.9
1 32 18 228.43 0.0725 228.3
1 32 35 120.69 0.0715 351.8
1 32 13 77.53 0.1280 628.7
1 32 13 53.81 0.1204 658.4
1 32 23 99.70 0.0697 111.9
1 32 20 368.91 0.0528 120.2
1 32 25 48.50 0.1156 102.4
1 32 24 52.38 0.1404 778.2
1 32 16 64.06 0.0524 443.3
1 32 17 93.64 0.0387 706.9
1 32 24 477.32 0.0555 432.9
1 32 24 117.39 0.0719 82.4
1 32 22 103.50 0.0911 287.8
1 32 35 125.13 0.0797 116.7
1 32 15 79.36 0.1786 55.1
1 32 18 151.84 0.0566 20.0
1 32 14 170.34 0.0707 486.7
1 33 35 128.51 0.1020 684.4
1 33 20 223.98 0.0521 796.8
1 33 33 168.31 0.0759 379.1
1 33 22 435.55 0.0559 543.1
1 33 34 166.28 0.1017 794.5
1 33 36 87.54 0.0917 489.7
1 33 19 109.91 0.0495 310.5
1 33 36 327.35 0.0570 585.7
1 33 19 47.24 0.1649 49.1
1 33 22 175.47 0.0989 106.0
1 33 29 73.74 0.1402 883.0
1 33 38 268.75 0.0742 462.5
1 33 25 76.18 0.1135 144.8
1 33 26 276.17 0.0663 640.2
1 33 26 76.81 0.0922 485.8
1 33 20 74.69 0.0584 41.2
1 33 31 127.80 0.0743 759.9
1 33 20 141.60 0.0363 711.3
1 33 32 67.95 0.1168 714.9
1 33 17 118.62 0.0615 516.9
1 33 23 145.39 0.0661 689.0
1 33 41 122.01 0.1001 129.8
1 33 17 149.13 0.1124 735.5
1 33 30 105.30 0.0733 561.7
1 33 31 134.06 0.1041 238.6
1 33 25 79.48 0.0983 70.1
1 33 36 116.62 0.0776 538.2
1 33 37 79.10 0.1081 567.9
1 33 38 56.22 0.1087 938.2
1 33 35 495.65 0.0767 706.4
1 33 26 150.83 0.0677 451.0
1 33 30 96.00 0.1004 919.9
1 33 30 95.64 0.0991 674.9
1 33 35 63.95 0.1169 719.2
1 33 28 223.93 0.0705 598.6
1 33 40 72.12 0.1261 505.6
1 33 18 83.41 0.1068 460.5
1 33 24 87.68 0.0874 702.4
1 33 15 49.75 0.0714 30.9
1 33 16 214.28 0.0400 483.5
1 33 25 47.88 0.1392 626.0
1 33 29 86.06 0.0945 873.4
1 33 36 121.40 0.0634 776.6
1 33 32 132.45 0.0861 505.3
1 33 26 176.85 0.0876 822.1
1 33 25 413.57 0.0548 362.5
1 33 27 56.20 0.0998 244.4
1 33 22 179.11 0.0551 579.7
1 33 17 403.13 0.0763 539.9
1 33 21 62.33 0.0607 614.0
1 33 32 71.55 0.0849 274.7
1 33 22 926.32 0.0954 488.4
1 33 34 197.20 0.0581 880.9
1 33 20 1018.70 0.0476 460.4
1 33 30 55.24 0.1186 142.0
1 33 17 176.16 0.0708 210.1
1 33 15 51.76 0.1180 603.5
1 33 23 62.30 0.0510 740.2
1 33 19 139.80 0.0515 629.9
1 33 14 230.73 0.0548 644.7
1 33 36 154.71 0.0670 422.3
1 33 23 232.17 0.1195 882.1
1 33 16 223.37 0.1582 810.7
1 33 30 128.67 0.1061 413.4
1 33 36 236.63 0.0486 617.9
1 33 28 141.62 0.0622 311.3
1 33 25 93.83 0.1014 940.4
1 33 26 64.66 0.0946 32.6
1 33 32 68.85 0.0926 246.3
1 33 42 77.97 0.0866 609.3
1 33 14 156.63 0.0887 956.8
1 33 39 107.88 0.0763 674.7
1 33 33 170.09 0.0955 785.5
1 33 27 115.86 0.0887 622.7
1 33 31 62.68 0.0854 480.1
1 33 33 60.32 0.1149 322.4
1 33 29 66.64 0.1154 808.2
1 33 29 93.78 0.0799 659.3
1 33 32 167.89 0.0686 161.0
1 33 27 50.71 0.1010 814.0
1 33 29 160.59 0.0629 73.8
1 33 43 135.48 0.0606 446.9
1 33 25 100.05 0.0473 360.4
1 33 41 61.88 0.0940 754.5
1 33 22 138.06 0.0667 683.8
1 33 29 51.47 0.1079 711.2
1 33 33 124.43 0.0851 770.0
1 33 30 85.18 0.0726 485.6
1 33 18 54.93 0.0583 169.7
1 33 20 748.57 0.0942 61.2
1 33 31 117.19 0.0942 674.6
1 33 19 162.46 0.0473 773.0
1 33 36 76.39 0.1175 635.5
1 33 40 53.40 0.1009 480.5
1 33 17 93.71 0.0552 191.6
1 33 28 116.84 0.0871 608.0
1 33 39 96.94 0.0751 273.7
1 33 34 74.54 0.0933 787.6
1 33 34 104.08 0.1025 639.4
1 33 33 67.03 0.0916 451.3
1 33 15 114.19 0.0608 933.2
1 33 20 312.77 0.0908 757.9
1 33 20 109.84 0.0347 715.6
1 33 33 178.04 0.0479 61.3
1 33 29 92.56 0.0896 340.0
1 33 16 74.93 0.0368 583.3
1 33 13 102.83 0.0810 401.2
1 33 30 86.31 0.1227 395.9
1 33 37 237.68 0.0632 622.6
1 33 20 93.47 0.0813 718.9
1 33 22 74.64 0.0713 15.2
1 33 31 48.68 0.1403 99.2
1 33 22 133.37 0.0430 529.9
1 33 23 78.43 0.0880 703.6
1 33 41 125.40 0.0887 52.5
1 33 24 133.67 0.0503 612.3
1 33 28 55.38 0.1531 239.9
1 33 15 119.55 0.0531 823.7
1 33 22 53.04 0.1176 329.5
1 33 33 188.43 0.0640 562.1
1 33 40 86.14 0.0775 112.2
1 33 35 190.30 0.0950 251.1
1 33 28 94.24 0.0776 74.0
1 33 38 73.21 0.0784 87.4
1 33 29 172.33 0.0525 327.8
1 33 38 136.08 0.0766 690.4
1 33 30 49.26 0.1107 729.3
1 33 34 109.45 0.0869 18.6
1 33 30 64.04 0.0845 619.2
1 33 27 95.94 0.0616 840.4
1 33 31 115.36 0.0866 658.4
1 33 37 45.68 0.1105 421.7
1 33 33 57.39 0.1267 711.6
1 33 18 120.08 0.0546 474.9
1 33 26 139.72 0.0620 716.6
1 33 35 83.97 0.0827 629.6
1 33 36 51.80 0.1099 567.3
1 33 38 47.01 0.0916 130.4
1 33 22 143.68 0.0648 280.9
1 33 31 195.52 0.0647 732.7
1 33 21 92.30 0.1001 321.0
1 33 37 131.34 0.0766 664.8
1 33 21 298.93 0.0372 729.5
1 33 43 136.96 0.0626 613.6
1 33 27 90.80 0.0478 703.3
1 33 34 90.42 0.0996 100.8
1 33 35 146.31 0.0923 877.6
1 33 36 154.44 0.0815 582.2
1 33 29 120.51 0.0782 858.7
1 33 36 65.98 0.1043 496.4
1 33 40 69.79 0.0880 723.6
1 33 17 55.23 0.1259 845.1
1 33 21 178.48 0.0450 18.6
1 33 21 49.23 0.1120 264.5
1 33 19 107.73 0.0644 920.9
1 33 37 76.34 0.0694 600.1
1 33 41 290.32 0.0653 73.6
1 33 26 121.77 0.0729 373.6
1 33 38 110.66 0.0749 671.9
1 33 43 237.36 0.0640 155.4
1 33 37 55.27 0.1213 902.5
1 33 21 133.02 0.1066 143.5
1 33 30 70.30 0.0724 662.2
1 33 38 60.34 0.0916 358.4
1 33 45 97.32 0.0684 687.2
1 33 43 151.78 0.0678 187.4
1 33 24 167.81 0.0474 747.7
1 33 28 496.24 0.0785 482.5
1 33 25 63.19 0.0942 59.6
1 33 42 182.01 0.0874 619.4
1 33 34 49.06 0.0932 509.7
1 33 22 166.09 0.0460 297.8
1 33 17 53.58 0.0835 698.7
1 33 18 181.66 0.0590 686.4
1 33 13 109.28 0.0928 724.0
1 33 39 190.02 0.0601 141.2
1 33 36 83.31 0.0802 548.1
1 33 39 66.22 0.1119 147.9
1 33 33 64.90 0.0685 91.7
1 33 42 102.89 0.0710 674.5
1 33 18 74.08 0.1109 142.2
1 33 35 71.30 0.1031 915.7
1 33 26 104.46 0.0617 146.3
1 33 19 77.13 0.0579 303.1
1 33 19 199.80 0.0534 460.7
1 33 17 302.80 0.0492 453.6
1 33 22 56.23 0.1246 142.0
1 33 14 105.92 0.0704 564.5
1 33 43 239.42 0.0762 735.1
1 33 35 512.55 0.0618 138.5
1 33 35 51.09 0.0905 625.3
1 33 39 66.74 0.0937 654.6
1 33 30 131.99 0.0641 348.7
1 33 36 66.53 0.1267 703.0
1 33 23 86.94 0.0818 588.7
1 33 29 74.13 0.0789 750.6
1 33 36 80.29 0.0944 703.8
1 33 34 86.76 0.0899 649.9
1 33 27 80.15 0.1067 688.6
1 33 41 299.55 0.0819 91.8
1 33 16 71.93 0.0988 937.9
1 33 18 51.70 0.1450 312.8
1 33 30 54.84 0.1133 353.3
1 33 38 67.07 0.1001 696.4
1 33 36 50.66 0.1230 726.6
1 33 37 172.81 0.0789 689.6
1 33 34 53.54 0.0904 78.7
1 33 18 99.15 0.0719 665.1
1 33 18 75.28 0.0751 748.5
1 33 15 206.90 0.0745 470.2
1 33 33 57.74 0.1308 182.4
1 33 19 64.70 0.1335 723.3
1 33 23 63.63 0.0809 291.5
1 33 27 131.59 0.1023 100.5
1 33 29 89.15 0.0904 306.7
1 33 42 202.49 0.0690 631.4
1 33 40 137.10 0.1116 652.7
1 33 31 47.42 0.0802 586.1
1 33 40 99.80 0.0851 217.0
1 33 36 538.80 0.0718 595.9
1 33 43 159.01 0.0701 419.5
1 33 32 155.16 0.0743 558.8
1 33 34 80.48 0.0977 201.6
1 33 33 117.01 0.0760 70.6
1 33 27 335.96 0.0641 187.4
1 33 37 319.29 0.0828 621.2
1 33 34 107.44 0.0622 177.0
1 33 27 189.87 0.0740 569.5
1 33 31 57.12 0.1138 596.0
1 33 23 58.16 0.1325 839.0
1 33 23 54.82 0.1291 700.2
1 33 34 92.42 0.0554 93.6
1 33 41 173.52 0.0548 848.4
1 33 16 370.27 0.0681 693.7
1 33 40 58.21 0.1116 731.0
1 33 14 215.17 0.1043 697.5
1 33 27 88.20 0.0666 552.6
1 33 38 130.20 0.0575 705.7
1 33 31 131.98 0.0730 946.5
1 33 29 144.58 0.0766 920.7
1 33 44 96.08 0.0793 792.7
1 33 25 118.97 0.0579 547.1
1 33 35 55.12 0.1129 108.0
1 33 36 373.21 0.0496 581.0
1 33 29 2284.67 0.0652 42.5
1 33 40 63.03 0.0980 328.4
1 33 35 62.53 0.1073 648.1
1 33 23 54.50 0.1361 388.6
1 33 37 88.88 0.0815 847.7
1 33 43 82.52 0.0846 168.0
1 33 42 46.00 0.0917 130.2
1 33 32 66.72 0.0704 662.4
1 33 37 251.62 0.0584 521.5
1 33 39 138.56 0.0873 146.0
1 33 28 1901.98 0.1077 51.4
1 33 32 130.05 0.0798 478.1
1 33 24 133.58 0.1081 524.7
1 33 42 255.91 0.0665 486.2
1 33 23 66.50 0.0919 465.9
1 33 26 59.13 0.0721 698.4
1 33 42 131.31 0.0973 649.1
1 33 40 188.08 0.0695 647.6
1 33 34 64.13 0.1007 328.4
1 33 32 57.34 0.1101 304.1
1 33 19 124.20 0.0678 629.0
1 33 26 88.88 0.0842 702.9
1 33 35 100.18 0.1350 331.6
1 33 14 290.22 0.0527 177.9
1 33 31 100.49 0.0964 425.3
1 33 15 45.87 0.0990 117.4
1 33 25 62.52 0.1183 323.0
1 33 15 81.33 0.1073 648.7
1 33 39 112.73 0.0625 563.2
1 33 37 107.16 0.0630 497.2
1 33 27 64.94 0.1079 924.8
1 33 44 313.35 0.0595 571.6
1 33 41 191.47 0.0663 803.2
1 33 34 174.59 0.0528 548.5
1 33 39 309.83 0.0642 818.5
1 33 33 316.86 0.0618 115.2
1 33 15 104.33 0.0352 694.8
1 33 25 89.98 0.0939 18.0
1 33 40 97.67 0.1020 518.5
1 33 34 85.70 0.0712 456.5
1 33 17 68.89 0.0530 574.4
1 33 24 102.54 0.0625 89.4
1 33 13 47.74 0.1323 846.0
1 33 23 142.15 0.0488 52.2
1 33 37 101.48 0.0872 893.6
1 33 40 74.10 0.0766 942.8
1 33 18 115.38 0.0443 434.0
1 33 33 78.95 0.0582 367.9
1 33 22 45.70 0.1075 456.5
1 33 25 100.68 0.0952 889.5
1 33 26 100.04 0.0753 878.5
1 33 39 117.97 0.0568 93.6
1 33 27 436.66 0.0550 121.1
1 33 36 102.84 0.0450 425.0
1 33 32 207.73 0.0405 816.0
1 33 34 56.66 0.1026 685.0
1 33 25 184.63 0.0548 36.9
1 33 28 45.96 0.1190 150.6
1 33 41 203.56 0.0667 687.8
1 33 24 109.18 0.0754 732.1
1 33 14 106.65 0.0592 609.1
1 33 18 211.07 0.0436 597.7
1 33 31 80.74 0.0494 766.0
1 33 25 82.42 0.1205 621.0
1 33 19 99.60 0.0638 928.5
1 33 16 50.86 0.0484 447.8
1 33 23 347.78 0.0363 126.1
1 33 16 263.25 0.0554 66.4
1 33 37 161.64 0.0696 599.4
1 33 33 96.83 0.0765 635.6
1 33 29 85.97 0.0721 538.6
1 33 18 54.91 0.1235 545.4
1 33 26 143.64 0.0597 49.4
1 33 23 102.68 0.0496 613.4
1 33 40 75.69 0.0758 951.0
1 33 37 48.49 0.1209 197.8
1 33 36 82.39 0.0879 898.7
1 33 27 131.06 0.0982 859.0
1 33 41 71.62 0.0803 727.0
1 33 31 93.82 0.0676 769.5
1 33 15 180.70 0.0755 936.1
1 33 21 122.84 0.0691 654.8
1 33 28 63.37 0.1152 587.7
1 33 31 77.62 0.0765 911.9
1 33 27 171.51 0.0688 847.6
1 33 16 184.93 0.0309 24.4
1 33 39 72.68 0.1139 705.0
1 33 41 283.44 0.0762 697.0
1 33 18 98.56 0.0509 558.3
1 33 41 104.93 0.0754 204.8
1 33 31 182.91 0.0716 694.2
1 33 42 113.65 0.0929 653.3
1 33 36 400.34 0.0714 819.0
1 33 24 88.77 0.0598 290.9
1 33 25 236.70 0.0476 376.5
1 33 21 142.32 0.0745 721.1
1 33 26 92.17 0.0837 788.0
1 33 19 100.06 0.0544 707.7
1 33 24 110.03 0.0913 115.7
1 33 38 119.44 0.0994 106.1
1 33 28 248.45 0.0750 425.7
1 33 30 57.05 0.1312 593.5
1 33 29 56.24 0.1366 72.8
1 33 16 81.64 0.0518 582.8
1 33 25 50.06 0.1195 57.0
1 33 27 80.27 0.0780 847.7
1 33 24 163.18 0.0842 39.8
1 33 26 191.30 0.0724 205.4
1 33 22 196.20 0.0575 528.2
1 33 15 133.28 0.0634 689.9
1 33 27 117.20 0.0973 573.0
1 33 15 221.58 0.0658 204.0
1 33 15 131.88 0.0510 854.4
1 33 21 143.25 0.0714 791.5
1 33 23 143.39 0.1268 615.6
1 33 30 99.67 0.1049 465.6
1 33 17 54.46 0.1122 805.3
1 33 27 46.63 0.1018 96.5
1 33 26 55.68 0.1433 184.0
1 33 18 228.70 0.0370 668.3
1 33 39 107.70 0.0968 376.6
1 33 26 45.07 0.1333 142.7
1 33 30 218.61 0.0592 905.5
1 33 26 84.33 0.0765 798.8
1 33 18 106.08 0.0475 48.7
1 33 19 73.61 0.0934 137.1
1 33 15 52.77 0.1182 831.4
1 33 37 118.76 0.0972 248.0
1 33 14 483.02 0.0502 683.1
1 33 16 113.23 0.0804 689.8
1 33 16 74.91 0.0659 785.4
1 33 23 135.90 0.0472 802.8
1 33 28 116.76 0.1294 84.2
1 33 19 121.22 0.0599 357.5
1 33 18 54.98 0.1538 479.4
1 33 14 109.19 0.0579 277.6
1 33 19 62.97 0.0580 174.0
1 33 18 143.18 0.1043 613.9
1 33 13 134.53 0.0585 700.0
1 33 15 83.06 0.0494 814.1
1 33 14 48.64 0.1521 463.9
1 33 22 108.47 0.0468 564.9
1 33 17 271.72 0.0302 267.5
1 33 26 79.88 0.0772 620.9
1 33 16 76.75 0.0825 619.4
1 33 15 73.88 0.1083 518.5
1 33 24 115.81 0.0428 680.7
1 33 22 458.94 0.0378 574.5
1 33 40 65.69 0.0989 94.4
1 33 26 129.00 0.0967 836.5
1 33 24 47.12 0.0699 861.0
1 33 26 45.14 0.1451 147.1
1 33 15 262.13 0.0683 704.2
1 33 22 55.53 0.1244 701.3
1 33 15 211.27 0.0657 149.9
1 33 32 78.32 0.0605 643.1
1 33 24 136.56 0.0786 614.1
1 33 30 136.67 0.1339 712.6
1 33 17 108.10 0.0586 506.1
1 33 22 47.57 0.1097 577.5
1 33 25 115.62 0.0930 719.3
1 33 24 123.43 0.0806 181.9
1 33 24 122.63 0.0714 443.1
1 33 13 133.19 0.0580 659.0
1 33 21 312.21 0.0592 410.6
1 33 21 107.94 0.0744 30.3
1 33 22 145.99 0.0634 865.9
1 33 21 56.50 0.0625 290.3
1 33 17 57.42 0.1525 848.2
1 33 13 188.82 0.0452 778.6
1 33 23 46.57 0.0926 489.6
1 33 18 67.60 0.0815 36.8
1 33 14 153.53 0.0617 653.1
1 33 23 49.51 0.1043 56.8
1 33 21 84.00 0.0820 524.2
1 33 13 114.23 0.1391 160.6
1 33 32 253.00 0.0522 572.4
1 33 39 76.11 0.0775 609.3
1 33 30 254.03 0.0519 703.7
1 33 19 259.20 0.0459 526.4
1 33 28 121.63 0.1030 840.9
1 33 16 145.52 0.0608 811.7
1 33 19 139.99 0.0637 34.5
1 33 15 247.77 0.0571 161.8
1 33 14 78.51 0.1158 690.4
1 33 28 60.42 0.1029 869.1
1 33 33 231.12 0.0774 607.7
1 33 14 172.58 0.1009 584.7
1 33 15 107.01 0.0610 19.6
1 33 16 63.21 0.0390 346.3
1 33 27 102.99 0.0768 49.5
1 33 18 205.88 0.0424 437.2
1 33 14 45.94 0.1201 511.3
1 33 23 49.75 0.1241 96.4
1 33 30 70.87 0.0979 106.9
1 33 14 111.19 0.0592 517.4
1 33 22 143.57 0.0615 167.7
1 33 26 145.31 0.0597 352.6
1 33 38 155.14 0.0803 122.0
1 33 14 196.10 0.0810 463.6
1 33 14 59.39 0.1380 26.9
1 34 36 101.98 0.0817 277.8
1 34 15 358.80 0.0617 275.8
1 34 29 81.61 0.1169 922.6
1 34 31 132.28 0.0728 822.4
1 34 40 210.71 0.0670 255.1
1 34 33 251.14 0.0715 301.5
1 34 34 55.83 0.1188 353.3
1 34 24 108.12 0.0832 879.0
1 34 13 148.27 0.0800 13.4
1 34 20 58.79 0.0799 571.4
1 34 17 216.00 0.0986 312.5
1 34 17 145.15 0.0572 326.5
1 34 16 99.19 0.0578 926.9
1 34 27 195.68 0.0603 367.7
1 34 17 52.45 0.0851 484.0
1 34 28 117.26 0.1203 547.4
1 34 30 143.10 0.0823 86.2
1 34 21 55.45 0.0972 253.1
1 34 19 78.78 0.0906 168.7
1 34 22 95.60 0.0926 9.0
1 34 18 172.80 0.0764 529.4
1 34 14 364.32 0.0552 414.6
1 34 14 106.21 0.0518 567.9
1 34 23 93.54 0.0686 533.8
1 34 33 113.52 0.0845 635.5
1 34 36 100.52 0.1061 870.0
1 34 39 174.30 0.0620 652.2
1 34 28 105.39 0.0842 600.4
1 34 22 63.21 0.0581 899.6
1 34 22 168.18 0.0640 25.7
1 34 34 52.29 0.1344 613.4
1 34 17 125.94 0.0870 815.3
1 34 16 227.46 0.0514 190.8
1 34 14 123.45 0.0610 119.1
1 34 15 105.09 0.0525 590.3
1 34 26 56.05 0.0806 713.6
1 34 25 180.68 0.1126 4.8
1 34 24 124.29 0.1021 576.9
1 34 40 160.98 0.0610 738.1
1 34 31 169.60 0.0572 535.9
1 34 20 145.46 0.0490 837.2
1 34 18 188.38 0.0712 377.9
1 34 15 67.71 0.0662 408.6
1 34 20 111.04 0.0578 567.0
1 34 40 94.67 0.0728 425.2
1 34 41 224.74 0.0734 314.4
1 34 40 270.60 0.0623 485.8
1 34 34 58.40 0.0953 548.5
1 34 24 230.16 0.0473 135.6
1 34 22 52.74 0.0997 566.3
1 34 31 143.12 0.0669 364.0
1 34 22 49.25 0.0782 887.4
1 34 25 45.05 0.1026 473.1
1 34 25 74.38 0.0791 459.5
1 34 18 95.58 0.0441 49.8
1 34 25 107.62 0.0642 775.0
1 34 34 128.62 0.0803 385.1
1 34 18 193.46 0.0618 244.4
1 34 29 147.01 0.0610 305.1
1 34 39 289.95 0.0742 340.5
1 34 29 47.08 0.1339 904.3
1 34 35 163.60 0.0556 925.7
1 34 38 215.04 0.0563 781.5
1 34 21 105.89 0.0645 405.9
1 34 18 84.27 0.1578 239.0
1 34 19 80.83 0.1080 201.5
1 34 19 147.17 0.0486 91.7
1 34 17 45.20 0.0950 178.9
1 34 14 63.71 0.0927 423.1
1 34 16 65.13 0.0372 201.8
1 34 34 114.95 0.0452 72.0
1 34 40 166.51 0.0600 751.1
1 34 28 63.79 0.0928 459.9
1 34 23 139.41 0.0477 828.0
1 34 34 142.87 0.0636 504.3
1 34 40 151.02 0.0945 764.8
1 34 37 74.72 0.0748 387.3
1 34 42 97.25 0.0758 528.7
1 34 25 80.72 0.1073 208.3
1 34 20 46.16 0.0986 437.5
1 34 34 59.32 0.1164 912.7
1 34 33 153.78 0.0633 246.8
1 34 35 168.45 0.0500 309.8
1 34 21 237.28 0.0688 342.3
1 34 36 45.59 0.1181 736.9
1 34 27 198.34 0.0577 447.3
1 34 17 49.97 0.0778 558.1
1 34 38 78.43 0.0818 480.1
1 34 22 129.68 0.0414 896.6
1 34 28 90.74 0.0886 408.0
1 34 35 131.14 0.0733 371.9
1 34 38 216.88 0.0749 454.2
1 34 17 96.19 0.0795 340.9
1 34 22 117.48 0.0986 949.0
1 34 36 55.76 0.1228 481.8
1 34 18 520.41 0.0651 328.0
1 34 35 105.17 0.0768 942.4
1 34 18 101.19 0.0429 634.8
1 34 32 289.46 0.0841 463.0
1 34 30 153.74 0.0592 44.5
1 34 42 57.69 0.0957 305.3
1 34 17 65.17 0.0986 25.1
1 34 32 132.93 0.0665 628.0
1 34 17 103.12 0.0823 26.7
1 34 14 166.84 0.0777 904.7
1 34 30 67.16 0.0928 529.4
1 34 18 138.18 0.0481 359.6
1 34 37 62.65 0.1003 103.3
1 34 26 53.65 0.1416 517.2
1 34 20 282.26 0.0674 347.9
1 34 34 114.55 0.0636 312.8
1 34 26 76.58 0.0834 479.9
1 34 39 184.56 0.0671 362.5
1 34 24 54.87 0.1002 12.3
1 34 16 67.46 0.1167 953.0
1 34 41 49.85 0.1174 570.2
1 34 34 239.01 0.0619 532.1
1 34 32 67.97 0.1048 716.6
1 34 34 284.78 0.0740 302.8
1 34 27 56.90 0.1357 410.0
1 34 25 207.65 0.0623 580.6
1 34 37 95.88 0.0784 677.0
1 34 28 94.29 0.0691 569.8
1 34 17 344.26 0.0506 748.4
1 34 37 150.48 0.0714 157.1
1 34 34 73.35 0.0862 743.7
1 34 37 59.21 0.1038 396.1
1 34 40 54.05 0.1133 903.8
1 34 34 73.65 0.1409 499.4
1 34 35 80.84 0.0780 356.5
1 34 18 98.05 0.0628 654.7
1 34 28 59.06 0.1383 939.4
1 34 36 59.66 0.1077 855.3
1 34 16 144.50 0.0410 404.4
1 34 20 149.34 0.0397 645.3
1 34 13 266.25 0.0461 152.3
1 34 41 174.98 0.0728 326.5
1 34 41 78.26 0.0901 630.0
1 34 15 50.03 0.0969 438.2
1 34 34 133.26 0.0902 404.3
1 34 33 47.89 0.1197 517.4
1 34 36 52.14 0.1137 55.5
1 34 15 103.12 0.0465 306.8
1 34 25 107.42 0.0630 267.6
1 34 16 273.39 0.0437 235.2
1 34 41 124.42 0.0840 34.5
1 34 21 83.79 0.0665 189.7
1 34 22 246.65 0.0539 824.3
1 34 27 397.93 0.0347 298.1
1 34 26 71.71 0.0848 310.4
1 34 38 208.31 0.0667 784.7
1 34 22 117.56 0.0538 821.6
1 34 30 47.19 0.1216 441.8
1 34 40 151.61 0.0658 713.6
1 34 27 181.42 0.0631 712.8
1 34 42 169.38 0.0704 115.4
1 34 41 237.72 0.0551 682.6
1 34 25 205.41 0.0486 231.6
1 34 38 103.55 0.0561 896.7
1 34 32 49.00 0.1131 413.4
1 34 13 157.22 0.0698 938.4
1 34 33 83.71 0.0670 183.9
1 34 31 140.52 0.0811 939.0
1 34 41 110.95 0.0901 161.0
1 34 26 104.80 0.0801 450.5
1 34 35 79.66 0.0738 767.8
1 34 36 230.93 0.0459 380.3
1 34 22 155.95 0.0739 629.1
1 34 21 59.70 0.0510 220.2
1 34 24 224.71 0.0420 23.0
1 34 46 70.79 0.0915 514.7
1 34 40 45.40 0.0815 174.8
1 34 30 57.43 0.0959 265.9
1 34 18 249.73 0.0559 934.5
1 34 26 56.64 0.0889 206.4
1 34 30 94.08 0.0841 79.4
1 34 24 101.51 0.0728 182.2
1 34 25 98.57 0.0724 658.4
1 34 17 189.81 0.0421 567.2
1 34 41 133.45 0.0546 33.4
1 34 40 112.00 0.0911 618.2
1 34 33 195.63 0.0711 873.2
1 34 23 45.54 0.0738 11.3
1 34 14 62.13 0.0703 91.3
1 34 26 59.41 0.0707 48.1
1 34 26 52.76 0.1176 533.1
1 34 31 79.74 0.1051 245.8
1 34 41 420.47 0.0641 822.4
1 34 39 107.64 0.0636 503.0
1 34 20 52.86 0.1045 151.4
1 34 35 129.23 0.0788 30.4
1 34 28 74.15 0.0987 492.6
1 34 16 47.47 0.1353 385.4
1 34 38 88.87 0.0910 565.4
1 34 33 52.80 0.0926 8.0
1 34 13 70.17 0.0506 239.9
1 34 17 69.06 0.0845 328.5
1 34 26 127.45 0.0686 387.1
1 34 40 99.83 0.0848 387.0
1 34 38 104.22 0.0824 5.4
1 34 38 110.54 0.0928 467.6
1 34 42 149.77 0.0941 101.7
1 34 25 72.55 0.1140 413.1
1 34 26 62.42 0.0783 504.7
1 34 24 90.47 0.0783 14.4
1 34 23 53.52 0.1232 440.9
1 34 14 45.26 0.0837 931.1
1 34 41 288.76 0.0693 387.2
1 34 42 77.15 0.1087 110.9
1 34 39 68.07 0.1021 872.3
1 34 36 109.22 0.0721 279.8
1 34 42 147.10 0.0978 438.0
1 34 22 147.87 0.0645 348.9
1 34 16 156.83 0.0446 279.1
1 34 28 55.21 0.1179 486.4
1 34 36 152.13 0.0635 103.9
1 34 30 99.82 0.0894 153.5
1 34 33 67.76 0.1136 879.9
1 34 16 106.31 0.1510 202.9
1 34 27 105.16 0.0776 912.1
1 34 41 145.49 0.0873 567.3
1 34 35 133.02 0.0651 382.4
1 34 24 52.39 0.1140 459.0
1 34 39 103.55 0.0894 581.0
1 34 33 182.09 0.0546 447.1
1 34 13 301.73 0.0511 926.6
1 34 38 77.96 0.0922 343.9
1 34 31 95.33 0.0816 486.1
1 34 40 140.58 0.1021 322.1
1 34 38 48.26 0.1008 892.9
1 34 25 49.12 0.1263 393.6
1 34 41 55.85 0.0770 422.0
1 34 20 152.01 0.0725 358.8
1 34 14 80.50 0.1202 148.5
1 34 15 105.75 0.0912 169.9
1 34 26 50.03 0.1159 453.2
1 34 43 90.85 0.0674 514.7
1 34 14 362.31 0.1251 381.3
1 34 40 62.98 0.1106 8.4
1 34 25 162.16 0.0563 215.2
1 34 15 313.50 0.1230 507.9
1 34 21 108.72 0.0723 531.1
1 34 36 142.07 0.0654 625.6
1 34 39 123.66 0.0813 766.5
1 34 47 86.07 0.0682 121.2
1 34 37 138.00 0.0941 453.3
1 34 18 300.64 0.0570 416.9
1 34 33 58.76 0.0798 330.5
1 34 17 168.01 0.0440 147.8
1 34 29 45.11 0.1222 447.5
1 34 17 101.80 0.0815 3.5
1 34 20 74.53 0.0635 351.3
1 34 31 54.66 0.1074 573.3
1 34 38 113.24 0.0723 110.5
1 34 45 196.86 0.0549 467.2
1 34 32 387.89 0.0797 365.1
1 34 24 77.68 0.0736 439.1
1 34 31 75.18 0.0905 937.1
1 34 18 73.57 0.1562 952.3
1 34 32 51.68 0.0879 356.6
1 34 35 82.77 0.0997 427.0
1 34 29 84.00 0.0586 564.8
1 34 30 106.52 0.0772 345.4
1 34 20 69.76 0.0494 663.7
1 34 37 153.08 0.0524 353.4
1 34 13 64.75 0.0228 19.4
1 34 36 139.33 0.0586 699.8
1 34 17 78.87 0.0469 231.0
1 34 30 57.27 0.0747 735.0
1 34 29 57.93 0.0807 439.1
1 34 21 126.54 0.0817 11.3
1 34 28 49.35 0.1288 741.7
1 34 36 149.95 0.0572 579.8
1 34 23 117.97 0.0411 40.2
1 34 23 62.41 0.0923 927.6
1 34 22 179.38 0.0688 213.9
1 34 29 163.98 0.0474 678.9
1 34 20 67.47 0.1391 909.0
1 34 20 45.73 0.1164 69.7
1 34 26 97.43 0.0533 861.9
1 34 28 62.41 0.0695 274.9
1 34 36 203.41 0.0753 423.9
1 34 37 73.31 0.1005 53.0
1 34 32 280.86 0.0736 847.4
1 34 22 112.20 0.0877 610.9
1 34 28 85.06 0.0594 648.9
1 34 42 106.68 0.0875 574.4
1 34 31 62.90 0.1105 327.6
1 34 32 62.37 0.1207 306.5
1 34 13 62.10 0.1138 281.0
1 34 21 56.32 0.1324 755.5
1 34 18 267.26 0.0333 328.7
1 34 30 86.53 0.0749 886.2
1 34 22 59.09 0.1309 287.7
1 34 15 48.46 0.1018 903.4
1 34 32 73.16 0.0830 762.5
1 34 24 74.83 0.0702 429.7
1 34 14 46.40 0.1434 582.5
1 34 32 57.33 0.1150 50.6
1 34 18 53.50 0.0897 6.8
1 34 21 47.73 0.1591 22.9
1 34 32 51.20 0.1369 433.0
1 34 15 49.40 0.0496 874.1
1 34 29 83.93 0.0732 315.2
1 34 26 49.27 0.0909 496.0
1 34 16 75.95 0.0844 526.0
1 34 25 54.49 0.1150 247.8
1 34 18 82.02 0.0850 424.4
1 34 20 88.08 0.0917 609.0
1 34 24 76.41 0.0843 720.6
1 34 33 131.56 0.0922 363.2
1 34 24 140.87 0.0668 26.5
1 34 22 177.64 0.0736 490.6
1 34 18 55.36 0.1114 517.8
1 34 15 64.05 0.1188 523.0
1 34 13 45.60 0.1110 415.0
1 34 14 46.93 0.0743 478.5
1 34 18 50.01 0.1481 461.8
1 34 15 66.83 0.1118 470.4
1 34 19 75.15 0.1212 530.7
1 34 13 137.94 0.1181 284.9
1 34 20 46.93 0.0646 802.6
1 34 15 137.21 0.0483 273.2
1 34 13 67.07 0.0382 226.0
1 34 15 53.50 0.1502 180.7
1 34 15 47.00 0.1471 647.6
1 34 21 230.45 0.0535 151.0
1 34 26 52.42 0.1089 361.7
1 34 31 57.30 0.1278 307.8
1 34 18 79.26 0.0808 511.5
1 34 14 121.29 0.0684 732.8
1 34 21 110.34 0.0623 572.8
1 34 20 90.16 0.0716 602.2
1 34 15 164.96 0.0584 320.4
1 34 15 130.88 0.1046 409.5
1 34 32 86.56 0.1180 946.6
1 34 38 120.52 0.0812 39.9
1 34 17 75.94 0.0351 631.6
1 34 23 52.50 0.0800 343.0
1 34 13 45.27 0.0932 83.3
1 34 20 160.19 0.0364 267.8
1 34 16 54.91 0.0525 304.6
1 35 39 106.77 0.0880 480.3
1 35 43 223.61 0.0864 846.0
1 35 29 159.02 0.0784 713.1
1 35 30 88.29 0.0925 861.8
1 35 35 64.68 0.0819 694.2
1 35 21 72.39 0.1336 891.8
1 35 16 249.64 0.0537 588.7
1 35 25 67.75 0.0736 472.8
1 35 36 108.23 0.0817 154.7
1 35 15 56.72 0.0717 465.1
1 35 39 96.80 0.0716 717.9
1 35 20 122.31 0.0659 952.0
1 35 19 57.07 0.0636 870.9
1 35 39 96.74 0.0853 205.5
1 35 34 82.67 0.1174 802.5
1 35 43 167.01 0.0759 539.8
1 35 29 84.23 0.1303 861.5
1 35 16 175.77 0.0418 255.0
1 35 16 158.63 0.0408 664.7
1 35 39 51.71 0.0867 868.5
1 35 34 83.61 0.0969 310.9
1 35 37 91.71 0.0614 450.0
1 35 28 309.40 0.0597 806.3
1 35 35 82.24 0.0831 824.6
1 35 26 95.77 0.0519 213.3
1 35 34 51.60 0.1486 535.5
1 35 27 84.26 0.0828 403.1
1 35 21 65.50 0.1181 336.4
1 35 22 158.07 0.0429 204.6
1 35 27 72.76 0.0940 420.4
1 35 23 147.10 0.0825 712.4
1 35 28 121.65 0.1167 251.5
1 35 30 90.03 0.0727 497.0
1 35 35 128.17 0.0736 400.4
1 35 20 114.34 0.1065 339.7
1 35 31 293.91 0.0560 684.8
1 35 37 122.49 0.0705 639.1
1 35 27 173.48 0.0515 780.5
1 35 34 182.14 0.0674 443.4
1 35 15 158.62 0.0921 320.8
1 35 33 102.13 0.0680 727.5
1 35 30 53.06 0.1228 280.7
1 35 21 640.43 0.1102 351.1
1 35 25 252.69 0.0590 211.5
1 35 20 52.55 0.1286 530.4
1 35 30 339.26 0.0677 551.2
1 35 36 113.25 0.0723 382.0
1 35 20 50.91 0.0781 854.2
1 35 27 198.71 0.0661 350.6
1 35 35 176.47 0.0900 291.8
1 35 16 74.96 0.0487 119.1
1 35 19 49.50 0.0927 605.6
1 35 25 554.97 0.0915 581.2
1 35 38 72.95 0.0890 893.2
1 35 34 96.96 0.0964 294.2
1 35 35 137.04 0.0651 513.9
1 35 29 173.84 0.0892 375.4
1 35 38 63.34 0.0901 324.4
1 35 35 74.60 0.0894 412.2
1 35 23 71.54 0.0680 129.2
1 35 27 62.63 0.0842 918.1
1 35 20 45.46 0.0838 811.7
1 35 32 115.45 0.0909 420.5
1 35 23 395.52 0.0686 237.8
1 35 19 54.43 0.0493 349.0
1 35 37 170.17 0.0618 710.5
1 35 26 65.53 0.1077 326.9
1 35 40 153.56 0.1035 493.0
1 35 26 58.00 0.0838 520.3
1 35 38 60.49 0.0903 378.2
1 35 24 132.48 0.0463 682.5
1 35 17 129.77 0.0633 283.2
1 35 24 114.45 0.0823 392.8
1 35 21 71.28 0.0698 308.5
1 35 31 113.67 0.0643 305.6
1 35 18 1684.57 0.0335 297.4
1 35 17 90.93 0.1475 391.3
1 35 34 108.92 0.0873 301.4
1 35 23 284.48 0.0544 330.5
1 35 35 260.27 0.0706 274.8
1 35 31 83.27 0.0823 390.6
1 35 31 105.13 0.0944 473.5
1 35 38 48.52 0.1153 71.3
1 35 22 56.11 0.0944 173.6
1 35 13 894.34 0.0354 885.2
1 35 16 69.20 0.1087 923.7
1 35 23 46.45 0.1254 894.7
1 35 31 56.05 0.1150 587.1
1 35 32 179.81 0.0624 323.3
1 35 28 105.76 0.0537 541.4
1 35 32 249.25 0.0968 186.4
1 35 27 55.96 0.1041 175.4
1 35 14 53.41 0.0660 390.4
1 35 26 72.52 0.1116 436.5
1 35 34 65.76 0.1234 319.7
1 35 42 162.00 0.0575 496.7
1 35 34 60.86 0.1391 554.1
1 35 30 96.24 0.1036 831.5
1 35 44 142.61 0.0897 432.8
1 35 24 104.31 0.0674 331.6
1 35 34 100.43 0.0829 370.4
1 35 16 52.52 0.1420 350.1
1 35 13 49.82 0.1095 651.3
1 35 32 103.30 0.1134 830.0
1 35 27 91.79 0.0825 436.4
1 35 16 139.74 0.0764 632.4
1 35 37 101.54 0.0797 251.1
1 35 40 192.36 0.0781 493.2
1 35 20 183.55 0.0731 365.1
1 35 22 56.57 0.1194 564.5
1 35 27 202.10 0.0486 505.0
1 35 22 65.47 0.0448 920.0
1 35 17 104.18 0.0483 311.0
1 35 13 52.61 0.0918 519.7
1 35 17 60.69 0.1183 430.3
1 35 15 78.34 0.1274 348.4
1 35 18 96.10 0.0281 150.9
1 35 41 131.31 0.0736 516.5
1 35 29 343.64 0.0535 380.1
1 35 27 120.84 0.0951 384.8
1 35 25 94.38 0.0942 671.7
1 35 19 155.40 0.0475 548.5
1 35 36 93.70 0.0927 305.8
1 35 32 60.90 0.0921 332.4
1 35 14 47.28 0.1139 304.0
1 35 37 118.01 0.0702 441.1
1 35 32 128.26 0.0787 237.4
1 35 40 165.04 0.0625 438.0
1 35 31 59.49 0.1116 827.4
1 35 33 63.68 0.1113 582.2
1 35 41 94.95 0.1009 485.0
1 35 40 320.56 0.0637 477.3
1 35 35 153.56 0.0520 156.2
1 35 17 154.09 0.0798 665.1
1 35 42 233.07 0.0832 532.4
1 35 33 142.86 0.0534 121.9
1 35 32 49.69 0.1123 490.8
1 35 27 93.64 0.0553 318.0
1 35 41 86.57 0.1075 394.3
1 35 27 143.40 0.0831 910.4
1 35 28 97.71 0.0500 784.8
1 35 24 124.74 0.1205 536.6
1 35 34 78.02 0.0880 236.3
1 35 37 135.74 0.0801 488.4
1 35 29 360.82 0.0536 410.0
1 35 30 204.49 0.0561 298.0
1 35 42 86.09 0.0671 94.6
1 35 14 104.20 0.0960 751.3
1 35 30 59.84 0.0601 754.7
1 35 39 258.80 0.0859 661.6
1 35 47 89.90 0.0787 254.0
1 35 27 104.50 0.0652 367.5
1 35 30 61.75 0.0918 462.4
1 35 31 106.91 0.0834 389.3
1 35 44 103.93 0.0795 443.9
1 35 28 60.27 0.0923 171.5
1 35 24 94.12 0.1073 589.9
1 35 33 54.28 0.1079 180.1
1 35 38 89.41 0.0796 642.1
1 35 32 69.68 0.0787 664.1
1 35 22 68.82 0.0889 651.4
1 35 35 52.28 0.1172 553.3
1 35 38 235.63 0.0614 722.0
1 35 41 70.18 0.1048 654.7
1 35 16 51.68 0.1361 427.4
1 35 39 121.13 0.0741 742.8
1 35 29 73.90 0.0745 648.6
1 35 43 284.64 0.0506 713.2
1 35 27 203.28 0.0609 231.9
1 35 43 127.20 0.0738 517.6
1 35 42 129.72 0.0837 805.7
1 35 28 72.01 0.0648 880.1
1 35 33 95.04 0.0821 378.5
1 35 38 238.51 0.0691 689.9
1 35 26 135.38 0.0659 363.7
1 35 24 182.99 0.0488 294.8
1 35 42 127.92 0.0709 296.6
1 35 22 162.31 0.0340 154.7
1 35 24 193.42 0.1017 243.3
1 35 41 223.97 0.0711 824.0
1 35 31 65.96 0.0968 325.7
1 35 21 90.89 0.0471 511.2
1 35 28 239.31 0.0722 426.0
1 35 21 145.25 0.1016 608.9
1 35 39 113.28 0.0747 587.3
1 35 40 68.61 0.1004 210.1
1 35 36 190.76 0.0792 362.8
1 35 18 125.96 0.0391 950.2
1 35 16 91.84 0.0752 518.2
1 35 38 109.32 0.0986 429.9
1 35 37 78.26 0.1021 529.9
1 35 21 53.55 0.1233 465.2
1 35 34 311.98 0.0674 403.7
1 35 18 791.33 0.1343 446.5
1 35 14 68.97 0.1029 576.2
1 35 40 103.72 0.0863 540.5
1 35 18 65.54 0.0835 740.3
1 35 17 269.55 0.1009 938.5
1 35 35 101.75 0.1122 518.2
1 35 35 111.18 0.0816 800.5
1 35 38 427.34 0.0532 844.4
1 35 25 107.59 0.0430 623.4
1 35 39 111.88 0.0912 238.2
1 35 35 125.53 0.0546 377.4
1 35 37 108.67 0.0831 748.1
1 35 41 132.64 0.0827 347.3
1 35 34 200.95 0.0506 317.6
1 35 34 59.10 0.1158 624.0
1 35 32 55.63 0.1268 443.7
1 35 38 257.67 0.0759 402.2
1 35 29 157.79 0.0585 793.9
1 35 25 54.24 0.1270 625.7
1 35 35 53.04 0.1004 516.1
1 35 16 209.54 0.0508 218.3
1 35 15 118.54 0.0610 500.6
1 35 38 125.79 0.0849 660.2
1 35 39 90.83 0.0743 165.3
1 35 23 94.67 0.0887 346.2
1 35 38 65.88 0.0956 231.6
1 35 15 48.50 0.0935 674.9
1 35 34 91.91 0.0864 499.7
1 35 19 52.29 0.0822 562.2
1 35 33 85.51 0.0975 481.7
1 35 29 83.73 0.0924 280.7
1 35 33 95.10 0.1065 780.1
1 35 32 132.88 0.0645 405.5
1 35 28 55.14 0.1091 539.3
1 35 32 305.03 0.0555 234.4
1 35 36 196.01 0.0502 505.7
1 35 17 75.09 0.0648 923.9
1 35 15 325.32 0.0658 359.0
1 35 37 67.46 0.0515 779.1
1 35 15 101.18 0.1004 272.2
1 35 39 59.96 0.1022 250.2
1 35 19 158.08 0.0486 928.3
1 35 36 187.94 0.0742 811.9
1 35 16 157.03 0.1367 311.3
1 35 27 105.11 0.0511 641.5
1 35 29 264.24 0.0670 369.7
1 35 22 48.25 0.1637 116.5
1 35 33 384.83 0.0944 277.0
1 35 22 145.70 0.0741 926.9
1 35 26 295.82 0.0725 135.0
1 35 27 74.27 0.0756 105.2
1 35 17 71.84 0.0302 691.4
1 35 47 147.32 0.0681 899.8
1 35 35 69.73 0.0726 845.9
1 35 39 170.41 0.0663 404.5
1 35 35 162.29 0.0674 279.6
1 35 36 85.59 0.0669 558.1
1 35 39 64.10 0.0916 453.8
1 35 20 142.71 0.0553 88.1
1 35 37 78.65 0.0747 771.0
1 35 28 50.44 0.1090 259.0
1 35 18 117.49 0.0451 35.2
1 35 20 54.39 0.0956 550.3
1 35 34 53.64 0.1020 546.8
1 35 26 90.40 0.0672 369.5
1 35 25 67.77 0.1316 435.1
1 35 34 115.94 0.0656 448.7
1 35 33 138.31 0.0705 755.0
1 35 37 75.97 0.0904 141.6
1 35 34 70.22 0.0730 531.2
1 35 34 72.29 0.0882 783.1
1 35 28 79.61 0.0510 405.1
1 35 30 74.80 0.1139 416.3
1 35 34 526.20 0.0565 271.2
1 35 31 171.79 0.0813 587.0
1 35 20 196.66 0.0565 924.7
1 35 32 46.25 0.1075 467.6
1 35 26 60.94 0.1027 187.8
1 35 25 66.38 0.0984 458.6
1 35 42 140.80 0.0704 501.0
1 35 45 75.39 0.0913 458.7
1 35 29 380.96 0.0463 367.3
1 35 36 70.31 0.1177 451.7
1 35 18 54.99 0.1442 338.0
1 35 15 90.90 0.0418 794.8
1 35 21 55.23 0.1010 305.0
1 35 16 142.18 0.0474 50.7
1 35 31 87.07 0.1252 684.6
1 35 27 258.28 0.0560 577.5
1 35 17 46.75 0.0504 352.4
1 35 44 624.14 0.0836 321.6
1 35 31 227.56 0.0772 333.2
1 35 31 228.10 0.0624 417.1
1 35 24 365.14 0.0445 537.5
1 35 37 98.09 0.0841 835.6
1 35 16 96.61 0.1117 428.1
1 35 29 127.77 0.0884 350.4
1 35 37 253.78 0.0745 594.7
1 35 25 149.50 0.0581 142.0
1 35 23 211.28 0.0540 218.7
1 35 15 55.33 0.1275 347.5
1 35 29 70.42 0.1227 383.6
1 35 37 58.18 0.0947 385.3
1 35 36 160.91 0.0760 371.0
1 35 37 107.46 0.0672 461.9
1 35 36 386.81 0.0676 612.4
1 35 19 121.41 0.0687 925.2
1 35 24 86.83 0.0741 745.1
1 35 13 65.83 0.1129 811.5
1 35 17 61.66 0.0883 781.0
1 35 36 241.81 0.0673 153.1
1 35 31 57.56 0.1060 446.9
1 35 34 88.51 0.1075 513.2
1 35 29 78.53 0.1066 750.7
1 35 38 684.54 0.0810 556.4
1 35 31 80.92 0.1100 467.5
1 35 19 288.16 0.0619 229.8
1 35 14 110.13 0.0794 715.2
1 35 19 57.27 0.1254 512.5
1 35 31 927.03 0.0654 370.1
1 35 19 69.60 0.0735 345.3
1 35 28 141.02 0.1034 386.6
1 35 15 80.88 0.0569 637.5
1 35 18 93.94 0.0760 191.6
1 35 30 72.63 0.0765 448.5
1 35 15 46.14 0.0488 645.8
1 35 18 570.03 0.0542 62.0
1 35 16 194.57 0.0580 358.6
1 35 14 60.50 0.0506 541.0
1 35 34 51.74 0.1308 451.0
1 35 17 50.47 0.0727 534.9
1 35 13 120.12 0.1471 302.1
1 35 27 73.12 0.1037 38.9
1 35 41 54.34 0.0956 444.1
1 35 19 50.95 0.1014 262.4
1 35 18 45.62 0.1014 846.6
1 35 21 54.02 0.1069 186.0
1 35 29 236.42 0.0584 655.1
1 35 28 72.65 0.0918 748.2
1 35 30 145.29 0.0799 721.5
1 35 23 191.37 0.0526 586.4
1 35 38 121.40 0.0775 314.1
1 35 19 64.12 0.1183 53.6
1 35 26 249.37 0.0463 224.1
1 35 29 91.36 0.0852 22.6
1 35 16 51.17 0.0617 542.9
1 35 13 442.15 0.0854 484.6
1 35 24 108.80 0.1211 72.5
1 35 17 449.58 0.0318 333.4
1 35 15 74.72 0.0745 282.6
1 35 28 75.95 0.0893 879.5
1 35 20 97.87 0.1325 685.5
1 35 19 295.34 0.0626 277.8
1 35 26 83.96 0.1154 243.6
1 35 23 128.42 0.0633 503.0
1 35 25 88.99 0.1178 642.0
1 35 13 60.23 0.1206 475.3
1 35 34 122.07 0.0937 568.8
1 35 20 77.02 0.0601 931.3
1 35 25 114.19 0.0796 418.8
1 35 15 78.42 0.0515 351.2
1 35 16 127.41 0.0377 635.6
1 35 16 93.17 0.0427 187.6
1 35 18 311.82 0.0528 425.1
1 35 18 66.68 0.1267 484.3
1 35 16 158.52 0.0974 459.0
1 35 15 458.47 0.0884 244.6
1 35 38 170.81 0.0785 587.6
1 35 40 72.33 0.1179 311.0
1 35 16 583.82 0.0776 90.0
1 35 38 146.65 0.0800 535.1
1 35 14 45.86 0.0913 224.1
1 35 14 100.53 0.0396 340.0
1 35 13 53.33 0.1136 484.0
1 35 36 219.24 0.0699 253.3
1 35 29 418.69 0.0759 99.1
1 35 16 55.86 0.0816 186.1
1 35 19 48.63 0.0571 448.9
1 35 14 129.10 0.0297 324.9
1 35 20 63.89 0.0829 348.1
1 35 17 159.63 0.0483 283.4
1 35 16 45.92 0.0746 383.8
1 35 16 98.96 0.0873 938.2
1 35 21 122.76 0.0687 552.8
1 35 13 117.98 0.1155 365.3
1 35 40 59.80 0.1173 409.2
1 35 16 448.08 0.0961 294.9
1 35 25 78.68 0.0800 471.5
1 35 20 136.80 0.0672 913.3
1 35 19 100.86 0.1352 409.1
1 35 28 135.03 0.0824 747.0
1 36 21 77.98 0.0864 18.9
1 36 28 289.22 0.0746 818.0
1 36 29 141.81 0.0636 900.5
1 36 34 220.69 0.0633 310.9
1 36 35 99.56 0.1096 937.0
1 36 28 71.06 0.1016 374.7
1 36 35 112.85 0.0905 417.3
1 36 35 115.15 0.1077 161.4
1 36 29 131.07 0.0910 537.2
1 36 28 70.43 0.0880 612.2
1 36 23 143.72 0.0946 640.4
1 36 29 54.25 0.0947 391.8
1 36 17 70.08 0.1122 702.4
1 36 17 119.83 0.0377 82.9
1 36 43 63.65 0.1133 772.0
1 36 25 108.44 0.0979 192.7
1 36 32 80.08 0.0682 672.0
1 36 33 107.36 0.0875 294.4
1 36 36 54.03 0.1122 67.6
1 36 18 273.86 0.0331 753.1
1 36 29 402.00 0.0401 592.6
1 36 24 211.44 0.0552 377.2
1 36 34 134.75 0.0861 646.0
1 36 22 64.48 0.1160 305.2
1 36 33 255.21 0.0779 55.9
1 36 28 191.76 0.0551 116.1
1 36 18 55.43 0.0804 728.5
1 36 31 89.95 0.0524 578.3
1 36 30 184.10 0.0863 553.6
1 36 32 95.58 0.0850 768.5
1 36 23 48.78 0.0594 664.2
1 36 29 94.10 0.0710 810.9
1 36 35 160.55 0.0626 756.9
1 36 27 58.34 0.1088 329.8
1 36 17 45.04 0.1551 59.6
1 36 43 358.57 0.0686 749.1
1 36 23 68.92 0.0885 610.4
1 36 24 87.12 0.0501 443.3
1 36 30 124.72 0.1284 87.2
1 36 26 60.74 0.1001 752.8
1 36 24 80.22 0.0585 745.7
1 36 42 69.63 0.0879 395.6
1 36 24 68.42 0.1178 655.4
1 36 39 266.74 0.0504 53.2
1 36 28 108.41 0.0766 93.3
1 36 40 160.05 0.0668 277.5
1 36 26 55.17 0.0720 114.6
1 36 20 90.12 0.0547 745.0
1 36 35 96.54 0.0790 518.4
1 36 28 81.17 0.0922 704.4
1 36 23 101.30 0.0489 120.3
1 36 27 59.61 0.0987 483.4
1 36 16 85.47 0.0673 388.0
1 36 33 111.70 0.0837 548.2
1 36 18 308.85 0.0586 552.0
1 36 39 65.35 0.0814 172.6
1 36 15 55.62 0.0677 191.4
1 36 24 52.55 0.0824 286.6
1 36 25 145.17 0.1095 341.4
1 36 28 211.52 0.0876 767.5
1 36 24 108.28 0.0568 477.0
1 36 25 123.86 0.0855 904.7
1 36 38 91.85 0.0673 143.3
1 36 18 110.49 0.0365 20.0
1 36 14 84.71 0.1040 612.4
1 36 42 130.84 0.0702 205.8
1 36 23 59.04 0.0762 81.3
1 36 19 111.03 0.0589 136.3
1 36 27 172.38 0.0831 592.4
1 36 28 94.85 0.0880 676.6
1 36 23 109.02 0.0619 20.2
1 36 30 67.35 0.1034 756.6
1 36 15 163.75 0.0800 254.6
1 36 17 60.64 0.1315 660.3
1 36 34 129.99 0.0891 78.6
1 36 39 109.96 0.0903 502.1
1 36 30 51.47 0.0993 728.4
1 36 42 104.60 0.0811 257.2
1 36 31 71.05 0.1305 787.9
1 36 31 76.58 0.0652 622.7
1 36 15 62.42 0.0937 763.0
1 36 18 191.24 0.0619 608.5
1 36 17 60.59 0.1196 29.2
1 36 14 92.06 0.1537 98.1
1 36 34 87.37 0.1051 61.2
1 36 27 137.21 0.1053 919.0
1 36 36 106.37 0.1027 547.0
1 36 33 147.95 0.0895 774.8
1 36 37 96.10 0.1033 504.5
1 36 35 102.16 0.1116 646.1
1 36 39 89.48 0.1032 91.6
1 36 36 65.40 0.0867 653.3
1 36 35 65.45 0.1241 725.6
1 36 40 172.43 0.1112 294.9
1 36 33 205.11 0.0963 81.2
1 36 14 246.22 0.0741 883.3
1 36 19 106.57 0.0361 254.9
1 36 19 93.96 0.0823 428.6
1 36 31 59.52 0.1315 383.2
1 36 21 58.77 0.1265 587.3
1 36 30 190.75 0.0741 366.9
1 36 16 115.15 0.0455 593.5
1 36 28 64.17 0.0895 885.5
1 36 21 198.68 0.0583 898.5
1 36 35 62.89 0.0861 300.5
1 36 18 72.84 0.0948 753.7
1 36 25 175.37 0.0585 923.4
1 36 17 85.43 0.0594 749.9
1 36 16 181.03 0.0647 509.6
1 36 19 116.41 0.0782 768.8
1 36 13 106.14 0.0524 606.7
1 36 13 46.40 0.0415 537.2
1 36 39 173.47 0.0615 305.4
1 36 35 164.70 0.0648 682.4
1 36 42 159.21 0.0635 662.2
1 36 39 58.40 0.1168 237.0
1 36 38 88.23 0.0923 25.8
1 36 22 93.25 0.0543 113.7
1 36 34 120.59 0.0652 378.6
1 36 25 150.00 0.0689 640.2
1 36 33 89.52 0.0813 878.6
1 36 29 65.15 0.0874 648.1
1 36 17 62.26 0.0642 198.0
1 36 13 138.02 0.0994 18.7
1 36 13 92.78 0.0261 308.3
1 36 19 48.48 0.1700 324.7
1 36 44 142.56 0.0799 762.3
1 36 42 129.90 0.0685 80.8
1 36 29 50.09 0.1295 800.5
1 36 23 333.73 0.0447 499.0
1 36 24 258.78 0.0652 918.0
1 36 15 52.74 0.0585 686.6
1 36 21 50.47 0.0874 252.0
1 36 25 102.59 0.0402 558.6
1 36 33 124.19 0.0571 857.6
1 36 20 73.47 0.1045 893.5
1 36 14 50.98 0.0580 660.0
1 36 24 69.01 0.0816 431.2
1 36 25 99.06 0.0497 897.2
1 36 18 51.78 0.0601 37.1
1 36 22 136.69 0.0541 731.5
1 36 18 86.87 0.0911 17.3
1 36 40 55.66 0.1085 749.0
1 36 32 59.35 0.0954 619.1
1 36 27 58.96 0.1008 586.6
1 36 24 46.08 0.1548 686.6
1 36 25 53.26 0.1424 344.3
1 36 22 150.58 0.0424 425.3
1 36 45 231.33 0.0817 520.1
1 36 27 71.45 0.0858 927.3
1 36 22 206.39 0.0522 16.6
1 36 27 223.43 0.0925 533.9
1 36 27 206.00 0.0661 791.9
1 36 31 69.38 0.1305 818.2
1 36 40 57.34 0.1048 456.6
1 36 39 113.77 0.0704 620.8
1 36 17 151.27 0.0699 21.9
1 36 39 71.39 0.0959 588.0
1 36 41 99.99 0.0714 439.3
1 36 41 157.67 0.0713 825.7
1 36 37 79.34 0.1020 189.0
1 36 35 73.58 0.0725 254.7
1 36 35 155.32 0.0882 549.2
1 36 41 70.31 0.0905 523.2
1 36 37 59.71 0.1020 349.9
1 36 36 63.01 0.1151 755.6
1 36 40 52.78 0.1121 730.8
1 36 35 146.45 0.0791 196.4
1 36 29 66.62 0.0976 415.0
1 36 36 71.60 0.1034 739.5
1 36 23 52.75 0.1428 401.6
1 36 16 46.24 0.0538 901.3
1 36 18 72.89 0.1338 306.7
1 36 41 46.35 0.1409 823.6
1 36 29 120.51 0.0645 73.0
1 36 37 96.37 0.0847 663.6
1 36 31 66.88 0.1408 848.5
1 36 21 54.55 0.0565 477.1
1 36 28 55.34 0.0967 788.8
1 36 40 79.10 0.0987 413.0
1 36 21 149.47 0.0631 250.3
1 36 38 151.30 0.0797 268.6
1 36 43 169.32 0.0637 835.6
1 36 36 179.64 0.0627 747.8
1 36 34 77.97 0.0920 679.9
1 36 34 65.84 0.1004 614.0
1 36 18 185.75 0.0521 743.2
1 36 15 120.03 0.0744 31.0
1 36 20 102.92 0.0774 78.7
1 36 17 86.99 0.0562 276.7
1 36 16 132.33 0.0415 523.7
1 36 26 78.34 0.1192 221.7
1 36 23 139.06 0.0784 109.0
1 36 37 158.44 0.0805 760.8
1 36 39 99.28 0.1139 664.3
1 36 17 76.27 0.0505 25.3
1 36 21 67.73 0.1060 649.6
1 36 33 82.49 0.0881 93.2
1 36 40 75.57 0.0859 924.8
1 36 43 154.85 0.0815 58.5
1 36 38 105.70 0.0748 555.8
1 36 40 123.70 0.0609 774.1
1 36 35 189.44 0.0540 428.3
1 36 41 96.02 0.0756 701.4
1 36 42 58.09 0.1071 391.3
1 36 25 100.27 0.0558 354.5
1 36 32 53.86 0.1094 552.6
1 36 33 53.05 0.0946 648.6
1 36 17 127.54 0.0506 17.3
1 36 43 104.33 0.0667 238.0
1 36 32 141.70 0.0758 139.1
1 36 40 194.19 0.0601 227.9
1 36 41 372.23 0.0616 84.9
1 36 17 173.17 0.0745 723.7
1 36 31 45.07 0.1217 855.5
1 36 15 54.26 0.1022 9.9
1 36 20 269.39 0.0580 411.4
1 36 22 121.02 0.0514 721.4
1 36 41 46.79 0.1067 511.1
1 36 37 129.03 0.0954 860.4
1 36 14 403.69 0.1204 295.1
1 36 34 67.46 0.0965 424.6
1 36 22 1783.56 0.0468 74.1
1 36 13 46.27 0.0675 822.0
1 36 21 87.02 0.0905 803.8
1 36 24 145.22 0.0636 596.4
1 36 39 137.41 0.0632 840.9
1 36 36 86.21 0.0917 730.9
1 36 32 76.15 0.0868 739.2
1 36 28 81.46 0.1045 879.0
1 36 42 255.93 0.0956 50.4
1 36 15 54.67 0.0864 383.3
1 36 29 111.81 0.1083 75.9
1 36 33 72.55 0.0867 719.4
1 36 27 48.83 0.0926 322.5
1 36 24 75.49 0.0714 678.8
1 36 16 61.46 0.0321 513.7
1 36 17 74.07 0.0459 93.8
1 36 39 113.69 0.0652 83.1
1 36 25 65.91 0.0902 172.5
1 36 15 70.59 0.0657 507.2
1 36 36 101.75 0.0870 336.3
1 36 27 49.61 0.0978 419.7
1 36 40 66.89 0.0766 931.3
1 36 25 113.99 0.0700 754.7
1 36 14 325.37 0.1340 474.6
1 36 33 52.84 0.0951 691.7
1 36 37 78.57 0.0951 635.7
1 36 40 79.37 0.0749 736.3
1 36 20 55.07 0.1165 336.1
1 36 26 163.61 0.0589 140.3
1 36 17 48.26 0.1505 106.5
1 36 23 137.41 0.0805 248.5
1 36 36 82.44 0.0848 465.2
1 36 30 55.21 0.1014 769.5
1 36 28 89.19 0.0662 371.1
1 36 31 95.87 0.0881 672.5
1 36 33 139.57 0.1047 251.0
1 36 29 247.05 0.0515 22.5
1 36 14 67.92 0.1478 814.0
1 36 26 115.95 0.0711 873.4
1 36 18 97.23 0.0671 25.3
1 36 16 90.16 0.0704 306.1
1 36 20 120.89 0.0936 421.3
1 36 27 79.33 0.1000 43.3
1 36 17 86.36 0.0611 330.5
1 36 26 104.24 0.1300 886.0
1 36 16 126.65 0.0722 17.7
1 36 20 109.37 0.0439 222.0
1 36 15 61.45 0.1259 355.0
1 36 14 54.90 0.0568 668.5
1 36 22 58.24 0.1037 591.1
1 36 13 64.22 0.1380 874.0
1 36 16 1579.63 0.0520 53.6
1 36 15 63.93 0.1204 324.1
1 36 13 142.62 0.0545 564.4
1 36 32 72.66 0.1154 897.7
1 36 15 309.37 0.0639 69.4
1 36 32 181.53 0.0905 886.3
1 36 14 65.94 0.1608 776.8
1 36 17 107.88 0.0507 243.2
1 36 15 95.56 0.0524 734.4
1 36 15 50.25 0.1364 379.3
1 36 20 193.36 0.0598 567.9
1 36 21 46.39 0.1411 673.8
1 36 21 201.61 0.0480 888.4
1 36 18 156.67 0.0440 729.2
1 36 15 72.19 0.0799 611.2
1 36 19 65.36 0.0555 244.4
1 36 25 78.17 0.1056 782.0
1 36 16 84.90 0.1212 790.9
1 36 17 178.67 0.0428 16.8
1 36 23 61.42 0.0828 376.8
1 36 42 136.65 0.0558 112.4
1 36 22 79.60 0.0784 930.9
1 36 28 278.44 0.0489 263.2
1 36 16 289.43 0.0324 618.9
1 36 29 76.30 0.1004 593.7
1 37 24 90.88 0.1369 870.2
1 37 41 354.11 0.0912 24.7
1 37 28 97.06 0.1146 16.4
1 37 31 129.90 0.1094 69.0
1 37 30 73.15 0.1033 706.2
1 37 36 157.09 0.0807 182.1
1 37 29 107.60 0.0698 62.0
1 37 21 175.12 0.0717 87.5
1 37 21 51.02 0.0980 194.2
1 37 25 80.24 0.1235 683.0
1 37 19 190.15 0.0998 907.3
1 37 34 47.66 0.0965 848.5
1 37 30 147.03 0.0538 550.5
1 37 43 72.26 0.1009 208.0
1 37 13 1214.12 0.0947 875.7
1 37 28 168.54 0.0696 694.9
1 37 37 62.30 0.0969 758.1
1 37 29 48.13 0.1338 95.7
1 37 35 288.10 0.0589 722.0
1 37 29 133.20 0.0848 115.5
1 37 19 193.34 0.0444 667.9
1 37 36 116.49 0.0766 173.8
1 37 34 67.53 0.1243 88.3
1 37 28 73.19 0.0878 215.2
1 37 39 105.83 0.0708 28.0
1 37 30 155.35 0.0717 225.5
1 37 23 81.84 0.0395 242.6
1 37 35 132.03 0.0960 152.3
1 37 14 64.61 0.0897 142.9
1 37 29 79.55 0.1333 926.6
1 37 28 180.83 0.0802 3.9
1 37 23 55.44 0.0746 792.2
1 37 23 235.47 0.0516 181.5
1 37 15 122.20 0.0552 551.2
1 37 42 168.41 0.0725 230.1
1 37 41 245.92 0.0560 652.9
1 37 36 145.62 0.0593 184.6
1 37 35 212.00 0.0618 360.4
1 37 28 86.21 0.0871 105.7
1 37 31 199.92 0.0570 14.7
1 37 23 52.35 0.1289 22.0
1 37 29 60.98 0.0672 178.9
1 37 20 76.40 0.0647 788.6
1 37 37 62.99 0.0867 223.4
1 37 34 171.85 0.0694 199.6
1 37 32 145.39 0.0797 362.3
1 37 39 82.19 0.0924 557.0
1 37 27 362.00 0.0802 798.8
1 37 32 75.75 0.0719 109.8
1 37 13 167.54 0.1142 16.4
1 37 14 107.47 0.0817 556.6
1 37 17 51.38 0.1490 147.5
1 37 28 255.84 0.0538 590.6
1 37 38 195.04 0.0830 226.6
1 37 30 175.48 0.0603 519.5
1 37 30 85.06 0.1092 840.8
1 37 30 92.50 0.0943 953.0
1 37 15 69.61 0.0766 129.2
1 37 44 93.35 0.0860 647.9
1 37 15 89.65 0.0536 69.3
1 37 38 102.05 0.1032 771.6
1 37 31 211.09 0.0617 444.4
1 37 28 71.81 0.1111 253.3
1 37 14 104.40 0.0871 247.0
1 37 13 225.33 0.1492 63.7
1 37 34 478.79 0.0825 243.1
1 37 39 118.63 0.0666 125.6
1 37 23 70.35 0.0949 40.0
1 37 23 118.82 0.1393 50.2
1 37 23 54.37 0.1012 198.7
1 37 23 49.54 0.1185 53.8
1 37 19 89.60 0.0797 200.6
1 37 27 653.84 0.0452 70.6
1 37 23 47.48 0.1157 252.5
1 37 35 142.13 0.0606 177.2
1 37 26 46.12 0.1358 34.1
1 37 30 65.47 0.1069 868.9
1 37 19 61.90 0.1376 918.8
1 37 31 48.58 0.1214 691.1
1 37 36 45.52 0.1156 901.4
1 37 23 156.03 0.0693 87.6
1 37 17 238.82 0.0770 689.5
1 37 24 85.48 0.0708 267.8
1 37 38 102.64 0.0953 238.3
1 37 33 164.16 0.0586 211.5
1 37 34 173.60 0.0654 236.6
1 37 37 96.59 0.0823 580.5
1 37 40 175.32 0.0624 218.1
1 37 14 50.33 0.1536 240.5
1 37 21 315.49 0.0470 393.9
1 37 15 127.33 0.0453 167.6
1 37 25 97.88 0.0841 163.8
1 37 39 65.33 0.1099 810.7
1 37 36 52.21 0.1107 253.0
1 37 24 49.17 0.1488 703.6
1 37 27 52.11 0.1364 257.7
1 37 37 57.02 0.1276 879.2
1 37 16 48.59 0.1459 251.8
1 37 15 46.92 0.1004 772.9
1 37 18 100.83 0.0580 121.2
1 37 43 165.62 0.0808 162.0
1 37 36 214.62 0.0744 207.0
1 37 37 164.03 0.0634 431.0
1 37 34 130.31 0.0893 667.0
1 37 19 91.85 0.0462 577.4
1 37 27 124.09 0.0552 681.7
1 37 17 400.30 0.0675 169.0
1 37 36 80.73 0.0843 903.7
1 37 41 137.50 0.0863 727.4
1 37 39 99.33 0.0750 834.4
1 37 37 137.00 0.0581 295.4
1 37 31 289.27 0.0470 181.3
1 37 35 160.59 0.0654 760.9
1 37 32 114.08 0.0647 564.3
1 37 38 124.37 0.0732 238.0
1 37 21 313.95 0.0854 707.0
1 37 28 98.13 0.0719 813.5
1 37 21 103.15 0.0361 146.6
1 37 31 96.15 0.0749 183.7
1 37 13 60.04 0.0447 134.9
1 37 30 149.41 0.0631 182.6
1 37 31 124.96 0.0549 604.3
1 37 37 331.35 0.0492 848.5
1 37 43 203.93 0.0613 273.8
1 37 33 85.26 0.1153 342.0
1 37 38 77.14 0.0763 68.2
1 37 15 57.03 0.1133 42.8
1 37 35 193.19 0.0814 187.6
1 37 34 114.55 0.0911 292.0
1 37 32 135.08 0.0600 9.5
1 37 29 239.92 0.0697 78.0
1 37 21 205.78 0.0564 168.7
1 37 18 90.83 0.1057 824.7
1 37 32 64.85 0.0974 912.0
1 37 38 58.05 0.0986 633.9
1 37 23 142.43 0.0509 38.2
1 37 44 55.77 0.1006 833.0
1 37 41 135.73 0.0708 812.4
1 37 30 76.27 0.0879 342.6
1 37 32 161.65 0.0718 244.6
1 37 37 135.42 0.0918 947.3
1 37 31 69.44 0.1324 899.2
1 37 30 45.93 0.1092 757.8
1 37 18 134.75 0.0566 451.1
1 37 40 536.67 0.0671 152.7
1 37 16 796.30 0.1088 384.7
1 37 31 54.42 0.0877 136.6
1 37 29 115.84 0.0595 5.4
1 37 19 103.30 0.1011 824.1
1 37 31 56.97 0.1048 729.2
1 37 27 153.37 0.0601 80.3
1 37 34 71.31 0.0953 822.8
1 37 15 417.79 0.0906 290.4
1 37 44 93.37 0.0566 858.0
1 37 30 57.45 0.1133 267.2
1 37 19 491.23 0.0804 260.4
1 37 24 137.55 0.0639 170.2
1 37 31 96.41 0.0786 744.7
1 37 35 55.88 0.1191 871.7
1 37 14 160.70 0.0447 654.0
1 37 16 79.08 0.0566 48.1
1 37 23 99.20 0.0720 264.7
1 37 34 81.34 0.0791 272.4
1 37 32 58.75 0.0809 73.2
1 37 34 199.05 0.0686 54.3
1 37 41 183.46 0.0726 284.5
1 37 34 169.38 0.0758 161.3
1 37 24 193.36 0.1183 833.7
1 37 27 127.54 0.0879 254.2
1 37 19 111.25 0.0653 633.2
1 37 30 185.77 0.0710 722.9
1 37 38 159.94 0.0800 288.4
1 37 22 146.54 0.0641 581.0
1 37 43 89.64 0.0869 815.8
1 37 26 227.99 0.0728 810.3
1 37 19 67.48 0.0808 741.5
1 37 38 136.51 0.0774 147.8
1 37 20 89.83 0.1133 337.5
1 37 29 87.13 0.0818 262.3
1 37 40 161.11 0.1067 178.3
1 37 21 138.73 0.0714 24.9
1 37 17 77.49 0.0332 122.0
1 37 23 92.75 0.0708 199.2
1 37 18 71.40 0.0981 116.6
1 37 20 50.28 0.0857 189.6
1 37 33 47.24 0.1078 233.2
1 37 32 58.51 0.1400 21.3
1 37 27 83.06 0.1012 876.0
1 37 31 213.46 0.0700 258.3
1 37 25 139.58 0.0541 171.9
1 37 26 59.42 0.0827 130.6
1 37 33 100.07 0.0629 578.1
1 37 35 70.41 0.1050 92.0
1 37 23 107.68 0.0446 725.0
1 37 28 198.34 0.0576 652.1
1 37 33 109.67 0.0670 276.0
1 37 32 71.42 0.0782 315.2
1 37 22 47.25 0.1013 595.1
1 37 36 51.62 0.1217 3.4
1 37 31 45.07 0.1267 317.0
1 37 39 103.35 0.0746 464.1
1 37 29 101.64 0.0917 746.0
1 37 28 71.31 0.0723 894.9
1 37 27 163.05 0.0806 42.2
1 37 16 67.38 0.0922 740.4
1 37 14 68.72 0.1464 858.0
1 37 23 125.48 0.0758 942.7
1 37 32 189.21 0.1002 937.1
1 37 21 50.29 0.1164 942.1
1 37 43 115.00 0.0896 108.2
1 37 35 144.09 0.0752 363.0
1 37 31 341.77 0.0414 270.1
1 37 13 55.90 0.1433 898.7
1 37 25 100.96 0.0718 117.3
1 37 24 205.26 0.0696 296.4
1 37 17 56.36 0.0941 953.5
1 37 21 142.67 0.0700 631.0
1 37 17 45.21 0.1062 184.0
1 37 19 76.34 0.0766 15.7
1 37 15 49.23 0.0705 541.6
1 37 20 117.79 0.0601 926.9
1 37 14 120.51 0.0744 879.7
1 37 17 257.11 0.0607 37.9
1 37 21 48.01 0.1317 27.9
1 37 19 46.32 0.1384 805.9
1 37 13 48.40 0.0534 870.4
1 37 13 209.76 0.1779 826.5
1 37 18 115.28 0.0804 849.8
1 37 13 56.89 0.1316 904.5
1 37 16 79.49 0.0795 127.9
1 37 20 163.36 0.0614 359.9
1 37 18 114.03 0.1383 117.8
1 37 19 290.81 0.0422 540.1
1 37 24 129.35 0.0995 255.5
1 37 15 61.96 0.1375 81.4
1 37 16 119.43 0.0550 764.9
1 37 13 81.17 0.0324 859.5
1 37 18 253.31 0.0908 774.2
1 37 17 51.93 0.0513 708.9
1 37 19 45.97 0.1352 697.8
1 37 14 200.28 0.0437 113.7
1 37 20 85.31 0.0802 3.3
1 37 15 51.35 0.1401 905.5
1 37 13 82.04 0.0738 781.4
1 37 15 220.67 0.0504 232.6
1 37 14 55.75 0.0588 126.1
1 38 17 84.03 0.1258 429.5
1 38 37 121.71 0.0857 910.1
1 38 30 117.59 0.0844 83.0
1 38 30 146.52 0.0789 310.0
1 38 25 65.19 0.1311 897.3
1 38 18 127.95 0.0918 101.8
1 38 14 88.05 0.1115 444.5
1 38 25 56.90 0.0999 460.9
1 38 26 91.25 0.1233 772.0
1 38 14 174.06 0.0919 4.1
1 38 20 279.76 0.0670 609.5
1 38 18 294.88 0.0879 577.4
1 38 19 56.70 0.1337 697.3
1 38 41 489.64 0.0762 496.4
1 38 25 143.60 0.0892 247.4
1 38 15 170.38 0.0756 823.3
1 38 16 170.25 0.0408 202.6
1 38 24 87.05 0.0876 247.6
1 38 14 114.94 0.0755 421.0
1 38 30 83.51 0.0801 144.0
1 38 39 75.91 0.0944 386.8
1 38 35 122.27 0.0710 778.3
1 38 34 51.89 0.1321 100.2
1 38 24 167.89 0.0632 827.3
1 38 15 106.31 0.0741 943.0
1 38 23 136.18 0.0624 770.3
1 38 20 101.36 0.0494 452.9
1 38 27 131.84 0.0843 688.2
1 38 24 136.90 0.1080 203.4
1 38 32 72.10 0.0802 76.8
1 38 31 52.18 0.0998 374.3
1 38 33 108.55 0.0707 237.3
1 38 29 138.04 0.0933 249.2
1 38 29 140.56 0.0826 469.0
1 38 36 207.57 0.0766 202.4
1 38 23 46.89 0.1362 143.4
1 38 23 146.71 0.0824 394.5
1 38 16 194.73 0.1209 462.0
1 38 24 105.06 0.0679 311.6
1 38 27 265.23 0.0470 664.5
1 38 19 105.90 0.0887 308.6
1 38 31 238.32 0.0678 479.8
1 38 23 77.91 0.0906 67.5
1 38 19 100.77 0.0502 239.5
1 38 26 55.07 0.0797 325.7
1 38 25 125.70 0.0472 750.6
1 38 31 102.48 0.0628 547.4
1 38 29 68.86 0.0753 910.0
1 38 36 127.78 0.0587 450.5
1 38 21 141.05 0.0445 36.5
1 38 30 250.54 0.0809 114.3
1 38 24 52.38 0.0939 613.3
1 38 33 69.50 0.0858 890.1
1 38 16 111.93 0.0749 251.2
1 38 21 68.30 0.1237 532.5
1 38 41 235.35 0.0571 723.0
1 38 34 203.72 0.0693 468.3
1 38 38 169.56 0.0878 43.8
1 38 23 149.54 0.0466 601.6
1 38 27 94.20 0.1112 1.7
1 38 38 138.96 0.0809 609.9
1 38 18 117.09 0.0636 308.2
1 38 27 195.43 0.0727 553.9
1 38 16 122.21 0.0322 698.6
1 38 15 48.31 0.0680 428.1
1 38 17 941.84 0.1478 744.9
1 38 18 550.44 0.1235 31.8
1 38 16 94.97 0.0748 297.4
1 38 20 292.25 0.0964 388.5
1 38 36 130.03 0.0665 56.3
1 38 21 55.82 0.1270 20.3
1 38 23 45.69 0.1514 78.0
1 38 13 69.42 0.0895 20.2
1 38 28 52.98 0.0895 178.1
1 38 19 74.07 0.1023 923.4
1 38 23 47.13 0.0941 333.4
1 38 17 99.53 0.0313 381.1
1 38 17 83.20 0.1453 47.0
1 38 29 66.18 0.0993 492.6
1 38 33 66.15 0.0896 476.3
1 38 20 207.17 0.0478 290.7
1 38 22 144.33 0.0696 42.0
1 38 43 226.00 0.0911 726.9
1 38 19 91.44 0.0386 937.6
1 38 28 108.98 0.0594 547.6
1 38 36 93.88 0.0809 696.8
1 38 25 63.11 0.0946 316.1
1 38 35 64.63 0.1139 99.7
1 38 34 155.63 0.0652 384.3
1 38 21 116.22 0.0652 282.8
1 38 38 69.36 0.0619 385.3
1 38 34 90.23 0.0962 713.5
1 38 42 77.49 0.0954 227.8
1 38 37 148.89 0.0749 498.8
1 38 14 70.31 0.0301 168.2
1 38 27 53.21 0.1100 520.1
1 38 20 102.38 0.0938 656.7
1 38 17 65.80 0.0669 109.1
1 38 30 66.47 0.1226 39.9
1 38 15 63.67 0.0424 69.4
1 38 40 53.68 0.1130 229.7
1 38 30 131.40 0.0732 840.6
1 38 23 324.33 0.0400 318.0
1 38 28 106.82 0.0602 173.3
1 38 34 164.80 0.0821 756.1
1 38 33 241.00 0.0843 904.0
1 38 37 66.18 0.0968 325.1
1 38 37 70.40 0.0834 366.6
1 38 37 128.70 0.0798 486.7
1 38 16 47.95 0.1344 479.5
1 38 36 545.91 0.0625 493.6
1 38 40 288.54 0.0596 153.0
1 38 14 123.80 0.1131 294.4
1 38 14 700.60 0.0961 452.5
1 38 16 81.13 0.1234 169.3
1 38 27 170.54 0.0777 742.0
1 38 23 77.41 0.1667 773.2
1 38 39 193.90 0.0555 186.1
1 38 43 118.67 0.0966 171.6
1 38 31 184.19 0.0921 569.1
1 38 29 108.07 0.0703 320.2
1 38 16 91.61 0.0522 18.2
1 38 20 49.23 0.1096 343.4
1 38 25 67.69 0.1280 466.0
1 38 28 116.40 0.0784 945.6
1 38 36 78.51 0.1043 544.0
1 38 31 138.92 0.0861 152.0
1 38 38 102.61 0.1135 231.8
1 38 37 78.12 0.0935 260.5
1 38 37 145.58 0.0780 748.3
1 38 16 160.28 0.0629 896.3
1 38 28 86.12 0.0794 853.6
1 38 21 378.46 0.0691 512.9
1 38 27 59.36 0.1312 444.6
1 38 24 122.98 0.1486 613.6
1 38 42 216.24 0.0523 561.8
1 38 28 138.57 0.0653 134.1
1 38 36 236.97 0.0529 389.4
1 38 30 104.66 0.0845 216.2
1 38 29 80.88 0.0506 346.6
1 38 27 105.86 0.1170 130.4
1 38 18 54.95 0.0940 281.0
1 38 29 104.19 0.0763 320.1
1 38 38 125.41 0.0842 668.8
1 38 20 58.50 0.1189 466.6
1 38 30 283.54 0.0692 188.8
1 38 38 99.91 0.0962 129.9
1 38 41 328.69 0.0720 425.6
1 38 22 451.16 0.0418 312.0
1 38 24 62.37 0.0970 123.7
1 38 39 72.64 0.0787 753.4
1 38 39 70.98 0.1194 40.7
1 38 35 155.14 0.0611 899.2
1 38 17 55.52 0.1520 522.9
1 38 37 118.21 0.0821 430.3
1 38 31 65.49 0.1014 417.2
1 38 16 296.71 0.0462 556.2
1 38 30 186.20 0.0516 370.9
1 38 34 71.67 0.0982 435.9
1 38 15 64.21 0.1556 393.0
1 38 39 77.09 0.0918 207.6
1 38 24 153.09 0.0748 322.6
1 38 37 85.03 0.1005 30.2
1 38 30 292.76 0.0739 367.3
1 38 35 89.72 0.0742 183.4
1 38 22 49.84 0.1196 506.5
1 38 19 55.10 0.1114 294.5
1 38 37 539.22 0.0407 333.3
1 38 41 375.60 0.0631 431.2
1 38 42 250.18 0.0589 36.7
1 38 24 183.27 0.1040 653.0
1 38 33 77.03 0.1045 126.7
1 38 39 122.55 0.0783 429.5
1 38 23 48.19 0.1263 234.4
1 38 37 132.61 0.0672 390.2
1 38 22 71.09 0.0575 397.3
1 38 31 135.87 0.0844 930.8
1 38 41 54.14 0.0965 475.2
1 38 38 76.97 0.0786 481.8
1 38 32 55.76 0.1122 586.7
1 38 26 45.65 0.1344 628.2
1 38 18 236.70 0.0371 892.8
1 38 40 97.23 0.0791 422.4
1 38 18 108.10 0.0513 578.8
1 38 35 191.84 0.0629 323.6
1 38 32 56.45 0.1331 747.3
1 38 35 62.69 0.0885 724.5
1 38 40 67.91 0.0924 475.4
1 38 40 256.84 0.0636 485.6
1 38 33 48.84 0.1052 350.1
1 38 27 72.92 0.0722 443.9
1 38 19 118.65 0.0725 264.2
1 38 37 130.98 0.0568 491.7
1 38 42 123.40 0.0657 89.2
1 38 26 75.57 0.1222 406.3
1 38 25 53.68 0.1197 489.0
1 38 28 88.25 0.0801 712.8
1 38 35 222.87 0.0788 853.4
1 38 16 60.20 0.1198 56.0
1 38 44 90.04 0.0663 637.7
1 38 31 127.24 0.0765 229.4
1 38 15 133.31 0.0500 452.9
1 38 16 61.29 0.0876 943.2
1 38 37 70.84 0.0667 621.1
1 38 23 159.01 0.0539 589.9
1 38 23 157.90 0.0608 616.5
1 38 32 74.63 0.0833 873.6
1 38 31 60.81 0.0852 40.6
1 38 37 102.07 0.0774 231.6
1 38 26 102.31 0.0855 471.0
1 38 37 72.63 0.0872 697.5
1 38 32 101.96 0.0841 473.9
1 38 35 98.30 0.0902 745.9
1 38 35 61.85 0.1036 160.3
1 38 35 58.37 0.1053 341.5
1 38 16 81.90 0.1252 201.7
1 38 27 58.70 0.0765 333.0
1 38 24 123.01 0.0801 899.7
1 38 29 176.38 0.0876 325.3
1 38 24 49.84 0.1557 280.1
1 38 21 82.20 0.1571 315.8
1 38 24 73.21 0.1288 719.8
1 38 24 78.84 0.0840 40.9
1 38 39 76.67 0.0816 395.9
1 38 39 556.20 0.0673 494.8
1 38 38 191.05 0.0536 618.7
1 38 43 123.95 0.0952 304.8
1 38 29 277.93 0.0781 602.5
1 38 25 54.28 0.1129 87.9
1 38 36 57.38 0.1165 736.4
1 38 38 206.11 0.0881 59.6
1 38 35 151.97 0.0853 115.3
1 38 28 266.44 0.0846 39.0
1 38 14 71.14 0.1308 166.8
1 38 28 92.43 0.0685 520.7
1 38 40 319.02 0.0660 773.2
1 38 36 152.08 0.0609 400.2
1 38 18 276.27 0.0728 149.1
1 38 19 86.96 0.0661 18.2
1 38 30 173.05 0.0578 246.0
1 38 39 250.38 0.0780 851.6
1 38 23 163.27 0.0731 865.7
1 38 26 56.17 0.1098 915.6
1 38 24 90.52 0.0915 644.7
1 38 33 79.19 0.0867 492.6
1 38 40 82.08 0.0993 310.7
1 38 42 45.09 0.1321 123.6
1 38 18 112.19 0.0431 874.6
1 38 23 105.68 0.0639 312.2
1 38 30 96.66 0.0813 319.0
1 38 31 238.84 0.0655 936.7
1 38 31 171.27 0.0595 71.3
1 38 30 203.59 0.0659 614.2
1 38 21 77.73 0.0899 298.2
1 38 19 120.89 0.0946 868.4
1 38 15 57.90 0.1457 291.7
1 38 32 98.95 0.0902 451.6
1 38 34 104.11 0.0854 715.0
1 38 33 84.42 0.1194 13.6
1 38 27 71.81 0.0765 541.2
1 38 40 68.45 0.1373 440.1
1 38 21 66.69 0.0990 402.6
1 38 40 217.89 0.0694 437.2
1 38 17 608.88 0.0434 313.0
1 38 21 160.76 0.0617 32.6
1 38 29 51.95 0.1133 648.7
1 38 15 59.74 0.0503 373.9
1 38 21 1078.98 0.0904 674.0
1 38 21 45.59 0.0854 921.5
1 38 35 115.40 0.1026 423.0
1 38 15 62.65 0.0680 298.1
1 38 39 239.69 0.0579 420.9
1 38 31 148.43 0.0947 730.8
1 38 36 112.88 0.0815 25.8
1 38 24 165.04 0.0769 448.5
1 38 27 118.39 0.0637 170.3
1 38 38 131.97 0.0752 875.1
1 38 37 274.47 0.0774 252.3
1 38 13 96.77 0.0728 506.7
1 38 21 84.79 0.0546 506.9
1 38 29 62.50 0.1149 10.5
1 38 28 71.88 0.0821 145.8
1 38 43 139.04 0.0714 166.9
1 38 25 52.92 0.1042 833.5
1 38 28 71.99 0.1076 708.3
1 38 32 118.79 0.0720 17.4
1 38 35 58.68 0.0949 271.4
1 38 27 137.36 0.0536 319.9
1 38 28 105.42 0.0564 323.4
1 38 35 103.95 0.0782 453.2
1 38 35 55.13 0.1038 331.5
1 38 33 62.46 0.0801 923.6
1 38 24 91.03 0.0724 474.7
1 38 18 45.60 0.1183 849.2
1 38 34 45.74 0.1281 131.6
1 38 36 183.00 0.0755 351.0
1 38 24 216.33 0.0639 402.7
1 38 40 90.51 0.0702 411.2
1 38 29 225.59 0.0699 488.4
1 38 14 182.78 0.0636 149.1
1 38 32 88.71 0.1003 298.8
1 38 37 141.32 0.0859 436.2
1 38 18 72.60 0.0499 621.8
1 38 34 72.50 0.0830 182.2
1 38 44 125.58 0.0581 390.1
1 38 30 80.38 0.0834 324.0
1 38 24 74.83 0.0628 174.9
1 38 32 71.13 0.0880 473.0
1 38 40 56.89 0.1024 402.8
1 38 39 71.90 0.0697 349.1
1 38 30 59.66 0.1005 436.5
1 38 27 68.50 0.0817 903.2
1 38 25 66.35 0.0934 295.3
1 38 30 116.50 0.0464 342.3
1 38 33 155.81 0.0922 661.8
1 38 36 88.68 0.0744 466.6
1 38 34 154.46 0.0732 661.0
1 38 37 141.79 0.0575 501.3
1 38 22 259.30 0.0820 179.3
1 38 44 139.53 0.0574 286.1
1 38 29 100.27 0.0625 489.3
1 38 16 97.09 0.1402 600.0
1 38 29 144.05 0.0661 90.0
1 38 18 127.67 0.0569 60.2
1 38 22 149.44 0.1127 701.1
1 38 39 137.38 0.0686 371.0
1 38 28 71.19 0.0690 117.6
1 38 15 112.12 0.0404 342.6
1 38 29 155.56 0.0467 912.3
1 38 32 67.70 0.1185 580.3
1 38 37 69.24 0.0896 465.0
1 38 21 62.01 0.1235 622.0
1 38 33 136.49 0.0809 14.6
1 38 35 46.95 0.0934 11.4
1 38 28 55.09 0.1396 637.5
1 38 24 169.11 0.0728 40.8
1 38 22 84.11 0.0784 340.6
1 38 17 72.55 0.0578 91.3
1 38 23 162.09 0.0757 179.5
1 38 24 102.18 0.0902 96.1
1 38 31 193.44 0.0539 285.3
1 38 13 277.78 0.1361 159.5
1 38 31 94.33 0.0637 717.0
1 38 23 145.06 0.0602 62.2
1 38 40 60.45 0.1036 571.9
1 38 37 85.07 0.0763 204.5
1 38 26 53.73 0.0912 346.4
1 38 31 154.71 0.0630 97.0
1 38 31 116.76 0.0829 479.1
1 38 32 89.21 0.0790 404.0
1 38 18 49.21 0.0919 281.3
1 38 18 113.46 0.0816 97.0
1 38 41 78.35 0.1172 645.1
1 38 13 83.55 0.1181 141.7
1 38 34 54.35 0.1487 156.8
1 38 21 315.39 0.0622 67.5
1 38 16 70.39 0.1187 608.5
1 38 22 50.51 0.1080 612.2
1 38 21 105.53 0.1242 343.8
1 38 13 471.87 0.1512 228.3
1 38 24 67.89 0.1149 845.3
1 38 16 58.23 0.1236 263.2
1 38 23 75.53 0.1135 691.9
1 38 14 58.00 0.1505 450.4
1 38 16 50.80 0.1383 228.7
1 38 31 70.30 0.0791 794.4
1 38 14 126.29 0.1054 91.7
1 38 22 115.43 0.0590 107.5
1 38 16 100.50 0.0708 783.1
1 38 15 45.95 0.0786 455.5
1 38 19 83.85 0.0685 23.6
1 38 14 53.72 0.1524 256.8
1 38 13 204.16 0.0689 626.8
1 38 30 59.39 0.0918 735.6
1 38 19 58.37 0.1025 490.6
1 38 18 47.14 0.0934 856.9
1 38 21 48.52 0.1018 425.3
1 38 15 61.45 0.0701 874.9
1 38 22 46.99 0.0860 172.3
1 38 21 60.38 0.1103 67.2
1 38 18 862.50 0.0341 528.5
1 38 13 76.10 0.0452 578.4
1 38 21 74.00 0.1054 407.2
1 38 34 100.80 0.0728 50.3
1 38 21 47.24 0.1047 81.2
1 38 15 47.59 0.0704 505.4
1 38 17 58.93 0.1179 290.6
1 38 13 45.43 0.0553 228.2
1 38 23 94.15 0.0923 226.2
1 38 20 142.25 0.0902 62.4
1 38 16 56.46 0.1110 256.5
1 38 13 305.14 0.0733 869.3
1 38 32 96.96 0.1162 448.3
1 38 23 170.31 0.0770 333.7
1 38 31 50.96 0.1446 81.4
1 38 23 212.87 0.0653 314.5
1 38 20 101.30 0.0790 486.4
1 38 18 88.06 0.0802 600.8
1 38 15 68.06 0.1808 65.3
1 38 13 246.03 0.0659 292.7
1 38 37 47.06 0.1194 338.0
1 38 14 51.97 0.1165 500.4
1 38 13 72.59 0.1609 512.8
1 38 17 53.58 0.1260 83.3
1 38 18 150.38 0.0718 303.0
1 38 14 46.09 0.1154 303.3
1 38 17 150.24 0.0449 139.9
1 38 15 50.92 0.1145 284.6
1 38 22 73.07 0.0790 440.7
1 38 19 249.61 0.0448 881.0
1 38 14 53.90 0.1494 566.1
1 38 26 98.30 0.0776 418.0
1 38 21 50.85 0.0838 61.5
1 38 17 53.57 0.0487 362.6
1 38 23 55.22 0.1348 536.2
1 38 14 147.60 0.0789 344.4
1 38 20 118.17 0.0617 32.9
1 38 16 54.93 0.0643 788.1
1 38 18 134.72 0.0684 292.7
1 38 17 89.43 0.0605 853.0
1 38 22 195.07 0.0894 306.1
1 38 19 138.14 0.0742 484.6
1 38 16 68.04 0.1163 242.3
1 38 20 101.29 0.1021 237.9
1 38 33 54.85 0.1147 304.7
1 38 14 49.02 0.0823 12.3
1 38 17 73.97 0.0999 302.7
1 39 38 99.75 0.0878 183.0
1 39 34 128.29 0.0963 510.0
1 39 22 105.72 0.0554 15.6
1 39 29 79.68 0.1006 503.2
1 39 29 101.54 0.0951 376.4
1 39 23 60.24 0.1630 368.5
1 39 24 77.80 0.0801 393.7
1 39 15 73.17 0.0644 562.0
1 39 15 59.53 0.0999 619.5
1 39 40 180.18 0.0945 663.2
1 39 42 175.08 0.0751 215.2
1 39 34 73.92 0.1137 667.7
1 39 21 728.98 0.0419 227.3
1 39 17 63.41 0.1262 484.0
1 39 27 138.67 0.0734 634.4
1 39 34 73.99 0.1132 219.8
1 39 14 184.61 0.1181 735.0
1 39 37 104.67 0.0781 225.2
1 39 20 238.62 0.0737 733.8
1 39 27 240.16 0.0706 512.7
1 39 25 116.88 0.0764 926.4
1 39 37 104.22 0.0765 673.8
1 39 20 115.82 0.0413 336.0
1 39 28 256.25 0.0662 423.2
1 39 34 210.09 0.0781 672.6
1 39 19 180.92 0.0448 384.4
1 39 26 127.01 0.0796 873.3
1 39 32 457.26 0.0675 447.3
1 39 28 73.13 0.1304 221.9
1 39 21 148.57 0.0358 351.5
1 39 26 340.78 0.0526 701.7
1 39 15 216.53 0.0588 6.4
1 39 27 145.05 0.0833 753.5
1 39 28 168.49 0.0837 433.8
1 39 16 54.54 0.1202 418.0
1 39 31 86.24 0.0745 365.1
1 39 18 47.59 0.0509 185.1
1 39 25 142.87 0.0482 111.3
1 39 29 221.16 0.0569 739.0
1 39 19 654.01 0.1057 897.0
1 39 30 53.32 0.1013 277.9
1 39 20 353.22 0.0650 782.0
1 39 28 47.23 0.0839 618.7
1 39 22 509.20 0.0487 224.0
1 39 17 193.50 0.0581 932.3
1 39 21 240.71 0.1008 934.4
1 39 20 89.89 0.0910 542.8
1 39 29 115.88 0.0779 455.7
1 39 41 154.39 0.0705 398.2
1 39 33 47.93 0.0960 322.1
1 39 20 223.54 0.0508 880.7
1 39 28 89.81 0.0736 232.7
1 39 16 45.04 0.0512 806.5
1 39 26 90.46 0.0625 884.3
1 39 33 179.12 0.0683 653.7
1 39 30 127.77 0.0859 165.8
1 39 36 53.84 0.1190 386.6
1 39 20 207.16 0.0469 83.7
1 39 23 57.43 0.1072 792.7
1 39 36 162.55 0.0773 410.9
1 39 21 46.12 0.1311 918.3
1 39 43 306.08 0.0622 728.0
1 39 39 101.13 0.0893 348.2
1 39 37 164.36 0.0489 343.5
1 39 36 276.34 0.0607 240.2
1 39 42 114.03 0.0833 94.7
1 39 40 99.52 0.0760 127.2
1 39 30 81.11 0.0959 184.5
1 39 26 113.03 0.0998 22.6
1 39 36 215.82 0.0545 353.7
1 39 13 79.48 0.0299 468.6
1 39 34 96.84 0.0867 415.0
1 39 27 71.49 0.0871 764.2
1 39 24 67.43 0.1052 761.8
1 39 17 105.60 0.0780 391.4
1 39 18 87.31 0.0468 52.1
1 39 27 75.30 0.1000 427.9
1 39 19 74.66 0.0569 831.7
1 39 41 139.34 0.0835 512.5
1 39 42 305.75 0.0627 216.8
1 39 42 90.57 0.0813 753.6
1 39 30 49.78 0.1100 655.2
1 39 23 53.35 0.1348 779.0
1 39 22 112.75 0.0665 228.0
1 39 29 68.49 0.0731 94.8
1 39 23 51.82 0.1269 171.3
1 39 22 131.90 0.0488 69.7
1 39 20 147.26 0.0371 606.5
1 39 28 132.71 0.0690 844.0
1 39 33 161.25 0.0649 926.1
1 39 19 449.24 0.0765 306.8
1 39 23 58.63 0.0724 393.9
1 39 30 54.44 0.1282 919.4
1 39 32 313.48 0.0612 670.3
1 39 23 56.76 0.1138 753.6
1 39 33 266.10 0.0661 131.6
1 39 26 78.88 0.1256 252.3
1 39 25 124.03 0.0757 308.1
1 39 27 107.65 0.0673 904.7
1 39 14 57.73 0.0954 221.6
1 39 28 156.69 0.0497 535.6
1 39 34 119.27 0.1057 352.2
1 39 30 79.51 0.1164 701.6
1 39 18 238.12 0.0431 915.3
1 39 37 143.28 0.0916 121.6
1 39 24 323.43 0.0953 234.4
1 39 31 79.96 0.1198 100.2
1 39 26 134.15 0.0766 252.5
1 39 15 92.76 0.1128 950.3
1 39 35 356.27 0.0434 931.6
1 39 18 64.69 0.0868 368.7
1 39 20 65.84 0.1145 384.7
1 39 14 224.00 0.1374 317.9
1 39 18 73.65 0.1104 212.1
1 39 24 358.76 0.0564 48.4
1 39 38 87.38 0.0851 327.1
1 39 39 102.59 0.0937 316.3
1 39 15 51.33 0.1121 573.0
1 39 40 226.80 0.0677 372.3
1 39 24 67.58 0.0533 577.4
1 39 35 190.44 0.0845 381.5
1 39 24 45.17 0.1129 479.2
1 39 16 85.53 0.0428 691.9
1 39 20 129.26 0.0804 936.0
1 39 15 50.02 0.0561 581.9
1 39 24 196.52 0.0701 933.0
1 39 38 142.55 0.0808 279.7
1 39 24 47.14 0.1534 107.9
1 39 20 88.78 0.0459 891.8
1 39 33 285.11 0.0693 711.4
1 39 18 54.12 0.0808 578.0
1 39 17 118.25 0.0630 674.4
1 39 17 62.61 0.0496 456.1
1 39 36 110.88 0.0684 905.7
1 39 19 60.39 0.0846 256.6
1 39 24 69.05 0.1411 153.2
1 39 24 47.37 0.1143 96.0
1 39 18 170.98 0.0774 890.7
1 39 31 191.24 0.0835 232.2
1 39 22 110.21 0.0811 396.4
1 39 44 179.18 0.0632 834.2
1 39 30 213.48 0.0799 35.8
1 39 34 79.39 0.1016 238.4
1 39 21 172.50 0.0954 294.8
1 39 41 77.77 0.0805 482.6
1 39 30 80.59 0.0937 645.7
1 39 34 55.03 0.0786 875.4
1 39 27 288.05 0.0377 151.1
1 39 23 85.08 0.1211 905.0
1 39 38 79.42 0.0853 203.6
1 39 15 235.19 0.0761 91.3
1 39 31 76.03 0.1029 387.5
1 39 19 95.31 0.1085 601.1
1 39 23 77.98 0.0870 778.3
1 39 17 60.90 0.0857 378.5
1 39 45 179.91 0.0594 506.3
1 39 33 93.47 0.0674 445.8
1 39 44 172.19 0.0746 485.6
1 39 42 67.27 0.0782 353.2
1 39 44 247.05 0.0799 40.4
1 39 14 59.14 0.0641 660.4
1 39 42 154.37 0.0681 322.2
1 39 32 190.07 0.0456 58.8
1 39 40 183.48 0.0854 218.5
1 39 24 173.88 0.0685 679.3
1 39 25 205.44 0.0556 236.3
1 39 38 196.70 0.0684 403.2
1 39 44 98.69 0.0729 451.9
1 39 39 82.24 0.1040 481.6
1 39 14 57.85 0.1401 451.6
1 39 34 91.31 0.1008 323.1
1 39 25 226.79 0.0679 424.4
1 39 33 60.35 0.0986 350.9
1 39 40 66.41 0.1102 128.2
1 39 23 106.71 0.0658 90.0
1 39 28 100.83 0.0726 313.1
1 39 24 71.35 0.0799 132.4
1 39 34 61.15 0.1202 862.3
1 39 18 214.45 0.0966 282.0
1 39 27 93.44 0.0813 242.0
1 39 19 334.58 0.1364 725.2
1 39 40 132.38 0.1054 413.3
1 39 24 249.26 0.1211 244.7
1 39 29 80.30 0.0801 12.0
1 39 23 104.20 0.0583 538.0
1 39 17 78.28 0.0865 775.0
1 39 13 265.36 0.0583 319.8
1 39 30 55.44 0.1109 852.3
1 39 18 822.08 0.0567 631.1
1 39 20 60.57 0.1162 172.2
1 39 38 75.75 0.0961 828.4
1 39 15 51.24 0.0874 555.3
1 39 22 53.54 0.0981 932.4
1 39 25 56.25 0.1107 416.4
1 39 41 52.35 0.1116 798.4
1 39 26 46.97 0.1092 176.1
1 39 27 117.74 0.0785 262.4
1 39 37 162.22 0.0617 729.6
1 39 13 539.88 0.1422 235.4
1 39 26 68.31 0.0831 709.2
1 39 27 133.77 0.0635 78.3
1 39 25 178.16 0.1045 388.1
1 39 18 79.95 0.1435 295.0
1 39 21 154.31 0.0649 844.8
1 39 23 71.61 0.0679 106.5
1 39 32 77.16 0.1071 892.8
1 39 43 468.98 0.0588 783.2
1 39 43 279.71 0.0697 443.8
1 39 34 110.64 0.0817 126.0
1 39 36 53.39 0.1505 362.4
1 39 35 113.26 0.0625 522.7
1 39 32 133.36 0.0591 310.5
1 39 22 100.15 0.0968 419.0
1 39 42 52.19 0.1153 397.5
1 39 20 305.35 0.0741 221.0
1 39 23 84.47 0.0932 235.5
1 39 44 104.59 0.0775 501.4
1 39 21 208.81 0.0550 228.7
1 39 31 110.24 0.0890 901.7
1 39 24 52.12 0.0816 769.1
1 39 22 66.11 0.0654 291.8
1 39 37 226.27 0.0601 726.6
1 39 37 111.40 0.0803 631.3
1 39 36 110.12 0.0811 190.0
1 39 31 136.37 0.0760 886.3
1 39 16 92.38 0.0556 946.4
1 39 33 54.11 0.1077 490.2
1 39 41 83.32 0.1102 342.6
1 39 38 185.10 0.0662 363.1
1 39 34 87.41 0.0513 412.8
1 39 27 108.19 0.1090 883.1
1 39 28 309.01 0.0598 52.3
1 39 34 71.01 0.0933 4.0
1 39 26 66.51 0.1084 553.0
1 39 42 175.05 0.0816 704.8
1 39 17 766.06 0.1205 223.7
1 39 16 84.57 0.0416 823.0
1 39 34 93.74 0.0588 361.8
1 39 35 223.09 0.0605 548.7
1 39 31 159.93 0.1019 502.6
1 39 25 113.88 0.0568 135.2
1 39 21 69.32 0.0961 892.6
1 39 25 91.05 0.0881 557.5
1 39 24 209.91 0.0489 843.4
1 39 16 53.55 0.1686 938.7
1 39 35 111.19 0.0981 926.8
1 39 37 203.29 0.0561 268.8
1 39 22 97.17 0.0567 877.3
1 39 18 57.68 0.0603 276.4
1 39 33 168.45 0.0708 375.0
1 39 30 126.61 0.0781 937.1
1 39 19 69.99 0.0706 274.0
1 39 31 110.22 0.0972 397.0
1 39 36 296.18 0.0507 389.4
1 39 35 129.63 0.1016 398.8
1 39 27 104.13 0.0727 163.5
1 39 13 241.20 0.1505 829.0
1 39 29 86.29 0.0703 424.0
1 39 37 70.89 0.0848 169.0
1 39 38 168.77 0.0689 741.4
1 39 22 172.91 0.0630 44.7
1 39 17 170.67 0.0511 585.0
1 39 23 66.63 0.0618 93.6
1 39 33 240.34 0.0643 400.5
1 39 31 69.35 0.0914 416.3
1 39 25 45.22 0.1050 495.6
1 39 25 66.78 0.0923 248.5
1 39 16 158.91 0.0577 30.1
1 39 37 59.38 0.0929 928.0
1 39 25 64.43 0.0800 427.0
1 39 26 175.96 0.1041 277.2
1 39 32 61.38 0.0880 384.4
1 39 43 64.06 0.1135 689.2
1 39 31 146.52 0.0686 573.7
1 39 30 57.33 0.1048 327.4
1 39 22 45.10 0.1189 269.6
1 39 34 141.68 0.0522 718.2
1 39 35 263.06 0.0683 537.8
1 39 43 193.69 0.0798 210.5
1 39 32 56.71 0.1193 102.7
1 39 14 53.56 0.1198 220.1
1 39 32 314.18 0.1008 386.0
1 39 29 76.23 0.0862 100.0
1 39 28 151.33 0.0898 321.5
1 39 43 149.93 0.0601 445.4
1 39 20 108.57 0.0777 533.1
1 39 28 53.20 0.1329 338.6
1 39 27 56.85 0.1263 228.8
1 39 31 138.01 0.0698 407.7
1 39 41 95.99 0.0840 638.4
1 39 40 93.19 0.0889 811.3
1 39 36 216.89 0.0557 362.3
1 39 23 102.69 0.0567 869.0
1 39 27 72.81 0.0604 544.2
1 39 23 55.23 0.0997 399.8
1 39 39 65.70 0.0830 717.0
1 39 23 120.39 0.0501 845.4
1 39 16 86.37 0.0573 92.0
1 39 28 74.54 0.0923 72.6
1 39 19 46.22 0.0868 217.5
1 39 18 76.48 0.0514 39.4
1 39 40 134.92 0.0827 4.6
1 39 33 512.90 0.0595 859.4
1 39 23 47.59 0.0785 89.3
1 39 31 83.45 0.0811 239.1
1 39 24 113.73 0.0798 272.3
1 39 28 458.29 0.0531 941.9
1 39 29 45.02 0.1071 364.7
1 39 31 179.05 0.0606 310.2
1 39 31 283.82 0.0736 383.0
1 39 39 116.07 0.0926 348.0
1 39 17 930.83 0.0842 207.6
1 39 32 48.26 0.0807 124.7
1 39 21 210.62 0.0514 879.3
1 39 31 111.78 0.0658 152.8
1 39 15 277.67 0.0622 376.5
1 39 15 170.49 0.1114 386.5
1 39 36 121.57 0.0839 407.8
1 39 45 50.38 0.0968 445.0
1 39 13 45.64 0.1222 417.4
1 39 14 55.23 0.1377 412.4
1 39 40 238.21 0.0657 676.1
1 39 25 172.56 0.0691 78.3
1 39 30 261.60 0.0612 11.8
1 39 42 146.89 0.0575 356.6
1 39 30 80.70 0.0734 136.0
1 39 30 62.18 0.0909 243.0
1 39 17 427.20 0.0415 42.5
1 39 13 54.52 0.1017 390.6
1 39 27 247.83 0.0608 439.8
1 39 34 67.84 0.0992 420.0
1 39 26 92.18 0.0781 87.8
1 39 39 196.80 0.0973 551.1
1 39 25 85.98 0.0563 275.6
1 39 34 58.67 0.1127 188.2
1 39 33 181.08 0.0654 510.4
1 39 39 93.38 0.0892 673.5
1 39 17 200.29 0.0386 520.6
1 39 16 419.05 0.0554 457.5
1 39 21 132.22 0.0664 543.4
1 39 32 131.93 0.0888 135.5
1 39 28 120.09 0.0890 644.6
1 39 31 93.59 0.1226 455.9
1 39 35 79.17 0.0996 426.6
1 39 16 192.89 0.1017 421.5
1 39 16 108.88 0.1064 157.6
1 39 20 50.57 0.1117 217.0
1 39 20 100.16 0.1054 148.1
1 39 29 93.41 0.0664 298.4
1 39 17 81.94 0.0560 432.8
1 39 28 59.41 0.1323 847.5
1 39 24 118.32 0.0527 599.0
1 39 14 81.91 0.0992 815.6
1 39 20 60.85 0.0656 893.1
1 39 31 102.25 0.1222 454.5
1 39 24 105.28 0.0679 703.1
1 39 31 83.78 0.0991 921.7
1 39 36 87.27 0.1074 551.6
1 39 29 89.42 0.0963 830.2
1 39 21 82.46 0.1055 410.4
1 39 23 277.01 0.0828 902.8
1 39 16 60.90 0.0695 172.8
1 39 28 125.96 0.0634 479.1
1 39 25 122.71 0.0711 115.0
1 39 20 128.55 0.0695 285.7
1 39 30 55.55 0.1267 804.8
1 39 27 175.13 0.0582 844.6
1 39 33 280.43 0.0619 682.4
1 39 24 68.54 0.0968 625.1
1 39 18 159.73 0.0363 366.0
1 39 17 74.62 0.0778 187.7
1 39 16 47.92 0.0528 174.5
1 39 18 69.57 0.1151 223.4
1 39 21 48.55 0.0827 658.8
1 39 15 104.87 0.0806 945.8
1 39 34 129.17 0.0911 569.0
1 39 15 55.49 0.1122 199.0
1 39 18 84.82 0.0925 936.6
1 39 16 81.19 0.0322 320.9
1 39 17 181.67 0.0712 395.5
1 39 15 136.21 0.0751 241.2
1 39 17 130.33 0.0453 59.6
1 39 18 113.93 0.0675 418.1
1 39 15 56.73 0.0420 909.4
1 39 19 45.21 0.0995 917.8
1 39 22 191.60 0.0650 598.6
1 39 25 241.95 0.0564 239.5
1 39 35 72.55 0.0884 301.4
1 39 15 179.13 0.0772 892.3
1 39 19 46.40 0.1455 406.5
1 39 19 85.68 0.0585 823.3
1 39 17 45.75 0.1359 859.6
1 39 18 478.65 0.1071 304.7
1 39 17 159.66 0.0766 652.5
1 39 23 138.90 0.0599 397.8
1 39 13 48.11 0.1267 249.0
1 39 19 197.85 0.0567 564.4
1 39 31 69.08 0.0944 364.0
1 39 24 76.76 0.0987 282.4
1 39 18 369.22 0.0614 729.1
1 39 18 61.97 0.0734 29.0
1 39 14 86.84 0.1400 359.3
1 39 16 77.87 0.0435 57.1
1 39 25 308.63 0.0632 258.9
1 39 18 95.20 0.0666 244.9
1 39 24 326.14 0.0472 734.9
1 39 18 385.98 0.0557 824.2
1 39 16 108.78 0.0768 217.5
1 39 25 279.41 0.0670 406.2
1 39 18 72.76 0.0566 310.9
1 39 35 270.88 0.0773 542.4
1 39 14 80.03 0.0508 599.3
1 39 17 80.65 0.1526 259.6
1 39 17 56.66 0.0828 229.6
1 39 41 140.99 0.0695 81.1
1 39 14 198.07 0.0577 73.8
1 39 28 92.40 0.0695 488.6
1 39 13 50.58 0.0544 263.5
1 39 14 52.61 0.0640 836.7
1 39 23 58.70 0.0821 417.9
1 39 13 231.59 0.0613 694.0
1 39 17 47.88 0.0786 901.4
1 39 17 199.13 0.0379 72.6
1 39 16 93.20 0.0959 644.4
1 40 29 135.36 0.0846 172.2
1 40 28 59.15 0.1024 639.8
1 40 27 251.27 0.0796 265.8
1 40 24 194.40 0.0793 800.8
1 40 35 110.07 0.0773 762.7
1 40 31 89.83 0.0718 139.5
1 40 14 363.84 0.0487 508.8
1 40 16 147.58 0.0813 312.5
1 40 29 97.06 0.1043 887.7
1 40 24 67.70 0.1312 729.0
1 40 15 49.58 0.1401 73.8
1 40 26 132.17 0.0888 908.0
1 40 42 168.55 0.0746 192.4
1 40 23 69.16 0.1114 269.3
1 40 28 198.95 0.0563 852.3
1 40 28 178.24 0.0648 442.9
1 40 18 45.12 0.0852 159.0
1 40 20 128.57 0.0692 440.3
1 40 26 118.60 0.0906 787.9
1 40 32 79.09 0.1087 160.0
1 40 13 79.99 0.0648 104.5
1 40 42 112.05 0.0868 208.5
1 40 27 64.11 0.1037 248.6
1 40 18 65.59 0.0717 809.1
1 40 30 138.70 0.0596 895.5
1 40 26 57.23 0.1038 95.5
1 40 29 254.49 0.0472 877.3
1 40 32 81.77 0.1237 545.4
1 40 23 98.11 0.0873 934.4
1 40 17 60.09 0.0537 809.2
1 40 23 65.43 0.0657 796.6
1 40 26 88.86 0.0624 540.6
1 40 22 49.27 0.0787 926.6
1 40 30 52.73 0.1342 693.4
1 40 25 133.54 0.0573 88.9
1 40 16 49.15 0.1427 923.1
1 40 20 106.48 0.0614 344.0
1 40 30 86.71 0.0794 273.8
1 40 20 101.60 0.0903 181.7
1 40 22 138.80 0.0416 738.4
1 40 15 70.77 0.0972 243.0
1 40 30 54.31 0.1360 177.1
1 40 25 47.20 0.1006 798.3
1 40 29 204.25 0.1037 216.2
1 40 30 45.17 0.0655 388.7
1 40 13 61.05 0.1425 763.5
1 40 22 820.52 0.1172 63.6
1 40 19 92.85 0.1470 347.4
1 40 27 198.17 0.0845 222.6
1 40 16 217.69 0.0430 711.8
1 40 24 112.00 0.0492 550.0
1 40 33 96.93 0.0904 808.3
1 40 41 97.08 0.0681 167.4
1 40 41 189.68 0.0651 260.3
1 40 27 153.78 0.0638 666.6
1 40 24 89.54 0.0742 642.4
1 40 35 139.84 0.0821 248.8
1 40 39 86.10 0.0741 771.5
1 40 35 119.02 0.0742 206.4
1 40 33 54.22 0.1318 693.8
1 40 30 163.87 0.0729 182.4
1 40 21 99.72 0.0981 590.2
1 40 32 236.79 0.0713 355.0
1 40 25 81.37 0.0838 549.6
1 40 42 117.26 0.0653 340.9
1 40 24 143.83 0.0838 277.0
1 40 28 218.30 0.0437 932.8
1 40 31 103.88 0.0946 21.4
1 40 26 229.19 0.0657 385.5
1 40 27 71.68 0.1001 344.1
1 40 16 67.76 0.0800 733.4
1 40 17 77.72 0.0529 631.4
1 40 14 108.08 0.1031 507.1
1 40 32 72.18 0.0888 95.7
1 40 40 253.74 0.0633 896.9
1 40 20 94.75 0.1214 750.8
1 40 26 96.73 0.0893 695.2
1 40 40 100.80 0.0861 474.5
1 40 36 266.10 0.0658 406.4
1 40 13 77.68 0.1039 946.6
1 40 32 88.82 0.1000 919.4
1 40 16 205.56 0.0538 639.8
1 40 30 88.42 0.1098 165.6
1 40 39 82.58 0.1093 242.9
1 40 20 88.39 0.0879 139.3
1 40 30 78.92 0.1340 483.0
1 40 32 229.47 0.0832 102.3
1 40 45 75.83 0.0871 326.4
1 40 32 102.49 0.0974 268.2
1 40 36 81.64 0.0901 889.2
1 40 35 189.95 0.0698 230.9
1 40 17 180.48 0.0538 899.7
1 40 32 126.20 0.0962 266.1
1 40 20 60.18 0.1042 661.8
1 40 38 177.55 0.0779 18.2
1 40 33 50.74 0.1110 367.8
1 40 18 83.49 0.1068 917.2
1 40 27 206.87 0.0843 853.0
1 40 23 73.72 0.0934 922.1
1 40 33 59.52 0.1048 190.0
1 40 21 85.07 0.1145 630.6
1 40 37 79.28 0.0982 799.4
1 40 30 56.18 0.1475 356.3
1 40 21 75.61 0.0461 431.6
1 40 37 135.46 0.0760 660.7
1 40 42 72.90 0.0793 208.5
1 40 22 119.29 0.0784 855.6
1 40 26 111.76 0.0912 909.8
1 40 35 186.72 0.0942 312.8
1 40 39 51.37 0.0966 778.1
1 40 35 333.31 0.0457 840.1
1 40 30 107.26 0.0885 780.7
1 40 34 99.25 0.0752 921.0
1 40 23 147.83 0.0740 336.7
1 40 26 118.65 0.0710 179.8
1 40 16 85.39 0.0812 198.8
1 40 38 93.40 0.1015 501.5
1 40 15 64.00 0.0590 100.3
1 40 38 91.88 0.0840 678.7
1 40 37 47.12 0.1170 757.3
1 40 21 249.66 0.0733 50.7
1 40 32 102.18 0.0794 797.7
1 40 25 68.37 0.0509 762.2
1 40 17 67.84 0.1038 292.1
1 40 45 91.16 0.0650 402.5
1 40 44 300.43 0.0564 336.1
1 40 24 179.55 0.0652 708.8
1 40 43 92.50 0.0903 98.0
1 40 27 210.51 0.0444 192.3
1 40 18 94.15 0.0484 90.6
1 40 44 66.66 0.0920 404.1
1 40 31 87.74 0.0786 98.6
1 40 19 87.02 0.0678 599.0
1 40 26 106.47 0.0720 113.0
1 40 21 235.80 0.0463 131.9
1 40 30 66.42 0.1003 874.6
1 40 29 176.08 0.0559 873.9
1 40 38 193.30 0.0595 827.3
1 40 36 90.42 0.0852 875.8
1 40 24 69.66 0.0739 292.9
1 40 34 104.67 0.0688 493.9
1 40 35 56.92 0.1280 104.3
1 40 16 54.11 0.0373 668.0
1 40 30 130.11 0.0771 655.3
1 40 32 556.12 0.0691 263.2
1 40 34 124.73 0.0540 517.3
1 40 23 116.70 0.0516 758.9
1 40 30 64.19 0.0925 587.0
1 40 33 105.76 0.0989 184.5
1 40 38 93.75 0.0653 146.0
1 40 29 48.18 0.1187 107.1
1 40 28 62.31 0.1127 828.4
1 40 28 131.03 0.1023 283.2
1 40 37 112.90 0.0719 767.2
1 40 22 70.27 0.0854 892.5
1 40 23 577.19 0.0773 115.3
1 40 30 71.69 0.1016 172.8
1 40 22 181.82 0.0995 924.3
1 40 17 70.41 0.0338 481.6
1 40 35 163.82 0.0875 664.1
1 40 30 47.36 0.0947 434.3
1 40 37 109.42 0.0772 610.4
1 40 15 154.40 0.0493 783.6
1 40 21 452.85 0.0768 633.4
1 40 32 76.77 0.1094 817.4
1 40 34 377.11 0.0748 685.4
1 40 32 156.55 0.0934 227.9
1 40 17 47.45 0.0648 653.1
1 40 28 45.99 0.1424 420.5
1 40 22 92.36 0.0741 899.7
1 40 36 98.87 0.0749 864.1
1 40 15 946.69 0.0602 257.6
1 40 20 91.15 0.0350 830.9
1 40 37 171.37 0.0767 598.6
1 40 38 73.02 0.0995 710.5
1 40 30 130.68 0.0862 929.3
1 40 29 78.89 0.1084 512.9
1 40 42 194.22 0.0556 763.3
1 40 32 83.08 0.0825 241.0
1 40 15 64.05 0.0787 839.8
1 40 37 184.15 0.0734 164.0
1 40 18 993.62 0.0275 92.6
1 40 19 112.62 0.0396 812.0
1 40 44 83.62 0.0891 455.7
1 40 33 241.18 0.0620 496.5
1 40 21 51.42 0.1330 889.8
1 40 28 267.24 0.0429 597.4
1 40 41 194.90 0.0742 253.5
1 40 15 190.38 0.0747 456.4
1 40 41 320.19 0.0821 495.9
1 40 37 86.97 0.0955 857.9
1 40 35 94.18 0.0707 174.2
1 40 27 88.44 0.0870 779.0
1 40 22 86.15 0.0613 759.0
1 40 40 59.45 0.0820 782.5
1 40 30 72.84 0.1131 944.8
1 40 14 132.47 0.0924 592.6
1 40 29 182.77 0.0403 187.9
1 40 34 211.04 0.0611 863.9
1 40 36 495.80 0.0384 785.8
1 40 18 347.18 0.0956 588.3
1 40 34 53.94 0.1118 135.2
1 40 25 224.41 0.0799 482.5
1 40 31 165.93 0.0860 145.7
1 40 15 86.72 0.0814 361.4
1 40 18 65.45 0.0869 811.9
1 40 35 419.67 0.0855 302.4
1 40 30 127.76 0.1201 897.0
1 40 33 121.37 0.1131 268.8
1 40 36 115.21 0.0696 671.3
1 40 18 150.76 0.0557 327.0
1 40 30 65.45 0.0667 606.1
1 40 42 84.68 0.0984 682.5
1 40 18 132.44 0.0432 722.8
1 40 39 121.23 0.0888 845.4
1 40 17 54.42 0.0517 378.8
1 40 31 107.11 0.0837 202.6
1 40 39 484.50 0.0587 523.1
1 40 35 51.98 0.1336 522.7
1 40 20 57.93 0.0578 754.1
1 40 23 107.18 0.0987 330.5
1 40 33 130.86 0.0597 461.8
1 40 30 204.06 0.0639 648.4
1 40 19 251.96 0.0490 945.1
1 40 19 78.73 0.0931 709.0
1 40 35 246.44 0.1221 676.6
1 40 13 223.87 0.1266 820.2
1 40 34 208.41 0.0510 336.2
1 40 28 106.32 0.1060 804.6
1 40 41 100.55 0.0746 259.8
1 40 29 67.61 0.1028 244.7
1 40 19 139.89 0.0699 929.6
1 40 30 67.99 0.1003 401.6
1 40 15 59.41 0.0899 754.7
1 40 42 79.44 0.0976 270.8
1 40 15 159.07 0.1118 844.7
1 40 21 78.45 0.0544 331.5
1 40 23 209.90 0.0472 65.0
1 40 28 134.50 0.0791 226.7
1 40 38 74.90 0.0807 770.4
1 40 27 139.58 0.0736 390.1
1 40 24 47.48 0.0982 790.2
1 40 28 102.55 0.0606 526.8
1 40 19 79.55 0.0575 5.3
1 40 32 120.40 0.0776 749.5
1 40 19 77.66 0.0673 256.4
1 40 14 50.61 0.1536 610.4
1 40 32 60.90 0.0735 607.5
1 40 30 61.74 0.1092 162.3
1 40 39 88.94 0.0907 35.6
1 40 38 78.91 0.0748 645.8
1 40 20 47.78 0.0733 763.2
1 40 27 75.70 0.0620 760.3
1 40 23 77.75 0.1024 311.5
1 40 24 204.83 0.0639 66.3
1 40 14 111.76 0.0496 445.3
1 40 36 289.07 0.0874 254.1
1 40 32 159.34 0.0793 923.6
1 40 26 91.39 0.0533 612.6
1 40 20 73.29 0.0357 799.0
1 40 14 66.63 0.1197 230.6
1 40 33 128.61 0.0630 840.1
1 40 20 146.22 0.0849 786.2
1 40 26 93.09 0.0858 281.2
1 40 23 375.49 0.1525 726.0
1 40 32 52.98 0.0931 813.2
1 40 27 376.25 0.0359 761.2
1 40 35 199.75 0.0599 850.5
1 40 20 81.97 0.0587 292.3
1 40 19 85.57 0.0725 236.2
1 40 27 191.18 0.0874 365.7
1 40 30 124.04 0.0908 807.1
1 40 32 183.39 0.0634 796.2
1 40 33 70.38 0.1173 832.8
1 40 35 134.36 0.0783 108.7
1 40 36 70.57 0.1128 272.3
1 40 21 99.29 0.0728 638.3
1 40 25 135.82 0.0977 362.4
1 40 29 62.19 0.0814 241.8
1 40 16 64.44 0.1065 706.9
1 40 35 84.16 0.0877 201.3
1 40 31 75.94 0.0970 207.9
1 40 28 53.69 0.1288 268.4
1 40 26 86.10 0.1377 249.8
1 40 22 66.75 0.1035 735.0
1 40 14 112.59 0.0572 613.2
1 40 22 486.33 0.0601 925.9
1 40 18 75.18 0.0753 104.5
1 40 23 169.76 0.0822 907.8
1 40 25 81.08 0.0938 856.3
1 40 14 51.29 0.0768 708.9
1 40 20 62.68 0.0596 193.9
1 40 32 107.92 0.0583 818.4
1 40 18 157.78 0.0603 183.5
1 40 16 51.41 0.1067 956.0
1 40 15 342.67 0.1055 939.5
1 40 18 70.02 0.0678 142.9
1 40 36 92.60 0.0780 793.8
1 40 33 74.93 0.1013 659.6
1 40 15 93.83 0.0410 245.4
1 40 19 609.47 0.1274 816.1
1 40 16 481.72 0.0363 728.9
1 40 27 112.52 0.0673 841.3
1 40 16 117.62 0.0796 944.6
1 40 17 110.66 0.0478 345.8
1 40 17 101.96 0.0512 499.7
1 40 26 130.15 0.0584 219.6
1 40 17 75.44 0.0542 707.0
1 40 19 76.84 0.1442 118.6
1 40 21 70.66 0.0781 381.4
1 40 23 162.84 0.0922 696.5
1 40 18 94.67 0.1070 620.8
1 40 18 202.75 0.0591 188.7
1 40 28 134.10 0.0754 79.2
1 40 32 63.17 0.1174 561.2
1 40 15 69.16 0.1063 650.2
1 40 16 50.90 0.1003 183.2
1 40 25 87.25 0.0990 488.0
1 40 23 107.01 0.0549 894.9
1 40 16 48.68 0.0573 842.7
1 40 18 69.07 0.1054 526.8
1 40 17 45.24 0.0592 511.6
1 40 16 247.48 0.0512 164.7
1 40 29 101.90 0.0913 78.4
1 40 19 182.02 0.0544 916.8
1 40 15 175.31 0.0772 621.2
1 40 16 181.49 0.0391 749.7
1 40 17 96.65 0.0562 169.4
1 40 26 73.32 0.0813 391.1
1 40 16 178.77 0.0582 104.8
1 40 29 52.25 0.0768 741.4
1 40 21 156.70 0.0464 187.2
1 40 15 46.26 0.0687 75.8
1 40 27 244.69 0.0626 404.5
1 40 33 51.13 0.1034 770.6
1 40 18 128.05 0.0466 614.7
1 40 23 94.80 0.0602 636.4
1 40 26 48.77 0.1079 224.3
1 40 21 166.78 0.0350 875.0
1 40 16 557.21 0.0437 622.6
1 40 19 47.48 0.0784 924.8
1 40 16 56.17 0.0948 903.6
1 40 15 226.76 0.1262 590.4
1 40 34 124.02 0.0575 545.1
1 40 26 74.31 0.0891 916.0
1 40 17 58.51 0.0459 839.5
1 40 23 46.31 0.1135 145.4
1 40 35 199.04 0.0666 427.3
1 40 14 67.98 0.0425 791.1
1 40 13 296.15 0.0900 33.1
1 40 19 68.08 0.1036 766.0
1 41 21 63.07 0.1131 108.2
1 41 16 51.63 0.0784 346.9
1 41 27 79.58 0.1192 300.2
1 41 39 219.19 0.0662 854.5
1 41 32 146.32 0.0717 275.2
1 41 29 204.11 0.0689 294.0
1 41 31 108.84 0.1198 211.7
1 41 34 67.57 0.1131 338.3
1 41 33 182.53 0.0731 385.7
1 41 16 264.73 0.1306 279.4
1 41 24 240.14 0.0846 474.7
1 41 23 138.34 0.0799 793.6
1 41 23 109.13 0.1027 267.0
1 41 22 74.01 0.1200 902.8
1 41 36 60.19 0.1153 509.6
1 41 19 98.91 0.0837 8.9
1 41 31 96.90 0.0950 467.9
1 41 19 84.31 0.0707 564.7
1 41 30 163.66 0.0627 178.0
1 41 29 223.11 0.0614 515.9
1 41 29 73.32 0.0929 732.7
1 41 15 79.97 0.0959 531.5
1 41 28 182.74 0.0664 397.7
1 41 25 85.70 0.0958 133.7
1 41 27 136.97 0.0871 281.1
1 41 17 339.74 0.0903 888.1
1 41 29 407.91 0.0517 227.3
1 41 20 165.63 0.0534 617.5
1 41 30 267.67 0.0470 399.7
1 41 28 92.26 0.0902 96.0
1 41 28 128.04 0.0822 789.9
1 41 22 273.06 0.0506 467.7
1 41 14 153.45 0.0738 232.3
1 41 24 118.95 0.0737 153.5
1 41 18 79.02 0.1035 270.4
1 41 25 215.40 0.0349 155.9
1 41 25 48.97 0.1347 459.0
1 41 36 200.80 0.0663 267.5
1 41 42 113.45 0.0580 767.2
1 41 33 96.68 0.0813 596.6
1 41 33 91.65 0.0879 754.6
1 41 15 90.22 0.1101 408.8
1 41 35 240.77 0.0595 28.3
1 41 28 90.94 0.0872 564.9
1 41 37 191.22 0.0518 175.3
1 41 15 78.35 0.1201 439.3
1 41 34 94.29 0.0929 414.0
1 41 27 515.56 0.0455 67.0
1 41 33 124.51 0.0974 460.0
1 41 28 65.08 0.1139 427.6
1 41 19 484.09 0.0555 485.5
1 41 24 46.69 0.1495 680.9
1 41 18 73.23 0.0891 564.5
1 41 14 66.28 0.0953 737.7
1 41 19 101.21 0.1087 556.0
1 41 25 158.94 0.0826 418.9
1 41 38 137.13 0.0780 454.2
1 41 24 61.41 0.0636 734.8
1 41 17 102.87 0.0426 197.0
1 41 39 132.06 0.0777 328.4
1 41 42 180.09 0.0696 612.3
1 41 42 47.93 0.1134 430.5
1 41 21 72.32 0.1344 665.5
1 41 38 263.18 0.0678 388.9
1 41 41 107.30 0.0961 305.8
1 41 20 228.49 0.0855 282.9
1 41 16 155.07 0.0892 267.2
1 41 29 207.59 0.0895 135.5
1 41 35 187.70 0.0458 691.9
1 41 17 120.38 0.0995 522.8
1 41 16 45.42 0.1079 482.4
1 41 26 1242.37 0.1045 193.2
1 41 37 129.43 0.1168 452.0
1 41 21 76.02 0.0994 711.3
1 41 37 79.98 0.1006 420.5
1 41 32 53.57 0.1137 417.9
1 41 41 171.34 0.0770 589.3
1 41 35 66.11 0.0856 176.6
1 41 25 60.92 0.0960 378.3
1 41 36 86.61 0.0789 556.1
1 41 19 109.38 0.0802 836.7
1 41 40 90.04 0.0941 371.9
1 41 24 305.74 0.0809 288.9
1 41 31 183.23 0.0789 226.4
1 41 15 98.92 0.0809 250.3
1 41 40 85.19 0.0817 69.1
1 41 26 46.56 0.0966 473.2
1 41 19 164.28 0.0904 282.2
1 41 31 85.88 0.0810 45.9
1 41 26 88.67 0.0475 641.2
1 41 35 195.81 0.0521 234.7
1 41 18 52.54 0.0622 412.5
1 41 29 191.79 0.0702 827.0
1 41 41 189.44 0.0943 411.4
1 41 32 86.65 0.0671 825.9
1 41 31 134.30 0.0717 458.1
1 41 31 127.05 0.0947 364.2
1 41 18 60.31 0.0472 607.4
1 41 21 78.92 0.1166 316.3
1 41 32 182.33 0.0731 345.9
1 41 16 1064.65 0.0543 476.6
1 41 28 65.35 0.1242 279.7
1 41 41 394.01 0.0710 288.1
1 41 21 57.83 0.1254 151.5
1 41 31 438.96 0.0786 371.2
1 41 33 129.90 0.0996 501.4
1 41 22 87.75 0.1040 926.4
1 41 39 91.28 0.0913 416.6
1 41 38 62.76 0.1041 485.8
1 41 34 91.50 0.1087 422.4
1 41 15 295.11 0.1522 417.4
1 41 15 58.23 0.1236 635.0
1 41 42 217.96 0.0688 320.0
1 41 30 159.52 0.0763 771.7
1 41 33 106.76 0.1102 1.5
1 41 39 92.37 0.0826 233.9
1 41 33 67.65 0.1019 334.0
1 41 35 63.38 0.0772 608.2
1 41 30 228.38 0.0686 701.9
1 41 33 102.72 0.1349 406.6
1 41 32 137.55 0.0934 241.0
1 41 21 447.34 0.0898 621.7
1 41 36 175.62 0.0763 618.4
1 41 26 57.93 0.1327 860.5
1 41 41 251.81 0.0463 586.3
1 41 38 122.70 0.0759 392.3
1 41 29 85.82 0.0898 352.9
1 41 40 81.27 0.0772 754.0
1 41 38 100.66 0.0812 346.3
1 41 22 158.91 0.0936 477.8
1 41 38 152.94 0.0817 514.8
1 41 36 153.58 0.0814 337.9
1 41 40 252.41 0.0534 720.2
1 41 42 172.04 0.0547 384.0
1 41 18 81.90 0.1121 101.5
1 41 31 97.46 0.0889 143.3
1 41 14 170.57 0.0435 99.8
1 41 31 210.72 0.0876 503.5
1 41 34 190.20 0.0702 496.6
1 41 28 73.20 0.1120 466.4
1 41 27 306.80 0.0417 439.5
1 41 33 106.89 0.0761 340.9
1 41 29 112.28 0.0719 862.4
1 41 41 122.16 0.0743 132.9
1 41 14 173.74 0.1089 367.0
1 41 33 171.34 0.0655 948.0
1 41 18 180.67 0.1050 76.9
1 41 41 63.66 0.1058 261.8
1 41 37 88.87 0.0717 668.5
1 41 29 67.86 0.1125 649.3
1 41 36 76.69 0.1033 613.9
1 41 28 134.64 0.0840 474.2
1 41 28 164.17 0.0614 173.3
1 41 42 91.68 0.0636 72.6
1 41 45 146.55 0.0717 76.2
1 41 39 75.44 0.1180 543.8
1 41 17 103.87 0.0734 91.6
1 41 33 174.32 0.0690 665.5
1 41 13 64.34 0.0659 816.7
1 41 14 91.16 0.1080 744.8
1 41 18 130.42 0.0849 615.7
1 41 18 63.33 0.1520 709.3
1 41 41 63.21 0.0997 565.6
1 41 28 76.04 0.0922 763.4
1 41 42 57.36 0.1001 770.1
1 41 41 65.30 0.1016 302.5
1 41 30 112.79 0.0588 713.7
1 41 15 55.81 0.1001 449.8
1 41 19 112.73 0.0728 546.3
1 41 43 81.41 0.0709 427.9
1 41 38 175.95 0.0650 906.3
1 41 31 161.32 0.0597 39.5
1 41 35 55.35 0.0965 581.7
1 41 43 79.30 0.0856 449.9
1 41 34 160.31 0.0558 229.5
1 41 42 144.25 0.0584 348.4
1 41 34 46.61 0.1053 474.6
1 41 24 82.35 0.0873 326.2
1 41 29 134.50 0.0906 432.3
1 41 34 78.36 0.1042 461.3
1 41 28 61.67 0.0931 279.8
1 41 29 51.66 0.1039 521.0
1 41 20 97.46 0.1053 292.6
1 41 39 95.05 0.0939 271.1
1 41 24 338.24 0.0520 125.3
1 41 32 54.02 0.1122 543.5
1 41 18 101.99 0.0899 393.1
1 41 25 88.78 0.0690 696.0
1 41 30 72.95 0.0765 897.0
1 41 31 102.59 0.0933 580.5
1 41 22 129.49 0.0774 324.3
1 41 39 180.77 0.0914 585.2
1 41 38 89.18 0.0593 632.4
1 41 32 363.60 0.0590 457.8
1 41 36 273.45 0.0672 515.1
1 41 21 113.45 0.0995 924.0
1 41 39 122.53 0.0939 454.5
1 41 34 110.43 0.0842 340.7
1 41 31 295.59 0.0642 423.4
1 41 28 124.40 0.1220 661.0
1 41 27 77.51 0.0888 884.9
1 41 24 170.97 0.0715 396.3
1 41 39 282.63 0.0787 537.0
1 41 42 311.28 0.0815 553.7
1 41 23 70.36 0.1294 249.5
1 41 22 73.54 0.0654 156.6
1 41 34 82.69 0.1155 473.3
1 41 45 90.98 0.0687 502.5
1 41 38 168.17 0.0709 192.6
1 41 40 135.75 0.0697 390.8
1 41 33 76.69 0.1019 533.5
1 41 37 225.29 0.0656 538.9
1 41 31 77.33 0.0995 176.0
1 41 34 58.30 0.1150 559.4
1 41 39 116.69 0.0991 246.0
1 41 15 102.05 0.0831 81.4
1 41 24 111.76 0.0689 403.5
1 41 22 120.60 0.0661 143.0
1 41 39 231.35 0.0658 422.1
1 41 38 115.95 0.0975 558.3
1 41 32 66.82 0.1480 285.0
1 41 24 156.28 0.0652 68.4
1 41 37 102.47 0.1005 374.1
1 41 39 297.32 0.0584 298.6
1 41 30 62.58 0.1107 30.0
1 41 38 125.64 0.0574 223.3
1 41 34 75.31 0.0805 311.1
1 41 38 108.07 0.0845 636.3
1 41 35 85.45 0.0939 605.0
1 41 38 98.82 0.0719 406.0
1 41 31 247.53 0.0577 334.3
1 41 36 211.95 0.1065 267.5
1 41 14 234.79 0.0285 417.8
1 41 17 230.55 0.0416 245.1
1 41 39 219.82 0.0586 337.7
1 41 36 152.05 0.1066 591.3
1 41 36 184.14 0.0826 297.5
1 41 21 114.91 0.0626 424.0
1 41 19 58.36 0.0714 507.8
1 41 38 62.86 0.1003 787.8
1 41 19 201.87 0.0601 344.9
1 41 25 197.49 0.0675 920.7
1 41 20 859.63 0.0918 235.0
1 41 33 123.33 0.0670 475.6
1 41 45 172.38 0.0578 795.8
1 41 38 215.48 0.0710 356.8
1 41 40 90.84 0.0911 311.0
1 41 34 124.66 0.0900 387.5
1 41 37 131.88 0.0663 755.2
1 41 43 167.64 0.0564 220.0
1 41 39 125.35 0.0907 470.9
1 41 14 48.87 0.0638 174.9
1 41 23 46.30 0.1042 293.4
1 41 28 167.46 0.0431 722.0
1 41 22 656.05 0.1044 419.7
1 41 33 54.23 0.0952 704.0
1 41 37 148.99 0.0914 372.0
1 41 23 184.35 0.0483 109.0
1 41 38 229.72 0.0586 336.5
1 41 30 165.46 0.0604 358.6
1 41 46 209.11 0.0630 441.5
1 41 21 195.69 0.0662 637.3
1 41 37 70.86 0.0844 250.4
1 41 29 157.55 0.0366 432.2
1 41 27 151.28 0.0603 324.3
1 41 30 58.64 0.0843 190.4
1 41 28 65.14 0.0790 295.1
1 41 17 272.53 0.1225 484.7
1 41 24 170.85 0.0560 299.1
1 41 42 57.48 0.1151 579.0
1 41 39 61.54 0.0617 346.6
1 41 32 227.28 0.0704 185.7
1 41 25 54.16 0.1155 195.6
1 41 34 81.95 0.0997 422.3
1 41 32 90.61 0.0900 549.0
1 41 33 176.84 0.0727 759.2
1 41 23 116.22 0.1296 322.3
1 41 26 114.82 0.0672 921.1
1 41 25 145.24 0.0700 190.0
1 41 24 394.89 0.0679 732.7
1 41 13 55.92 0.1235 611.8
1 41 39 54.57 0.1075 131.6
1 41 38 87.60 0.0879 176.5
1 41 21 103.96 0.0421 480.7
1 41 32 199.07 0.0802 779.4
1 41 35 262.70 0.0795 433.6
1 41 32 95.57 0.0999 261.5
1 41 26 426.79 0.0605 595.9
1 41 34 222.81 0.0563 789.2
1 41 27 121.43 0.0841 146.6
1 41 34 103.64 0.0700 806.5
1 41 27 165.13 0.0794 322.9
1 41 25 120.10 0.0795 428.2
1 41 30 113.36 0.0943 302.9
1 41 16 158.93 0.0676 501.8
1 41 14 54.46 0.0744 478.7
1 41 31 150.32 0.0649 594.6
1 41 34 104.63 0.0840 856.8
1 41 22 61.17 0.1277 639.5
1 41 23 65.85 0.1073 318.4
1 41 20 72.85 0.1067 349.8
1 41 35 113.16 0.0918 518.7
1 41 33 90.85 0.0875 451.9
1 41 15 71.25 0.1260 585.7
1 41 25 192.93 0.0993 191.6
1 41 15 48.95 0.0991 327.2
1 41 13 74.76 0.0980 276.7
1 41 17 309.25 0.0636 539.6
1 41 19 68.85 0.1163 751.6
1 41 25 206.54 0.0676 348.4
1 41 21 137.61 0.0571 320.3
1 41 16 125.87 0.1416 223.4
1 41 19 107.35 0.1384 851.9
1 41 17 223.82 0.0676 447.0
1 41 33 271.48 0.0612 757.9
1 41 37 181.14 0.0692 345.5
1 41 25 59.77 0.1338 323.0
1 41 13 57.60 0.0655 328.5
1 41 24 49.71 0.1323 548.0
1 41 28 91.13 0.1090 326.1
1 41 25 74.98 0.0935 45.3
1 41 16 54.13 0.0609 107.6
1 41 17 52.73 0.1567 430.4
1 41 15 54.65 0.0553 271.0
1 41 24 145.61 0.0942 326.5
1 41 23 49.82 0.1043 304.9
1 41 19 82.09 0.1070 58.2
1 41 26 49.08 0.1005 439.1
1 41 14 238.81 0.0491 808.6
1 41 19 89.11 0.0815 28.7
1 41 31 111.27 0.1027 375.6
1 41 29 257.81 0.0675 36.4
1 41 29 218.58 0.0576 812.4
1 41 34 66.95 0.1141 448.0
1 41 16 49.96 0.0701 854.7
1 41 19 61.91 0.0942 632.6
1 41 35 50.83 0.1434 369.9
1 41 35 117.11 0.0653 478.7
1 41 17 586.15 0.0886 462.6
1 41 16 52.67 0.1310 436.6
1 41 28 45.83 0.1589 253.3
1 41 34 69.56 0.0891 59.3
1 41 32 96.68 0.0850 365.7
1 41 28 310.27 0.0818 431.0
1 41 36 162.14 0.0631 371.6
1 41 36 107.29 0.0984 438.7
1 41 37 93.69 0.0868 534.1
1 41 13 51.00 0.1270 389.3
1 41 13 69.20 0.1292 301.0
1 41 22 98.04 0.0912 754.2
1 41 29 179.74 0.0734 349.4
1 41 17 48.44 0.1396 754.3
1 41 25 64.00 0.0885 664.2
1 41 22 45.52 0.1554 804.4
1 41 25 121.62 0.0730 34.1
1 41 18 65.74 0.0629 433.0
1 41 15 168.74 0.0356 309.4
1 41 36 68.90 0.1108 215.7
1 41 22 90.96 0.0510 462.9
1 41 36 121.74 0.0866 313.5
1 41 31 81.32 0.0848 393.9
1 41 28 220.81 0.0598 287.8
1 41 19 53.59 0.0881 669.6
1 41 28 155.79 0.0446 438.9
1 41 23 72.78 0.0958 465.2
1 41 25 47.29 0.0910 901.2
1 41 18 55.39 0.0820 263.1
1 41 17 46.72 0.0949 697.8
1 41 16 52.89 0.0611 760.2
1 41 38 116.04 0.0774 203.7
1 41 36 171.35 0.0705 255.8
1 41 13 53.84 0.1363 745.4
1 41 24 152.21 0.0677 373.2
1 41 19 103.52 0.0727 612.6
1 41 41 84.89 0.0739 530.1
1 41 39 82.12 0.0930 517.8
1 41 17 273.97 0.0448 554.8
1 41 13 47.12 0.0858 189.3
1 41 24 80.75 0.1050 40.3
1 41 22 167.89 0.0803 424.0
1 41 24 163.45 0.1062 305.3
1 41 22 90.77 0.1200 931.7
1 41 13 48.07 0.1437 230.5
1 41 13 85.21 0.1193 376.2
1 41 29 142.07 0.0878 378.0
1 41 28 213.07 0.0689 315.6
1 41 16 106.42 0.1650 250.0
1 41 17 119.27 0.1315 270.0
1 41 16 66.66 0.1238 651.3
1 42 16 86.22 0.1161 189.2
1 42 19 220.17 0.0798 811.1
1 42 38 130.67 0.0899 455.1
1 42 23 145.48 0.0598 217.4
1 42 30 278.91 0.0621 284.1
1 42 26 199.11 0.0639 736.2
1 42 30 166.50 0.0666 275.4
1 42 35 73.96 0.1046 833.5
1 42 41 59.11 0.0916 596.5
1 42 17 141.31 0.0438 187.5
1 42 21 178.27 0.0747 252.0
1 42 36 125.50 0.0915 817.5
1 42 18 80.52 0.0905 883.6
1 42 17 129.33 0.0693 706.1
1 42 31 83.06 0.0880 344.9
1 42 31 215.98 0.0471 144.9
1 42 19 190.95 0.0863 118.8
1 42 17 171.98 0.0512 64.8
1 42 17 617.91 0.0803 571.2
1 42 21 69.22 0.0708 187.6
1 42 41 162.62 0.0498 654.1
1 42 37 49.03 0.0789 278.8
1 42 40 143.98 0.0661 411.3
1 42 33 188.20 0.0586 267.0
1 42 14 293.78 0.0305 192.8
1 42 38 61.66 0.0920 689.2
1 42 31 109.52 0.0590 572.0
1 42 15 208.85 0.0641 586.9
1 42 23 72.89 0.0561 938.0
1 42 28 61.68 0.0855 707.7
1 42 30 134.31 0.0826 920.0
1 42 38 174.08 0.0647 917.0
1 42 31 94.03 0.0969 327.2
1 42 28 105.34 0.0857 611.9
1 42 33 201.69 0.0735 701.8
1 42 31 201.59 0.0638 187.4
1 42 21 100.87 0.0925 157.6
1 42 17 60.52 0.0383 670.4
1 42 26 75.51 0.0956 723.1
1 42 14 362.53 0.0629 139.4
1 42 28 60.07 0.0856 772.1
1 42 38 67.65 0.0971 556.0
1 42 31 81.26 0.0653 826.3
1 42 22 60.02 0.0465 726.2
1 42 26 162.73 0.0670 48.4
1 42 38 216.63 0.0726 816.0
1 42 19 207.44 0.0333 785.5
1 42 27 105.86 0.0749 181.9
1 42 30 87.09 0.0917 46.5
1 42 30 71.56 0.0903 806.5
1 42 22 89.69 0.0636 558.1
1 42 19 64.20 0.1062 789.8
1 42 20 68.79 0.0637 199.0
1 42 23 84.09 0.0785 918.7
1 42 19 49.32 0.0909 183.0
1 42 15 142.26 0.0842 131.8
1 42 35 181.24 0.0582 243.0
1 42 36 158.30 0.0647 446.4
1 42 14 196.22 0.0301 661.9
1 42 30 83.40 0.1137 287.1
1 42 35 145.94 0.0821 596.6
1 42 29 135.54 0.0707 625.1
1 42 31 65.45 0.0741 519.7
1 42 19 359.48 0.0378 909.5
1 42 36 95.82 0.1068 321.9
1 42 20 196.29 0.0600 317.3
1 42 25 54.97 0.0681 166.2
1 42 19 53.31 0.0879 663.1
1 42 16 154.42 0.0306 712.3
1 42 28 176.10 0.0425 186.6
1 42 21 190.56 0.0680 786.1
1 42 41 54.62 0.0593 219.7
1 42 31 162.33 0.0974 819.2
1 42 31 116.38 0.0737 900.8
1 42 30 77.36 0.1038 738.1
1 42 23 48.22 0.0760 47.1
1 42 34 133.85 0.0849 727.7
1 42 36 131.09 0.0692 733.1
1 42 19 66.96 0.0834 350.7
1 42 16 46.21 0.1509 372.4
1 42 29 65.36 0.1058 420.1
1 42 21 95.41 0.0763 801.6
1 42 15 505.04 0.0620 164.7
1 42 30 59.53 0.1286 134.6
1 42 23 69.83 0.1071 736.7
1 42 23 113.45 0.0828 639.3
1 42 30 129.35 0.0832 270.1
1 42 20 66.77 0.0571 287.8
1 42 34 110.73 0.0717 341.2
1 42 36 97.04 0.0704 600.3
1 42 30 122.16 0.0814 795.2
1 42 29 129.91 0.0587 228.9
1 42 26 281.04 0.0567 816.4
1 42 34 103.59 0.0814 93.2
1 42 24 57.09 0.1105 705.8
1 42 17 117.26 0.0540 720.0
1 42 24 69.71 0.0984 792.5
1 42 14 63.64 0.0698 140.7
1 42 16 177.75 0.0595 82.2
1 42 29 110.69 0.0923 891.1
1 42 41 102.77 0.0932 80.0
1 42 18 55.18 0.1037 315.0
1 42 20 59.23 0.0974 915.7
1 42 41 75.85 0.0910 789.0
1 42 18 788.42 0.0450 160.3
1 42 33 164.54 0.0822 352.7
1 42 31 200.65 0.0949 702.2
1 42 23 70.83 0.1267 691.6
1 42 28 209.72 0.0485 529.8
1 42 42 174.94 0.0655 628.7
1 42 17 162.41 0.0603 595.3
1 42 42 78.31 0.0941 780.5
1 42 33 144.48 0.0938 260.9
1 42 21 60.10 0.0978 416.9
1 42 31 123.76 0.0687 281.0
1 42 25 83.53 0.0988 327.1
1 42 23 55.92 0.0885 627.3
1 42 41 100.42 0.0953 691.0
1 42 22 48.85 0.0664 531.3
1 42 25 67.31 0.0790 674.8
1 42 23 66.54 0.1304 324.0
1 42 22 104.67 0.0823 31.9
1 42 26 169.25 0.0815 561.6
1 42 22 264.36 0.0501 373.9
1 42 14 312.45 0.0484 365.5
1 42 40 213.44 0.0646 457.7
1 42 33 146.05 0.0717 539.6
1 42 20 202.28 0.0460 25.1
1 42 39 71.86 0.0937 618.8
1 42 35 99.70 0.0683 524.0
1 42 36 137.07 0.0607 525.0
1 42 16 47.58 0.1607 297.7
1 42 13 247.51 0.0876 663.5
1 42 37 140.74 0.0749 502.0
1 42 31 104.97 0.0744 372.2
1 42 30 68.24 0.0812 418.4
1 42 19 225.06 0.0387 181.1
1 42 16 139.67 0.0384 367.0
1 42 30 69.93 0.0829 626.2
1 42 27 199.32 0.0728 282.9
1 42 24 119.82 0.0968 261.9
1 42 43 56.71 0.1080 269.1
1 42 40 86.92 0.0721 298.3
1 42 20 123.87 0.1004 99.5
1 42 13 50.09 0.1485 194.3
1 42 42 92.10 0.0784 682.6
1 42 30 163.66 0.0543 538.1
1 42 18 119.18 0.0692 702.3
1 42 22 83.93 0.0734 636.8
1 42 35 70.92 0.1086 183.5
1 42 40 105.21 0.0776 811.6
1 42 39 102.53 0.0841 248.8
1 42 24 100.13 0.0840 505.8
1 42 16 217.79 0.0519 633.6
1 42 15 45.11 0.0913 160.9
1 42 30 83.39 0.0887 80.4
1 42 28 287.42 0.0488 355.1
1 42 42 157.39 0.0704 826.0
1 42 34 184.06 0.0700 288.2
1 42 18 173.92 0.0603 26.6
1 42 41 53.85 0.1151 666.4
1 42 42 249.53 0.0686 324.0
1 42 44 288.33 0.0644 64.0
1 42 37 51.48 0.1153 482.7
1 42 33 163.50 0.0689 533.2
1 42 31 54.19 0.1208 205.0
1 42 32 122.27 0.0857 816.5
1 42 40 151.63 0.0943 874.5
1 42 31 64.94 0.1319 135.4
1 42 32 63.75 0.0852 89.9
1 42 38 76.65 0.0996 829.3
1 42 44 135.54 0.0783 747.9
1 42 41 71.82 0.0844 317.8
1 42 39 104.11 0.1034 606.5
1 42 30 118.26 0.0867 728.5
1 42 41 84.62 0.0585 563.4
1 42 24 249.03 0.0488 706.0
1 42 29 229.59 0.0686 487.0
1 42 36 68.88 0.1196 874.3
1 42 24 53.02 0.1315 174.5
1 42 40 112.09 0.0603 323.0
1 42 35 96.78 0.0956 647.6
1 42 24 215.71 0.0766 401.8
1 42 18 61.89 0.0966 845.7
1 42 35 224.75 0.0631 758.2
1 42 36 71.71 0.0751 568.9
1 42 29 205.25 0.0872 192.3
1 42 26 58.66 0.1209 168.6
1 42 26 76.41 0.1048 260.7
1 42 31 152.57 0.0586 186.1
1 42 17 48.76 0.1369 227.2
1 42 39 141.89 0.0618 768.4
1 42 40 61.85 0.0948 767.1
1 42 35 101.74 0.0913 569.2
1 42 27 146.62 0.0618 943.5
1 42 35 165.50 0.0865 707.0
1 42 40 69.47 0.1129 451.8
1 42 28 64.80 0.1315 62.5
1 42 24 96.17 0.0652 646.1
1 42 29 95.61 0.0893 373.1
1 42 30 220.85 0.0721 375.9
1 42 26 85.70 0.0798 170.5
1 42 42 77.42 0.0573 575.1
1 42 28 240.44 0.0799 814.0
1 42 31 115.87 0.0632 691.6
1 42 44 91.29 0.0824 541.6
1 42 25 48.87 0.0901 793.1
1 42 14 156.59 0.0507 22.7
1 42 14 48.06 0.0760 862.9
1 42 19 123.91 0.0928 502.8
1 42 14 94.67 0.0817 476.8
1 42 43 240.75 0.0710 107.4
1 42 27 201.67 0.0486 662.4
1 42 22 96.49 0.0427 196.6
1 42 23 176.96 0.0589 380.9
1 42 19 230.07 0.0506 23.1
1 42 26 91.84 0.1066 936.8
1 42 30 136.48 0.0619 669.4
1 42 17 52.52 0.0481 216.2
1 42 28 152.08 0.0396 132.1
1 42 28 149.31 0.0724 108.4
1 42 34 71.41 0.0927 750.5
1 42 22 425.09 0.1070 936.2
1 42 44 141.34 0.0693 870.9
1 42 39 89.68 0.0887 656.0
1 42 42 136.67 0.0591 309.6
1 42 21 119.51 0.0811 220.4
1 42 35 188.50 0.0515 202.6
1 42 17 96.12 0.0703 881.9
1 42 27 63.01 0.0842 503.5
1 42 26 119.68 0.0710 331.5
1 42 35 55.18 0.0909 185.7
1 42 16 112.90 0.0502 166.4
1 42 18 50.51 0.0473 668.8
1 42 44 78.81 0.0653 254.6
1 42 36 98.36 0.0619 816.0
1 42 36 162.39 0.0775 689.0
1 42 28 119.60 0.1008 193.6
1 42 24 45.67 0.0930 522.5
1 42 31 83.28 0.0845 895.6
1 42 32 257.24 0.0717 436.5
1 42 28 132.81 0.0499 902.1
1 42 41 68.91 0.0809 569.7
1 42 30 294.60 0.0757 695.3
1 42 25 188.35 0.0595 357.7
1 42 25 66.60 0.1025 198.8
1 42 16 150.48 0.0664 86.5
1 42 37 318.26 0.0488 730.1
1 42 17 52.16 0.0734 120.8
1 42 22 47.76 0.0734 714.0
1 42 16 107.51 0.0475 150.6
1 42 21 49.18 0.1004 194.6
1 42 36 88.82 0.0664 502.0
1 42 24 263.27 0.0465 401.7
1 42 14 108.61 0.1188 180.6
1 42 14 50.62 0.1017 280.6
1 42 18 57.93 0.0624 162.8
1 42 25 137.06 0.0433 536.6
1 42 36 88.05 0.1151 878.0
1 42 15 78.63 0.1182 267.8
1 42 19 66.33 0.1186 869.3
1 42 14 147.49 0.0598 896.4
1 42 14 51.48 0.1099 541.3
1 42 16 50.47 0.1294 181.6
1 42 18 74.80 0.1493 340.4
1 42 17 195.98 0.0697 506.3
1 42 15 55.87 0.1267 78.3
1 42 20 45.51 0.1309 884.1
1 42 33 73.44 0.0750 856.5
1 42 16 154.59 0.0739 675.8
1 42 16 182.88 0.0624 555.0
1 42 18 136.82 0.0550 176.7
1 42 15 105.50 0.0705 160.4
1 42 16 88.56 0.0557 196.8
1 42 20 138.99 0.0349 230.6
1 42 19 51.43 0.0768 907.2
1 42 37 161.93 0.0627 339.4
1 42 13 215.10 0.1165 248.6
1 42 23 132.58 0.0651 801.5
1 42 14 109.74 0.1761 925.2
1 42 15 99.69 0.0749 166.1
1 42 17 172.22 0.0713 398.5
1 43 23 210.75 0.0607 291.9
1 43 18 70.14 0.0936 848.0
1 43 42 52.41 0.0837 654.4
1 43 34 60.42 0.1200 393.7
1 43 34 70.00 0.0971 449.3
1 43 29 158.53 0.0753 287.7
1 43 21 122.64 0.0569 715.4
1 43 30 136.46 0.0700 349.5
1 43 24 154.26 0.0516 740.6
1 43 20 90.70 0.0573 708.3
1 43 21 77.11 0.0868 15.9
1 43 40 62.65 0.1060 371.4
1 43 15 539.89 0.0338 54.0
1 43 28 131.66 0.0812 133.6
1 43 30 209.57 0.0704 237.2
1 43 35 114.20 0.0570 684.4
1 43 30 142.90 0.0593 762.2
1 43 34 98.16 0.0840 276.3
1 43 22 78.17 0.0603 39.6
1 43 28 129.43 0.0640 84.2
1 43 22 46.78 0.0829 574.9
1 43 32 89.65 0.0729 377.2
1 43 28 79.34 0.0850 127.0
1 43 15 509.10 0.0212 928.2
1 43 32 68.72 0.0873 114.4
1 43 29 205.25 0.0567 437.7
1 43 27 94.00 0.1201 291.4
1 43 32 93.42 0.1014 799.4
1 43 23 57.99 0.0797 892.3
1 43 18 69.99 0.0933 268.9
1 43 15 80.82 0.0529 180.0
1 43 21 245.38 0.0744 101.4
1 43 27 69.84 0.0931 58.6
1 43 41 130.68 0.0833 141.6
1 43 30 197.92 0.0684 537.5
1 43 30 89.21 0.0692 640.0
1 43 13 45.09 0.0436 107.1
1 43 31 167.38 0.0951 949.7
1 43 29 305.96 0.0709 188.1
1 43 42 143.83 0.0577 898.0
1 43 23 96.75 0.0663 802.3
1 43 30 132.54 0.0773 764.7
1 43 20 121.06 0.0739 883.3
1 43 22 65.61 0.0869 338.5
1 43 16 65.00 0.0976 181.0
1 43 34 63.57 0.0977 276.5
1 43 17 47.65 0.0840 863.6
1 43 31 108.96 0.0912 459.8
1 43 18 247.66 0.0470 661.2
1 43 23 80.08 0.0788 91.1
1 43 25 48.50 0.1259 740.5
1 43 31 300.73 0.0652 447.1
1 43 15 52.67 0.0683 127.1
1 43 16 48.50 0.0817 682.7
1 43 37 217.79 0.0705 78.7
1 43 38 261.43 0.0646 96.2
1 43 30 106.82 0.0795 853.6
1 43 42 108.04 0.0761 611.3
1 43 43 172.55 0.0680 879.1
1 43 21 45.39 0.1120 535.9
1 43 32 99.48 0.0709 928.0
1 43 39 87.71 0.0735 163.2
1 43 39 105.52 0.0640 934.3
1 43 44 185.13 0.0597 906.0
1 43 15 51.33 0.0712 131.8
1 43 13 119.71 0.1139 920.5
1 43 26 105.71 0.0656 38.0
1 43 39 153.43 0.0582 874.3
1 43 43 113.79 0.0595 282.3
1 43 36 149.31 0.0606 146.3
1 43 17 198.97 0.1395 916.8
1 43 30 74.17 0.0606 90.3
1 43 22 69.27 0.0573 457.4
1 43 20 324.38 0.0433 580.2
1 43 17 155.24 0.0676 545.0
1 43 21 263.97 0.0517 626.3
1 43 33 389.02 0.0559 692.0
1 43 31 169.73 0.1013 83.1
1 43 28 45.96 0.1253 300.7
1 43 20 149.33 0.0540 595.7
1 43 35 121.78 0.0821 267.0
1 43 39 102.06 0.0810 118.6
1 43 19 97.53 0.0825 576.3
1 43 16 52.59 0.0358 259.5
1 43 27 62.81 0.0724 796.2
1 43 35 234.73 0.0730 236.5
1 43 16 65.24 0.1566 752.2
1 43 20 276.78 0.0484 553.3
1 43 23 70.71 0.1061 548.4
1 43 29 73.06 0.0953 86.8
1 43 24 86.70 0.0732 37.6
1 43 33 49.89 0.1206 178.0
1 43 31 122.37 0.0821 59.2
1 43 18 63.14 0.1071 55.6
1 43 18 92.96 0.0735 609.9
1 43 32 87.46 0.1051 332.5
1 43 21 92.38 0.0712 648.4
1 43 40 61.19 0.1005 218.0
1 43 24 66.98 0.0998 919.8
1 43 38 72.27 0.1075 69.0
1 43 24 196.52 0.0759 103.1
1 43 14 107.02 0.0626 90.4
1 43 21 106.23 0.1180 856.1
1 43 14 120.14 0.0822 931.7
1 43 41 122.60 0.0621 377.3
1 43 29 95.04 0.0634 390.9
1 43 28 82.95 0.0836 394.6
1 43 28 101.68 0.1221 654.5
1 43 40 54.45 0.1210 251.1
1 43 34 73.11 0.0748 166.2
1 43 23 60.04 0.1336 909.9
1 43 41 78.19 0.0893 46.5
1 43 25 105.93 0.0583 41.6
1 43 16 191.75 0.0516 666.3
1 43 21 93.48 0.0529 181.1
1 43 25 284.78 0.0592 78.5
1 43 42 145.02 0.0819 861.8
1 43 36 63.50 0.1262 543.2
1 43 34 313.59 0.0747 209.6
1 43 28 317.77 0.0853 200.4
1 43 16 220.97 0.0764 104.9
1 43 21 48.86 0.1009 798.7
1 43 15 47.04 0.1142 81.8
1 43 15 123.78 0.0542 11.9
1 43 34 84.66 0.1023 246.0
1 43 17 53.00 0.1030 416.6
1 43 38 85.16 0.0804 427.9
1 43 36 104.01 0.0793 175.5
1 43 38 215.35 0.0546 125.3
1 43 40 216.94 0.0542 468.0
1 43 34 82.89 0.0938 369.0
1 43 31 58.63 0.0988 359.1
1 43 35 126.58 0.0852 922.7
1 43 24 91.45 0.1229 267.4
1 43 37 79.74 0.0787 71.9
1 43 39 68.41 0.1155 835.2
1 43 39 97.67 0.0740 95.4
1 43 30 156.03 0.0736 474.8
1 43 37 50.80 0.1136 938.6
1 43 14 53.82 0.0729 875.0
1 43 19 142.95 0.0742 667.9
1 43 36 130.13 0.0935 942.0
1 43 37 57.82 0.0659 26.4
1 43 39 104.33 0.0814 75.6
1 43 22 94.51 0.0611 812.4
1 43 17 55.88 0.1012 663.9
1 43 37 79.06 0.0975 837.6
1 43 37 135.99 0.0507 136.3
1 43 25 149.16 0.0694 214.3
1 43 41 73.77 0.0959 48.0
1 43 22 111.55 0.0813 777.5
1 43 29 283.65 0.0673 467.4
1 43 33 123.92 0.0868 52.0
1 43 25 117.33 0.0879 78.6
1 43 36 56.03 0.1023 164.4
1 43 35 61.57 0.1118 73.0
1 43 29 50.68 0.1003 175.0
1 43 34 77.28 0.0969 56.4
1 43 18 108.20 0.0534 850.2
1 43 24 51.90 0.0535 532.8
1 43 35 86.75 0.1312 175.0
1 43 28 62.22 0.0741 731.6
1 43 36 104.81 0.0790 824.6
1 43 21 104.71 0.0828 392.0
1 43 35 48.36 0.1224 517.7
1 43 16 233.80 0.0835 52.3
1 43 13 296.04 0.0948 165.4
1 43 42 184.93 0.0806 637.1
1 43 38 74.41 0.0996 113.2
1 43 36 65.28 0.1142 862.7
1 43 30 131.07 0.0662 847.1
1 43 15 309.66 0.0540 11.0
1 43 19 46.93 0.1021 62.4
1 43 41 76.31 0.1043 95.5
1 43 20 127.67 0.0821 91.1
1 43 36 203.59 0.0861 18.5
1 43 34 86.28 0.0961 619.8
1 43 43 129.14 0.0905 85.1
1 43 36 61.09 0.1144 178.9
1 43 35 235.29 0.0808 211.6
1 43 40 64.61 0.0948 221.5
1 43 39 149.31 0.0951 138.5
1 43 39 141.26 0.0659 809.5
1 43 32 145.39 0.0599 916.3
1 43 24 49.71 0.0965 579.8
1 43 27 82.76 0.0767 572.8
1 43 28 67.72 0.1063 189.1
1 43 33 444.35 0.0779 153.6
1 43 26 93.85 0.0834 211.9
1 43 46 71.90 0.0638 32.2
1 43 36 94.15 0.0616 676.7
1 43 31 204.96 0.0663 655.6
1 43 43 431.45 0.0713 696.1
1 43 42 111.29 0.0573 233.9
1 43 38 67.63 0.0763 157.1
1 43 15 481.95 0.0774 913.6
1 43 24 146.36 0.0887 412.1
1 43 38 250.99 0.0721 84.9
1 43 35 154.75 0.0703 875.2
1 43 33 148.05 0.0788 861.6
1 43 30 70.72 0.0714 88.6
1 43 34 92.95 0.0774 93.0
1 43 19 124.75 0.0638 677.6
1 43 38 78.23 0.1122 722.2
1 43 16 93.04 0.0591 493.2
1 43 18 54.87 0.0754 657.7
1 43 31 58.81 0.0820 41.0
1 43 43 58.06 0.0531 125.1
1 43 36 94.66 0.1011 94.3
1 43 18 58.80 0.1539 135.6
1 43 38 117.02 0.0905 880.0
1 43 42 227.27 0.0598 292.2
1 43 16 58.09 0.0883 936.6
1 43 24 102.49 0.0666 669.3
1 43 30 182.08 0.0929 461.0
1 43 16 129.53 0.0681 453.6
1 43 31 111.39 0.0782 424.7
1 43 17 59.92 0.1071 891.4
1 43 42 155.07 0.0681 443.4
1 43 25 45.68 0.0943 41.9
1 43 20 125.76 0.0604 430.2
1 43 39 95.99 0.0604 656.6
1 43 33 59.80 0.0859 424.7
1 43 19 216.26 0.0666 955.6
1 43 22 98.26 0.0552 90.7
1 43 42 220.67 0.0665 460.1
1 43 17 108.39 0.0476 255.7
1 43 28 105.08 0.0669 381.4
1 43 35 93.56 0.0698 882.1
1 43 18 177.27 0.0727 66.3
1 43 44 49.70 0.1032 168.5
1 43 26 78.10 0.0923 643.6
1 43 32 209.45 0.0517 379.4
1 43 38 75.73 0.0943 95.0
1 43 43 68.34 0.1146 732.5
1 43 17 83.23 0.1084 40.9
1 43 35 116.58 0.0780 775.0
1 43 36 94.95 0.0811 292.2
1 43 38 226.29 0.0515 526.0
1 43 14 102.54 0.0617 337.0
1 43 25 131.23 0.0934 949.5
1 43 17 79.42 0.1125 34.3
1 43 38 112.23 0.0904 845.8
1 43 29 98.27 0.0554 705.2
1 43 29 66.85 0.1048 183.3
1 43 31 165.23 0.0592 324.0
1 43 28 328.10 0.0605 91.1
1 43 30 134.38 0.0868 119.5
1 43 25 67.58 0.1103 92.9
1 43 29 610.56 0.0504 295.1
1 43 25 98.74 0.0900 17.0
1 43 26 87.97 0.0743 284.1
1 43 36 123.72 0.0860 161.9
1 43 13 129.26 0.0584 358.6
1 43 21 116.90 0.0484 143.2
1 43 14 443.76 0.0743 555.9
1 43 14 657.00 0.0337 262.9
1 43 19 98.55 0.0768 76.0
1 43 32 85.34 0.0715 164.6
1 43 13 219.40 0.0602 393.7
1 43 19 83.69 0.0814 597.7
1 43 24 203.16 0.0601 173.2
1 43 30 109.18 0.0625 908.9
1 43 20 124.65 0.0851 945.3
1 43 30 117.57 0.0414 704.4
1 43 29 112.44 0.0703 463.2
1 43 13 93.09 0.0544 225.0
1 43 21 56.18 0.1127 457.5
1 43 32 79.62 0.0771 340.8
1 43 16 76.30 0.0426 871.3
1 43 22 58.57 0.0659 808.0
1 43 18 65.04 0.0513 112.3
1 43 18 78.01 0.0354 932.3
1 43 35 122.13 0.0646 62.2
1 44 41 108.78 0.0780 683.1
1 44 34 55.37 0.0957 563.3
1 44 30 274.15 0.0583 505.7
1 44 17 90.98 0.0765 552.6
1 44 26 130.16 0.0652 901.1
1 44 44 644.58 0.0463 569.6
1 44 26 91.02 0.1146 396.0
1 44 19 267.46 0.0776 103.5
1 44 22 204.64 0.0695 727.3
1 44 26 72.87 0.1325 255.6
1 44 35 189.05 0.0873 584.6
1 44 23 50.97 0.1104 727.7
1 44 23 58.44 0.1254 162.4
1 44 22 142.91 0.0775 123.1
1 44 22 227.94 0.0928 619.7
1 44 32 108.21 0.0767 289.0
1 44 36 115.50 0.0854 542.6
1 44 26 155.58 0.0611 340.0
1 44 29 108.08 0.0623 346.4
1 44 31 100.09 0.1010 704.8
1 44 30 162.17 0.0704 340.0
1 44 16 65.22 0.1053 642.8
1 44 33 203.63 0.0641 136.7
1 44 36 186.15 0.0619 209.9
1 44 45 141.54 0.0685 298.5
1 44 25 246.47 0.0657 820.3
1 44 33 105.00 0.0884 934.4
1 44 29 54.16 0.1032 171.5
1 44 33 107.10 0.0899 639.0
1 44 20 65.46 0.1109 425.4
1 44 33 154.24 0.0679 493.0
1 44 29 161.88 0.0713 452.4
1 44 44 67.43 0.0760 173.7
1 44 35 102.66 0.0664 191.4
1 44 37 48.57 0.0921 746.4
1 44 35 117.89 0.0900 611.5
1 44 33 134.77 0.0684 178.0
1 44 33 60.65 0.1021 324.1
1 44 23 674.70 0.0435 931.8
1 44 28 122.02 0.0959 676.8
1 44 17 200.50 0.0900 901.4
1 44 38 89.42 0.1157 134.0
1 44 22 54.59 0.1168 923.2
1 44 26 86.40 0.0757 240.3
1 44 14 264.25 0.0300 9.0
1 44 23 101.07 0.0948 254.0
1 44 33 103.70 0.0831 137.3
1 44 24 85.97 0.0924 232.2
1 44 15 142.14 0.0635 438.8
1 44 45 119.46 0.0684 422.5
1 44 24 91.76 0.0845 433.0
1 44 27 531.43 0.0543 917.9
1 44 33 56.42 0.0947 728.8
1 44 14 101.50 0.0304 571.4
1 44 35 74.85 0.0882 492.0
1 44 19 52.91 0.0805 591.9
1 44 24 150.68 0.1062 172.9
1 44 13 792.93 0.1064 695.8
1 44 14 184.38 0.0956 244.3
1 44 13 51.81 0.0852 232.8
1 44 41 130.51 0.0608 196.7
1 44 15 45.56 0.1343 386.7
1 44 14 59.10 0.1100 346.9
1 44 37 151.37 0.0654 716.2
1 44 16 157.99 0.0881 704.1
1 44 40 94.22 0.0753 473.4
1 44 25 185.34 0.0506 547.4
1 44 33 155.06 0.0974 150.5
1 44 23 127.62 0.0920 292.4
1 44 29 200.46 0.0965 420.8
1 44 13 274.86 0.1472 606.9
1 44 23 1737.59 0.0811 572.5
1 44 21 185.91 0.1031 688.0
1 44 39 172.34 0.0844 132.4
1 44 37 129.11 0.0938 431.0
1 44 37 168.13 0.0766 773.2
1 44 29 205.71 0.0600 192.6
1 44 24 368.52 0.0652 632.5
1 44 35 162.77 0.0533 907.1
1 44 38 159.33 0.1309 630.3
1 44 23 130.91 0.0878 180.2
1 44 28 97.77 0.0704 712.4
1 44 31 132.51 0.0637 558.4
1 44 32 118.27 0.0764 723.0
1 44 28 89.45 0.0609 387.5
1 44 30 73.54 0.1186 697.5
1 44 37 174.64 0.0774 707.8
1 44 43 49.73 0.1204 773.3
1 44 40 62.99 0.0960 557.4
1 44 41 238.16 0.0833 149.2
1 44 40 137.45 0.0697 515.2
1 44 32 69.58 0.1154 227.4
1 44 31 106.44 0.1025 327.9
1 44 23 206.59 0.0770 714.3
1 44 32 81.15 0.0752 686.2
1 44 18 61.11 0.1192 277.0
1 44 17 45.21 0.0792 895.5
1 44 15 52.91 0.0750 429.2
1 44 34 102.83 0.0768 922.8
1 44 35 95.26 0.1053 723.2
1 44 35 76.03 0.0859 138.7
1 44 42 90.15 0.0920 673.2
1 44 39 73.92 0.1099 272.0
1 44 38 95.46 0.1102 334.0
1 44 29 124.28 0.0785 550.4
1 44 17 106.80 0.0773 472.8
1 44 30 86.45 0.0899 422.9
1 44 26 81.49 0.1002 556.0
1 44 34 90.61 0.0817 295.1
1 44 33 181.32 0.0747 346.3
1 44 35 128.50 0.0768 504.0
1 44 38 111.28 0.0824 603.9
1 44 13 103.44 0.1015 88.0
1 44 19 384.40 0.1043 142.6
1 44 21 109.48 0.1344 171.6
1 44 28 80.36 0.0996 567.0
1 44 28 69.87 0.1301 418.1
1 44 36 104.29 0.0818 739.7
1 44 29 104.92 0.0876 926.1
1 44 41 128.89 0.0849 359.2
1 44 24 64.78 0.1128 106.9
1 44 34 101.42 0.1050 505.3
1 44 28 108.00 0.0937 599.7
1 44 20 70.55 0.1268 561.2
1 44 19 67.31 0.0802 723.6
1 44 21 83.93 0.0670 65.6
1 44 32 304.78 0.0712 460.5
1 44 31 132.43 0.0878 598.8
1 44 43 389.22 0.0784 184.4
1 44 38 106.18 0.0577 658.2
1 44 22 82.10 0.1029 27.3
1 44 14 103.00 0.0650 437.6
1 44 39 105.39 0.0771 161.6
1 44 14 115.43 0.1050 527.2
1 44 19 56.17 0.0509 109.3
1 44 16 135.13 0.1027 634.5
1 44 15 79.33 0.0778 873.4
1 44 31 84.48 0.0792 583.0
1 44 39 94.95 0.1121 400.0
1 44 28 62.93 0.1015 737.3
1 44 17 50.96 0.0998 285.6
1 44 18 48.62 0.1272 579.8
1 44 30 51.62 0.1171 372.6
1 44 14 47.52 0.0943 222.6
1 44 33 74.93 0.1112 184.7
1 44 25 237.92 0.0963 556.6
1 44 21 51.00 0.0730 274.2
1 44 34 240.96 0.0619 127.5
1 44 29 176.40 0.0656 226.6
1 44 26 73.36 0.0996 561.7
1 44 42 306.93 0.0528 897.4
1 44 42 64.53 0.1163 603.7
1 44 34 67.43 0.0982 834.9
1 44 18 280.43 0.0722 279.8
1 44 22 226.92 0.0537 537.9
1 44 24 48.05 0.1449 194.7
1 44 40 90.38 0.0991 551.4
1 44 38 185.90 0.0604 815.2
1 44 32 99.18 0.0984 47.1
1 44 41 89.57 0.0719 238.8
1 44 39 66.84 0.1006 293.6
1 44 34 57.11 0.0860 102.3
1 44 28 168.87 0.0578 47.4
1 44 37 94.76 0.0789 704.2
1 44 42 89.03 0.0616 248.2
1 44 24 45.25 0.1355 550.0
1 44 42 191.43 0.0846 217.0
1 44 29 115.48 0.0919 588.8
1 44 38 62.11 0.0980 110.9
1 44 20 69.40 0.0693 108.1
1 44 21 664.99 0.0979 59.9
1 44 37 163.79 0.0508 267.7
1 44 40 81.04 0.1132 575.0
1 44 26 196.87 0.0483 903.2
1 44 21 61.95 0.0780 259.6
1 44 25 73.58 0.1117 679.8
1 44 39 81.57 0.0890 696.4
1 44 30 106.51 0.0799 591.6
1 44 34 96.49 0.1015 551.8
1 44 26 331.86 0.0437 684.0
1 44 28 85.09 0.0643 552.2
1 44 30 74.03 0.1276 585.5
1 44 18 82.28 0.0480 618.3
1 44 35 193.53 0.0759 746.0
1 44 30 111.61 0.0624 293.3
1 44 20 67.22 0.0949 60.8
1 44 30 95.52 0.0636 574.4
1 44 45 55.01 0.1252 520.4
1 44 27 53.93 0.0817 422.6
1 44 25 46.63 0.1171 385.8
1 44 36 136.19 0.0750 470.0
1 44 16 124.82 0.0653 551.9
1 44 38 91.80 0.0647 810.5
1 44 22 57.15 0.1047 294.0
1 44 16 64.52 0.1205 292.4
1 44 30 65.35 0.0954 572.4
1 44 35 78.45 0.1147 709.3
1 44 26 139.61 0.0601 122.8
1 44 29 86.46 0.0996 58.9
1 44 24 111.99 0.0835 735.6
1 44 17 141.54 0.0828 520.5
1 44 15 255.64 0.0725 714.9
1 44 33 86.51 0.1226 876.0
1 44 33 355.13 0.0515 582.0
1 44 24 56.93 0.1217 775.6
1 44 30 309.74 0.1042 728.6
1 44 33 126.99 0.0851 98.3
1 44 26 105.91 0.0666 677.9
1 44 37 141.21 0.0959 640.2
1 44 34 103.80 0.0563 202.6
1 44 38 92.21 0.0897 547.2
1 44 28 46.12 0.1361 140.7
1 44 38 146.64 0.0637 562.2
1 44 25 57.06 0.0878 238.1
1 44 29 123.93 0.0681 579.2
1 44 22 100.99 0.0661 712.3
1 44 32 70.59 0.0608 111.9
1 44 30 67.59 0.0889 172.4
1 44 36 137.16 0.0806 587.1
1 44 41 67.57 0.0876 630.0
1 44 38 48.71 0.0978 605.8
1 44 38 72.73 0.1256 521.3
1 44 43 225.79 0.0764 232.1
1 44 38 48.08 0.1017 902.5
1 44 16 216.10 0.0730 665.3
1 44 34 80.35 0.0915 400.5
1 44 29 46.98 0.1094 699.1
1 44 42 121.62 0.0844 928.2
1 44 34 183.13 0.0706 199.6
1 44 36 255.28 0.0522 628.5
1 44 46 65.16 0.0845 651.6
1 44 18 130.33 0.0563 909.9
1 44 22 689.99 0.0607 668.1
1 44 21 208.00 0.0457 608.0
1 44 27 103.55 0.0627 890.7
1 44 35 83.29 0.1124 242.6
1 44 37 123.63 0.0557 907.8
1 44 24 78.01 0.0940 288.7
1 44 37 100.10 0.0732 265.0
1 44 36 96.74 0.0929 564.9
1 44 42 201.54 0.0722 692.5
1 44 36 226.79 0.0661 620.2
1 44 17 95.11 0.0531 563.1
1 44 28 46.48 0.1145 601.2
1 44 40 201.85 0.0635 358.2
1 44 38 84.67 0.0842 715.6
1 44 37 221.30 0.0820 536.9
1 44 37 162.97 0.0821 645.6
1 44 14 101.54 0.0585 862.1
1 44 19 69.92 0.0813 476.7
1 44 43 248.68 0.0667 268.9
1 44 17 337.66 0.0328 550.5
1 44 44 132.77 0.0720 683.4
1 44 17 50.04 0.1115 57.8
1 44 33 71.84 0.0739 315.4
1 44 18 169.91 0.0358 46.6
1 44 38 179.51 0.0576 332.0
1 44 43 166.02 0.0642 609.0
1 44 39 120.37 0.0579 664.5
1 44 25 93.93 0.1087 189.3
1 44 29 312.08 0.0550 60.4
1 44 29 86.48 0.1091 907.4
1 44 37 84.68 0.0842 765.2
1 44 19 87.28 0.0566 353.2
1 44 40 94.65 0.0761 847.9
1 44 29 118.07 0.0710 532.0
1 44 42 107.26 0.0708 392.4
1 44 35 89.17 0.0865 168.6
1 44 22 49.34 0.1668 740.2
1 44 23 51.29 0.0960 607.7
1 44 38 223.65 0.0609 113.7
1 44 28 159.30 0.0928 674.4
1 44 40 165.69 0.0674 518.0
1 44 20 55.40 0.0648 715.3
1 44 20 107.05 0.1139 390.4
1 44 39 130.80 0.1029 241.7
1 44 17 49.08 0.1015 591.3
1 44 30 106.73 0.1069 632.2
1 44 39 49.55 0.1151 863.5
1 44 21 75.19 0.0672 408.6
1 44 13 201.38 0.0469 460.0
1 44 17 80.41 0.0488 541.3
1 44 18 127.09 0.1135 152.9
1 44 29 53.03 0.1358 823.9
1 44 22 243.99 0.0598 620.2
1 44 14 92.57 0.0761 161.8
1 44 25 180.30 0.0579 180.5
1 44 43 197.67 0.0804 746.3
1 44 45 86.51 0.0852 540.8
1 44 33 100.96 0.0774 661.0
1 44 35 120.84 0.1010 234.2
1 44 20 77.01 0.0835 865.3
1 44 31 215.26 0.0716 638.6
1 44 20 575.94 0.1486 526.1
1 44 25 64.76 0.1398 727.0
1 44 28 264.37 0.0547 609.0
1 44 32 119.54 0.0871 48.4
1 44 43 102.96 0.0722 393.4
1 44 14 231.19 0.0213 0.6
1 44 39 332.54 0.0801 684.3
1 44 15 384.15 0.0695 198.2
1 44 24 125.13 0.0693 922.0
1 44 28 57.07 0.1413 647.2
1 44 23 153.65 0.0961 510.3
1 44 19 59.66 0.1072 552.0
1 44 33 73.36 0.0847 122.9
1 44 22 92.83 0.0964 67.7
1 44 16 455.35 0.0556 619.6
1 44 14 72.35 0.0950 226.8
1 44 19 93.50 0.1017 542.5
1 44 25 54.11 0.1449 405.3
1 44 15 76.36 0.0561 248.2
1 44 19 80.22 0.1370 646.4
1 44 27 78.15 0.1159 279.5
1 44 13 100.93 0.1164 236.4
1 44 14 96.99 0.0952 647.5
1 44 30 248.75 0.0641 708.5
1 44 21 229.73 0.0809 573.4
1 44 21 127.26 0.0935 568.5
1 44 20 53.42 0.0634 860.9
1 44 20 80.85 0.1141 871.6
1 44 28 102.08 0.0897 923.9
1 44 25 88.83 0.1139 345.6
1 44 14 125.29 0.0527 255.7
1 44 14 431.97 0.0714 705.9
1 44 19 116.91 0.0657 502.3
1 44 44 62.66 0.1095 82.2
1 44 17 172.05 0.0721 531.5
1 44 21 65.82 0.0908 637.1
1 44 18 138.63 0.1083 102.3
1 44 21 88.12 0.0537 386.0
1 44 28 210.91 0.0898 158.0
1 44 14 71.44 0.1338 278.5
1 44 26 164.94 0.0754 806.0
1 44 20 97.27 0.0428 119.6
1 44 16 57.53 0.1046 73.1
1 44 28 173.36 0.0449 161.4
1 44 26 49.48 0.0851 65.8
1 44 36 88.07 0.0835 687.7
1 44 24 48.33 0.1262 483.5
1 44 33 113.29 0.0934 338.5
1 44 34 97.38 0.0668 328.7
1 44 20 146.74 0.0514 207.1
1 44 21 109.59 0.0881 924.3
1 44 15 102.31 0.0814 482.3
1 44 29 84.68 0.0792 629.3
1 44 17 62.46 0.0634 206.9
1 44 16 47.88 0.1436 97.5
1 44 13 174.64 0.0929 65.3
1 44 16 100.41 0.1390 557.9
1 44 18 245.30 0.0510 926.8
1 44 28 96.48 0.0751 552.3
1 44 22 97.07 0.0490 578.6
1 44 15 66.28 0.0625 611.7
1 44 32 67.31 0.0931 102.7
1 44 17 76.10 0.0785 447.4
1 44 14 207.93 0.1047 154.0
1 44 13 197.73 0.0627 377.1
1 44 23 66.65 0.0512 605.6
1 44 15 49.22 0.0522 526.6
1 44 13 75.76 0.1198 132.3
1 44 40 412.95 0.0564 640.1
1 44 31 132.45 0.0752 550.4
1 44 24 202.96 0.0543 567.0
1 44 19 50.35 0.1289 95.0
1 44 17 79.78 0.0959 666.7
1 44 21 60.12 0.1081 184.9
1 44 24 88.16 0.0849 60.7
1 44 13 98.31 0.0776 727.4
1 44 23 92.22 0.0903 931.3
1 44 34 158.00 0.0709 276.7
1 44 42 124.95 0.0626 262.0
1 44 35 108.02 0.0859 221.5
1 44 20 48.44 0.0522 126.0
1 44 22 166.92 0.0485 233.3
1 44 21 115.21 0.0763 932.4
1 44 28 58.08 0.0767 241.9
1 44 16 143.69 0.0549 150.2
1 44 29 103.76 0.0595 63.6
1 44 16 78.75 0.0515 450.8
1 44 28 57.60 0.0991 631.9
1 44 20 57.17 0.0642 666.5
1 44 34 100.08 0.0591 442.8
1 44 13 284.61 0.0507 731.0
1 44 21 70.31 0.0737 943.7
1 44 19 104.47 0.0369 619.7
1 44 14 53.28 0.0759 406.2
1 44 21 56.73 0.1208 571.7
1 44 15 265.11 0.0497 574.0
1 44 19 113.02 0.0583 693.9
1 44 19 74.80 0.0665 49.6
1 44 16 69.10 0.0540 549.6
1 45 32 59.88 0.1043 621.8
1 45 26 93.90 0.0738 864.5
1 45 31 155.78 0.0496 490.2
1 45 22 51.81 0.0870 425.3
1 45 30 323.54 0.0636 331.5
1 45 40 122.13 0.0961 390.9
1 45 34 56.41 0.1173 167.1
1 45 29 68.94 0.1085 567.0
1 45 14 77.74 0.0818 653.0
1 45 15 47.60 0.1344 620.8
1 45 41 121.33 0.0649 727.9
1 45 40 214.81 0.0692 412.5
1 45 14 211.87 0.0327 698.0
1 45 21 169.42 0.0462 233.5
1 45 37 199.35 0.0737 165.2
1 45 30 99.23 0.0770 675.6
1 45 32 203.01 0.0615 323.4
1 45 24 137.92 0.0822 739.0
1 45 33 146.16 0.0765 224.0
1 45 34 81.20 0.0967 46.0
1 45 41 88.41 0.0754 174.1
1 45 26 63.69 0.0653 309.1
1 45 22 201.00 0.0430 268.4
1 45 27 109.58 0.0911 480.7
1 45 32 104.60 0.1010 158.8
1 45 29 75.12 0.0650 812.6
1 45 24 130.82 0.0701 72.2
1 45 23 96.24 0.0483 412.2
1 45 25 174.21 0.0592 234.3
1 45 30 71.71 0.1007 438.3
1 45 33 174.68 0.0666 362.7
1 45 30 185.02 0.0743 840.7
1 45 18 104.89 0.0723 55.7
1 45 20 174.71 0.0709 143.2
1 45 32 70.33 0.0905 407.6
1 45 30 73.17 0.0961 163.6
1 45 28 71.20 0.0767 174.9
1 45 27 266.72 0.0496 599.8
1 45 23 46.74 0.1303 775.8
1 45 16 492.88 0.0810 115.1
1 45 35 67.96 0.0850 88.9
1 45 32 231.79 0.0780 447.7
1 45 28 121.50 0.0818 342.7
1 45 32 225.81 0.0608 293.2
1 45 35 212.13 0.0546 793.6
1 45 35 68.38 0.0894 175.2
1 45 24 406.76 0.1243 392.1
1 45 34 139.77 0.0585 333.5
1 45 21 189.51 0.0832 501.6
1 45 26 94.00 0.0776 354.9
1 45 23 99.72 0.0837 74.8
1 45 20 99.61 0.0822 22.9
1 45 32 97.06 0.1070 467.9
1 45 39 139.59 0.0504 444.7
1 45 35 329.32 0.0594 148.7
1 45 29 188.08 0.0788 155.4
1 45 18 70.19 0.1115 221.8
1 45 16 220.46 0.1480 312.0
1 45 28 86.36 0.1166 291.0
1 45 16 48.39 0.1488 284.2
1 45 15 79.68 0.1149 118.5
1 45 30 124.77 0.0601 798.0
1 45 27 103.66 0.0609 452.9
1 45 28 118.08 0.0799 163.2
1 45 24 152.13 0.0521 72.1
1 45 42 208.62 0.0624 380.7
1 45 40 347.24 0.0683 396.7
1 45 30 187.66 0.1387 158.8
1 45 22 57.62 0.0953 920.0
1 45 34 96.50 0.0768 366.1
1 45 21 82.70 0.0465 85.0
1 45 21 52.66 0.0945 395.6
1 45 33 161.94 0.0879 233.5
1 45 31 103.18 0.0750 399.4
1 45 28 60.21 0.1204 267.7
1 45 14 95.35 0.1495 271.3
1 45 13 68.48 0.1342 293.7
1 45 13 62.21 0.1326 261.2
1 45 29 50.69 0.1093 245.6
1 45 15 49.14 0.1060 331.0
1 45 34 70.19 0.1102 133.0
1 45 25 59.86 0.0867 267.0
1 45 22 153.95 0.0551 319.0
1 45 20 113.81 0.1390 208.7
1 45 17 46.08 0.1008 820.4
1 45 20 280.62 0.1107 167.2
1 45 39 130.52 0.0674 194.6
1 45 27 56.39 0.1210 86.8
1 45 33 68.75 0.1035 752.9
1 45 43 112.21 0.0667 290.5
1 45 33 106.73 0.0655 653.9
1 45 20 383.45 0.0698 341.8
1 45 39 143.94 0.0648 338.7
1 45 16 82.60 0.0630 703.0
1 45 33 158.62 0.0864 220.0
1 45 23 58.82 0.0526 365.4
1 45 21 76.53 0.0366 269.0
1 45 36 57.16 0.1251 192.5
1 45 30 337.84 0.0580 312.9
1 45 30 71.10 0.1175 76.0
1 45 38 70.60 0.1050 358.2
1 45 32 74.08 0.1022 47.3
1 45 27 48.71 0.0773 65.0
1 45 30 84.32 0.0764 233.4
1 45 27 225.30 0.0697 462.2
1 45 32 80.54 0.0711 91.3
1 45 32 146.92 0.0777 248.9
1 45 33 52.89 0.0773 421.5
1 45 36 88.18 0.0882 367.2
1 45 17 55.35 0.0622 425.5
1 45 14 122.07 0.1472 296.5
1 45 23 90.68 0.0466 349.1
1 45 27 103.99 0.0817 334.8
1 45 16 170.54 0.0747 45.7
1 45 17 77.36 0.0768 306.8
1 45 16 363.95 0.1114 233.7
1 45 18 480.45 0.0272 53.0
1 45 38 178.28 0.0719 249.7
1 45 40 84.51 0.1080 196.5
1 45 34 48.09 0.1137 103.1
1 45 19 74.19 0.0839 566.0
1 45 24 77.56 0.0775 376.0
1 45 20 102.24 0.1011 569.8
1 45 41 136.48 0.0820 410.5
1 45 15 195.65 0.1706 332.3
1 45 39 100.04 0.0679 165.4
1 45 14 140.47 0.1043 17.5
1 45 18 143.21 0.1050 48.9
1 45 41 184.14 0.0830 456.7
1 45 34 90.33 0.0804 492.5
1 45 34 200.53 0.0602 942.1
1 45 40 186.50 0.0610 711.2
1 45 26 588.10 0.0655 368.7
1 45 29 47.39 0.1086 384.0
1 45 25 115.36 0.0786 68.2
1 45 33 113.20 0.0739 117.2
1 45 39 267.67 0.0737 367.5
1 45 29 106.43 0.0756 319.0
1 45 23 61.69 0.0927 389.4
1 45 37 131.33 0.0843 444.5
1 45 32 129.55 0.0952 780.5
1 45 28 83.50 0.0792 89.9
1 45 45 94.95 0.0660 778.6
1 45 30 126.79 0.0696 238.4
1 45 22 113.79 0.0340 294.8
1 45 21 75.32 0.0884 358.3
1 45 21 70.45 0.1152 240.2
1 45 29 46.87 0.1148 382.5
1 45 17 81.54 0.0640 391.7
1 45 38 181.19 0.0682 175.0
1 45 17 316.89 0.0402 783.6
1 45 30 89.83 0.0819 307.7
1 45 31 144.95 0.0631 815.7
1 45 25 67.10 0.1157 832.0
1 45 29 184.84 0.0809 375.4
1 45 23 47.40 0.0954 398.9
1 45 24 61.62 0.0412 584.0
1 45 40 213.56 0.0513 747.4
1 45 42 99.22 0.0691 445.7
1 45 18 451.91 0.0611 675.6
1 45 42 156.92 0.0622 457.9
1 45 37 107.91 0.0814 410.4
1 45 30 109.02 0.0635 36.1
1 45 41 87.69 0.0871 909.6
1 45 40 57.17 0.1250 138.0
1 45 29 120.95 0.0573 33.2
1 45 39 382.94 0.0574 486.3
1 45 34 178.18 0.0845 421.9
1 45 38 299.34 0.0711 502.4
1 45 34 53.53 0.1012 250.4
1 45 44 111.27 0.0764 387.8
1 45 33 253.26 0.0635 406.7
1 45 40 248.01 0.0602 197.9
1 45 39 90.50 0.0808 95.4
1 45 35 88.10 0.0609 5.9
1 45 31 73.26 0.0949 169.2
1 45 13 76.13 0.1238 130.6
1 45 15 70.79 0.0547 81.8
1 45 37 128.88 0.0711 679.9
1 45 43 111.08 0.0727 201.1
1 45 38 59.81 0.0966 403.5
1 45 23 92.90 0.0874 259.4
1 45 29 62.47 0.1087 162.5
1 45 19 76.81 0.0785 417.2
1 45 35 134.97 0.0746 409.4
1 45 15 122.49 0.1030 259.3
1 45 36 58.05 0.1148 416.5
1 45 42 238.06 0.0635 203.5
1 45 40 119.93 0.0801 142.0
1 45 37 90.10 0.0861 680.3
1 45 29 119.41 0.0545 85.4
1 45 34 214.37 0.0590 601.1
1 45 42 95.87 0.1120 166.3
1 45 36 181.17 0.0795 200.0
1 45 32 113.73 0.0955 444.6
1 45 31 71.61 0.0945 509.7
1 45 17 225.51 0.0686 639.4
1 45 41 218.17 0.0715 446.3
1 45 32 90.73 0.0784 891.4
1 45 33 86.94 0.1061 198.5
1 45 36 53.84 0.1387 178.5
1 45 36 173.44 0.0536 167.0
1 45 26 103.91 0.1094 175.3
1 45 24 80.08 0.0755 49.2
1 45 35 48.80 0.1272 386.7
1 45 14 944.04 0.0958 261.5
1 45 39 114.26 0.0943 306.7
1 45 36 114.89 0.0696 818.9
1 45 27 126.25 0.0652 462.7
1 45 20 57.05 0.1034 98.5
1 45 24 150.81 0.0457 157.6
1 45 13 167.00 0.0753 422.0
1 45 34 103.22 0.0671 78.5
1 45 40 109.45 0.0824 446.4
1 45 35 78.56 0.0727 343.4
1 45 18 378.90 0.0612 746.8
1 45 26 126.09 0.0891 302.4
1 45 40 134.87 0.0935 372.5
1 45 21 120.36 0.0940 825.3
1 45 17 66.53 0.0684 453.8
1 45 27 101.50 0.0468 273.8
1 45 34 68.31 0.0766 453.7
1 45 31 152.25 0.0700 762.2
1 45 37 73.61 0.0765 143.2
1 45 35 161.50 0.0613 778.1
1 45 36 70.35 0.0928 192.8
1 45 24 1138.46 0.0859 282.3
1 45 38 119.53 0.0878 173.5
1 45 13 83.49 0.1214 770.6
1 45 25 113.16 0.0870 809.2
1 45 42 83.10 0.1016 455.0
1 45 39 387.30 0.0757 489.7
1 45 26 73.11 0.0912 68.1
1 45 36 129.99 0.0770 91.4
1 45 35 92.03 0.0649 594.0
1 45 34 93.23 0.0775 846.3
1 45 33 103.27 0.0826 291.6
1 45 15 81.10 0.1586 36.3
1 45 28 78.37 0.1066 780.7
1 45 29 66.78 0.0942 383.6
1 45 21 58.01 0.1228 250.8
1 45 32 148.66 0.0887 351.4
1 45 14 49.30 0.1315 318.0
1 45 33 60.49 0.1128 360.1
1 45 31 86.58 0.1406 269.4
1 45 33 111.31 0.0819 357.4
1 45 30 54.25 0.0889 609.0
1 45 24 53.19 0.1060 450.1
1 45 13 160.38 0.1423 436.3
1 45 17 306.54 0.1231 305.9
1 45 23 51.11 0.1231 442.1
1 45 29 127.24 0.0562 299.1
1 45 22 81.36 0.0956 36.1
1 45 18 94.32 0.0722 53.9
1 45 20 336.72 0.0958 444.1
1 45 24 168.55 0.0803 298.5
1 45 19 175.27 0.0956 424.6
1 45 36 183.35 0.0616 250.8
1 45 22 131.23 0.0448 862.0
1 45 36 100.57 0.0735 345.3
1 45 43 212.05 0.0796 342.5
1 45 25 81.63 0.0700 317.7
1 45 27 155.43 0.0644 311.9
1 45 42 94.05 0.0706 261.2
1 45 28 142.91 0.0628 81.6
1 45 35 123.07 0.0682 352.5
1 45 13 109.51 0.0996 369.7
1 45 27 70.66 0.0910 309.4
1 45 28 61.74 0.0433 183.4
1 45 23 136.00 0.0586 190.3
1 45 28 126.21 0.0743 754.7
1 45 24 122.89 0.0527 278.6
1 45 18 63.01 0.1316 643.4
1 45 25 271.48 0.0920 206.5
1 45 26 79.96 0.0821 85.8
1 45 33 149.33 0.0542 69.4
1 45 34 144.98 0.0647 168.3
1 45 32 204.13 0.0760 253.7
1 45 29 64.62 0.1633 165.0
1 45 19 54.19 0.1264 932.0
1 45 24 246.80 0.0838 309.5
1 45 14 51.11 0.1392 202.5
1 45 19 84.42 0.0646 267.2
1 45 25 79.46 0.1157 466.4
1 45 28 181.34 0.0545 471.3
1 45 18 174.89 0.0871 219.8
1 45 19 82.67 0.0669 57.9
1 45 16 173.50 0.1612 309.6
1 45 31 98.30 0.0654 130.6
1 45 19 142.94 0.0587 445.9
1 45 14 396.66 0.0435 502.9
1 45 14 64.40 0.1122 344.8
1 45 15 89.21 0.1872 326.7
1 45 20 69.82 0.0549 115.6
1 45 13 623.78 0.1097 311.3
1 45 15 328.61 0.1641 310.8
1 45 27 48.46 0.0777 338.5
1 45 16 46.33 0.0956 735.5
1 45 28 139.72 0.0723 111.0
1 45 15 77.28 0.1210 213.0
1 45 16 113.15 0.0469 47.7
1 45 13 328.70 0.1711 340.6
1 45 22 117.24 0.0892 232.9
1 45 18 495.78 0.0776 848.0
1 45 19 288.48 0.0640 43.3
1 45 39 150.20 0.0889 290.8
1 45 16 101.76 0.0727 397.6
1 45 13 56.59 0.1704 150.0
1 45 15 58.85 0.1474 283.9
1 45 13 86.43 0.0281 307.9
1 45 15 80.85 0.0607 252.1
1 45 20 132.60 0.0983 44.0
1 45 17 121.32 0.0840 199.2
1 45 20 151.89 0.0688 304.1
1 45 16 217.74 0.1350 803.3
1 45 36 75.48 0.0805 356.0
1 45 30 71.46 0.0720 106.0
1 45 34 105.68 0.0771 723.6
1 45 39 61.65 0.0796 267.6
1 45 17 151.35 0.0385 298.7
1 45 31 65.73 0.1017 665.4
1 45 24 63.11 0.0948 349.7
1 45 13 139.67 0.1219 222.1
1 46 35 74.39 0.1089 86.5
1 46 37 216.89 0.0638 717.9
1 46 40 150.43 0.0823 567.3
1 46 25 53.08 0.1077 894.6
1 46 20 59.04 0.0703 590.0
1 46 15 63.97 0.1399 620.5
1 46 15 166.57 0.0847 393.3
1 46 35 84.36 0.1213 222.9
1 46 27 249.37 0.0664 572.2
1 46 22 50.79 0.1400 300.0
1 46 15 68.84 0.1110 391.0
1 46 13 64.64 0.0608 490.1
1 46 20 58.62 0.0668 18.7
1 46 18 57.69 0.0503 420.9
1 46 33 63.31 0.1082 464.0
1 46 27 176.99 0.0625 410.9
1 46 30 107.64 0.0753 878.0
1 46 27 82.27 0.1119 162.5
1 46 28 238.83 0.0956 549.0
1 46 24 99.52 0.0996 869.8
1 46 21 104.50 0.1051 671.6
1 46 15 141.54 0.0686 43.9
1 46 19 91.07 0.0660 408.2
1 46 19 81.35 0.0714 714.4
1 46 13 65.51 0.0998 679.0
1 46 14 213.98 0.0708 703.5
1 46 28 107.26 0.0926 600.6
1 46 14 89.23 0.0715 485.0
1 46 30 303.55 0.0547 447.4
1 46 35 97.73 0.0646 340.6
1 46 35 102.60 0.0948 692.1
1 46 28 48.70 0.1298 503.2
1 46 17 172.56 0.0496 924.9
1 46 17 172.96 0.0631 593.6
1 46 13 189.52 0.0441 389.7
1 46 25 133.82 0.0834 429.4
1 46 38 52.41 0.1357 536.1
1 46 15 62.16 0.1335 684.8
1 46 19 100.74 0.1002 655.5
1 46 32 70.67 0.1043 470.6
1 46 31 117.54 0.1169 240.3
1 46 36 350.21 0.1331 496.6
1 46 35 77.53 0.0872 26.4
1 46 41 105.21 0.0558 147.4
1 46 28 103.14 0.0711 528.9
1 46 16 149.17 0.0466 396.1
1 46 31 68.60 0.0746 8.8
1 46 25 75.28 0.0753 514.5
1 46 17 452.24 0.0622 931.6
1 46 14 73.09 0.1468 798.2
1 46 20 201.94 0.0826 9.7
1 46 14 81.39 0.0867 496.0
1 46 40 124.72 0.0600 461.1
1 46 26 234.45 0.0335 422.0
1 46 39 122.17 0.0647 573.9
1 46 29 152.72 0.0660 585.7
1 46 29 116.68 0.0869 149.2
1 46 25 61.21 0.0818 144.1
1 46 27 62.69 0.0570 727.4
1 46 22 55.46 0.0765 427.6
1 46 21 73.86 0.1256 891.2
1 46 20 48.31 0.1117 590.4
1 46 18 85.59 0.1255 786.6
1 46 14 196.98 0.0476 383.0
1 46 13 47.77 0.1083 53.6
1 46 42 322.35 0.0666 492.5
1 46 31 159.88 0.0597 205.7
1 46 25 122.70 0.0656 421.4
1 46 20 78.57 0.0496 818.8
1 46 21 74.75 0.1157 258.7
1 46 30 216.05 0.0500 418.7
1 46 15 64.19 0.0980 757.7
1 46 16 143.50 0.0592 394.9
1 46 15 240.67 0.0303 9.7
1 46 29 81.68 0.0719 940.9
1 46 30 216.00 0.0632 710.8
1 46 34 95.31 0.0754 41.3
1 46 32 92.94 0.0853 506.3
1 46 16 87.37 0.0928 39.4
1 46 35 71.12 0.1037 32.0
1 46 32 225.67 0.0523 780.4
1 46 28 139.85 0.0747 134.7
1 46 30 121.16 0.0610 761.0
1 46 32 367.89 0.0699 306.9
1 46 37 75.29 0.0831 125.5
1 46 19 59.61 0.0954 845.6
1 46 27 58.97 0.1013 558.5
1 46 38 141.11 0.0682 754.4
1 46 32 106.73 0.0908 902.3
1 46 19 103.12 0.0690 419.3
1 46 22 98.81 0.0621 840.9
1 46 24 134.23 0.0945 45.5
1 46 13 100.61 0.0656 696.5
1 46 39 73.01 0.1147 887.4
1 46 41 157.81 0.0969 286.5
1 46 29 47.34 0.1268 236.1
1 46 22 66.67 0.0744 812.4
1 46 39 109.66 0.0833 694.6
1 46 33 218.03 0.0877 596.7
1 46 43 130.78 0.0820 471.0
1 46 27 160.72 0.1077 11.3
1 46 28 134.60 0.0830 23.2
1 46 29 130.30 0.0700 885.4
1 46 17 170.62 0.0488 414.2
1 46 26 51.60 0.1050 825.0
1 46 29 141.73 0.0794 581.6
1 46 31 121.90 0.0569 701.6
1 46 30 52.17 0.1576 101.8
1 46 36 100.77 0.0772 530.4
1 46 30 130.73 0.1059 528.0
1 46 36 68.35 0.0799 249.4
1 46 28 98.43 0.0850 12.9
1 46 16 119.75 0.0539 27.4
1 46 20 93.26 0.0553 625.8
1 46 14 48.66 0.0851 33.8
1 46 19 314.90 0.0850 462.7
1 46 21 98.41 0.0436 668.6
1 46 22 93.29 0.0932 275.1
1 46 41 114.14 0.0991 603.8
1 46 42 76.02 0.1052 522.1
1 46 30 109.72 0.0772 585.8
1 46 32 187.58 0.0697 72.5
1 46 38 76.64 0.0938 575.2
1 46 37 83.67 0.0937 702.7
1 46 18 72.93 0.0790 402.8
1 46 15 51.20 0.0970 427.6
1 46 33 62.76 0.1273 10.1
1 46 38 60.40 0.1221 582.5
1 46 22 60.92 0.0784 57.1
1 46 28 52.78 0.1113 10.2
1 46 41 128.35 0.0936 234.0
1 46 24 66.45 0.0752 697.9
1 46 22 154.66 0.0646 7.0
1 46 19 273.65 0.0527 410.3
1 46 29 58.82 0.1202 874.6
1 46 29 171.95 0.0510 57.6
1 46 13 63.44 0.0792 393.6
1 46 18 85.73 0.0917 239.3
1 46 44 93.81 0.0882 41.2
1 46 38 53.11 0.0755 585.9
1 46 38 90.83 0.0826 785.3
1 46 30 142.85 0.0596 414.5
1 46 37 76.77 0.1063 722.0
1 46 31 93.67 0.0775 770.5
1 46 32 94.91 0.0677 734.8
1 46 20 181.82 0.0578 28.2
1 46 43 121.22 0.0796 698.3
1 46 15 202.57 0.0481 926.0
1 46 21 176.84 0.0788 404.1
1 46 19 117.99 0.0531 480.3
1 46 18 595.66 0.0500 381.9
1 46 26 89.51 0.0567 754.7
1 46 27 85.88 0.1103 524.6
1 46 17 333.27 0.0569 933.9
1 46 34 58.22 0.1314 97.8
1 46 14 57.44 0.0919 42.9
1 46 15 121.45 0.0923 140.8
1 46 33 110.98 0.0638 424.9
1 46 43 68.92 0.0944 22.7
1 46 24 137.72 0.0553 179.4
1 46 19 103.03 0.0514 807.8
1 46 38 86.52 0.1062 901.4
1 46 41 121.25 0.0745 18.4
1 46 30 104.50 0.0892 693.7
1 46 16 108.84 0.1415 730.9
1 46 13 168.27 0.0552 607.2
1 46 29 102.06 0.0790 719.2
1 46 22 79.94 0.0732 518.5
1 46 41 124.24 0.0768 810.3
1 46 37 134.91 0.0857 171.9
1 46 35 148.86 0.0641 351.6
1 46 38 91.88 0.1079 879.2
1 46 24 399.97 0.0625 451.3
1 46 36 219.35 0.0567 575.3
1 46 41 133.84 0.0782 843.4
1 46 36 135.26 0.0608 911.9
1 46 16 56.07 0.1025 37.4
1 46 36 49.16 0.1544 838.4
1 46 16 158.82 0.0548 936.7
1 46 16 58.92 0.1173 788.8
1 46 38 116.36 0.0830 542.0
1 46 28 120.17 0.1156 173.2
1 46 29 61.88 0.1186 31.5
1 46 23 72.20 0.0597 580.8
1 46 19 74.20 0.0290 634.7
1 46 15 45.59 0.1427 906.1
1 46 24 73.44 0.0776 743.3
1 46 36 186.17 0.0574 451.8
1 46 33 244.55 0.0608 743.7
1 46 28 109.92 0.0882 836.0
1 46 29 85.89 0.0991 944.0
1 46 13 224.33 0.0492 176.8
1 46 31 80.29 0.1051 648.4
1 46 15 61.82 0.1381 934.6
1 46 20 47.03 0.0863 936.3
1 46 21 140.89 0.0471 596.5
1 46 23 162.87 0.0615 859.9
1 46 38 55.96 0.1210 569.0
1 46 34 62.79 0.1183 299.5
1 46 40 63.57 0.1014 112.0
1 46 44 177.52 0.0578 712.2
1 46 28 66.55 0.0921 783.9
1 46 31 132.86 0.0460 656.2
1 46 42 58.48 0.1025 798.3
1 46 21 146.26 0.0595 554.1
1 46 47 61.14 0.0655 839.3
1 46 19 453.15 0.0515 398.5
1 46 22 143.18 0.0559 590.5
1 46 32 202.36 0.0861 29.4
1 46 35 116.72 0.0894 63.0
1 46 31 52.97 0.1069 891.5
1 46 41 120.19 0.0650 498.4
1 46 36 61.81 0.0906 886.4
1 46 29 152.11 0.0798 661.7
1 46 26 50.38 0.0974 874.4
1 46 17 133.58 0.0584 946.0
1 46 32 88.15 0.0563 897.5
1 46 16 71.08 0.0836 933.1
1 46 31 90.40 0.0835 613.0
1 46 21 805.69 0.0723 26.1
1 46 42 150.73 0.0703 844.0
1 46 27 52.81 0.1169 113.7
1 46 29 59.58 0.0717 452.9
1 46 27 68.50 0.0814 796.4
1 46 38 140.52 0.0827 577.6
1 46 17 125.59 0.0468 188.7
1 46 25 135.13 0.0480 828.4
1 46 30 54.23 0.0883 533.5
1 46 32 81.13 0.0947 401.4
1 46 32 83.23 0.0709 447.4
1 46 19 61.25 0.0682 533.1
1 46 16 135.79 0.0471 6.8
1 46 31 160.17 0.0519 630.6
1 46 38 216.97 0.0693 515.7
1 46 29 108.40 0.0661 104.6
1 46 45 238.55 0.0745 427.2
1 46 40 60.98 0.0849 324.4
1 46 18 148.62 0.0541 566.7
1 46 26 53.11 0.0875 558.1
1 46 41 75.39 0.0799 644.8
1 46 14 57.75 0.0791 5.7
1 46 29 242.32 0.0700 420.6
1 46 28 137.40 0.1018 571.1
1 46 24 98.67 0.0976 576.6
1 46 18 220.34 0.0414 553.0
1 46 28 50.03 0.0673 472.0
1 46 27 71.54 0.1105 522.2
1 46 17 145.51 0.0489 937.3
1 46 21 83.75 0.0598 119.5
1 46 24 87.83 0.1472 29.4
1 46 15 69.37 0.1227 649.0
1 46 34 315.80 0.0859 598.9
1 46 41 48.13 0.1128 741.6
1 46 37 162.80 0.0811 570.1
1 46 32 76.44 0.1163 152.0
1 46 16 246.11 0.0292 940.0
1 46 27 58.21 0.0845 733.9
1 46 36 114.91 0.0603 433.8
1 46 40 51.56 0.0953 567.2
1 46 39 140.78 0.0916 489.4
1 46 34 221.98 0.1045 876.6
1 46 39 163.94 0.0574 755.0
1 46 18 291.45 0.0663 250.4
1 46 33 233.93 0.0552 885.6
1 46 18 118.54 0.0966 572.3
1 46 31 125.57 0.0682 330.6
1 46 31 166.38 0.0719 856.0
1 46 41 191.98 0.0954 266.9
1 46 20 75.27 0.1215 570.3
1 46 25 171.37 0.0905 655.2
1 46 15 71.27 0.1523 617.0
1 46 17 161.45 0.0484 416.5
1 46 16 52.55 0.0929 187.9
1 46 17 289.15 0.0589 596.3
1 46 16 280.38 0.0848 427.7
1 46 13 55.80 0.0392 577.1
1 46 16 45.24 0.0556 609.0
1 46 14 59.34 0.0440 513.5
1 46 21 91.63 0.0561 741.1
1 46 14 131.74 0.0647 937.2
1 46 18 250.65 0.0527 137.6
1 46 16 93.88 0.0327 122.2
1 46 13 315.88 0.0467 7.0
1 47 35 113.28 0.1087 776.7
1 47 26 67.42 0.1081 514.6
1 47 39 499.97 0.0734 943.3
1 47 33 93.93 0.0822 861.0
1 47 17 126.04 0.0528 771.3
1 47 14 54.80 0.1042 120.1
1 47 22 73.11 0.1114 697.8
1 47 37 214.26 0.0797 344.1
1 47 20 53.21 0.1393 722.8
1 47 43 81.32 0.0829 765.7
1 47 30 50.22 0.1100 352.4
1 47 20 58.63 0.1324 429.9
1 47 43 96.43 0.0800 825.0
1 47 34 105.20 0.0852 738.2
1 47 36 101.15 0.0815 669.4
1 47 33 176.13 0.0860 784.8
1 47 16 119.62 0.0317 500.2
1 47 38 120.54 0.0830 182.5
1 47 17 327.33 0.0434 28.8
1 47 33 111.13 0.0890 664.0
1 47 29 199.32 0.0643 233.5
1 47 30 91.82 0.0831 144.3
1 47 27 254.35 0.0759 638.0
1 47 41 66.91 0.1183 342.4
1 47 30 85.94 0.1271 423.6
1 47 23 314.51 0.0575 473.0
1 47 29 146.40 0.0781 787.3
1 47 16 108.60 0.0780 420.2
1 47 27 110.70 0.0959 916.7
1 47 34 56.67 0.0974 611.8
1 47 33 142.47 0.0676 767.8
1 47 23 68.10 0.0976 129.3
1 47 16 53.91 0.1031 907.7
1 47 27 136.94 0.0399 629.1
1 47 34 185.41 0.0823 686.5
1 47 42 103.65 0.0878 765.7
1 47 35 108.61 0.0802 264.0
1 47 46 112.84 0.0651 349.8
1 47 27 50.16 0.1202 509.9
1 47 40 165.07 0.0564 507.8
1 47 33 70.55 0.0771 665.4
1 47 25 271.93 0.1046 806.6
1 47 25 73.65 0.1199 684.7
1 47 21 69.86 0.1032 702.6
1 47 34 169.40 0.0726 667.0
1 47 28 63.17 0.0991 581.3
1 47 34 107.88 0.1017 649.6
1 47 20 50.07 0.1228 31.7
1 47 13 92.43 0.1165 887.6
1 47 23 214.98 0.0656 587.3
1 47 17 76.53 0.1519 114.1
1 47 31 80.58 0.0846 542.1
1 47 13 108.59 0.0667 959.5
1 47 36 133.41 0.0605 468.7
1 47 28 189.61 0.0583 179.7
1 47 37 123.32 0.0793 711.6
1 47 14 127.13 0.1260 887.5
1 47 34 335.22 0.0706 820.9
1 47 17 438.69 0.0910 831.7
1 47 21 147.87 0.0903 719.5
1 47 24 109.01 0.0548 451.0
1 47 13 49.34 0.1153 908.2
1 47 23 70.40 0.0721 432.9
1 47 31 73.15 0.1005 478.7
1 47 32 61.11 0.1193 179.2
1 47 15 143.44 0.0973 767.3
1 47 39 54.71 0.0962 929.5
1 47 20 66.70 0.1150 156.4
1 47 40 145.55 0.0657 517.4
1 47 39 144.30 0.0652 694.3
1 47 30 211.46 0.0518 880.8
1 47 24 133.19 0.0635 256.7
1 47 38 68.06 0.0816 828.0
1 47 31 213.12 0.0714 656.0
1 47 26 92.50 0.0816 812.6
1 47 16 72.78 0.0809 400.8
1 47 28 156.97 0.0770 355.8
1 47 37 296.03 0.0753 404.9
1 47 43 298.31 0.0460 245.5
1 47 24 133.02 0.0513 704.5
1 47 18 57.39 0.0454 203.5
1 47 22 69.69 0.1133 772.1
1 47 15 70.91 0.0373 456.6
1 47 26 136.28 0.0667 43.7
1 47 34 65.41 0.0717 53.9
1 47 34 125.04 0.0792 798.5
1 47 36 61.35 0.1365 948.9
1 47 29 111.48 0.0641 598.5
1 47 31 83.65 0.1032 57.1
1 47 43 180.47 0.0706 807.5
1 47 42 182.89 0.0766 566.1
1 47 38 155.68 0.0622 608.6
1 47 40 336.19 0.0867 155.4
1 47 19 124.51 0.0629 466.3
1 47 15 51.54 0.1086 426.0
1 47 28 93.48 0.1075 12.6
1 47 29 167.46 0.0730 326.1
1 47 25 89.61 0.0788 653.4
1 47 39 96.58 0.1063 479.8
1 47 28 93.19 0.0852 817.2
1 47 32 57.45 0.0915 155.5
1 47 15 195.21 0.0499 35.2
1 47 32 146.40 0.0631 471.8
1 47 17 90.06 0.0637 672.9
1 47 27 117.74 0.0818 309.4
1 47 44 386.80 0.0905 743.6
1 47 13 71.19 0.1098 672.8
1 47 39 76.93 0.1225 704.5
1 47 27 143.13 0.1026 348.9
1 47 32 55.52 0.1107 460.8
1 47 33 91.67 0.1029 157.2
1 47 21 338.04 0.0658 493.8
1 47 28 78.31 0.1246 490.5
1 47 31 218.84 0.0558 753.4
1 47 29 230.18 0.0710 741.9
1 47 18 57.67 0.0894 659.1
1 47 22 156.32 0.0657 880.1
1 47 17 383.61 0.0487 393.7
1 47 20 87.13 0.0688 115.5
1 47 22 84.72 0.0856 384.9
1 47 32 244.09 0.0546 374.0
1 47 34 99.33 0.0913 264.4
1 47 25 70.63 0.1127 660.1
1 47 25 138.98 0.0707 655.6
1 47 27 143.49 0.0566 833.4
1 47 32 82.32 0.1060 386.6
1 47 31 188.94 0.0707 69.0
1 47 25 212.88 0.0584 513.7
1 47 15 90.69 0.0902 436.1
1 47 38 97.42 0.1055 365.1
1 47 23 82.54 0.0775 80.5
1 47 16 74.27 0.0617 430.7
1 47 28 80.13 0.1209 268.2
1 47 38 148.62 0.1018 197.4
1 47 41 98.77 0.0742 166.7
1 47 18 267.44 0.1274 724.4
1 47 26 151.84 0.0988 705.6
1 47 31 47.33 0.1110 231.6
1 47 14 51.66 0.1351 901.0
1 47 22 48.01 0.1178 925.1
1 47 20 156.87 0.0978 707.9
1 47 44 55.82 0.0871 744.8
1 47 32 98.49 0.1005 775.4
1 47 31 169.88 0.0878 897.4
1 47 33 107.96 0.0919 926.1
1 47 30 117.55 0.0923 411.7
1 47 37 84.82 0.0874 663.2
1 47 34 90.67 0.1057 764.1
1 47 28 50.44 0.1402 586.6
1 47 21 61.95 0.1249 250.1
1 47 23 52.17 0.1490 416.6
1 47 19 48.15 0.0761 640.8
1 47 40 223.98 0.0702 438.0
1 47 31 530.19 0.0617 618.1
1 47 34 262.79 0.0669 542.4
1 47 28 78.64 0.0951 340.3
1 47 37 175.25 0.0584 248.1
1 47 43 95.15 0.1022 685.9
1 47 29 340.78 0.0657 101.1
1 47 21 105.04 0.0828 677.4
1 47 36 85.84 0.1012 955.4
1 47 20 101.15 0.0926 932.6
1 47 17 99.22 0.0512 591.9
1 47 31 120.46 0.1004 771.3
1 47 36 118.01 0.0993 846.7
1 47 32 265.90 0.0541 71.4
1 47 21 478.51 0.1138 620.1
1 47 32 104.01 0.0820 345.8
1 47 36 53.30 0.0940 81.6
1 47 37 93.45 0.0822 127.4
1 47 24 108.87 0.0582 296.0
1 47 39 55.50 0.1121 941.0
1 47 43 280.78 0.0513 576.4
1 47 32 96.51 0.0845 369.4
1 47 42 97.69 0.0717 876.0
1 47 19 108.20 0.0846 441.1
1 47 39 148.18 0.0742 450.8
1 47 35 84.28 0.1110 826.1
1 47 26 137.22 0.0649 135.1
1 47 22 155.31 0.0468 631.0
1 47 22 88.00 0.0845 681.4
1 47 36 173.16 0.0654 716.2
1 47 34 596.31 0.0511 862.7
1 47 31 150.62 0.0603 489.0
1 47 37 371.98 0.0553 208.3
1 47 28 271.67 0.0612 752.9
1 47 17 71.53 0.1305 701.1
1 47 41 95.76 0.1110 380.6
1 47 41 61.08 0.0830 445.0
1 47 33 79.65 0.0872 778.9
1 47 33 193.67 0.0567 601.8
1 47 29 102.74 0.0367 229.4
1 47 28 191.95 0.0504 610.0
1 47 42 104.41 0.0663 754.0
1 47 13 91.82 0.1016 407.4
1 47 20 117.36 0.0434 625.2
1 47 28 110.38 0.1108 934.7
1 47 27 81.65 0.1005 7.8
1 47 20 250.33 0.0521 924.8
1 47 20 300.16 0.1047 559.1
1 47 40 85.17 0.0900 933.4
1 47 33 86.80 0.0516 563.7
1 47 39 57.07 0.0827 563.4
1 47 34 58.42 0.1005 558.1
1 47 28 48.62 0.1352 210.3
1 47 16 126.82 0.0446 375.6
1 47 19 190.00 0.0388 788.5
1 47 36 66.53 0.0864 930.8
1 47 14 443.04 0.0980 41.6
1 47 37 104.72 0.0599 945.2
1 47 38 218.84 0.0554 384.6
1 47 30 49.28 0.1121 51.7
1 47 16 230.06 0.1074 810.9
1 47 35 141.35 0.0639 930.2
1 47 36 86.16 0.0863 509.3
1 47 22 65.92 0.0587 785.5
1 47 38 99.83 0.0835 197.1
1 47 16 91.95 0.0741 958.0
1 47 39 282.64 0.0571 522.3
1 47 40 94.02 0.0901 325.6
1 47 22 123.65 0.0651 597.1
1 47 37 182.96 0.0539 639.4
1 47 36 60.79 0.0851 528.6
1 47 36 141.93 0.0544 713.3
1 47 32 170.68 0.0640 914.2
1 47 27 73.83 0.1045 838.4
1 47 38 56.75 0.1113 566.4
1 47 26 101.49 0.0761 112.6
1 47 41 236.04 0.0842 589.4
1 47 46 70.50 0.0633 908.1
1 47 27 194.48 0.0749 844.5
1 47 36 70.69 0.0915 131.3
1 47 32 227.96 0.0554 593.9
1 47 31 117.00 0.0786 601.4
1 47 23 74.33 0.0927 107.2
1 47 25 88.90 0.0913 45.1
1 47 25 61.51 0.1284 751.5
1 47 41 111.98 0.0692 464.5
1 47 36 68.47 0.1151 512.2
1 47 19 69.13 0.0949 60.7
1 47 37 198.95 0.0658 788.8
1 47 26 125.85 0.0285 29.5
1 47 37 408.03 0.0584 770.6
1 47 38 129.31 0.0825 817.0
1 47 42 90.60 0.0919 760.9
1 47 28 147.38 0.0597 735.0
1 47 35 102.89 0.0653 723.8
1 47 20 118.90 0.0612 101.3
1 47 32 227.48 0.0659 794.6
1 47 20 67.36 0.0918 186.1
1 47 20 143.47 0.0598 800.3
1 47 28 154.51 0.0705 131.6
1 47 41 74.35 0.0892 713.3
1 47 13 47.39 0.0549 301.5
1 47 33 114.36 0.0820 433.8
1 47 27 152.60 0.0686 785.0
1 47 28 94.75 0.0933 928.3
1 47 19 133.32 0.0620 162.2
1 47 26 187.79 0.0765 938.9
1 47 28 166.20 0.0453 436.4
1 47 40 91.46 0.1053 754.4
1 47 31 79.37 0.1276 201.0
1 47 24 116.42 0.0822 70.4
1 47 37 88.51 0.0926 802.0
1 47 24 89.89 0.0864 747.0
1 47 22 63.80 0.0742 85.9
1 47 13 946.38 0.0820 878.6
1 47 42 151.72 0.0753 695.5
1 47 38 69.10 0.1091 165.3
1 47 29 344.53 0.0603 835.1
1 47 21 129.49 0.0696 232.0
1 47 39 64.71 0.1385 239.1
1 47 31 50.48 0.0829 696.5
1 47 21 140.02 0.0497 443.2
1 47 18 110.51 0.0388 784.0
1 47 36 113.01 0.0784 698.5
1 47 25 52.81 0.0994 750.2
1 47 36 51.90 0.1294 149.5
1 47 32 242.57 0.0643 579.5
1 47 31 67.47 0.0947 825.6
1 47 38 98.25 0.0828 300.2
1 47 22 100.12 0.0866 317.3
1 47 34 91.50 0.0724 163.4
1 47 32 111.09 0.0658 930.7
1 47 26 72.36 0.0850 625.4
1 47 46 54.96 0.1155 509.2
1 47 40 470.85 0.0658 746.4
1 47 34 233.28 0.0611 309.8
1 47 19 549.59 0.0892 67.0
1 47 37 300.17 0.0529 236.7
1 47 16 325.37 0.0973 871.1
1 47 36 125.74 0.1063 617.4
1 47 40 208.31 0.0543 902.9
1 47 20 176.41 0.1310 726.1
1 47 31 61.19 0.0684 870.4
1 47 41 63.95 0.0841 382.0
1 47 39 56.75 0.0909 760.8
1 47 33 305.77 0.0806 459.6
1 47 27 137.34 0.0578 92.9
1 47 36 294.50 0.0661 670.9
1 47 13 93.72 0.0983 957.7
1 47 21 100.23 0.0713 637.5
1 47 38 161.69 0.0809 586.9
1 47 25 114.53 0.0471 377.6
1 47 32 54.48 0.1504 139.0
1 47 40 273.19 0.0682 773.8
1 47 43 174.28 0.0726 587.9
1 47 34 97.24 0.0601 862.9
1 47 30 97.64 0.0740 89.5
1 47 18 117.56 0.0646 517.3
1 47 34 142.73 0.0911 902.3
1 47 34 50.02 0.1037 232.5
1 47 29 94.02 0.0600 460.4
1 47 21 116.48 0.0560 788.4
1 47 31 165.21 0.0910 903.1
1 47 25 61.60 0.1281 859.6
1 47 37 137.61 0.0692 404.8
1 47 43 104.73 0.0733 920.3
1 47 39 270.68 0.0899 801.0
1 47 42 244.88 0.0665 549.9
1 47 42 86.39 0.0899 421.0
1 47 41 110.49 0.0616 851.3
1 47 27 122.20 0.0862 301.6
1 47 31 81.23 0.1023 593.6
1 47 30 78.82 0.0582 654.1
1 47 33 93.29 0.0793 71.1
1 47 18 60.47 0.0968 475.8
1 47 35 291.86 0.0730 469.3
1 47 26 283.37 0.0844 890.0
1 47 32 198.58 0.0842 778.7
1 47 27 114.61 0.0622 335.3
1 47 19 55.13 0.0953 775.8
1 47 15 81.30 0.1149 390.0
1 47 30 276.07 0.0631 638.8
1 47 26 70.96 0.0430 96.4
1 47 41 145.71 0.0614 77.6
1 47 29 89.06 0.0983 233.8
1 47 40 76.00 0.0763 169.3
1 47 32 67.53 0.0791 787.5
1 47 18 69.61 0.0998 311.5
1 47 33 110.73 0.0625 670.5
1 47 39 117.04 0.0815 399.5
1 47 40 104.78 0.0666 657.5
1 47 29 151.80 0.0468 385.8
1 47 16 158.49 0.0632 911.7
1 47 20 96.65 0.0385 444.7
1 47 20 1420.53 0.0619 222.1
1 47 22 173.97 0.0488 802.2
1 47 26 123.99 0.0494 632.7
1 47 21 77.99 0.0473 158.5
1 47 16 145.69 0.0346 220.7
1 47 35 127.18 0.0673 788.1
1 47 30 69.97 0.1048 475.1
1 47 26 131.66 0.0478 508.7
1 47 19 69.80 0.1188 901.4
1 47 35 88.72 0.0813 76.3
1 47 35 184.72 0.0821 498.0
1 47 31 79.41 0.1157 632.8
1 47 36 88.32 0.0836 384.9
1 47 35 184.14 0.0794 220.0
1 47 37 76.47 0.0973 804.4
1 47 27 71.38 0.0920 94.2
1 47 37 84.35 0.0921 404.6
1 47 32 124.19 0.0735 754.2
1 47 36 95.09 0.0791 894.4
1 47 22 81.43 0.1001 909.9
1 47 30 106.26 0.0734 583.0
1 47 31 150.56 0.0877 562.4
1 47 20 76.69 0.0676 449.9
1 47 22 266.07 0.0487 622.3
1 47 23 135.38 0.0562 416.2
1 47 16 87.43 0.1572 824.2
1 47 30 65.86 0.1292 104.6
1 47 30 55.84 0.1027 839.8
1 47 39 215.72 0.0856 953.4
1 47 27 110.43 0.1004 73.7
1 47 30 65.86 0.1297 382.6
1 47 17 115.54 0.0666 403.8
1 47 32 93.86 0.0660 856.8
1 47 32 119.19 0.1256 946.6
1 47 18 92.69 0.0721 404.7
1 47 25 50.18 0.1193 800.3
1 47 20 92.90 0.0552 618.1
1 47 26 47.92 0.1134 797.6
1 47 20 115.37 0.1032 341.0
1 47 29 115.17 0.0986 895.6
1 47 42 132.71 0.0890 594.5
1 47 20 54.09 0.1218 356.0
1 47 26 253.53 0.0687 530.3
1 47 21 148.40 0.0626 410.6
1 47 30 115.11 0.0667 766.2
1 47 24 76.98 0.1152 533.4
1 47 15 149.50 0.0850 844.3
1 47 23 77.83 0.1005 913.5
1 47 29 179.54 0.0784 748.5
1 47 17 156.78 0.0667 893.8
1 47 26 64.95 0.0824 170.0
1 47 29 54.92 0.1299 452.1
1 47 21 67.81 0.0696 218.9
1 47 18 73.69 0.1291 825.0
1 47 16 66.77 0.0400 561.5
1 47 30 63.28 0.1246 118.8
1 47 13 50.25 0.0989 933.3
1 47 16 54.96 0.0839 27.8
1 47 25 73.22 0.1096 601.2
1 47 20 181.02 0.0583 779.1
1 47 27 134.51 0.1133 813.9
1 47 15 431.09 0.0470 397.2
1 47 31 89.86 0.0803 130.7
1 47 17 74.11 0.0873 480.4
1 47 36 172.88 0.0610 644.4
1 47 27 205.43 0.0724 72.8
1 47 23 475.52 0.0464 307.4
1 47 17 90.25 0.0905 756.9
1 47 30 99.66 0.0778 687.8
1 47 35 75.29 0.0859 381.2
1 47 27 86.57 0.1306 601.9
1 47 17 111.91 0.0826 742.1
1 47 18 152.39 0.0725 294.0
1 47 16 77.12 0.0415 96.2
1 47 26 100.00 0.0888 708.3
1 47 23 106.29 0.0697 785.0
1 47 18 45.30 0.1314 306.2
1 47 19 60.65 0.0596 432.2
1 47 23 49.55 0.0647 765.4
1 47 20 60.49 0.1315 353.5
1 47 14 47.01 0.0949 172.9
1 47 18 48.11 0.1507 860.1
1 47 21 124.51 0.0825 476.6
1 47 23 54.93 0.1001 133.4
1 47 31 177.58 0.0752 440.4
1 47 13 203.58 0.1169 856.3
1 47 13 154.42 0.0669 649.2
1 47 20 217.30 0.0838 734.1
1 47 15 174.26 0.1363 779.5
1 47 19 46.90 0.1445 783.9
1 47 28 54.09 0.1093 457.5
1 47 40 105.32 0.0771 268.8
1 47 13 194.64 0.1315 424.5
1 47 30 261.02 0.0691 651.3
1 47 26 47.05 0.1211 702.3
1 47 16 84.97 0.1375 752.5
1 47 34 104.50 0.0777 665.0
1 47 24 64.68 0.1191 786.0
1 47 24 105.08 0.1006 681.3
1 47 15 117.27 0.0585 392.9
1 47 32 78.04 0.0913 548.4
1 47 13 167.43 0.0501 462.4
1 47 16 206.88 0.0739 326.4
1 47 21 51.32 0.1130 360.8
1 47 25 187.01 0.0507 407.4
1 47 30 84.89 0.1017 284.8
1 47 25 51.78 0.0999 439.1
1 47 20 193.96 0.0684 655.5
1 47 28 50.62 0.0860 453.2
1 47 14 135.21 0.0427 183.0
1 47 17 129.38 0.0473 419.8
1 47 17 200.19 0.0861 627.8
1 47 14 130.11 0.0490 330.6
1 47 22 83.30 0.0790 861.7
1 47 18 64.93 0.0418 248.9
1 47 17 54.24 0.1301 239.0
1 47 30 52.13 0.1745 789.2
1 47 15 83.51 0.0643 599.5
1 47 15 45.60 0.0895 333.0
1 47 17 58.01 0.0811 592.8
1 47 15 67.27 0.0346 553.6
1 47 30 62.95 0.0771 442.4
1 47 24 205.84 0.0752 568.0
1 47 13 53.36 0.0576 721.8
1 47 17 49.44 0.0969 720.5
1 47 32 135.07 0.0478 911.3
1 47 37 88.41 0.0929 365.2
1 47 23 70.58 0.1003 301.9
1 47 21 192.55 0.0867 868.7
1 47 20 65.27 0.0708 602.0
1 47 21 300.87 0.0454 600.7
1 47 13 81.50 0.1294 904.1
1 47 35 102.53 0.0891 785.2
1 47 16 146.74 0.0541 457.6
1 47 17 67.88 0.0813 567.5
1 47 13 237.32 0.1216 848.2
1 47 22 80.66 0.0607 917.2
1 47 44 388.81 0.0552 537.8
1 47 30 100.61 0.0811 417.1
1 47 24 135.26 0.0695 736.8
1 47 13 237.67 0.0947 643.0
1 47 19 46.36 0.0561 130.9
1 47 17 110.84 0.0818 276.0
1 47 15 143.36 0.0349 657.1
1 47 21 108.19 0.0763 939.0
1 47 20 274.03 0.0450 99.8
1 47 32 79.99 0.0709 358.4
1 47 28 51.43 0.0755 536.4
1 47 21 86.27 0.0810 943.7
1 47 24 49.69 0.1206 73.7
1 47 16 89.78 0.1444 885.6
1 48 36 127.50 0.0929 444.4
1 48 39 130.56 0.1082 89.9
1 48 30 219.14 0.0878 51.6
1 48 35 65.14 0.1305 124.3
1 48 25 58.89 0.1187 92.0
1 48 27 428.27 0.0743 623.5
1 48 39 397.15 0.0612 673.8
1 48 30 58.65 0.1026 140.0
1 48 26 58.01 0.1376 911.9
1 48 30 74.19 0.1062 762.4
1 48 38 92.26 0.1025 296.6
1 48 22 77.59 0.1311 39.0
1 48 15 61.72 0.0588 274.3
1 48 17 178.82 0.0603 653.9
1 48 25 114.31 0.1065 766.0
1 48 30 223.26 0.0841 947.5
1 48 32 167.56 0.0769 713.2
1 48 37 79.33 0.1056 817.0
1 48 39 108.48 0.0723 374.0
1 48 19 140.79 0.0756 485.6
1 48 13 187.09 0.0912 942.2
1 48 34 221.10 0.0603 892.0
1 48 35 59.10 0.1000 345.2
1 48 27 122.54 0.0885 937.0
1 48 40 270.62 0.0502 694.8
1 48 30 133.35 0.1173 501.2
1 48 20 135.47 0.0817 513.0
1 48 35 168.44 0.0703 232.7
1 48 18 132.45 0.0693 619.3
1 48 28 172.44 0.0895 785.2
1 48 29 51.87 0.1327 367.1
1 48 34 88.92 0.0654 807.9
1 48 17 116.35 0.0666 708.5
1 48 21 116.75 0.0693 93.9
1 48 33 48.22 0.1373 342.0
1 48 31 121.80 0.0880 835.2
1 48 17 205.02 0.0713 470.3
1 48 13 111.11 0.1812 641.3
1 48 17 92.05 0.1226 115.6
1 48 20 61.07 0.1225 50.9
1 48 24 104.85 0.0520 74.2
1 48 29 107.43 0.0635 154.0
1 48 16 55.73 0.1299 52.1
1 48 21 118.71 0.0551 75.8
1 48 22 62.92 0.0943 309.3
1 48 22 496.09 0.0362 468.6
1 48 24 47.17 0.0959 848.7
1 48 29 422.45 0.0428 717.4
1 48 36 78.22 0.1058 207.8
1 48 35 119.73 0.0765 284.5
1 48 26 50.59 0.1060 844.1
1 48 25 79.87 0.0625 363.7
1 48 22 57.57 0.0620 712.0
1 48 32 99.72 0.0685 511.6
1 48 23 215.88 0.0471 110.5
1 48 28 69.20 0.0900 530.0
1 48 33 88.54 0.0997 327.2
1 48 21 95.07 0.1010 292.2
1 48 25 192.64 0.1125 833.4
1 48 23 134.65 0.0912 184.5
1 48 29 221.64 0.0528 785.1
1 48 22 63.95 0.0623 36.8
1 48 27 248.61 0.0583 527.7
1 48 27 206.67 0.0816 235.6
1 48 39 137.86 0.0599 819.3
1 48 23 89.77 0.0512 436.4
1 48 32 310.32 0.0512 766.5
1 48 24 49.17 0.1273 688.8
1 48 37 64.36 0.0954 113.6
1 48 27 87.94 0.0855 658.1
1 48 27 48.98 0.1249 604.0
1 48 28 85.80 0.0678 73.2
1 48 22 47.36 0.1578 188.1
1 48 20 101.66 0.0571 334.0
1 48 24 105.72 0.1323 55.4
1 48 28 53.67 0.1323 36.5
1 48 37 64.96 0.0927 428.6
1 48 28 99.82 0.0788 110.0
1 48 21 99.74 0.1425 176.1
1 48 38 120.41 0.0780 192.3
1 48 32 71.05 0.0839 148.7
1 48 16 323.97 0.0385 759.9
1 48 32 216.47 0.0901 886.5
1 48 29 78.96 0.1167 791.0
1 48 33 137.41 0.0919 740.6
1 48 16 50.96 0.0750 145.6
1 48 15 86.27 0.0444 177.2
1 48 14 52.62 0.1034 742.7
1 48 27 104.59 0.0954 821.9
1 48 31 124.27 0.0975 856.3
1 48 21 83.14 0.1066 932.6
1 48 33 69.64 0.0867 155.1
1 48 22 101.01 0.0570 610.7
1 48 31 76.88 0.1363 723.2
1 48 35 124.07 0.0793 933.7
1 48 42 131.50 0.0890 645.2
1 48 28 142.27 0.0546 890.6
1 48 25 221.43 0.0549 159.5
1 48 41 365.45 0.0916 120.8
1 48 30 144.36 0.0786 621.6
1 48 29 165.99 0.0637 908.9
1 48 27 128.17 0.0850 928.4
1 48 26 105.73 0.0947 664.9
1 48 31 58.37 0.1268 414.5
1 48 29 212.99 0.0577 608.2
1 48 15 157.30 0.0768 264.8
1 48 30 183.53 0.0840 81.1
1 48 20 98.16 0.0674 629.5
1 48 38 64.28 0.0948 843.3
1 48 29 118.52 0.0696 127.6
1 48 32 71.86 0.1076 370.5
1 48 43 193.66 0.0657 914.9
1 48 21 55.58 0.1240 636.6
1 48 41 75.77 0.0948 258.6
1 48 20 138.01 0.0732 436.8
1 48 19 124.57 0.0836 350.0
1 48 34 69.48 0.1237 554.9
1 48 24 62.19 0.1164 654.4
1 48 37 152.92 0.0764 446.4
1 48 26 63.33 0.1247 404.7
1 48 35 145.31 0.0770 868.1
1 48 39 145.55 0.0700 319.3
1 48 18 62.23 0.0563 153.0
1 48 34 136.37 0.0818 618.3
1 48 28 47.39 0.0963 38.8
1 48 20 83.53 0.0904 366.8
1 48 25 68.72 0.1166 351.0
1 48 35 107.00 0.0809 716.1
1 48 32 81.93 0.0879 716.6
1 48 37 219.27 0.0820 867.4
1 48 37 75.44 0.1170 196.4
1 48 17 331.45 0.0688 198.9
1 48 15 64.24 0.0582 145.0
1 48 17 221.99 0.0601 386.1
1 48 27 101.42 0.0982 178.6
1 48 20 84.81 0.0728 27.0
1 48 45 143.21 0.0704 409.9
1 48 32 77.11 0.0724 707.7
1 48 26 93.21 0.0732 755.9
1 48 17 64.73 0.0712 738.3
1 48 38 176.89 0.0635 397.5
1 48 35 160.01 0.0629 307.9
1 48 39 121.10 0.0743 893.2
1 48 26 51.00 0.1235 256.1
1 48 32 56.58 0.1154 174.5
1 48 34 96.71 0.0931 668.5
1 48 36 108.11 0.0799 827.7
1 48 35 65.35 0.0729 173.0
1 48 24 95.93 0.0723 109.6
1 48 19 50.57 0.0772 219.4
1 48 37 147.67 0.0668 227.0
1 48 40 154.90 0.0758 557.0
1 48 36 204.76 0.0479 377.5
1 48 35 194.38 0.0776 411.1
1 48 38 128.61 0.0968 229.5
1 48 26 75.62 0.0987 817.0
1 48 27 47.86 0.0819 757.5
1 48 43 122.56 0.0854 286.4
1 48 26 231.87 0.0547 347.0
1 48 31 68.23 0.0932 723.7
1 48 29 95.65 0.0738 848.0
1 48 35 245.84 0.0877 761.0
1 48 42 116.45 0.0826 834.1
1 48 26 74.06 0.0891 796.4
1 48 21 142.51 0.1041 186.0
1 48 28 60.92 0.1299 774.9
1 48 38 188.84 0.0498 255.1
1 48 42 283.21 0.0618 767.6
1 48 26 50.38 0.1082 402.9
1 48 18 191.10 0.0716 606.9
1 48 27 49.99 0.0907 718.1
1 48 21 356.99 0.0452 807.8
1 48 43 355.39 0.0627 876.2
1 48 41 108.95 0.0686 211.9
1 48 41 88.91 0.0943 700.0
1 48 34 421.00 0.0709 417.6
1 48 37 129.54 0.0700 371.1
1 48 23 75.94 0.0795 877.8
1 48 38 464.10 0.0578 765.7
1 48 26 145.07 0.0790 689.3
1 48 39 153.40 0.0584 105.8
1 48 17 136.05 0.0733 145.1
1 48 40 125.51 0.0880 540.7
1 48 40 145.05 0.0863 218.5
1 48 24 69.47 0.0730 614.0
1 48 14 57.90 0.1561 799.2
1 48 20 177.21 0.0552 65.1
1 48 24 261.59 0.0518 118.8
1 48 29 176.58 0.0816 519.3
1 48 39 77.63 0.0842 118.1
1 48 27 757.73 0.0429 633.6
1 48 27 74.85 0.1361 131.7
1 48 28 70.55 0.0846 913.2
1 48 44 91.85 0.0670 240.3
1 48 30 67.64 0.1230 832.1
1 48 25 168.99 0.0874 659.9
1 48 16 153.87 0.0419 105.6
1 48 30 113.62 0.0787 816.8
1 48 24 108.73 0.0497 903.5
1 48 31 115.78 0.0814 234.4
1 48 18 514.56 0.0697 299.0
1 48 13 49.89 0.1510 61.9
1 48 41 157.37 0.0755 832.6
1 48 34 127.68 0.0544 164.5
1 48 26 122.61 0.0700 544.3
1 48 35 157.16 0.1114 897.5
1 48 16 84.50 0.0743 436.6
1 48 38 101.64 0.0766 636.9
1 48 18 112.15 0.0895 937.0
1 48 24 231.03 0.0590 499.7
1 48 34 120.39 0.0758 581.1
1 48 33 122.08 0.0757 361.0
1 48 32 89.32 0.0969 475.3
1 48 16 81.12 0.1144 699.0
1 48 26 68.19 0.0949 128.6
1 48 13 50.79 0.1322 194.0
1 48 15 74.40 0.1026 24.5
1 48 36 261.12 0.0554 244.7
1 48 32 97.54 0.0808 909.8
1 48 22 104.13 0.0842 463.9
1 48 26 51.31 0.1050 222.4
1 48 22 82.82 0.0555 18.9
1 48 31 135.52 0.0610 137.9
1 48 16 172.81 0.1106 598.8
1 48 32 109.78 0.0619 638.9
1 48 39 96.76 0.0771 786.1
1 48 28 189.15 0.0480 694.7
1 48 19 247.74 0.0404 746.3
1 48 31 143.59 0.0588 877.6
1 48 30 218.31 0.0524 127.8
1 48 43 417.76 0.0413 910.8
1 48 45 126.75 0.0636 376.5
1 48 41 74.26 0.0957 936.4
1 48 22 167.40 0.0624 612.2
1 48 19 81.70 0.0592 875.3
1 48 35 144.65 0.0672 790.0
1 48 24 49.26 0.1100 262.0
1 48 13 49.46 0.1113 697.6
1 48 30 158.77 0.0612 163.0
1 48 18 49.01 0.0756 106.0
1 48 26 80.32 0.0756 693.7
1 48 38 173.76 0.0758 142.9
1 48 34 118.70 0.0929 29.2
1 48 24 98.31 0.0769 744.3
1 48 33 98.31 0.0957 662.3
1 48 27 60.10 0.0801 369.8
1 48 13 167.10 0.1402 741.9
1 48 35 60.85 0.0637 432.9
1 48 31 106.99 0.1003 124.4
1 48 19 164.38 0.0628 760.3
1 48 31 85.41 0.1186 785.8
1 48 25 91.31 0.0851 752.1
1 48 18 118.42 0.0759 920.0
1 48 31 53.08 0.1003 825.7
1 48 17 72.55 0.1478 949.4
1 48 42 259.66 0.0573 260.5
1 48 29 106.04 0.0996 58.7
1 48 37 118.17 0.0694 874.3
1 48 21 125.66 0.0800 839.3
1 48 29 98.86 0.0517 277.9
1 48 38 99.17 0.1226 716.0
1 48 29 65.25 0.1501 251.0
1 48 28 95.89 0.0582 879.8
1 48 32 62.23 0.0979 803.7
1 48 31 79.43 0.0731 456.9
1 48 42 289.24 0.0616 829.7
1 48 21 90.03 0.0603 928.1
1 48 15 98.56 0.1031 192.7
1 48 16 671.31 0.1458 728.6
1 48 34 91.38 0.0683 96.3
1 48 15 177.58 0.1472 616.8
1 48 14 56.92 0.0604 8.7
1 48 17 110.64 0.0746 87.6
1 48 24 326.16 0.0489 758.4
1 48 32 322.71 0.0580 849.5
1 48 31 281.88 0.0711 740.8
1 48 26 162.87 0.0432 717.4
1 48 19 75.20 0.0675 761.9
1 48 29 305.63 0.0628 783.3
1 48 15 73.05 0.0580 944.4
1 48 33 70.61 0.0687 352.1
1 48 30 105.83 0.1263 386.3
1 48 17 1086.16 0.1052 940.5
1 48 27 352.39 0.0548 336.0
1 48 39 137.29 0.0654 733.3
1 48 30 46.00 0.1161 130.1
1 48 31 64.93 0.0634 591.3
1 48 35 62.68 0.1054 454.2
1 48 31 107.82 0.0715 192.9
1 48 15 78.52 0.0928 949.0
1 48 38 311.28 0.0921 751.0
1 48 31 201.76 0.0678 396.3
1 48 29 109.80 0.0665 48.5
1 48 27 184.99 0.1052 400.4
1 48 16 129.54 0.0529 864.0
1 48 22 54.44 0.1322 312.2
1 48 38 187.76 0.0926 522.6
1 48 42 332.17 0.0630 561.1
1 48 31 127.73 0.0825 300.2
1 48 36 48.60 0.1271 853.6
1 48 33 113.57 0.0926 693.9
1 48 32 224.37 0.0541 506.4
1 48 33 78.52 0.0819 402.5
1 48 39 55.63 0.1038 80.1
1 48 28 75.15 0.1027 756.1
1 48 14 83.45 0.0507 48.0
1 48 13 57.89 0.1247 915.8
1 48 17 96.87 0.0670 89.1
1 48 30 132.40 0.0984 803.0
1 48 26 52.93 0.1435 246.5
1 48 26 96.29 0.0757 272.2
1 48 29 91.09 0.0837 859.5
1 48 30 182.98 0.0550 233.8
1 48 30 94.95 0.0928 401.6
1 48 31 67.58 0.1022 348.0
1 48 21 161.56 0.0517 553.3
1 48 31 118.14 0.0691 790.4
1 48 26 61.17 0.1101 560.0
1 48 31 198.39 0.0720 723.2
1 48 30 173.86 0.0731 185.5
1 48 14 59.83 0.0740 155.6
1 48 30 154.38 0.0744 684.6
1 48 19 68.69 0.0769 206.1
1 48 30 79.25 0.0820 617.9
1 48 25 124.36 0.0886 498.0
1 48 20 109.04 0.0466 55.5
1 48 26 125.07 0.0846 835.8
1 48 27 53.34 0.1306 108.2
1 48 16 55.74 0.1215 64.4
1 48 35 46.16 0.1115 738.3
1 48 13 61.09 0.1245 911.0
1 48 36 94.72 0.1269 761.2
1 48 16 45.57 0.1467 944.9
1 48 26 70.69 0.1011 427.3
1 48 16 67.85 0.0913 629.5
1 48 17 257.09 0.0879 804.5
1 48 27 54.87 0.1192 925.3
1 48 26 116.93 0.0764 915.9
1 48 13 99.73 0.1629 592.2
1 48 22 111.98 0.0860 942.0
1 48 19 74.52 0.1109 698.3
1 48 18 119.01 0.0766 609.0
1 48 28 61.35 0.0804 66.0
1 48 18 45.19 0.1306 792.3
1 48 19 168.96 0.0570 20.6
1 48 24 112.73 0.1054 440.1
1 48 21 70.85 0.0813 141.8
1 48 33 107.04 0.0738 105.0
1 48 20 145.87 0.1119 456.5
1 48 16 71.67 0.0732 928.2
1 48 14 52.54 0.1120 314.6
1 48 36 78.21 0.0956 814.3
1 48 28 218.57 0.0683 366.8
1 48 16 46.83 0.0746 915.4
1 48 30 110.59 0.0893 367.3
1 48 19 49.85 0.1208 56.2
1 48 32 147.50 0.0771 744.0
1 48 24 112.33 0.0913 330.6
1 48 20 66.83 0.0711 175.1
1 48 16 70.20 0.0984 106.5
1 48 32 143.02 0.0651 843.5
1 48 32 236.11 0.0632 256.0
1 48 27 46.85 0.1421 267.7
1 48 39 47.31 0.1271 795.6
1 48 30 58.50 0.1044 459.4
1 48 20 459.90 0.0649 307.0
1 48 25 149.87 0.0816 691.5
1 48 21 87.31 0.1184 675.8
1 48 32 238.69 0.0733 436.6
1 48 32 143.86 0.0746 36.2
1 48 17 90.98 0.0689 56.8
1 48 18 172.39 0.0425 165.6
1 48 24 79.24 0.1123 259.5
1 48 13 313.59 0.1000 846.4
1 48 22 137.44 0.0781 337.9
1 48 36 96.91 0.0825 361.2
1 48 13 117.30 0.1501 220.9
1 48 32 55.41 0.1284 700.8
1 48 38 261.38 0.0713 129.9
1 48 33 148.34 0.0640 431.3
1 48 16 72.87 0.1104 701.9
1 48 42 142.66 0.0484 715.8
1 48 19 281.18 0.0261 796.2
1 48 38 48.96 0.0873 809.4
1 48 23 343.28 0.1088 223.2
1 48 14 59.44 0.0719 892.3
1 48 22 111.44 0.0885 679.0
1 48 23 46.62 0.1018 826.6
1 48 43 111.67 0.0756 121.5
1 48 42 244.30 0.0644 360.9
1 48 25 181.56 0.0442 531.4
1 48 21 279.73 0.0449 711.7
1 48 21 167.48 0.0580 25.0
1 48 22 250.93 0.1165 469.5
1 48 14 304.49 0.1082 88.0
1 48 14 87.55 0.1291 941.7
1 48 21 126.03 0.0668 171.4
1 48 13 49.51 0.0940 216.2
1 48 20 59.93 0.1385 827.7
1 48 16 58.88 0.0551 116.7
1 48 22 216.48 0.0638 859.4
1 48 37 183.23 0.0686 362.0
1 48 16 50.66 0.1031 696.0
1 48 21 69.40 0.0586 34.0
1 48 26 260.08 0.0523 705.2
1 48 13 152.71 0.0617 679.3
1 48 37 46.88 0.1246 443.9
1 48 26 285.90 0.0618 814.1
1 48 17 255.88 0.0480 240.5
1 48 13 85.22 0.0955 651.7
1 48 24 172.73 0.0947 81.0
1 48 29 198.48 0.0718 839.3
1 48 20 154.38 0.0439 138.7
1 48 33 117.47 0.0831 128.0
1 48 33 90.07 0.0763 159.0
1 48 34 144.76 0.0645 895.6
1 48 14 851.56 0.0684 825.0
1 48 34 79.19 0.0866 630.0
1 48 14 61.20 0.1637 652.8
1 48 14 235.25 0.0991 182.5
1 48 27 46.70 0.1270 235.4
1 48 27 292.77 0.0444 94.6
1 48 13 85.71 0.1224 641.1
1 48 37 108.42 0.0561 334.7
1 48 34 72.01 0.0683 314.2
1 48 19 110.71 0.0433 163.1
1 48 22 56.51 0.0612 873.3
1 48 16 60.14 0.0603 135.7
1 48 19 71.46 0.0904 198.4
1 48 21 120.81 0.0754 430.0
1 48 19 134.56 0.0841 906.2
1 48 15 76.74 0.1237 797.3
1 48 24 50.84 0.1115 97.3
1 48 28 75.94 0.1153 789.7
1 48 16 106.82 0.1264 241.4
1 48 17 82.22 0.0563 321.6
1 48 14 107.09 0.0709 55.5
1 48 21 48.73 0.0923 309.1
1 49 44 75.76 0.0749 271.4
1 49 33 156.34 0.0837 436.9
1 49 33 203.59 0.0618 104.2
1 49 15 68.20 0.1438 188.7
1 49 25 65.26 0.0944 191.4
1 49 28 112.67 0.0805 376.3
1 49 31 125.06 0.0877 78.3
1 49 28 67.23 0.1094 308.9
1 49 17 104.97 0.1184 512.6
1 49 30 75.11 0.0923 240.1
1 49 25 1612.14 0.0678 402.5
1 49 37 187.83 0.0681 448.1
1 49 28 110.27 0.0800 925.1
1 49 22 196.39 0.0774 202.7
1 49 23 91.25 0.0714 418.4
1 49 36 119.52 0.0847 466.6
1 49 38 91.86 0.0847 730.3
1 49 43 88.47 0.0648 682.7
1 49 34 62.04 0.1425 351.1
1 49 36 130.55 0.0741 99.0
1 49 16 83.85 0.0779 363.5
1 49 29 62.92 0.0920 48.6
1 49 25 120.20 0.0661 487.4
1 49 18 130.18 0.0776 416.2
1 49 22 48.73 0.1334 149.2
1 49 27 114.46 0.0825 745.3
1 49 33 93.88 0.0653 186.7
1 49 46 86.16 0.0641 846.0
1 49 27 184.95 0.0438 70.6
1 49 26 57.79 0.1329 352.0
1 49 25 103.55 0.1105 159.2
1 49 25 95.56 0.0743 280.9
1 49 31 107.87 0.0696 95.3
1 49 19 74.09 0.0810 719.5
1 49 28 95.96 0.0926 326.3
1 49 45 81.62 0.0813 281.2
1 49 22 168.65 0.0680 30.2
1 49 18 60.07 0.0636 555.7
1 49 34 61.72 0.0836 897.8
1 49 42 124.88 0.0778 590.7
1 49 20 74.40 0.1036 483.1
1 49 23 97.14 0.0881 308.5
1 49 33 69.14 0.0913 555.3
1 49 30 62.93 0.0893 48.3
1 49 39 139.21 0.0613 352.8
1 49 23 82.65 0.0803 299.2
1 49 18 87.92 0.0633 580.3
1 49 20 97.70 0.0552 190.7
1 49 18 72.77 0.0631 929.8
1 49 16 290.08 0.0420 251.3
1 49 25 149.91 0.0976 144.5
1 49 18 105.61 0.0723 30.7
1 49 23 52.40 0.0758 227.2
1 49 28 60.24 0.0876 501.5
1 49 22 74.17 0.0711 684.4
1 49 14 177.42 0.0384 649.3
1 49 31 271.65 0.0824 715.1
1 49 24 166.04 0.0710 608.3
1 49 40 81.70 0.1111 66.1
1 49 30 147.04 0.0653 69.7
1 49 13 76.92 0.1088 670.6
1 49 13 65.53 0.0977 672.5
1 49 38 123.22 0.0985 595.3
1 49 24 107.67 0.0544 133.8
1 49 46 141.94 0.0816 567.0
1 49 27 237.58 0.0798 341.0
1 49 30 237.23 0.0465 356.1
1 49 33 146.44 0.0897 350.9
1 49 35 110.40 0.0779 224.0
1 49 18 98.03 0.0360 587.9
1 49 41 109.68 0.0979 88.2
1 49 33 155.13 0.0831 232.3
1 49 24 494.85 0.0742 31.4
1 49 17 127.13 0.0697 105.6
1 49 14 106.79 0.0397 348.6
1 49 28 185.50 0.1028 398.0
1 49 17 46.98 0.1197 113.0
1 49 32 46.55 0.0866 653.5
1 49 14 52.51 0.0808 431.0
1 49 33 47.70 0.0900 701.5
1 49 29 114.08 0.0890 193.3
1 49 14 49.05 0.1176 610.8
1 49 13 124.81 0.0582 117.0
1 49 25 116.48 0.0993 345.6
1 49 28 119.70 0.0776 685.9
1 49 35 152.26 0.0864 439.6
1 49 42 394.86 0.0663 221.5
1 49 16 96.82 0.1011 391.0
1 49 15 438.14 0.0651 412.3
1 49 17 103.41 0.0844 240.1
1 49 25 84.34 0.1067 178.6
1 49 42 137.77 0.0614 907.3
1 49 36 98.11 0.0877 439.1
1 49 21 105.25 0.1019 510.5
1 49 29 368.96 0.0488 234.3
1 49 36 243.07 0.0824 113.2
1 49 33 73.45 0.1119 228.2
1 49 40 401.75 0.0687 67.6
1 49 29 89.88 0.1171 330.0
1 49 20 215.22 0.0645 928.6
1 49 29 149.61 0.0628 90.6
1 49 36 80.97 0.1001 86.4
1 49 39 198.55 0.0826 763.5
1 49 20 88.65 0.1124 691.1
1 49 30 72.44 0.0990 301.9
1 49 37 306.80 0.0651 313.3
1 49 16 107.91 0.0512 47.1
1 49 17 53.05 0.1319 238.1
1 49 23 121.00 0.0604 849.7
1 49 20 227.10 0.0618 314.1
1 49 23 104.31 0.0772 415.8
1 49 43 100.19 0.0871 42.8
1 49 30 147.97 0.0753 919.9
1 49 37 87.78 0.0908 348.9
1 49 37 65.81 0.1115 101.1
1 49 25 85.74 0.1080 223.4
1 49 35 91.85 0.1045 172.5
1 49 23 165.34 0.0476 890.4
1 49 19 70.27 0.0761 660.9
1 49 29 54.14 0.0972 244.8
1 49 13 47.65 0.0998 706.4
1 49 31 59.66 0.1156 41.6
1 49 41 160.21 0.0923 238.0
1 49 25 77.13 0.1084 347.0
1 49 36 62.10 0.1197 274.0
1 49 17 66.89 0.0534 867.1
1 49 41 136.79 0.0714 108.7
1 49 34 62.99 0.0933 886.2
1 49 31 128.74 0.0540 205.7
1 49 38 196.65 0.0622 100.0
1 49 30 607.94 0.0362 72.2
1 49 37 229.51 0.0675 327.2
1 49 22 67.78 0.0788 858.8
1 49 23 110.87 0.1140 650.1
1 49 31 92.17 0.0949 951.5
1 49 41 132.01 0.0928 66.7
1 49 37 171.22 0.0644 107.8
1 49 32 51.39 0.1185 107.0
1 49 15 58.40 0.1034 45.0
1 49 39 175.74 0.0742 258.3
1 49 39 110.65 0.0756 362.2
1 49 28 72.82 0.1251 40.0
1 49 34 136.42 0.0610 365.0
1 49 37 110.58 0.0827 738.2
1 49 23 190.10 0.0895 33.1
1 49 37 177.20 0.0971 430.8
1 49 32 164.42 0.0718 564.6
1 49 18 68.06 0.1050 833.9
1 49 39 98.39 0.0766 476.5
1 49 36 67.53 0.0911 383.1
1 49 36 74.70 0.0892 109.1
1 49 35 152.09 0.0675 741.0
1 49 17 91.21 0.0508 14.2
1 49 34 68.31 0.0969 541.8
1 49 14 53.25 0.0741 837.4
1 49 33 247.57 0.0868 663.7
1 49 25 132.98 0.0458 663.2
1 49 34 54.52 0.1289 605.5
1 49 41 133.46 0.0802 261.0
1 49 31 112.18 0.0583 547.2
1 49 18 47.70 0.1448 28.3
1 49 32 172.23 0.0634 581.3
1 49 26 130.58 0.0827 241.5
1 49 22 137.99 0.1007 335.6
1 49 28 56.74 0.1262 356.7
1 49 28 46.53 0.1071 264.8
1 49 38 214.20 0.0922 561.4
1 49 40 143.52 0.0727 273.7
1 49 28 54.39 0.1467 292.8
1 49 38 104.20 0.1026 786.4
1 49 30 70.37 0.1062 350.1
1 49 42 98.22 0.0939 123.7
1 49 28 72.04 0.0628 465.1
1 49 22 54.03 0.1012 204.3
1 49 27 131.90 0.0804 525.6
1 49 35 117.67 0.0780 482.5
1 49 34 87.24 0.0850 252.8
1 49 40 64.95 0.0746 129.5
1 49 37 79.65 0.0934 292.5
1 49 14 73.91 0.0857 634.1
1 49 35 188.88 0.0489 516.0
1 49 33 155.92 0.0763 244.4
1 49 36 67.27 0.0808 372.9
1 49 34 138.36 0.0710 54.8
1 49 31 54.67 0.1177 525.5
1 49 44 159.69 0.0715 110.2
1 49 38 204.77 0.0517 432.0
1 49 38 155.02 0.0570 45.9
1 49 33 141.54 0.0659 298.4
1 49 40 314.91 0.0609 495.9
1 49 32 191.10 0.0892 647.4
1 49 35 62.47 0.1021 610.8
1 49 35 89.97 0.0611 679.7
1 49 33 138.72 0.0609 747.4
1 49 34 395.59 0.0501 73.5
1 49 18 58.34 0.0499 516.2
1 49 27 56.48 0.1369 612.4
1 49 40 51.07 0.1184 164.3
1 49 20 46.60 0.1285 615.2
1 49 22 55.21 0.0634 215.9
1 49 30 62.21 0.1217 259.1
1 49 14 48.92 0.0979 544.9
1 49 33 67.64 0.1029 140.6
1 49 25 53.41 0.0993 24.3
1 49 40 103.64 0.0738 365.2
1 49 19 320.24 0.0470 224.0
1 49 15 208.91 0.0453 470.1
1 49 17 76.12 0.0491 865.2
1 49 26 101.14 0.0936 360.8
1 49 39 137.86 0.0704 89.4
1 49 16 163.29 0.1301 311.3
1 49 35 161.28 0.0810 355.0
1 49 38 93.09 0.0787 948.6
1 49 25 76.90 0.1034 473.4
1 49 18 188.80 0.0518 4.5
1 49 39 160.08 0.0546 479.4
1 49 26 79.64 0.1134 102.9
1 49 45 176.53 0.0673 526.3
1 49 40 138.04 0.0851 59.3
1 49 39 167.51 0.0704 552.3
1 49 34 98.35 0.0825 812.9
1 49 36 97.87 0.0692 351.6
1 49 27 48.88 0.0807 350.9
1 49 32 115.19 0.0817 745.3
1 49 20 72.44 0.1036 427.2
1 49 28 229.40 0.0509 33.6
1 49 38 152.90 0.0998 505.0
1 49 26 167.10 0.0503 65.5
1 49 17 114.92 0.0378 255.4
1 49 27 70.16 0.0895 200.6
1 49 21 138.82 0.0838 317.5
1 49 18 156.27 0.0413 669.8
1 49 36 475.51 0.0637 514.9
1 49 42 116.60 0.0740 439.1
1 49 37 90.67 0.0728 326.6
1 49 17 99.59 0.0504 343.3
1 49 25 56.54 0.0676 483.7
1 49 30 118.52 0.0575 41.4
1 49 29 346.44 0.0588 160.4
1 49 17 54.69 0.1329 427.3
1 49 36 171.33 0.0550 354.6
1 49 17 86.20 0.0344 111.0
1 49 25 51.48 0.1068 585.1
1 49 34 148.91 0.0755 81.4
1 49 30 102.61 0.0663 158.5
1 49 30 70.66 0.0889 245.6
1 49 39 56.83 0.1219 170.8
1 49 35 201.08 0.0451 388.4
1 49 26 112.37 0.0608 452.3
1 49 18 79.53 0.0733 858.8
1 49 33 134.71 0.0615 433.7
1 49 38 50.06 0.0887 366.0
1 49 22 86.79 0.0736 149.2
1 49 31 251.60 0.0713 74.5
1 49 30 104.57 0.0870 162.0
1 49 32 386.54 0.0704 386.3
1 49 20 145.00 0.0581 880.7
1 49 20 50.96 0.0928 811.8
1 49 37 61.05 0.1073 525.6
1 49 29 203.54 0.0602 862.5
1 49 33 256.35 0.0834 820.1
1 49 14 71.44 0.1014 625.9
1 49 24 49.23 0.1135 802.2
1 49 32 130.94 0.0613 483.5
1 49 27 193.17 0.0757 442.0
1 49 23 154.25 0.0435 934.8
1 49 20 45.47 0.0952 462.2
1 49 21 120.58 0.0404 617.7
1 49 18 72.96 0.0892 147.5
1 49 17 52.41 0.0556 22.1
1 49 19 152.01 0.0658 57.7
1 49 31 205.82 0.0495 553.4
1 49 38 166.72 0.0960 142.0
1 49 20 85.64 0.0838 372.4
1 49 37 51.90 0.1035 91.2
1 49 30 49.70 0.1143 372.9
1 49 37 109.20 0.0650 194.3
1 49 18 361.41 0.0589 701.4
1 49 30 164.69 0.0906 228.9
1 49 32 183.53 0.0792 613.5
1 49 17 113.46 0.0402 849.1
1 49 34 89.22 0.0751 544.4
1 49 17 1344.68 0.0244 489.8
1 49 16 202.06 0.0640 42.9
1 49 15 91.95 0.0449 44.9
1 49 16 68.08 0.0994 256.6
1 49 23 95.80 0.0904 302.9
1 49 17 80.37 0.1024 531.5
1 49 21 103.32 0.0784 495.1
1 49 15 65.18 0.0503 173.9
1 49 18 68.94 0.0960 282.3
1 49 13 65.99 0.0980 579.7
1 49 15 749.15 0.0298 470.0
1 49 14 163.76 0.0879 448.4
1 49 21 56.98 0.0757 677.6
1 49 19 47.45 0.1655 63.1
1 49 24 76.44 0.0711 362.9
1 49 16 100.14 0.0534 519.1
1 49 15 47.00 0.0564 663.2
1 49 19 425.21 0.0715 387.1
1 49 29 84.66 0.1192 299.1
1 49 19 46.84 0.0930 860.0
1 49 36 62.43 0.0717 117.9
1 49 36 149.44 0.0927 77.7
1 49 17 159.95 0.0799 322.0
1 49 33 53.70 0.1146 444.2
1 49 27 134.33 0.0618 140.8
1 49 35 134.33 0.0603 435.0
1 49 15 92.04 0.0597 187.5
1 49 25 452.62 0.0458 305.7
1 49 24 179.12 0.0773 351.8
1 49 15 53.50 0.0907 458.1
1 49 16 143.00 0.0583 602.7
1 49 16 98.54 0.0452 23.1
1 49 17 112.26 0.0455 526.6
1 49 17 50.38 0.0586 200.6
1 49 16 45.63 0.0836 403.9
1 49 26 49.16 0.1125 656.7
1 49 30 93.73 0.0703 135.5
1 49 14 205.39 0.0607 471.1
1 49 22 59.16 0.1315 428.0
1 49 27 66.47 0.1099 424.5
1 49 30 63.54 0.0852 533.6
1 49 15 249.62 0.1099 587.9
1 49 14 47.66 0.0375 323.1
1 49 16 116.12 0.0917 866.2
1 49 17 45.20 0.0441 868.2
1 49 21 533.51 0.1110 23.3
1 49 13 55.54 0.0706 111.9
1 49 19 55.82 0.1001 362.6
1 49 17 265.25 0.0506 551.9
1 49 14 76.90 0.0965 332.8
1 49 19 45.29 0.0667 204.7
1 49 35 60.37 0.1303 105.3
1 49 23 50.12 0.1183 211.1
1 49 16 210.05 0.1042 85.1
1 49 16 78.82 0.0865 559.0
1 49 16 119.06 0.0878 487.0
